participating_org	donors	donors_iso3	donor_country
 Unspecified Chinese Government Institution, Government Agency	Unspecified Chinese Government Institution, Government Agency	CHN	China
 Export-Import Bank of China, Government Agency	Export-Import Bank of China, Government Agency	CHN	China
 China Development Bank (CDB), Government Agency	China Development Bank (CDB), Government Agency	CHN	China
 Chinese Embassy/Consulate, Government Agency	Chinese Embassy/Consulate, Government Agency	CHN	China
Confucius Institute, Government Agency	Confucius Institute, Government Agency	CHN	China
China Ministry of Commerce, Government Agency	China Ministry of Commerce, Government Agency	CHN	China
Industrial and Commercial Bank of China (ICBC), State-Owned Company	Industrial and Commercial Bank of China (ICBC), State-Owned Company	CHN	China
Bank of China (BOC), State-Owned Company	Bank of China (BOC), State-Owned Company	CHN	China
People's Liberation Army of China, Government Agency	People's Liberation Army of China, Government Agency	CHN	China
China Ministry of Culture, Government Agency	China Ministry of Culture, Government Agency	CHN	China
Xinhua News Agency, Government Agency	Xinhua News Agency, Government Agency	CHN	China
China Center for Disease Control and Prevention (China-CDC), Government Agency	China Center for Disease Control and Prevention (China-CDC), Government Agency	CHN	China
China Ministry of Agriculture, Government Agency	China Ministry of Agriculture, Government Agency	CHN	China
China Ministry of Foreign Affairs, Government Agency	China Ministry of Foreign Affairs, Government Agency	CHN	China
China Venezuela Joint Fund, Multilateral	China Venezuela Joint Fund, Multilateral	CHN	China
 China International Trust and Investment Corporation (CITIC), State-Owned Company	China International Trust and Investment Corporation (CITIC), State-Owned Company	CHN	China
China Construction Bank Corporation (CCB), State-Owned Company	China Construction Bank Corporation (CCB), State-Owned Company	CHN	China
China Development Bank (CDB), Government Agency; Export-Import Bank of China, Government Agency	China Development Bank (CDB), Government Agency; Export-Import Bank of China, Government Agency	CHN	China
China Ministry of Education, Government Agency	China Ministry of Education, Government Agency	CHN	China
China Ministry of Railways, Government Agency	China Ministry of Railways, Government Agency	CHN	China
China Ministry of Science & Technology, Government Agency	China Ministry of Science & Technology, Government Agency	CHN	China
China-Africa Development Fund, Government Agency	China-Africa Development Fund, Government Agency	CHN	China
Chinese Communist Party, Political Party	Chinese Communist Party, Political Party	CHN	China
Chinese People's Political Consultative Conference (CPPCC), Government Agency	Chinese People's Political Consultative Conference (CPPCC), Government Agency	CHN	China
Export-Import Bank of China, Government Agency	Export-Import Bank of China, Government Agency	CHN	China
Industrial and Commercial Bank of China (ICBC), State-Owned Company	Industrial and Commercial Bank of China (ICBC), State-Owned Company	CHN	China
Nantong Municipal Council, Government Agency	Nantong Municipal Council, Government Agency	CHN	China
Beijing Organizing Committee for the Olympic Games, Government Agency	Beijing Organizing Committee for the Olympic Games, Government Agency	CHN	China
China Central Bank, State-Owned Company	China Central Bank, State-Owned Company	CHN	China
China Co-Financing Fund for Latin America and the Caribbean, Government Agency	China Co-Financing Fund for Latin America and the Caribbean, Government Agency	CHN	China
China International Water and Electrical Corporation, State-Owned Company	China International Water and Electrical Corporation, State-Owned Company	CHN	China
China Development Bank (CDB), Government Agency	China Development Bank (CDB), Government Agency	CHN	China
China Development Bank (CDB), Government Agency	China Development Bank (CDB), Government Agency	CHN	China
China International Trust and Investment Corporation (CITIC), State-Owned Company	China International Trust and Investment Corporation (CITIC), State-Owned Company	CHN	China
China Ministry of Defense, Government Agency	China Ministry of Defense, Government Agency	CHN	China
Yunnan Geology and Mineral Resources Exploitation Group, State-Owned Company	Yunnan Geology and Mineral Resources Exploitation Group, State-Owned Company	CHN	China
China Ministry of Finance, Government Agency	China Ministry of Finance, Government Agency	CHN	China
China Ministry of Foreign Trade and Economic Cooperation, Government Agency	China Ministry of Foreign Trade and Economic Cooperation, Government Agency	CHN	China
China Ministry of Industry and Information Technology, Government Agency	China Ministry of Industry and Information Technology, Government Agency	CHN	China
China Ministry of Public Security, Government Agency	China Ministry of Public Security, Government Agency	CHN	China
Export-Import Bank of China, Government Agency	Export-Import Bank of China, Government Agency	CHN	China
China National Complete Plant Import & Export Corporation Group (COMPLANT), State-Owned Company	China National Complete Plant Import & Export Corporation Group (COMPLANT), State-Owned Company	CHN	China
China National Development and Reform Commission, Government Agency	China National Development and Reform Commission, Government Agency	CHN	China
China National Machinery and Equipment Import & Export Corporation, State-Owned Company	China National Machinery and Equipment Import & Export Corporation, State-Owned Company	CHN	China
Shanghai Electric Group, State-Owned Company	Shanghai Electric Group, State-Owned Company	CHN	China
China National Machinery and Equipment Import & Export Corporation, State-Owned Company	China National Machinery and Equipment Import & Export Corporation, State-Owned Company	CHN	China
Shenzhen Energy Group Company Ltd., State-Owned Company	Shenzhen Energy Group Company Ltd., State-Owned Company	CHN	China
China Scholarship Council, Government Agency	China Scholarship Council, Government Agency	CHN	China
Chongqing Government, Government Agency	Chongqing Government, Government Agency	CHN	China
China Construction Bank, State-owned Company	China Construction Bank, State-owned Company	CHN	China
Export-Import Bank of China, Government Agency	Export-Import Bank of China, Government Agency	CHN	China
China Development Bank (CDB), Government Agency	China Development Bank (CDB), Government Agency	CHN	China
Export-Import Bank of China, Government Agency	Export-Import Bank of China, Government Agency	CHN	China
China Development Bank (CDB), Government Agency	China Development Bank (CDB), Government Agency	CHN	China
Export-Import Bank of China, Government Agency	Export-Import Bank of China, Government Agency	CHN	China
China Export & Credit Insurance Corporation (Sinosure), State-Owned Company	China Export & Credit Insurance Corporation (Sinosure), State-Owned Company	CHN	China
China International Trust and Investment Corporation (CITIC), State-Owned Company	China International Trust and Investment Corporation (CITIC), State-Owned Company	CHN	China
Export-Import Bank of China, Government Agency	Export-Import Bank of China, Government Agency	CHN	China
Industrial and Commercial Bank of China (ICBC), State-Owned Company	Industrial and Commercial Bank of China (ICBC), State-Owned Company	CHN	China
Silk Road Fund, State-Owned Company	Silk Road Fund, State-Owned Company	CHN	China
China Construction Bank Corporation (CCB), State-Owned Company	China Construction Bank Corporation (CCB), State-Owned Company	CHN	China
Industrial and Commercial Bank of China (ICBC), State-Owned Company	Industrial and Commercial Bank of China (ICBC), State-Owned Company	CHN	China
China Development Bank (CDB), Government Agency	China Development Bank (CDB), Government Agency	CHN	China
Export-Import Bank of China, Government Agency	Export-Import Bank of China, Government Agency	CHN	China
Industrial and Commercial Bank of China (ICBC), State-Owned Company	Industrial and Commercial Bank of China (ICBC), State-Owned Company	CHN	China
Export-Import Bank of China, Government Agency	Export-Import Bank of China, Government Agency	CHN	China
Industrial and Commercial Bank of China (ICBC), State-Owned Company	Industrial and Commercial Bank of China (ICBC), State-Owned Company	CHN	China
China Development Bank (CDB), Government Agency	China Development Bank (CDB), Government Agency	CHN	China
Export-Import Bank of China, Government Agency	Export-Import Bank of China, Government Agency	CHN	China
unspecified Chinese Government Institution, Government Agency	unspecified Chinese Government Institution, Government Agency	CHN	China
Export-Import Bank of China, Government Agency	Export-Import Bank of China, Government Agency	CHN	China
Export-Import Bank of China, Government Agency	Export-Import Bank of China, Government Agency	CHN	China
Export-Import Bank of China, Government Agency	Export-Import Bank of China, Government Agency	CHN	China
Export-Import Bank of China, Government Agency	Export-Import Bank of China, Government Agency	CHN	China
China Construction Bank Corporation (CCB), State-Owned Company	China Construction Bank Corporation (CCB), State-Owned Company	CHN	China
Export-Import Bank of China, Government Agency	Export-Import Bank of China, Government Agency	CHN	China
China Development Bank (CDB), Government Agency	China Development Bank (CDB), Government Agency	CHN	China
 Bank of China (BOC), State-Owned Company	Bank of China (BOC), State-Owned Company	CHN	China
Yunnan Construction Engineering Group Corporation (YNJG), State-Owned Company	Yunnan Construction Engineering Group Corporation (YNJG), State-Owned Company	CHN	China
Bank of China (BOC), Government Agency	Bank of China (BOC), Government Agency	CHN	China
China Construction Bank Corporation (CCB), State-Owned Company	China Construction Bank Corporation (CCB), State-Owned Company	CHN	China
China Communications Bank, State-Owned Company	China Communications Bank, State-Owned Company	CHN	China
Industrial and Commercial Bank of China (ICBC), State-Owned Company	Industrial and Commercial Bank of China (ICBC), State-Owned Company	CHN	China
Gansu Natural Energy Research Institute (GNERI), Academic, Training and Research	Gansu Natural Energy Research Institute (GNERI), Academic, Training and Research	CHN	China
Hydrochina Corporation, State-Owned Company	Hydrochina Corporation, State-Owned Company	CHN	China
Industrial and Commercial Bank of China (ICBC), State-Owned Company	Industrial and Commercial Bank of China (ICBC), State-Owned Company	CHN	China
China Development Bank (CDB), Government Agency	China Development Bank (CDB), Government Agency	CHN	China
Sichuan Provincial Committee of the Chinese Communist Party, Political Party	Sichuan Provincial Committee of the Chinese Communist Party, Political Party	CHN	China
SinoHydro Corporation, State-Owned Company	SinoHydro Corporation, State-Owned Company	CHN	China
China Development Bank (CDB), Government Agency	China Development Bank (CDB), Government Agency	CHN	China
Export-Import Bank of China, Government Agency	Export-Import Bank of China, Government Agency	CHN	China
Nanjing International Cultural Exchange Association, Government Agency	Nanjing International Cultural Exchange Association, Government Agency	CHN	China
National People's Congress of China, Government Agency	National People's Congress of China, Government Agency	CHN	China
National Population and Family Planning Commission of China, Government Agency	National Population and Family Planning Commission of China, Government Agency	CHN	China
 Sichuan Provincial Government, Government Agency	Sichuan Provincial Government, Government Agency	CHN	China
Export-Import Bank of China, Government Agency	Export-Import Bank of China, Government Agency	CHN	China
unspecified Chinese Government Institution, Government Agency	unspecified Chinese Government Institution, Government Agency	CHN	China
Yunnan Provincial People's Congress, Government Agency	Yunnan Provincial People's Congress, Government Agency	CHN	China
 Yunnan Construction Engineering Group Corporation (YNJG), State-Owned Company	Yunnan Construction Engineering Group Corporation (YNJG), State-Owned Company	CHN	China
Chinese Embassy/Consulate, Government Agency	Chinese Embassy/Consulate, Government Agency	CHN	China
 China Construction Bank, State-owned Company	China Construction Bank, State-owned Company	CHN	China
 Industrial and Commercial Bank of China (ICBC), State-Owned Company	Industrial and Commercial Bank of China (ICBC), State-Owned Company	CHN	China
 China Construction Bank Corporation (CCB), State-Owned Company	China Construction Bank Corporation (CCB), State-Owned Company	CHN	China
 Silk Road Fund, State-Owned Company	Silk Road Fund, State-Owned Company	CHN	China
Unspecified Chinese Government Institution, Government Agency	Unspecified Chinese Government Institution, Government Agency	CHN	China
 China Export & Credit Insurance Corporation (Sinosure), State-Owned Company	China Export & Credit Insurance Corporation (Sinosure), State-Owned Company	CHN	China
 China Communications Bank, State-Owned Company	China Communications Bank, State-Owned Company	CHN	China
 China Ministry of Foreign Affairs, Government Agency	China Ministry of Foreign Affairs, Government Agency	CHN	China
 China International Water and Electrical Corporation, State-Owned Company	China International Water and Electrical Corporation, State-Owned Company	CHN	China
China Earthquake Administration, Government Agency	China Earthquake Administration, Government Agency	CHN	China
 People's Bank of China (PBC), Government Agency	People's Bank of China (PBC), Government Agency	CHN	China
 People's Bank of China (PBC), Government Agency	People's Bank of China (PBC), Government Agency	CHN	China
 Shanghai Electric Group, State-Owned Company	Shanghai Electric Group, State-Owned Company	CHN	China
Jiangxi Bureau of Geology, Mineral Resources, Exploration and Development, Government Agency	Jiangxi Bureau of Geology, Mineral Resources, Exploration and Development, Government Agency	CHN	China
Agricultural Bank of China, State-Owned Company	Agricultural Bank of China, State-Owned Company	CHN	China
 Shenzhen Energy Group Company Ltd., State-Owned Company	Shenzhen Energy Group Company Ltd., State-Owned Company	CHN	China
 Bank of China (BOC), Government Agency	Bank of China (BOC), Government Agency	CHN	China
 China National Corporation for Overseas Economic Cooperation (CCOEC), State-Owned Company	China National Corporation for Overseas Economic Cooperation (CCOEC), State-Owned Company	CHN	China
 Yunnan Geology and Mineral Resources Exploitation Group, State-Owned Company	Yunnan Geology and Mineral Resources Exploitation Group, State-Owned Company	CHN	China
People's Bank of China (PBC), Government Agency	People's Bank of China (PBC), Government Agency	CHN	China
Sichuan Provincial Government, Government Agency	Sichuan Provincial Government, Government Agency	CHN	China
China National Corporation for Overseas Economic Cooperation (CCOEC), State-Owned Company	China National Corporation for Overseas Economic Cooperation (CCOEC), State-Owned Company	CHN	China
