sector_value	sector_trans	ad_sector_codes	ad_sector_names	ad_purpose_names	ad_purpose_codes
Unallocated / Unspecified	Unallocated / Unspecified	998	Unallocated / Unspecified		
Government and Civil Society	Government and Civil Society	150	Government and Civil Society		
Health	Health	120	Health		
Education	Education	110	Education		
Transport and Storage	Transport and Storage	210	Transport and Storage		
Agriculture, Forestry and Fishing	Agriculture, Forestry and Fishing	310	Agriculture, Forestry and Fishing		
Other Social infrastructure and services	Other Social infrastructure and services	160	Other Social infrastructure and services		
Communications	Communications	220	Communications		
Energy Generation and Supply	Energy Generation and Supply	230	Energy Generation and Supply		
Other Multisector	Other Multisector	430	Other Multisector		
Emergency Response	Emergency Response	700	Emergency Response		
Industry, Mining, Construction	Industry, Mining, Construction	320	Industry, Mining, Construction		
Action Relating to Debt	Action Relating to Debt	600	Action Relating to Debt		
Trade and Tourism	Trade and Tourism	330	Trade and Tourism		
Water Supply and Sanitation	Water Supply and Sanitation	140	Water Supply and Sanitation		
Developmental Food Aid/Food Security Assistance	Developmental Food Aid/Food Security Assistance	520	Developmental Food Aid/Food Security Assistance		
Banking and Financial Services	Banking and Financial Services	240	Banking and Financial Services		
Population Policies / Programmes and Reproductive Health	Population Policies / Programmes and Reproductive Health	130	Population Policies / Programmes and Reproductive Health		
Business and Other Services	Business and Other Services	250	Business and Other Services		
Women in Development	Women in Development	420	Women in Development		
General Budget Support	General Budget Support	510	General Budget Support		
Support to Non-governmental Organizations (NGOs) and Government Organizations	Support to Non-governmental Organizations (NGOs) and Government Organizations	920	Support to Non-governmental Organizations (NGOs) and Government Organizations		
Non-food commodity assistance	Non-food commodity assistance	530	Non-food commodity assistance		
General Environmental Protection	General Environmental Protection	410	General Environmental Protection		
