status_name	status_trans	ad_status_code	status	ad_status_description
Completion	Completion	3	Completion	Physical activity is complete or the final disbursement has been made.
Implementation	Implementation	2	Implementation	The activity is currently being implemented
Pipeline: Commitment	Pipeline: Commitment	1	Pipeline/identification	The activity is being scoped or planned
Pipeline: Pledge	Pipeline: Pledge	1	Pipeline/identification	The activity is being scoped or planned
Cancelled	Cancelled	5	Cancelled	The activity has been cancelled
Suspended	Suspended	6	Suspended	The activity has been temporarily suspended
