participating_org	donors	donors_iso3	donor_country
Asian Development Bank	Asian Development Bank	DAC	
Delegation of the European Union to Bangladesh	Delegation of the European Union to Bangladesh	DAC	
DfID	Department for International Development	GBR	United Kingdom
India	India	IND	India
Islamic Development Bank	Islamic Development Bank	DAC	
Japan International Cooperation Agency	Japan International Cooperation Agency	JPN	Japan
United Nations Development Program	United Nations Development Program	DAC	
USAID	USAID	USA	United States
World Bank	World Bank	DAC	
