"sector_value"	"ad_sector_codes"	"ad_sector_names"
"Agricultural extension and research"	31181	"Agricultural education/training"
"AGRICULTURE AND FOOD SECURITY"	31120	"Agricultural development"
"Agriculture and Food Security"	31120	"Agricultural development"
"Agriculture and Natural Resources"	31120	"Agricultural development"
"Agriculture, fishing, and forestry"	31000	"Agriculture, combination of purposes in agriculture, forestry, fishing"
"Agriculture, natural resources and rural development"	31120	"Agricultural development"
"Basic drinking water supply and basic sanitation"	14030	"Basic drinking water supply and basic sanitation"
"Basic nutrition"	12240	"Basic nutrition"
"Biosphere Protection"	41020	"Biosphere protection"
"Business support services and institutions"	25010	"Business support services and institutions"
"Crisis Prevention and Recovery"	74010	"Disaster prevention and preparedness"
"Democratic Governance"	15140	"Government administration"
"Democratic participation and civil society"	15150	"Strengthening civil society"
"Disaster prevention and preparedness"	74010	"Disaster prevention and preparedness"
"Disaster Risk Reduction and Climate Change Adaptation."	74010	"Disaster prevention and preparedness"
"Economic and development policy/planning"	15110	"Economic and development policy/planning"
"Economic Growth and Trade"	33110	"Trade policy and administrative management"
"Education"	11100	"Education, level unspecified, combinations of purposes"
"Education facilities and training"	11120	"Education facilities and training"
"Energy"	23000	"Energy generation and supply, combinations of activities"
"Energy and mining"	23000	"Energy generation and supply, combinations of activities"
"Environment and Energy"	23030	"Power generation/renewable sources"
"Environment and Global Climate Change"	41000	"eneral environmental protection, combinations of purposes"
"Environmental policy and administrative management"	41010	"Environmental policy and administrative management"
"Finance"	24010	"Financial policy and administrative management"
"Financial policy and administrative management"	24010	"Financial policy and administrative management"
"Food aid/Food security programmes"	52010	"Food aid/food security programmes"
"Global Health"	12100	"Health, general, combinations of activities"
"GLOBAL HEALTH"	12100	"Health, general, combinations of activities"
"Goals 1 through 8"	99810	"Sectors not specified"
"Health and other social services"	12100	"Health, general, combinations of activities"
"Health and social protection"	12100	"Health, general, combinations of activities"
"Human rights"	15150	"Strengthening civil society"
"Industry and trade"	32000	"Industry, combination of purposes industry, mining and construction"
"Information and communication technology"	22040	"Information and communication technology (ict)"
"Information and communications"	22040	"Information and communication technology (ict)"
"Legal and judicial development"	15130	"Legal and judicial development"
"Material relief assistance and services"	72010	"Material relief assistance and services"
"Poverty Reduction"	51010	"General budget support"
"Primary education"	11220	"Primary education"
"Public Administration, Law, and Justice"	15130	"Legal and judicial development"
"Public finance management"	15120	"Public sector financial management"
"Public sector management"	15120	"Public sector financial management"
"Reproductive health care"	13020	"Reproductive health care"
"Rural development"	43040	"Rural development"
"Sectors not specified"	99810	"Sectors not specified"
"Small and medium-sized enterprises (SME) development"	32130	"Small and medium-sized enterprises (sme) development"
"Social/ welfare services"	16010	"Social/ welfare services"
"Strengthening civil society"	15150	"Strengthening civil society"
"Sustainable development and confidence building"	43010	"Multisector aid"
"Trade"	33100	"Trade policy and regulations, combination of purposes"
"Transport"	21010	"Transport policy and administrative management"
"Transportation"	21010	"Transport policy and administrative management"
"Urban development and management"	43030	"Urban development and management"
"Vocational training"	11330	"Vocational training"
"Water and other urban infrastructure and services"	14020	"Water supply and sanitation - large systems"
"Water, sanitation and flood protection"	14000	"Water supply and sanitation, combination of purposes"
"Water supply and other municipal infrastructure and services"	14000	"Water supply and sanitation, combination of purposes"
"Working in Crises and Conflict"	15220	"Civilian peace-building, conflict prevention and resolution"
"WORKING IN CRISES AND CONFLICT"	15220	"Civilian peace-building, conflict prevention and resolution"
"Unspecified"	99810	"Sectors not specified"
