{
  "name": "nigeria_dad_geocoded_research_release_level_1_v1.0", 
  "datapackage_version": "1.0-beta.10", 
  "title": "Nigeria DADGeocoded Research Release", 
  "version": "1.0", 
  "licenses": [
    {
      "url": "http://opendatacommons.org/licenses/by/", 
      "version": "1.0", 
      "name": "Open Data Commons Attribution", 
      "id": "odc-pddl"
    }
  ], 
  "sources": [
    {
      "web": "Not Available", 
      "name": "Nigeria DAD"
    }
  ], 
  "maintainers": [
    {
      "web": "http://aiddata.org", 
      "name": "AidData Data Team", 
      "email": "data@aiddata.org"
    }
  ], 
  "publishers": [
    {
      "web": "http://aiddata.org", 
      "name": "AidData", 
      "email": "info@aiddata.org"
    }
  ], 
  "temporal": [
    {
      "start": 1988, 
      "end": 2014, 
      "name": "Start Date Coverage"
    }
  ], 
  "resources": [
    {
      "name": "projects.tsv", 
      "path": "../data/projects.tsv", 
      "bytes": 120137, 
      "schema": {
        "fields": [
          {
            "type": "int", 
            "name": "is_geocoded"
          }, 
          {
            "type": "string", 
            "name": "end_actual_type"
          }, 
          {
            "type": "date", 
            "name": "start_actual_isodate"
          }, 
          {
            "type": "string", 
            "name": "start_actual_type"
          }, 
          {
            "type": "string", 
            "name": "donors"
          }, 
          {
            "type": "string", 
            "name": "ad_sector_names"
          }, 
          {
            "type": "float", 
            "name": "total_disbursements"
          }, 
          {
            "type": "string", 
            "name": "status"
          }, 
          {
            "type": "string", 
            "name": "donors_iso3"
          }, 
          {
            "type": "string", 
            "name": "ad_sector_codes"
          }, 
          {
            "type": "float", 
            "name": "total_commitments"
          }, 
          {
            "type": "string", 
            "name": "project_id"
          }, 
          {
            "type": "date", 
            "name": "end_actual_isodate"
          }, 
          {
            "type": "string", 
            "name": "project_title"
          }
        ]
      }
    }, 
    {
      "name": "locations.tsv", 
      "path": "../data/locations.tsv", 
      "bytes": 236538, 
      "schema": {
        "fields": [
          {
            "type": "string", 
            "name": "gazetteer_adm_code"
          }, 
          {
            "type": "string", 
            "name": "location_type_name"
          }, 
          {
            "type": "float", 
            "name": "longitude"
          }, 
          {
            "type": "int", 
            "name": "geoname_id"
          }, 
          {
            "type": "string", 
            "name": "gazetteer_adm_name"
          }, 
          {
            "type": "string", 
            "name": "project_location_id"
          }, 
          {
            "type": "string", 
            "name": "location_type_code"
          }, 
          {
            "type": "float", 
            "name": "latitude"
          }, 
          {
            "type": "string", 
            "name": "project_id"
          }, 
          {
            "type": "int", 
            "name": "precision_code"
          }, 
          {
            "type": "string", 
            "name": "place_name"
          }
        ]
      }
    }, 
    {
      "name": "transactions.tsv", 
      "path": "../data/transactions.tsv", 
      "bytes": 99363, 
      "schema": {
        "fields": [
          {
            "type": "int", 
            "name": "transaction_year"
          }, 
          {
            "type": "blank", 
            "name": "transaction_isodate"
          }, 
          {
            "type": "float", 
            "name": "transaction_value"
          }, 
          {
            "type": "string", 
            "name": "transaction_currency"
          }, 
          {
            "type": "string", 
            "name": "project_id"
          }, 
          {
            "type": "string", 
            "name": "transaction_value_code"
          }, 
          {
            "type": "string", 
            "name": "transaction_id"
          }
        ]
      }
    }
  ], 
  "data_set_preamble": "Nigeria_DAD", 
  "data_type": "Geocoded_Research_Release", 
  "processing_level": "Level_1", 
  "source_type": "Recipient System", 
  "source_subtype": "Development Assistance Database", 
  "source_link": "Not Available", 
  "date_updated": "08/05/15", 
  "donors_iso": [
    {
      "name": "DAC|GBR"
    }, 
    {
      "name": "GBR|DAC"
    }, 
    {
      "name": "USA"
    }, 
    {
      "name": "DAC"
    }, 
    {
      "name": "ESP"
    }, 
    {
      "name": "DAC|NOR"
    }, 
    {
      "name": "DAC|FRA|GBR|AUT"
    }, 
    {
      "name": "SWE"
    }, 
    {
      "name": "DEU"
    }, 
    {
      "name": "ITA"
    }, 
    {
      "name": "DAC|DAC"
    }, 
    {
      "name": "GBR"
    }, 
    {
      "name": "NLD"
    }, 
    {
      "name": "CHE|SWE"
    }, 
    {
      "name": "JPN"
    }, 
    {
      "name": "NLD|CHE|SWE"
    }, 
    {
      "name": "CAN"
    }
  ], 
  "donors_list": [
    {
      "name": "Canada"
    }, 
    {
      "name": "United Kingdom (DFID)|UNDP"
    }, 
    {
      "name": "US Government"
    }, 
    {
      "name": "UK Government"
    }, 
    {
      "name": "JICA - Japan International Cooperation Agency"
    }, 
    {
      "name": "Unspecified"
    }, 
    {
      "name": "UNDP"
    }, 
    {
      "name": "European Commission"
    }, 
    {
      "name": "Oxfam"
    }, 
    {
      "name": "European Commission|France|UK Government|Austria"
    }, 
    {
      "name": "Italy"
    }, 
    {
      "name": "Bill & Melinda Gates Foundation"
    }, 
    {
      "name": "AFD"
    }, 
    {
      "name": "BMZ"
    }, 
    {
      "name": "Food & Agriculture Organisation (FAO)"
    }, 
    {
      "name": "Spain"
    }, 
    {
      "name": "Netherlands"
    }, 
    {
      "name": "World Health Organisation (WHO)|European Commission"
    }, 
    {
      "name": "UNFPA"
    }, 
    {
      "name": "United Nations Office on Drugs & Crime (UNODC)"
    }, 
    {
      "name": "Sweden"
    }, 
    {
      "name": "Switzerland|Sweden"
    }, 
    {
      "name": "World Bank"
    }, 
    {
      "name": "UNICEF"
    }, 
    {
      "name": "AFDB"
    }, 
    {
      "name": "United Nations Office for Project Services (UNOPS)"
    }, 
    {
      "name": "UNDP|Norway"
    }, 
    {
      "name": "Netherlands|Switzerland|Sweden"
    }, 
    {
      "name": "United Nations Office on Drugs & Crime (UNODC)|UK Government"
    }, 
    {
      "name": "United Kingdom (DFID)"
    }
  ], 
  "sectors_codes_list": [
    {
      "name": "151"
    }, 
    {
      "name": "150"
    }, 
    {
      "name": "150|151|500"
    }, 
    {
      "name": "998|331"
    }, 
    {
      "name": "150|220|998"
    }, 
    {
      "name": "311"
    }, 
    {
      "name": "331"
    }, 
    {
      "name": "150|151"
    }, 
    {
      "name": "130"
    }, 
    {
      "name": "240|110|151"
    }, 
    {
      "name": "110"
    }, 
    {
      "name": "230"
    }, 
    {
      "name": "120|230|500"
    }, 
    {
      "name": "311|120|240"
    }, 
    {
      "name": "150|151|998"
    }, 
    {
      "name": "140"
    }, 
    {
      "name": "311|998"
    }, 
    {
      "name": "151|230"
    }, 
    {
      "name": "120|998"
    }, 
    {
      "name": "240|998"
    }, 
    {
      "name": "998|500"
    }, 
    {
      "name": "311|331|230"
    }, 
    {
      "name": "150|120"
    }, 
    {
      "name": "151|150"
    }, 
    {
      "name": "500"
    }, 
    {
      "name": "230|151|120"
    }, 
    {
      "name": "331|500|151"
    }, 
    {
      "name": "140|150|151|120"
    }, 
    {
      "name": "150|998"
    }, 
    {
      "name": "998"
    }, 
    {
      "name": "120"
    }, 
    {
      "name": "151|151|150|151|151"
    }, 
    {
      "name": "122"
    }, 
    {
      "name": "240"
    }, 
    {
      "name": "230|500|151"
    }, 
    {
      "name": "151|151|230|122"
    }, 
    {
      "name": "160"
    }, 
    {
      "name": "150|998|151"
    }, 
    {
      "name": "230|311|120"
    }, 
    {
      "name": "110|998"
    }, 
    {
      "name": "998|140"
    }, 
    {
      "name": "998|122"
    }, 
    {
      "name": "230|150"
    }, 
    {
      "name": "151|150|151|151"
    }, 
    {
      "name": "160|151"
    }
  ], 
  "sectors_names_list": [
    {
      "name": "Other social infrastructure and services|Government and civil society, general"
    }, 
    {
      "name": "Other social infrastructure and services"
    }, 
    {
      "name": "Unallocated/ unspecified|Water supply and sanitation"
    }, 
    {
      "name": "Energy generation and supply"
    }, 
    {
      "name": "Commodity Aid and General Programme Assistance"
    }, 
    {
      "name": "Energy generation and supply|Commodity Aid and General Programme Assistance|Government and civil society, general"
    }, 
    {
      "name": "Unallocated/ unspecified|Basic health"
    }, 
    {
      "name": "Health"
    }, 
    {
      "name": "Trade policy and regulations|Commodity Aid and General Programme Assistance|Government and civil society, general"
    }, 
    {
      "name": "Water supply and sanitation"
    }, 
    {
      "name": "Banking and financial services|Unallocated/ unspecified"
    }, 
    {
      "name": "Government and civil society|Communications|Unallocated/ unspecified"
    }, 
    {
      "name": "Health|Unallocated/ unspecified"
    }, 
    {
      "name": "Basic health"
    }, 
    {
      "name": "Government and civil society|Government and civil society, general|Commodity Aid and General Programme Assistance"
    }, 
    {
      "name": "Unallocated/ unspecified"
    }, 
    {
      "name": "Government and civil society, general|Energy generation and supply"
    }, 
    {
      "name": "Energy generation and supply|Agriculture|Health"
    }, 
    {
      "name": "Government and civil society, general|Government and civil society, general|Government and civil society|Government and civil society, general|Government and civil society, general"
    }, 
    {
      "name": "Trade policy and regulations"
    }, 
    {
      "name": "Population policies/ programmes and reproductive health"
    }, 
    {
      "name": "Government and civil society|Government and civil society, general|Unallocated/ unspecified"
    }, 
    {
      "name": "Health|Energy generation and supply|Commodity Aid and General Programme Assistance"
    }, 
    {
      "name": "Agriculture|Health|Banking and financial services"
    }, 
    {
      "name": "Government and civil society, general|Government and civil society, general|Energy generation and supply|Basic health"
    }, 
    {
      "name": "Government and civil society|Unallocated/ unspecified|Government and civil society, general"
    }, 
    {
      "name": "Government and civil society, general|Government and civil society|Government and civil society, general|Government and civil society, general"
    }, 
    {
      "name": "Unallocated/ unspecified|Commodity Aid and General Programme Assistance"
    }, 
    {
      "name": "Water supply and sanitation|Government and civil society|Government and civil society, general|Health"
    }, 
    {
      "name": "Government and civil society, general"
    }, 
    {
      "name": "Government and civil society, general|Government and civil society"
    }, 
    {
      "name": "Unallocated/ unspecified|Trade policy and regulations"
    }, 
    {
      "name": "Energy generation and supply|Government and civil society"
    }, 
    {
      "name": "Government and civil society|Health"
    }, 
    {
      "name": "Government and civil society|Government and civil society, general"
    }, 
    {
      "name": "Energy generation and supply|Government and civil society, general|Health"
    }, 
    {
      "name": "Banking and financial services|Education|Government and civil society, general"
    }, 
    {
      "name": "Agriculture|Trade policy and regulations|Energy generation and supply"
    }, 
    {
      "name": "Government and civil society|Unallocated/ unspecified"
    }, 
    {
      "name": "Banking and financial services"
    }, 
    {
      "name": "Agriculture|Unallocated/ unspecified"
    }, 
    {
      "name": "Government and civil society"
    }, 
    {
      "name": "Education"
    }, 
    {
      "name": "Agriculture"
    }, 
    {
      "name": "Education|Unallocated/ unspecified"
    }
  ]
}