{
  "name": "iraq_dad_geocoded_research_release_level_1_v1.0", 
  "datapackage_version": "1.0-beta.10", 
  "title": "Iraq DADGeocoded Research Release", 
  "version": "1.0", 
  "licenses": [
    {
      "url": "http://opendatacommons.org/licenses/by/", 
      "version": "1.0", 
      "name": "Open Data Commons Attribution", 
      "id": "odc-pddl"
    }
  ], 
  "sources": [
    {
      "web": "Not Available", 
      "name": "Iraq DAD"
    }
  ], 
  "maintainers": [
    {
      "web": "http://aiddata.org", 
      "name": "AidData Data Team", 
      "email": "data@aiddata.org"
    }
  ], 
  "publishers": [
    {
      "web": "http://aiddata.org", 
      "name": "AidData", 
      "email": "info@aiddata.org"
    }
  ], 
  "temporal": [
    {
      "start": 2002, 
      "end": 2014, 
      "name": "Start Date Coverage"
    }
  ], 
  "resources": [
    {
      "name": "projects.tsv", 
      "path": "../data/projects.tsv", 
      "bytes": 272750, 
      "schema": {
        "fields": [
          {
            "type": "int", 
            "name": "is_geocoded"
          }, 
          {
            "type": "string", 
            "name": "end_actual_type"
          }, 
          {
            "type": "date", 
            "name": "start_actual_isodate"
          }, 
          {
            "type": "string", 
            "name": "start_actual_type"
          }, 
          {
            "type": "string", 
            "name": "donors"
          }, 
          {
            "type": "string", 
            "name": "ad_sector_names"
          }, 
          {
            "type": "float", 
            "name": "total_disbursements"
          }, 
          {
            "type": "string", 
            "name": "status"
          }, 
          {
            "type": "string", 
            "name": "donors_iso3"
          }, 
          {
            "type": "int", 
            "name": "ad_sector_codes"
          }, 
          {
            "type": "float", 
            "name": "total_commitments"
          }, 
          {
            "type": "string", 
            "name": "project_id"
          }, 
          {
            "type": "date", 
            "name": "end_actual_isodate"
          }, 
          {
            "type": "string", 
            "name": "project_title"
          }
        ]
      }
    }, 
    {
      "name": "locations.tsv", 
      "path": "../data/locations.tsv", 
      "bytes": 463957, 
      "schema": {
        "fields": [
          {
            "type": "string", 
            "name": "gazetteer_adm_code"
          }, 
          {
            "type": "string", 
            "name": "location_type_name"
          }, 
          {
            "type": "float", 
            "name": "longitude"
          }, 
          {
            "type": "int", 
            "name": "geoname_id"
          }, 
          {
            "type": "string", 
            "name": "gazetteer_adm_name"
          }, 
          {
            "type": "string", 
            "name": "project_location_id"
          }, 
          {
            "type": "string", 
            "name": "location_type_code"
          }, 
          {
            "type": "float", 
            "name": "latitude"
          }, 
          {
            "type": "string", 
            "name": "project_id"
          }, 
          {
            "type": "int", 
            "name": "precision_code"
          }, 
          {
            "type": "string", 
            "name": "place_name"
          }
        ]
      }
    }, 
    {
      "name": "transactions.tsv", 
      "path": "../data/transactions.tsv", 
      "bytes": 210860, 
      "schema": {
        "fields": [
          {
            "type": "int", 
            "name": "transaction_year"
          }, 
          {
            "type": "blank", 
            "name": "transaction_isodate"
          }, 
          {
            "type": "float", 
            "name": "transaction_value"
          }, 
          {
            "type": "string", 
            "name": "transaction_currency"
          }, 
          {
            "type": "string", 
            "name": "project_id"
          }, 
          {
            "type": "string", 
            "name": "transaction_value_code"
          }, 
          {
            "type": "string", 
            "name": "transaction_id"
          }
        ]
      }
    }
  ], 
  "data_set_preamble": "Iraq_DAD", 
  "data_type": "Geocoded_Research_Release", 
  "processing_level": "Level_1", 
  "source_type": "Recipient System", 
  "source_subtype": "Development Assistance Database", 
  "source_link": "Not Available", 
  "date_updated": "08/19/15", 
  "donors_iso": [
    {
      "name": "USA"
    }, 
    {
      "name": "JPN"
    }, 
    {
      "name": "DAC"
    }, 
    {
      "name": "SWE"
    }, 
    {
      "name": "DEU"
    }, 
    {
      "name": "DNK"
    }, 
    {
      "name": "ITA"
    }, 
    {
      "name": "GBR"
    }, 
    {
      "name": "KWT"
    }, 
    {
      "name": "ESP"
    }, 
    {
      "name": "KOR"
    }, 
    {
      "name": "NOR"
    }, 
    {
      "name": "CAN"
    }
  ], 
  "donors_list": [
    {
      "name": "Canada"
    }, 
    {
      "name": "UNIDO"
    }, 
    {
      "name": "Korea"
    }, 
    {
      "name": "Italy"
    }, 
    {
      "name": "Denmark"
    }, 
    {
      "name": "Kuwait"
    }, 
    {
      "name": "Japan"
    }, 
    {
      "name": "United States of America"
    }, 
    {
      "name": "Sweden"
    }, 
    {
      "name": "UNDP.TTF (funded by EU)"
    }, 
    {
      "name": "Japan_Loan"
    }, 
    {
      "name": "United Kingdom"
    }, 
    {
      "name": "UNDP"
    }, 
    {
      "name": "EU (EUROPE)"
    }, 
    {
      "name": "WB.ITF"
    }, 
    {
      "name": "Unspecified"
    }, 
    {
      "name": "WB_Loan"
    }, 
    {
      "name": "Germany"
    }, 
    {
      "name": "UNDG.ITF"
    }, 
    {
      "name": "Norway"
    }, 
    {
      "name": "Spain"
    }
  ], 
  "sectors_codes_list": [
    {
      "name": "22030"
    }, 
    {
      "name": "15140"
    }, 
    {
      "name": "12191|12230"
    }, 
    {
      "name": "21040"
    }, 
    {
      "name": "21030"
    }, 
    {
      "name": "16030|99810"
    }, 
    {
      "name": "16050"
    }, 
    {
      "name": "23040"
    }, 
    {
      "name": "32191"
    }, 
    {
      "name": "11320"
    }, 
    {
      "name": "16020|11100|23040|14020|31100|16050|99810"
    }, 
    {
      "name": "14050"
    }, 
    {
      "name": "22000"
    }, 
    {
      "name": "15130|99810"
    }, 
    {
      "name": "12191"
    }, 
    {
      "name": "15140|15100"
    }, 
    {
      "name": "15100"
    }, 
    {
      "name": "11220"
    }, 
    {
      "name": "24000"
    }, 
    {
      "name": "43030|23040"
    }, 
    {
      "name": "41020"
    }, 
    {
      "name": "12191|14020|14020"
    }, 
    {
      "name": "14020|14020"
    }, 
    {
      "name": "31100"
    }, 
    {
      "name": "12230"
    }, 
    {
      "name": "14020|99810"
    }, 
    {
      "name": "31140"
    }, 
    {
      "name": "43030"
    }, 
    {
      "name": "12220|14020|14050"
    }, 
    {
      "name": "11182"
    }, 
    {
      "name": "15150"
    }, 
    {
      "name": "14020"
    }, 
    {
      "name": "15100|16010"
    }, 
    {
      "name": "21020"
    }, 
    {
      "name": "21050"
    }, 
    {
      "name": "41000"
    }, 
    {
      "name": "12191|11220"
    }, 
    {
      "name": "31120"
    }, 
    {
      "name": "32182"
    }, 
    {
      "name": "11330"
    }, 
    {
      "name": "32120"
    }, 
    {
      "name": "43030|15140"
    }, 
    {
      "name": "11420"
    }, 
    {
      "name": "11100|99810"
    }, 
    {
      "name": "43082"
    }, 
    {
      "name": "15130"
    }, 
    {
      "name": "99810"
    }, 
    {
      "name": "15140|25010"
    }, 
    {
      "name": "15210"
    }, 
    {
      "name": "12100"
    }, 
    {
      "name": "11100"
    }, 
    {
      "name": "24010"
    }, 
    {
      "name": "12000"
    }, 
    {
      "name": "12191|52010"
    }, 
    {
      "name": "16010"
    }, 
    {
      "name": "16020"
    }, 
    {
      "name": "12220"
    }, 
    {
      "name": "23020"
    }, 
    {
      "name": "15250"
    }, 
    {
      "name": "16030"
    }
  ], 
  "sectors_names_list": [
    {
      "name": "Secondary education "
    }, 
    {
      "name": "Urban development and management|Government administration "
    }, 
    {
      "name": "Government and civil society, general, combination of activities |Social/ welfare services"
    }, 
    {
      "name": "Agriculture, combinations of purposes in agriculture, agro-industry, agribusiness "
    }, 
    {
      "name": "Financial policy and administrative management "
    }, 
    {
      "name": "Agricultural development "
    }, 
    {
      "name": "General environmental protection, combinations of purposes "
    }, 
    {
      "name": "Rail transport "
    }, 
    {
      "name": "Technological research and development "
    }, 
    {
      "name": "Education, level unspecified, combinations of purposes |Sectors not specified"
    }, 
    {
      "name": "Government administration |Government and civil society, general, combination of activities "
    }, 
    {
      "name": "Electrical transmission/ distribution "
    }, 
    {
      "name": "Waste management/disposal"
    }, 
    {
      "name": "Social/ welfare services "
    }, 
    {
      "name": "Agricultural water resources "
    }, 
    {
      "name": "Strengthening civil society"
    }, 
    {
      "name": "Government administration "
    }, 
    {
      "name": "Security system management and reform "
    }, 
    {
      "name": "Industrial development "
    }, 
    {
      "name": "Power generation/non-renewable sources "
    }, 
    {
      "name": "Secondary education"
    }, 
    {
      "name": "Water transport"
    }, 
    {
      "name": "Health, combination of general, basic, and population policy/reproductive health purposes "
    }, 
    {
      "name": "Employment policy and administrative management|Education, level unspecified, combinations of purposes |Electrical transmission/ distribution |Water supply and sanitation - large systems|Agriculture, combinations of purposes in agriculture, agro-industry, agribusiness |Multisector aid for social services|Sectors not specified"
    }, 
    {
      "name": "Legal and judicial development "
    }, 
    {
      "name": "Medical services"
    }, 
    {
      "name": "Communications, combinations of activities "
    }, 
    {
      "name": "Urban development and management"
    }, 
    {
      "name": "Government administration |Business support services and institutions "
    }, 
    {
      "name": "Educational research "
    }, 
    {
      "name": "Land mine clearance "
    }, 
    {
      "name": "Water supply and sanitation - large systems|Water supply and sanitation - large systems"
    }, 
    {
      "name": "Road transport "
    }, 
    {
      "name": "Sectors not specified"
    }, 
    {
      "name": "Water supply and sanitation - large systems"
    }, 
    {
      "name": "Basic health care "
    }, 
    {
      "name": "Medical services |Food aid/food security programmes "
    }, 
    {
      "name": "Medical services |Basic health infrastructure"
    }, 
    {
      "name": "Air transport"
    }, 
    {
      "name": "Sectors not specified "
    }, 
    {
      "name": "Industry services"
    }, 
    {
      "name": "Social/ welfare services"
    }, 
    {
      "name": "Housing policy and administrative management "
    }, 
    {
      "name": "Basic health care |Water supply and sanitation - large systems|Waste management/disposal"
    }, 
    {
      "name": "Research/scientific institutions"
    }, 
    {
      "name": "Medical services "
    }, 
    {
      "name": "Strengthening civil society "
    }, 
    {
      "name": "Health, general, combinations of activities "
    }, 
    {
      "name": "Basic health infrastructure"
    }, 
    {
      "name": "Radio/television/print media "
    }, 
    {
      "name": "Medical services |Water supply and sanitation - large systems|Water supply and sanitation - large systems"
    }, 
    {
      "name": "Primary education "
    }, 
    {
      "name": "Employment policy and administrative management"
    }, 
    {
      "name": "Vocational training"
    }, 
    {
      "name": "Water supply and sanitation - large systems|Sectors not specified"
    }, 
    {
      "name": "Banking and financial services, combinations of activities "
    }, 
    {
      "name": "Road transport"
    }, 
    {
      "name": "Government administration"
    }, 
    {
      "name": "Housing policy and administrative management |Sectors not specified"
    }, 
    {
      "name": "Higher education "
    }, 
    {
      "name": "Government and civil society, general, combination of activities "
    }, 
    {
      "name": "Urban development and management|Electrical transmission/ distribution "
    }, 
    {
      "name": "Multisector aid for social services"
    }, 
    {
      "name": "Legal and judicial development |Sectors not specified"
    }, 
    {
      "name": "Education, level unspecified, combinations of purposes "
    }, 
    {
      "name": "Medical services|Primary education "
    }, 
    {
      "name": "Biosphere protection"
    }
  ]
}