"project_id","is_geocoded","project_title","start_actual_isodate","start_actual_type","end_actual_isodate","end_actual_type","donors","donors_iso3","recipients","recipients_iso3","ad_sector_codes","ad_sector_names","ad_purpose_codes","ad_purpose_names","status","transactions_start_year","transactions_end_year","total_commitments","total_disbursements"
"CAF-13/A/55215/5146","1","Improving Food Security in Ndélé Sub-Prefecture","2013-01-01","start-actual","2013-12-31","end-actual","None","","Central African Republic","CAF","311","Agriculture","31105.0","Agriculture, purpose unspecified","","2013","2013","",""
"CAF-13/A/55345/6458","1","Strengthening food security of vulnerable households in Zemio and Mboki through activities of food production, livestock and environment preservation and para-agricultural activities. ","2013-07-01","start-actual","2014-06-30","end-actual","European Commission's Humanitarian Aid and Civil Protection Department","DAC","Central African Republic","CAF","520","Developmental food aid/Food security assistance","52010.0","Food aid/Food security programmes","","2013","2014","1016689.0","1016689.0"
"CAF-13/A/55365/5633","1","Reinforcement of food self-sufficiency of vulnerable populations affected by conflicts and floods","2013-01-01","start-actual","2013-07-31","end-actual","United Kingdom|France","FRA|GBR","Central African Republic","CAF","311","Agriculture","31105.0","Agriculture, purpose unspecified","","2013","2013","994000.0","994000.0"
"CAF-13/A/55431/R/5179","1","A sustainable response to food security of IDPs and crisis-affected households in Ouham and Nana Gribizi","2013-03-01","start-actual","2013-12-31","end-actual","European Commission's Humanitarian Aid and Civil Protection Department","DAC","Central African Republic","CAF","311","Agriculture","31105.0","Agriculture, purpose unspecified","","2013","2013","508986.0","508986.0"
"CAF-13/A/55573/5853","1","Support to agricultural activities and livelihoods for conflict-affected communities of Southwest Vakaga","2013-01-01","start-actual","2013-12-31","end-actual","France","FRA","Central African Republic","CAF","311","Agriculture","31105.0","Agriculture, purpose unspecified","","2013","2013","421868.0","421868.0"
"CAF-13/A/55579/8794","1","Supporting the empowerment of people affected by conflict in the prefecture of Nana Gribizi (Kaga Bandoro and M'brès) by the structuring of the agricultural sector.","2013-01-01","start-actual","2013-12-31","end-actual","None","","Central African Republic","CAF","311","Agriculture","31110.0","Agricultural policy and administrative management","","2013","2013","",""
"CAF-13/A/55624/5186","1","Increasing food access and availability for conflict-affected populations in Markounda Sub Prefecture","2013-02-01","start-actual","2013-11-30","end-actual","European Commission's Humanitarian Aid and Civil Protection Department","DAC","Central African Republic","CAF","520","Developmental food aid/Food security assistance","52010.0","Food aid/Food security programmes","","2013","2013","439458.0","439458.0"
"CAF-13/A/55628/R/13217","1","Emergency Support Programs in Food Needs and Capacity Building  for Areas Affected by the SELEKA crisis and LRA (Sub Prefecture Bakouma, Bangassou and Ouango)","2013-06-01","start-actual","2014-05-31","end-actual","Common Humanitarian Fund","DAC","Central African Republic","CAF","720","Emergency response","72040.0","Emergency food aid","","2013","2014","247558.0","247558.0"
"CAF-13/A/55680/R/5181","0","Strengthen the capacity of agricultural organizations in order to enhance the productivity of agro pastoral production systems in Ouham, Ouham Pendé and Bamingui Bangoran and reinforce the emergency response capacity of DRC thus ensuring food security among the most vulnerable groups","2013-03-01","start-actual","2013-12-31","end-actual","None","","Central African Republic","CAF","311","Agriculture","31105.0","Agriculture, purpose unspecified","","2013","2013","",""
"CAF-13/A/55686/14879","1","Post emergency response to face the food insecurity of LRA-affected population in Mbomou prefecture","2013-01-01","start-actual","2013-12-31","end-actual","None","","Central African Republic","CAF","520","Developmental food aid/Food security assistance","52010.0","Food aid/Food security programmes","","2013","2013","",""
"CAF-13/A/55693/13924","1","Support to returnee and local populations of the Ndélé-Ngarba and Ndélé-Miamani roads for the recovery of their agricultural, livestock breeding and fishing activities","2013-01-01","start-actual","2013-12-31","end-actual","None","","Central African Republic","CAF","311","Agriculture","31105.0","Agriculture, purpose unspecified","","2013","2013","",""
"CAF-13/A/55703/R/13864","1","Improvement of the level of life of the population affected by the political armed crisis in the sub-Prefecture of Kaga-Bandoro and Its Surroundings.","2013-05-01","start-actual","2013-10-31","end-actual","None","","Central African Republic","CAF","311","Agriculture","31105.0","Agriculture, purpose unspecified","","2013","2013","",""
"CAF-13/A/55724/14879","1","Health and food security support to vulnerable people affected by security conflict in Bamingui Bangoran prefecture","2013-01-01","start-actual","2013-12-31","end-actual","None","","Central African Republic","CAF","311","Agriculture","31105.0","Agriculture, purpose unspecified","","2013","2013","",""
"CAF-13/A/55743/8661","1","Support project for empowering of vulnerables households groups and agriculture cooperatives in the South-East of the CAR (Zémio, Obo, Rafaï, Djemah, Bakouma)","2013-01-01","start-actual","2013-12-31","end-actual","None","","Central African Republic","CAF","311","Agriculture","31105.0","Agriculture, purpose unspecified","","2013","2013","",""
"CAF-13/A/55757/R/13864","1","Improvement of the level of life of the population affected by the political armed crisis in the sub-Prefecture of Bria and Yalinga and surroundings In High-Kotto Prefecture.","2013-05-01","start-actual","2013-10-31","end-actual","None","","Central African Republic","CAF","311","Agriculture","31105.0","Agriculture, purpose unspecified","","2013","2013","",""
"CAF-13/A/55760/5167","1","To improve food security in areas affected by armerd groups presence in the Haute Kotto and Haut Mbomou provinces","2013-01-01","start-actual","2013-12-31","end-actual","None","","Central African Republic","CAF","311","Agriculture","31105.0","Agriculture, purpose unspecified","","2013","2013","",""
"CAF-13/A/55773/123","1","Restoring food security and income generation through the promotion of livestock and agriculture production in the affected « prefectures » of Bamingui Bangoran, Ouham, Haute Kotto and Vakaga in Central Africa Republic","2013-01-01","start-actual","2013-12-31","end-actual","Belgium|Central Emergency Response Fund|United States of America|FAO","USA|BEL|DAC","Central African Republic","CAF","311","Agriculture","31120.0","Agricultural development","","2013","2013","2556215.0","2556215.0"
"CAF-13/A/55775/123","1","Support to the Food Security and Livelihood Cluster Coordination of the United Nations and partners in the Central African Republic.","2013-01-01","start-actual","2013-12-31","end-actual","Italy","ITA","Central African Republic","CAF","311","Agriculture","31105.0","Agriculture, purpose unspecified","","2013","2013","662252.0","662252.0"
"CAF-13/A/55784/123","1","Supporting the reinsertion and reintegration of the ex combatants in the Central African Republic","2013-01-01","start-actual","2013-12-31","end-actual","None","","Central African Republic","CAF","720","Emergency response","72050.0","Relief co-ordination; protection and support services","","2013","2013","",""
"CAF-13/A/56008/14921","1","Adress hunger and poverty through new agricultural approaches in Bambouti","2013-01-01","start-actual","2013-12-31","end-actual","None","","Central African Republic","CAF","311","Agriculture","31105.0","Agriculture, purpose unspecified","","2013","2013","",""
"CAF-13/A/57878/R/123","1","Appui à la reconstitution des chaines de froid à Bangui pour la protection du cheptel ","2013-06-15","start-actual","2013-12-31","end-actual","None","","Central African Republic","CAF","520","Developmental food aid/Food security assistance","52010.0","Food aid/Food security programmes","","2013","2013","",""
"CAF-13/A/57903/R/13217","1","Urgent boost in agriculture, animale husbandry and income generating activities (IGA) for the persons affected by the conflict in Basse-Kotto","2013-03-01","start-actual","2013-12-31","end-actual","None","","Central African Republic","CAF","311","Agriculture","31105.0","Agriculture, purpose unspecified","","2013","2013","",""
"CAF-13/A/57913/R/14783","1","Distribution des Semences agricoles aux poppulations victimes des pillages de la SELEKA de la ville de Mobaye","2013-04-01","start-actual","2013-09-30","end-actual","None","","Central African Republic","CAF","520","Developmental food aid/Food security assistance","52010.0","Food aid/Food security programmes","","2013","2013","",""
"CAF-13/A/57931/R/123","1","Appui en intrants agricoles dans les préfectures du Haut Mbomou et de Sangha Mbaéré (semences et petits outillages agricoles)","2013-01-01","start-actual","2013-12-31","end-actual","None","","Central African Republic","CAF","311","Agriculture","31105.0","Agriculture, purpose unspecified","","2013","2013","",""
"CAF-13/A/57937/R/123","1","Distribution des boutures saines de manioc dans le haut-Oubangui en période post-conflit ","2013-06-15","start-actual","2013-12-31","end-actual","None","","Central African Republic","CAF","311","Agriculture","31105.0","Agriculture, purpose unspecified","","2013","2013","",""
"CAF-13/A/57938/R/123","1","Appui à la mise en place de système d’information et de coordination du cluster sécurité alimentaire (CSA)","2013-06-15","start-actual","2013-12-31","end-actual","None","","Central African Republic","CAF","311","Agriculture","31105.0","Agriculture, purpose unspecified","","2013","2013","",""
"CAF-13/A/57946/R/14440","1","Support of reinforcing of feeding security in Sam-Ouandja and Ouadda","2013-04-01","start-actual","2013-12-31","end-actual","None","","Central African Republic","CAF","311","Agriculture","31105.0","Agriculture, purpose unspecified","","2013","2013","",""
"CAF-13/A/57995/R/8661","1","Emergency project to support seed and agricultural inputs to vulnerable households and groups Damara","2013-03-01","start-actual","2013-12-31","end-actual","Common Humanitarian Fund","DAC","Central African Republic","CAF","311","Agriculture","31105.0","Agriculture, purpose unspecified","","2013","2013","296451.0","296451.0"
"CAF-13/A/59051/R/6458","1"," Fourniture de semences, d’outils et de rations alimentaires aux ménages vulnérables victimes des exactions commises dans le sud du pays, afin de relancer les activités agricoles en urgence.","2013-06-15","start-actual","2013-12-15","end-actual","European Commission's Humanitarian Aid and Civil Protection Department|Common Humanitarian Fund","DAC","Central African Republic","CAF","311","Agriculture","31105.0","Agriculture, purpose unspecified","","2013","2013","763572.0","763572.0"
"CAF-13/A/59153/R/16035","1","Appui à l’amélioration de la sécurité alimentaire et de revenu des ménages vulnérables par la relance du petit élevage dans les préfectures de la Kémo et de la Ouaka  en République Centrafricaine.","2013-07-01","start-actual","2014-04-30","end-actual","None","","Central African Republic","CAF","311","Agriculture","31105.0","Agriculture, purpose unspecified","","2013","2014","",""
"CAF-13/A/59221/R/123","1","Appui aux personnes vulnérables affectées et infectées  par le VIH/SIDA  pour leur auto prise en charge à traves l’approche Champ Ecole Paysan, et l’amélioration de la sécurité alimentaire.","2013-06-15","start-actual","2013-12-31","end-actual","None","","Central African Republic","CAF","311","Agriculture","31105.0","Agriculture, purpose unspecified","","2013","2013","",""
"CAF-13/A/59273/R/8661","1","Empowerment the socio-economic situation of vulnerable groups and agro pastoral households in the localities  and  surrounding Bambari and Alindao","2013-06-01","start-actual","2013-12-31","end-actual","None","","Central African Republic","CAF","311","Agriculture","31105.0","Agriculture, purpose unspecified","","2013","2013","",""
"CAF-13/CSS/53551/119","1","Strengthening Humanitarian Coordination and Advocacy in Central African Republic","2013-01-01","start-actual","2013-12-31","end-actual","European Commission's Humanitarian Aid and Civil Protection Department|OCHA|United States of America|Ireland|Common Humanitarian Fund","IRL|USA|DAC","Central African Republic","CAF","720","Emergency response","72050.0","Relief co-ordination; protection and support services","","2013","2013","1554230.0","1554230.0"
"CAF-13/CSS/56318/R/561","1","United Nations Humanitarian Air Service for Central African Republic","2013-01-01","start-actual","2013-12-31","end-actual","Canada|European Commission's Humanitarian Aid and Civil Protection Department|Various Donors (details not yet provided)|Common Humanitarian Fund|United States of America|Luxembourg|United Kingdom|Central Emergency Response Fund|Sweden|Germany|Belgium|WFP","USA|BEL|DAC|LUX|SWE|DEU|GBR|CAN","Central African Republic","CAF","720","Emergency response","72050.0","Relief co-ordination; protection and support services","","2013","2013","8853634.0","8853634.0"
"CAF-13/CSS/56322/R/561","1","Emergency Telecommunications  services provision to the humanitarian community in Central African Republic","2013-01-01","start-actual","2013-12-31","end-actual","Central Emergency Response Fund","DAC","Central African Republic","CAF","720","Emergency response","72050.0","Relief co-ordination; protection and support services","","2013","2013","735983.0","735983.0"
"CAF-13/CSS/57973/R/561","1","SPECIAL OPERATION/ Logistics Augmentation","2013-06-01","start-actual","2013-12-31","end-actual","None","","Central African Republic","CAF","720","Emergency response","72050.0","Relief co-ordination; protection and support services","","2013","2013","",""
"CAF-13/CSS/58008/R/5139","1","Safety and security for humanitarian activities in the Central Africa Republic (UNDSS)","2013-01-01","start-actual","2013-12-31","end-actual","None","","Central African Republic","CAF","720","Emergency response","72050.0","Relief co-ordination; protection and support services","","2013","2013","",""
"CAF-13/ER/54955/14421","1","Rehabilitation of the road Ouandako-Takara (32 Km)","2013-01-01","start-actual","2013-12-31","end-actual","None","","Central African Republic","CAF","200","Infrastructure and services","","","","2013","2013","",""
"CAF-13/ER/55071/R/6458","1","Opening up and enabling the economic development and humanitarian access of the rural area on the road between Kabo, Ouandago, Batangafo and Bouca.","2013-09-01","start-actual","2014-05-31","end-actual","None","","Central African Republic","CAF","200","Infrastructure and services","","","","2013","2014","",""
"CAF-13/ER/55072/6458","1","Opening up and enabling the economic development and humanitarian access of the rural area on the road between Bozoum and Bocaranga.","2013-08-01","start-actual","2014-01-31","end-actual","None","","Central African Republic","CAF","730","Reconstruction Relief (Including Recovery)","73010.0","Recovery and Reconstruction (Reconstruction relief and rehabilitation)","","2013","2014","",""
"CAF-13/ER/55320/R/6458","1","Fostering the economic development and facilitating the humanitarian access to the rural areas between Bangassou and Zemio.","2013-04-01","start-actual","2014-01-31","end-actual","None","","Central African Republic","CAF","200","Infrastructure and services","","","","2013","2014","",""
"CAF-13/ER/55443/R/5179","1","Providing Economic Relief for Internally Displaced People (IDPs) and other crisis-affected households in Nana Gribizi and Ouham Prefectures ","2013-03-01","start-actual","2013-12-31","end-actual","None","","Central African Republic","CAF","200","Infrastructure and services","","","","2013","2013","",""
"CAF-13/ER/55549/5167","1","Emergency Livelihood Recovery project for Conflict affected people in Haut Mboumou Prefecture – South East Region - CAR     ","2013-01-01","start-actual","2013-12-31","end-actual","None","","Central African Republic","CAF","720","Emergency response","72010.0","Material relief assistance and services","","2013","2013","",""
"CAF-13/ER/55564/8794","1","Supporting the empowerment of people affected by conflicts in the sub prefectures of M'brès (Nana Gribizi).","2013-01-01","start-actual","2013-12-31","end-actual","None","","Central African Republic","CAF","200","Infrastructure and services","","","","2013","2013","",""
"CAF-13/ER/55577/5633","1","Supporting economic recovery in Nana-Gribizi Prefecture through capacity building of agricultural federations, community based farmers' organizations and a national NGO","2013-01-01","start-actual","2013-12-31","end-actual","None","","Central African Republic","CAF","311","Agriculture","31110.0","Agricultural policy and administrative management","","2013","2013","",""
"CAF-13/ER/55632/5162","1","Emergency assistance to improve the food security and livelihoods of displaced families affected by the LRA in Bangassou","2013-01-01","start-actual","2013-12-31","end-actual","Bill and Melinda Gates Foundation","DAC","Central African Republic","CAF","200","Infrastructure and services","","","","2013","2013","600000.0","600000.0"
"CAF-13/ER/55650/R/5181","1","(WITHDRAWN) Supporting conflict affected women’s organizations and other groups in order to further improve and diversify their income generating capacity in the prefectures of Ouham and Bamingui Bangoran.","2013-03-01","start-actual","2013-12-31","end-actual","None","","Central African Republic","CAF","200","Infrastructure and services","","","","2013","2013","",""
"CAF-13/ER/55711/15843","1","Capacity building of local resources person and community leaders to  develop and implement  strategies for immediate acces to integrated assistance to communities affected by humanitarian crisis","2013-01-01","start-actual","2013-07-31","end-actual","None","","Central African Republic","CAF","200","Infrastructure and services","","","","2013","2013","",""
"CAF-13/ER/55712/R/5767","1","Improvement project of security sector in Bangui city","2013-07-31","start-actual","2014-07-30","end-actual","None","","Central African Republic","CAF","730","Reconstruction Relief (Including Recovery)","73010.0","Recovery and Reconstruction (Reconstruction relief and rehabilitation)","","2013","2014","",""
"CAF-13/ER/55746/8661","1","Support for the socio-economic reintegration of victims of LRA in Zémio, Rafaï, Djema and Bakouma","2013-01-01","start-actual","2013-12-31","end-actual","None","","Central African Republic","CAF","200","Infrastructure and services","","","","2013","2013","",""
"CAF-13/ER/57901/R/14783","1","Projet de mise en place d’un atelier de fabrication de savon artisanal à Alindao (Sous-préfecture d’Alindao), Basse Kotto","2013-04-01","start-actual","2013-09-30","end-actual","None","","Central African Republic","CAF","730","Reconstruction Relief (Including Recovery)","73010.0","Recovery and Reconstruction (Reconstruction relief and rehabilitation)","","2013","2013","",""
"CAF-13/ER/57953/R/13864","1","Support income generating activities for women associations and intern displaced people in Haute Kotto.","2013-05-01","start-actual","2013-10-31","end-actual","None","","Central African Republic","CAF","200","Infrastructure and services","","","","2013","2013","",""
"CAF-13/ER/57972/R/14440","1","Capacity development of community based organisations in Ouandja, Vakaga, prefecture","2013-04-01","start-actual","2013-12-31","end-actual","None","","Central African Republic","CAF","720","Emergency response","72010.0","Material relief assistance and services","","2013","2013","",""
"CAF-13/ER/59068/R/6458","1","Désenclaver et faciliter l’accès humanitaire dans les zones rurales situées entre Kongbo et Mobaye, par la réhabilitation des ouvrages de franchissement détériorés.","2013-07-01","start-actual","2013-12-31","end-actual","None","","Central African Republic","CAF","200","Infrastructure and services","","","","2013","2013","",""
"CAF-13/ER/59069/R/6458","1","Désenclaver et faciliter l’accès humanitaire dans les zones rurales situées entre Malagamba, Ouango et Béma, par la réhabilitation des ouvrages de franchissement détériorés.","2013-07-01","start-actual","2013-12-31","end-actual","None","","Central African Republic","CAF","200","Infrastructure and services","","","","2013","2013","",""
"CAF-13/ER/59214/R/13864","1","Appui à la valorisation des produits forestiers Non ligneux (PFNL) exploités par les organisations paysannes Féminines(OPF) de Kaga-Bandoro et les environs, affectées par les conflits armés de Décembre 2012 et leurs corollaires.","2013-07-01","start-actual","2014-06-30","end-actual","None","","Central African Republic","CAF","200","Infrastructure and services","","","","2013","2014","",""
"CAF-13/ER/59248/R/13864","1","Vers un accès aux infrastructures économiques et sociales de base pour les populations vulnérables de la Ouaka","2013-07-01","start-actual","2013-12-31","end-actual","None","","Central African Republic","CAF","151","Government and civil society, general","15110.0","Economic and development policy/planning","","2013","2013","",""
"CAF-13/ER/59258/R/5181","0","Supporting conflict affected women’s organizations and other groups in order to further improve and diversify their income generating capacity in the prefectures of Ouham and Bamingui Bangoran and improve humanitarian access through rehabilitation of bridges","2013-06-01","start-actual","2013-12-31","end-actual","None","","Central African Republic","CAF","200","Infrastructure and services","","","","2013","2013","",""
"CAF-13/ER/59275/R/776","1","REMASTP recovery as well as its national antenna for the restart of communication on prevention HIV/AIDS, Tuberculosis and Malaria","2013-06-01","start-actual","2013-12-31","end-actual","None","","Central African Republic","CAF","200","Infrastructure and services","","","","2013","2013","",""
"CAF-13/ER/59291/R/8661","1","Support in the socio economic reintegration of victims of crisis Bambari and Alindao","2013-07-01","start-actual","2013-12-31","end-actual","None","","Central African Republic","CAF","200","Infrastructure and services","","","","2013","2013","",""
"CAF-13/ER/59371/R/15843","1","Rapid Assessment of Women and Youth enrolled Per Seleka for a Community perspective insertion in Mbomou","2013-07-01","start-actual","2013-09-30","end-actual","None","","Central African Republic","CAF","200","Infrastructure and services","","","","2013","2013","",""
"CAF-13/E/55066/R/561","1","Assistance to Conflict-Affected Populations in CAR ","2013-01-01","start-actual","2013-12-31","end-actual","Canada|Various Donors (details not yet provided)|United States of America|Carry-over (donors not specified)|Switzerland|Japan","USA|DAC|CAN|CHE|JPN","Central African Republic","CAF","111","Education, level unspecified","11105.0","Education, level unspecified, purpose unspecified","","2013","2013","6548225.0","6548225.0"
"CAF-13/E/55077/6458","1","Improving access to education in North Western of CAR","2013-08-01","start-actual","2014-04-30","end-actual","None","","Central African Republic","CAF","111","Education, level unspecified","11110.0","Education policy and administrative management","","2013","2014","",""
"CAF-13/E/55358/14921","1","Improve and reinforce education system in the Bambouti Sous prefecture","2013-01-01","start-actual","2013-12-31","end-actual","None","","Central African Republic","CAF","740","Disaster Prevention and Preparedness (Including disaster risk reduction)","74010.0","Disaster Risk Reduction (Disaster prevention and preparedness)","","2013","2013","",""
"CAF-13/E/55450/5167","1","Promoting formal and alternative education for children in Ouham Pende region","2013-01-01","start-actual","2013-12-31","end-actual","None","","Central African Republic","CAF","112","Basic education","11220.0","Primary education","","2013","2013","",""
"CAF-13/E/55530/R/124","1","Improve access, retention and gender equity in school enrollment for the children in the newly conflict affected prefectures of CAR.","2013-01-01","start-actual","2013-12-31","end-actual","Estonia","EST","Central African Republic","CAF","111","Education, level unspecified","11110.0","Education policy and administrative management","","2013","2013","110193.0","110193.0"
"CAF-13/E/55538/5853","1","Improving primary school access for rural populations in conflict-affected areas of Vakaga","2013-01-01","start-actual","2013-12-31","end-actual","Private (individuals & organisations)|France","FRA|DAC","Central African Republic","CAF","111","Education, level unspecified","11105.0","Education, level unspecified, purpose unspecified","","2013","2013","730028.0","730028.0"
"CAF-13/E/55570/R/8794","1","Contribute to ensuring the access of children to school facilities in the sub prefecture of M'brès (Nana Gribizi) after the occupation of the SELEKA rebels.","2013-04-01","start-actual","2014-03-31","end-actual","None","","Central African Republic","CAF","111","Education, level unspecified","11105.0","Education, level unspecified, purpose unspecified","","2013","2014","",""
"CAF-13/E/55571/R/5167","1","Improving access to quality and safe education for children and youth in the LRA affected Prefecture of Haut Mbomou","2013-01-01","start-actual","2013-12-31","end-actual","None","","Central African Republic","CAF","112","Basic education","11220.0","Primary education","","2013","2013","",""
"CAF-13/E/55621/5181","1","Emergency education in Ouham and Bamingui Bangoran","2013-01-01","start-actual","2013-12-31","end-actual","European Commission's Humanitarian Aid and Civil Protection Department|Sweden","SWE|DAC","Central African Republic","CAF","111","Education, level unspecified","11110.0","Education policy and administrative management","","2013","2013","795756.0","795756.0"
"CAF-13/E/55732/8661","1","Sustainable education project for LRA victims and Mbororos children in the South-East area","2013-01-01","start-actual","2013-12-31","end-actual","None","","Central African Republic","CAF","112","Basic education","11220.0","Primary education","","2013","2013","",""
"CAF-13/E/55759/R/5167","1","Emergency education in the 2012 crises affected areas of of Bria and sorrounding axis (Ouadda, Aibando, Yalinga, Ippy, Mingala) ","2013-03-01","start-actual","2013-12-31","end-actual","None","","Central African Republic","CAF","111","Education, level unspecified","11110.0","Education policy and administrative management","","2013","2013","",""
"CAF-13/E/57881/R/14421","0"," increase access to immediate integrated life-saving assistance for populations affected by humanitarian emmer genies  Stabilize livelihood and prevent their deterioration for vulnerable populations I post –conflict areas through integrated recovery activities","2013-03-01","start-actual","2013-12-31","end-actual","None","","Central African Republic","CAF","111","Education, level unspecified","11105.0","Education, level unspecified, purpose unspecified","","2013","2013","",""
"CAF-13/E/57883/R/13864","0","For a protected and accessible school to the children touched by the wars in Bria and Yalinga’s sub prefectures (High Kotto)  and in BOTTO, NANA OUTTA and GREVAI PAMIA’s communes (Nana Gribizi) trough the nonofficial actors capacities reinforcement to improve the schooling of the pupils.","2013-04-01","start-actual","2013-09-30","end-actual","None","","Central African Republic","CAF","111","Education, level unspecified","11105.0","Education, level unspecified, purpose unspecified","","2013","2013","",""
"CAF-13/E/57925/R/15803","1","Meilleur poussée urgente a une éducation de qualité aux enfants de la localité, de Damara, affectée par la crise ","2013-04-01","start-actual","2013-09-30","end-actual","None","","Central African Republic","CAF","112","Basic education","11220.0","Primary education","","2013","2013","",""
"CAF-13/E/57932/R/14783","1","Distribution des Kits aux populations scolaires affectées par la crise dans la ville de Mobaye","2013-04-01","start-actual","2013-09-30","end-actual","None","","Central African Republic","CAF","112","Basic education","11220.0","Primary education","","2013","2013","",""
"CAF-13/E/57939/R/13217","1","Urgent boost for school relaunching in the sub prefectures of Mobaye and Alindao","2013-04-01","start-actual","2013-12-04","end-actual","None","","Central African Republic","CAF","111","Education, level unspecified","11105.0","Education, level unspecified, purpose unspecified","","2013","2013","",""
"CAF-13/E/57993/R/8661","1","Revitalization of the educational system in sub - prefectures of Damara and Sibut, affected by armed conflict","2013-03-01","start-actual","2013-12-31","end-actual","Common Humanitarian Fund","DAC","Central African Republic","CAF","112","Basic education","11220.0","Primary education","","2013","2013","265959.0","265959.0"
"CAF-13/E/59253/R/13107","1","Improve access and retention of children to education services for affected by the conflict in the norteh eastern region of CAR","2013-07-01","start-actual","2013-12-31","end-actual","None","","Central African Republic","CAF","112","Basic education","11220.0","Primary education","","2013","2013","",""
"CAF-13/E/59281/R/13217","1","Projet de relance rapide des activités scolaires des écoles primaires dans la sous préfecture de Bimbo","2013-07-01","start-actual","2013-11-30","end-actual","None","","Central African Republic","CAF","111","Education, level unspecified","11105.0","Education, level unspecified, purpose unspecified","","2013","2013","",""
"CAF-13/E/59286/R/5181","1","Emergency education in Ouham, Bamingui Bangoran and Bangui","2013-06-01","start-actual","2013-12-31","end-actual","None","","Central African Republic","CAF","111","Education, level unspecified","11105.0","Education, level unspecified, purpose unspecified","","2013","2013","",""
"CAF-13/E/59292/R/13217","1","Urgent boost for school relaunching and going back to school for girls in the sub prefectures of Mobaye and Alindao","2013-07-01","start-actual","2015-03-01","end-actual","None","","Central African Republic","CAF","111","Education, level unspecified","11105.0","Education, level unspecified, purpose unspecified","","2013","2015","",""
"CAF-13/E/59298/R/5167","1","Emergency education in the post-conflict areas of Bria, Ouadda and Aibando, Haute Kotto","2013-01-01","start-actual","2013-12-31","end-actual","None","","Central African Republic","CAF","111","Education, level unspecified","11105.0","Education, level unspecified, purpose unspecified","","2013","2013","",""
"CAF-13/F/55075/R/561","1","Assistance to conflict-affected populations in CAR ( IDP & Refugees)","2013-01-01","start-actual","2013-12-31","end-actual","Canada|Various Donors (details not yet provided)|Korea, Republic of|United States of America|Carry-over (donors not specified)|Switzerland|Japan","CHE|USA|DAC|JPN|CAN|KOR","Central African Republic","CAF","520","Developmental food aid/Food security assistance","52010.0","Food aid/Food security programmes","","2013","2013","8087916.0","8087916.0"
"CAF-13/F/55342/R/561","1","Assistance to conflict-affected populations in CAR ( Livelihoods)","2013-01-01","start-actual","2013-12-31","end-actual","Canada|Various Donors (details not yet provided)|United States of America|Central Emergency Response Fund|Carry-over (donors not specified)|Switzerland|Japan","USA|DAC|CAN|CHE|JPN","Central African Republic","CAF","520","Developmental food aid/Food security assistance","52010.0","Food aid/Food security programmes","","2013","2013","12068727.0","12068727.0"
"CAF-13/F/55430/5186","1","Strengthening   multi-sectorial surveillance and early warning systems in Central African Republic","2013-01-01","start-actual","2013-12-31","end-actual","European Commission's Humanitarian Aid and Civil Protection Department","DAC","Central African Republic","CAF","520","Developmental food aid/Food security assistance","52010.0","Food aid/Food security programmes","","2013","2013","340314.0","340314.0"
"CAF-13/F/57919/R/5186","1","Emergency support for the population affected by the politico-military crisis in CAR ","2013-04-01","start-actual","2013-09-30","end-actual","None","","Central African Republic","CAF","520","Developmental food aid/Food security assistance","52010.0","Food aid/Food security programmes","","2013","2013","",""
"CAF-13/F/58372/R/5186","1","Soutien d’urgence aux populations affectées par la crise politico-militaire en RCA","2013-05-01","start-actual","2013-12-31","end-actual","Common Humanitarian Fund","DAC","Central African Republic","CAF","520","Developmental food aid/Food security assistance","52010.0","Food aid/Food security programmes","","2013","2013","421427.0","421427.0"
"CAF-13/F/59244/R/5633","1","Reinforcement of food and economic self sufficiency of vulnerable populations affected by conflicts in Ouham prefecture","2013-06-16","start-actual","2013-12-31","end-actual","European Commission's Humanitarian Aid and Civil Protection Department|Common Humanitarian Fund","DAC","Central African Republic","CAF","520","Developmental food aid/Food security assistance","52010.0","Food aid/Food security programmes","","2013","2013","1704562.0","1704562.0"
"CAF-13/F/59247/R/123","1","Appui aux ménages vulnérables en semences de Paddy","2013-06-15","start-actual","2013-12-31","end-actual","None","","Central African Republic","CAF","520","Developmental food aid/Food security assistance","52010.0","Food aid/Food security programmes","","2013","2013","",""
"CAF-13/H/55311/8662","1","Emergency Response to the increased number of Malaria cases in IDP settings and host population in Paoua, Batangafo and Markounda Sub prefectures, Health Region N°3","2013-01-01","start-actual","2013-12-31","end-actual","None","","Central African Republic","CAF","120","Health","12005.0","Health, purpose unspecified","","2013","2013","",""
"CAF-13/H/55335/8662","1","Emergency Response to the high infant mortality rate due to Malaria in Carnot sub prefecture, Health Region n°2","2013-01-01","start-actual","2013-12-31","end-actual","None","","Central African Republic","CAF","720","Emergency response","72020.0","Emergency Health Services/Support","","2013","2013","",""
"CAF-13/H/55357/R/561","1","Nutritional support for children 6-59 months, pregnant women and lactating mothers in the post-conflict areas in CAR","2013-01-01","start-actual","2013-12-31","end-actual","Canada|Various Donors (details not yet provided)|United States of America|Carry-over (donors not specified)|Switzerland|Japan","USA|DAC|CAN|CHE|JPN","Central African Republic","CAF","120","Health","12005.0","Health, purpose unspecified","","2013","2013","3305286.0","3305286.0"
"CAF-13/H/55444/5186","1","Supporting the Ministère de la Santé Publique, de la Population et de la lutte contre le Sida (MSPPS) in the city of Bangui and its periphery in the detection, referral and Management of Severe Acute Malnutrition ","2013-04-01","start-actual","2014-03-31","end-actual","European Commission's Humanitarian Aid and Civil Protection Department|France","FRA|DAC","Central African Republic","CAF","520","Developmental food aid/Food security assistance","52010.0","Food aid/Food security programmes","","2013","2014","684945.0","684945.0"
"CAF-13/H/55653/R/13217","1","Extension of  therapeutic units and intensification of treatment and preventive measures against acute malnutrition in the  prefectures of Mbomou and Basse Kotto","2013-01-01","start-actual","2013-12-31","end-actual","None","","Central African Republic","CAF","120","Health","12005.0","Health, purpose unspecified","","2013","2013","",""
"CAF-13/H/55696/R/13107","1","Emergency assistance for conflict and disaster affected population in North Eastern CAR.","2013-01-01","start-actual","2013-12-31","end-actual","European Commission's Humanitarian Aid and Civil Protection Department","DAC","Central African Republic","CAF","730","Reconstruction Relief (Including Recovery)","73010.0","Recovery and Reconstruction (Reconstruction relief and rehabilitation)","","2013","2013","1112565.0","1112565.0"
"CAF-13/H/55700/14879","1","Health and food security support to vulnerable people affected by security conflict in Bamingui Bangoran prefecture","2013-01-01","start-actual","2013-12-31","end-actual","European Commission's Humanitarian Aid and Civil Protection Department|Finland|France","FRA|FIN|DAC","Central African Republic","CAF","122","Basic health","12220.0","Basic health care","","2013","2013","1045050.0","1045050.0"
"CAF-13/H/55717/14879","1","Ensure access to quality primary health care and effective case managmenent of acute malnutrition","2013-01-01","start-actual","2013-12-31","end-actual","France","FRA","Central African Republic","CAF","122","Basic health","12220.0","Basic health care","","2013","2013","293351.0","293351.0"
"CAF-13/H/55720/1171","1","Strengthening emergency obstetric and neonatal care in conflict affected  health prefectures (South-East, North-East, North-West) of CAUNFPA","2013-01-01","start-actual","2013-10-31","end-actual","None","","Central African Republic","CAF","120","Health","12005.0","Health, purpose unspecified","","2013","2013","",""
"CAF-13/H/55728/R/124","1","Emergency nutrition response in the Central African Republic (CAR)","2013-01-01","start-actual","2013-12-31","end-actual","Canada|Central Emergency Response Fund|UNICEF National Committee/Italy|United States of America","CAN|USA|DAC","Central African Republic","CAF","720","Emergency response","72040.0","Emergency food aid","","2013","2013","1551200.0","1551200.0"
"CAF-13/H/55729/R/13107","1","Improve access to acute malnutrition services for the conflict affected population in North Eastern region of CAR  (Haute Kotto, Vakaga and Ouaka provinces)","2013-01-01","start-actual","2013-12-31","end-actual","None","","Central African Republic","CAF","120","Health","12005.0","Health, purpose unspecified","","2013","2013","",""
"CAF-13/H/55736/14879","1","Preventing mortality through treatment of malnutrition for the most vulnerable groups in the Mambéré Kadéi - Health district n°2","2013-01-01","start-actual","2013-12-31","end-actual","None","","Central African Republic","CAF","120","Health","12005.0","Health, purpose unspecified","","2013","2013","",""
"CAF-13/H/55772/1171","1","Strengthening the response against STIs, HIV and AIDS and  preventing sexual violence by uniformed services among adolescents in (South-East, North-East, North-West) of CAR","2013-01-01","start-actual","2013-10-31","end-actual","Central Emergency Response Fund","DAC","Central African Republic","CAF","120","Health","12005.0","Health, purpose unspecified","","2013","2013","279792.0","279792.0"
"CAF-13/H/55854/R/122","1","Strengthening a prompt and coordinated health cluster response to disaster and health crisis in post conflict affected health districts of CAR","2013-01-01","start-actual","2013-12-31","end-actual","Central Emergency Response Fund","DAC","Central African Republic","CAF","120","Health","12005.0","Health, purpose unspecified","","2013","2013","875000.0","875000.0"
"CAF-13/H/55998/14921","1","Rehabilitate the health center and carry out adiquate primary and community health care amongst the population in the Bambouti Sous prefecture","2013-01-01","start-actual","2013-12-31","end-actual","None","","Central African Republic","CAF","120","Health","12005.0","Health, purpose unspecified","","2013","2013","",""
"CAF-13/H/56251/R/122","0","To mitigate the impact of the conflict on the health status of children and pregnant women by improving access to health care services in Central African Republic","2013-01-01","start-actual","2013-12-31","end-actual","None","","Central African Republic","CAF","120","Health","12005.0","Health, purpose unspecified","","2013","2013","",""
"CAF-13/H/56251/R/124","1","To mitigate the impact of the conflict on the health status of children and pregnant women by improving access to health care services in Central African Republic","2013-01-01","start-actual","2013-12-31","end-actual","Canada|UNICEF National Committee/France|UNICEF|United States of America|Central Emergency Response Fund|UNICEF National Committee/Germany","CAN|USA|DAC","Central African Republic","CAF","120","Health","12005.0","Health, purpose unspecified","","2013","2013","4385857.0","4385857.0"
"CAF-13/H/56287/5195","1","Strengthening Primary Health Care services,Emergency Obstetric Care and HIV/AIDS sensitization to conflict affected populations in CAR","2013-01-01","start-actual","2013-12-31","end-actual","GBR","United Kingdom","Central African Republic","CAF","120","Health","12005.0","Health, purpose unspecified","","2013","2013","950598.0","950598.0"
"CAF-13/H/57899/R/14783","1","Projet de prévention de la malnutrition dans la  sous-préfecture de DAMARA (OMBELLA M’POKO).","2013-03-01","start-actual","2013-08-31","end-actual","None","","Central African Republic","CAF","120","Health","12005.0","Health, purpose unspecified","","2013","2013","",""
"CAF-13/H/57910/R/13217","1","Extension of therapeutic treatment units and intensification of preventive measures against severe acute malnutrition in the Prefecture of Basse-Kotto","2013-03-01","start-actual","2014-02-28","end-actual","None","","Central African Republic","CAF","120","Health","12005.0","Health, purpose unspecified","","2013","2014","",""
"CAF-13/H/57920/R/5186","1","Emergency support for the population affected by the politico-military crisis in CAR ","2013-04-01","start-actual","2013-09-30","end-actual","France","FRA","Central African Republic","CAF","120","Health","12005.0","Health, purpose unspecified","","2013","2013","137741.0","137741.0"
"CAF-13/H/58283/R/16546","1","Resume and strengthen life-saving and specialised pediatric surgical and medical treatment in Bangui.","2013-03-24","start-actual","2013-12-31","end-actual","Common Humanitarian Fund","DAC","Central African Republic","CAF","120","Health","12005.0","Health, purpose unspecified","","2013","2013","300000.0","300000.0"
"CAF-13/H/59125/R/5195","1","Emergency Nutrition response in Lobaye health prefecture, Central African Republic","2013-06-01","start-actual","2014-05-31","end-actual","None","","Central African Republic","CAF","120","Health","12005.0","Health, purpose unspecified","","2013","2014","",""
"CAF-13/H/59208/R/6079","1","To mitigate the impact of the conflict on the health status of children and pregnant women by improving access to health care services.","2013-06-01","start-actual","2013-12-31","end-actual","European Commission's Humanitarian Aid and Civil Protection Department","DAC","Central African Republic","CAF","122","Basic health","12220.0","Basic health care","","2013","2013","416565.0","416565.0"
"CAF-13/H/59239/R/123","1","Approvisionnement en kits maraichers pour les ménages vulnérables et les centres scolaires et les UNT (FAO/PAM/UNICEF/UNESCO)","2013-07-01","start-actual","2014-06-30","end-actual","None","","Central African Republic","CAF","120","Health","12005.0","Health, purpose unspecified","","2013","2014","",""
"CAF-13/H/59252/R/13107","1","Emergency humanitarian assistance to conflict affected population around Bangui town, capital of CAR","2013-05-01","start-actual","2013-12-31","end-actual","Bill and Melinda Gates Foundation","DAC","Central African Republic","CAF","120","Health","12005.0","Health, purpose unspecified","","2013","2013","800000.0","800000.0"
"CAF-13/MS/55859/R/120","1","Protection and assistance to refugees and asylum seekers, returnees from Chad and Cameroon and people at risk of statelessness in the Central African Republic","2013-01-01","start-actual","2013-12-31","end-actual","Denmark|United States of America|Luxembourg|Sweden|Germany|Japan","USA|JPN|LUX|SWE|DEU|DNK","Central African Republic","CAF","160","Other social infrastructure and services","16050.0","Multisector aid for social services","","2013","2013","13163431.0","13163431.0"
"CAF-13/P-HR-RL/55249/5162","1","Immediate protection, psychosocial support and access to justice for communities affected by LRA conflict in Mbomou","2013-01-01","start-actual","2013-12-31","end-actual","None","","Central African Republic","CAF","151","Government and civil society, general","15150.0","Strengthening civil society","","2013","2013","",""
"CAF-13/P-HR-RL/55348/R/5162","1","Protecting and building community resilience in Bambari and Damara    ","2013-03-15","start-actual","2013-12-31","end-actual","None","","Central African Republic","CAF","151","Government and civil society, general","15150.0","Strengthening civil society","","2013","2013","",""
"CAF-13/P-HR-RL/55452/R/5179","1","Emergency Response and Prevention of GBV in IDPs Camps and Conflict-affected areas in Ouham and Nana Gribizi Prefectures","2013-03-01","start-actual","2013-12-31","end-actual","European Commission's Humanitarian Aid and Civil Protection Department","DAC","Central African Republic","CAF","151","Government and civil society, general","15150.0","Strengthening civil society","","2013","2013","353083.0","353083.0"
"CAF-13/P-HR-RL/55589/5167","1","Strengthening the community-based LRA victims protection systems in the towns of  Obo, Mboki and Zemio","2013-01-01","start-actual","2013-12-31","end-actual","None","","Central African Republic","CAF","720","Emergency response","72010.0","Material relief assistance and services","","2013","2013","",""
"CAF-13/P-HR-RL/55679/R/5181","1","(WITHDRAWN) Promotion and restauration of child rights, including those associated to armed groups and forces","2013-03-01","start-actual","2013-12-31","end-actual","None","","Central African Republic","CAF","151","Government and civil society, general","15150.0","Strengthening civil society","","2013","2013","",""
"CAF-13/P-HR-RL/55683/R/5181","1","(WITHDRAWN) Protection of victims of violence and vulnerable populations through emergency response, legal, psychosocial and medical assistance as well as social reintegration Withdrawn","2013-01-01","start-actual","2013-12-31","end-actual","None","","Central African Republic","CAF","151","Government and civil society, general","15150.0","Strengthening civil society","","2013","2013","",""
"CAF-13/P-HR-RL/55727/R/124","1","Build a protective environment for boys and girls affected by armed conflict","2013-01-01","start-actual","2013-12-31","end-actual","None","","Central African Republic","CAF","151","Government and civil society, general","15150.0","Strengthening civil society","","2013","2013","",""
"CAF-13/P-HR-RL/55731/R/124","1","Prevent, respond and coordinate to gender based violence (GBV) in Central African Republic ","2013-01-01","start-actual","2013-12-31","end-actual","Canada|Hungary|United States of America|Estonia|Central Emergency Response Fund","HUN|EST|CAN|USA|DAC","Central African Republic","CAF","151","Government and civil society, general","15150.0","Strengthening civil society","","2013","2013","720238.0","720238.0"
"CAF-13/P-HR-RL/55734/R/124","1","Prevention and response to the use of children in armed conflict","2013-01-01","start-actual","2013-12-31","end-actual","Central Emergency Response Fund|United States of America","USA|DAC","Central African Republic","CAF","152","Conflict prevention and resolution, peace and security","15261.0","Child soldiers (Prevention and demobilization)","","2013","2013","537022.0","537022.0"
"CAF-13/P-HR-RL/55744/R/13107","1","Address protection issues among displaced, returnee and conflict affected population in North eastern regionof CAR (Haute Kotto, Vakaga and Ouaka provinces).","2013-01-01","start-actual","2013-12-31","end-actual","None","","Central African Republic","CAF","151","Government and civil society, general","15150.0","Strengthening civil society","","2013","2013","",""
"CAF-13/P-HR-RL/55752/5167","1","Promoting community resilience mechanisms in border municipalities of post-conflict areas in the Paoua Sub Prefecture, still affected by strong insecurity and isolation.","2013-01-01","start-actual","2013-12-31","end-actual","None","","Central African Republic","CAF","730","Reconstruction Relief (Including Recovery)","73010.0","Recovery and Reconstruction (Reconstruction relief and rehabilitation)","","2013","2013","",""
"CAF-13/P-HR-RL/55754/R/13864","1","Reinforcement project for social cohesion and protection of human rights in the Sub prefectures of Yalinga and Bria (Haute- Kotto)","2013-01-01","start-actual","2013-12-31","end-actual","None","","Central African Republic","CAF","151","Government and civil society, general","15150.0","Strengthening civil society","","2013","2013","",""
"CAF-13/P-HR-RL/55894/R/120","1","Protection of internally displaced men, women, boys and girls in conflict-affected areas in the Central African Republic","2013-01-01","start-actual","2013-12-31","end-actual","African Union|Central Emergency Response Fund|Japan|Switzerland|France","FRA|JPN|CHE|DAC","Central African Republic","CAF","151","Government and civil society, general","15150.0","Strengthening civil society","","2013","2013","2271573.0","2271573.0"
"CAF-13/P-HR-RL/57908/R/5167","1","Ensuring protection monitoring and emergency intervention in provincial areas affected by the 2012-2013 crises in the central area of the CAR","2013-01-01","start-actual","2013-12-31","end-actual","None","","Central African Republic","CAF","151","Government and civil society, general","15150.0","Strengthening civil society","","2013","2013","",""
"CAF-13/P-HR-RL/57927/R/124","1","(WITHDRAWN) Prevention and response to the impact of armed conflict on children. ","2013-01-01","start-actual","2013-12-31","end-actual","None","","Central African Republic","CAF","152","Conflict prevention and resolution, peace and security","15261.0","Child soldiers (Prevention and demobilization)","","2013","2013","",""
"CAF-13/P-HR-RL/57930/R/13217","1","Response to the protection needs of survivors of gender-based violence through a holistic approach in the sub-prefectures of Mobaye and Alindao","2013-04-01","start-actual","2013-09-30","end-actual","None","","Central African Republic","CAF","152","Conflict prevention and resolution, peace and security","15210.0","Security system management and reform","","2013","2013","",""
"CAF-13/P-HR-RL/57964/R/776","1","Projet amelioration de l’offre de protection des droits de l’homme principalement des femmes et des enfants dans les prefectures de la Kemo et de Nana-Gribizi (Sibut, Dekoa, Mala, Djougou et Kaga-Bandoro)","2013-04-15","start-actual","2013-10-15","end-actual","None","","Central African Republic","CAF","151","Government and civil society, general","15150.0","Strengthening civil society","","2013","2013","",""
"CAF-13/P-HR-RL/57968/R/5181","1","Protection monitoring and rights promotion at community level in areas affected by the conflict, including direct assistance for victims of violence","2013-06-01","start-actual","2013-12-31","end-actual","European Commission's Humanitarian Aid and Civil Protection Department|Sweden|Common Humanitarian Fund","SWE|DAC","Central African Republic","CAF","151","Government and civil society, general","15150.0","Strengthening civil society","","2013","2013","1516504.0","1516504.0"
"CAF-13/P-HR-RL/57986/R/1171","1","Intensifying prevention and response against gender based sexual violence  in Central African Republic","2013-04-01","start-actual","2013-10-31","end-actual","None","","Central African Republic","CAF","151","Government and civil society, general","15150.0","Strengthening civil society","","2013","2013","",""
"CAF-13/P-HR-RL/59207/R/6079","1","Holistic Emergency Child Protection in Bangui and Ouaka to prevent and respond to child recruitment and other violations of children's rights","2013-06-01","start-actual","2013-12-31","end-actual","Denmark|Sweden|Common Humanitarian Fund","SWE|DNK|DAC","Central African Republic","CAF","151","Government and civil society, general","15150.0","Strengthening civil society","","2013","2013","867272.0","867272.0"
"CAF-13/P-HR-RL/59222/R/123","1","Supporting the reinsertion and reintegration of the ex combatants, the women victims of rape sexual and the internally displaced persons in their community life in the Central African Republic","2013-06-15","start-actual","2014-05-15","end-actual","None","","Central African Republic","CAF","730","Reconstruction Relief (Including Recovery)","73010.0","Recovery and Reconstruction (Reconstruction relief and rehabilitation)","","2013","2014","",""
"CAF-13/P-HR-RL/59278/R/5162","1","Emergency Protection and Social Integration of vulnerable women, youth and children in Bouar, Nana-Mambéré zone. ","2013-07-01","start-actual","2014-06-30","end-actual","Common Humanitarian Fund","DAC","Central African Republic","CAF","151","Government and civil society, general","15150.0","Strengthening civil society","","2013","2014","435222.0","435222.0"
"CAF-13/SNYS/57317/7622","1","Common Humanitarian Fund","2013-01-01","start-actual","2013-12-31","end-actual","Sweden|Netherlands|Ireland|Carry-over (donors not specified)","SWE|IRL|NLD|DAC","Central African Republic","CAF","998","Unallocated/Unspecified","99810.0","Sectors not specified","","2013","2013","5835937.0","5835937.0"
"CAF-13/SNYS/59549/R/124","1","to be allocated to specific projects","2013-01-01","start-actual","2013-12-31","end-actual","UNICEF|UNICEF National Committee/Netherlands|UNICEF National Committee/United Kingdom|United States of America|France|Norway","FRA|USA|NOR|DAC","Central African Republic","CAF","998","Unallocated/Unspecified","99810.0","Sectors not specified","","2013","2013","5079618.0","5079618.0"
"CAF-13/S-NF/54215/5853","1","Housing reconstruction and shelter assistance for conflict-affected communities of Southwest Vakaga","2013-01-01","start-actual","2013-12-31","end-actual","None","","Central African Republic","CAF","720","Emergency response","72010.0","Material relief assistance and services","","2013","2013","",""
"CAF-13/S-NF/55187/R/6458","1","Support to movements of return in Ouham and Ouham Pendé regions","2013-09-01","start-actual","2014-04-30","end-actual","None","","Central African Republic","CAF","730","Reconstruction Relief (Including Recovery)","73010.0","Recovery and Reconstruction (Reconstruction relief and rehabilitation)","","2013","2014","",""
"CAF-13/S-NF/55293/6458","1","Support to movements of return in the Vakaga Area","2013-01-01","start-actual","2013-08-31","end-actual","None","","Central African Republic","CAF","720","Emergency response","72010.0","Material relief assistance and services","","2013","2013","",""
"CAF-13/S-NF/55833/R/5181","1","Improve the living conditions of IDPs, returnees and refugees in the Central and North-Central North-eastern Central African Republic.","2013-01-01","start-actual","2013-12-31","end-actual","None","","Central African Republic","CAF","720","Emergency response","72010.0","Material relief assistance and services","","2013","2013","",""
"CAF-13/S-NF/56869/R/120","1","Support with Transitional Shelter and House reconstruction to IDPs and IDP returnees in the Prefectures of Ouham, Nana-Gribizi and Ouham Pende","2013-01-01","start-actual","2013-12-31","end-actual","None","","Central African Republic","CAF","720","Emergency response","72010.0","Material relief assistance and services","","2013","2013","",""
"CAF-13/S-NF/57875/R/6458","1","Assess and support movement of returns in Kemo, Basse Kotto and Mbomou. ","2013-04-20","start-actual","2013-09-20","end-actual","None","","Central African Republic","CAF","720","Emergency response","72010.0","Material relief assistance and services","","2013","2013","",""
"CAF-13/S-NF/59041/R/6458","1","Aide à la reconstruction d’abris pour les victimes d’exactions retournées dans les villages de l’axe Kambakota/Batangafo.","2013-10-01","start-actual","2014-03-31","end-actual","None","","Central African Republic","CAF","730","Reconstruction Relief (Including Recovery)","73010.0","Recovery and Reconstruction (Reconstruction relief and rehabilitation)","","2013","2014","",""
"CAF-13/S-NF/59052/R/6458","1","Aide à la reconstruction d’abris pour les victimes d’exactions retournées dans les communes de Mingala et Ouango.","2013-10-01","start-actual","2014-03-31","end-actual","Common Humanitarian Fund","DAC","Central African Republic","CAF","720","Emergency response","72010.0","Material relief assistance and services","","2013","2014","316428.0","316428.0"
"CAF-13/S-NF/59064/R/5181","1","Improve the living conditions of IDPs, returnees and repatriates in the Central and North-Central Central African Republic.","2013-07-01","start-actual","2013-12-31","end-actual","None","","Central African Republic","CAF","720","Emergency response","72010.0","Material relief assistance and services","","2013","2013","",""
"CAF-13/WS/53986/5853","1","Improving the water and sanitation situation in the conflict-affected area of southwest Vakaga","2013-01-01","start-actual","2013-12-31","end-actual","France","FRA","Central African Republic","CAF","140","Water supply and sanitation","14005.0","Water supply and sanitation, purpose unspecified","","2013","2013","275482.0","275482.0"
"CAF-13/WS/55313/6458","1","Improving water and sanitation access in Vakaga prefecture, Northern CAR","2013-02-01","start-actual","2013-09-30","end-actual","European Commission's Humanitarian Aid and Civil Protection Department","DAC","Central African Republic","CAF","140","Water supply and sanitation","14005.0","Water supply and sanitation, purpose unspecified","","2013","2013","651997.0","651997.0"
"CAF-13/WS/55315/5162","1","Immediate improvements in access to clean water, appropriate sanitation structures, and hygiene for LRA-conflict affected and vulnerable populations in Mbomou Prefecture","2013-01-01","start-actual","2013-12-31","end-actual","None","","Central African Republic","CAF","140","Water supply and sanitation","14030.0","Basic drinking water supply and basic sanitation","","2013","2013","",""
"CAF-13/WS/55331/R/6458","1","Improving access to water and sanitation in Markounda District North Western CAR","2013-08-01","start-actual","2014-03-31","end-actual","European Commission's Humanitarian Aid and Civil Protection Department","DAC","Central African Republic","CAF","140","Water supply and sanitation","14005.0","Water Supply and Sanitation, purpose unspecified","","2013","2014","614969.0","614969.0"
"CAF-13/WS/55339/R/6458","1","Improving water and sanitation access in Mboki locality, South Eastern CAR","2013-08-01","start-actual","2014-01-31","end-actual","None","","Central African Republic","CAF","140","Water supply and sanitation","14005.0","Water supply and sanitation, purpose unspecified","","2013","2014","",""
"CAF-13/WS/55368/14921","1","Improve the quality of drinkable water and sanitation conditions of the populations in Bambouti","2013-01-01","start-actual","2013-12-31","end-actual","None","","Central African Republic","CAF","140","Water supply and sanitation","14005.0","Water supply and sanitation, purpose unspecified","","2013","2013","",""
"CAF-13/WS/55467/R/8794","1","Contributing to the improvement conditions of access to clean water, sanitation and hygiene for people affected by conflict in the sub prefecture of M'bres (Nana Gribizi).","2013-01-01","start-actual","2013-12-31","end-actual","None","","Central African Republic","CAF","140","Water supply and sanitation","14005.0","Water supply and sanitation, purpose unspecified","","2013","2013","",""
"CAF-13/WS/55529/5633","1","Improvement of the water and sanitation access of vulnerable populations in Kabo’s sub-prefecture","2013-01-01","start-actual","2013-07-31","end-actual","European Commission's Humanitarian Aid and Civil Protection Department|United Kingdom|Common Humanitarian Fund","GBR|DAC","Central African Republic","CAF","140","Water supply and sanitation","14005.0","Water supply and sanitation, purpose unspecified","","2013","2013","1117815.0","1117815.0"
"CAF-13/WS/55545/5186","1","Improved Water, Sanitation and Hygiene Access for Vulnerable Populations in the Cholera-Prone River Zone of Moungoumba areas","2013-01-01","start-actual","2013-10-31","end-actual","None","","Central African Republic","CAF","140","Water supply and sanitation","14040.0","River development","","2013","2013","",""
"CAF-13/WS/55657/R/124","0","(WITHDRAWN) Respond to emergency WASH needs of vulnerable populations (existing and returning displaced persons, refugees - including school children and children affected by severe and moderate malnutrition) in conflict-affected and post-conflict zones in Central African Republic.","2013-01-01","start-actual","2013-12-31","end-actual","None","","Central African Republic","CAF","140","Water supply and sanitation","14005.0","Water supply and sanitation, purpose unspecified","","2013","2013","",""
"CAF-13/WS/55676/R/124","1","(WITHDRAWN) Improve the living conditions and reduce the vulnerability of households and individuals affected by emergencies in CAR.","2013-01-01","start-actual","2013-12-31","end-actual","None","","Central African Republic","CAF","140","Water supply and sanitation","14005.0","Water Supply and Sanitation, purpose unspecified","","2013","2013","",""
"CAF-13/WS/55721/R/13864","1","(WITHDRAWN) Improve vulnerable people (women, men, children other children and displaced persons)   access to drinking water (good quality water) and infrastructures and basic cleansing for the residents of Yalinga and Bria in Prefecture of High Kotto.  ","2013-05-01","start-actual","2013-10-31","end-actual","None","","Central African Republic","CAF","140","Water supply and sanitation","14005.0","Water supply and sanitation, purpose unspecified","","2013","2013","",""
"CAF-13/WS/55751/R/13107","1","Improve water, sanitation and hygiene in supported health facilities providing health care to displaced, returnees and conflict affected population in Health region N°5 (Haute Kotto and Vakaga and Pladama Ouaka commune).","2013-01-01","start-actual","2013-12-31","end-actual","None","","Central African Republic","CAF","140","Water supply and sanitation","14005.0","Water supply and sanitation, purpose unspecified","","2013","2013","",""
"CAF-13/WS/55813/R/5181","1","(WITHDRAWN) Improve access to safe drinking water, hygiene and sanitation in the areas of emergency and post crisis cross sectors Education, Protection, Food Security and Economic Recovery","2013-01-01","start-actual","2013-12-31","end-actual","None","","Central African Republic","CAF","140","Water supply and sanitation","14005.0","Water supply and sanitation, purpose unspecified","","2013","2013","",""
"CAF-13/WS/56186/R/6458","1","Improving water and sanitation access in North Western CAR","2013-08-01","start-actual","2014-04-30","end-actual","None","","Central African Republic","CAF","140","Water supply and sanitation","14005.0","Water supply and sanitation, purpose unspecified","","2013","2014","",""
"CAF-13/WS/56196/5186","1","Improvement of sanitary conditions of returnee populations in rural areas of Markounda and Nangha  Boguila Sub Prefectures","2013-01-01","start-actual","2013-09-30","end-actual","None","","Central African Republic","CAF","140","Water supply and sanitation","14005.0","Water supply and sanitation, purpose unspecified","","2013","2013","",""
"CAF-13/WS/57923/R/15803","1","Promotion de l’assainissement et hygiène aux populations de la Sous-préfecture de Damara.","2013-04-01","start-actual","2013-09-30","end-actual","None","","Central African Republic","CAF","140","Water supply and sanitation","14005.0","Water supply and sanitation, purpose unspecified","","2013","2013","",""
"CAF-13/WS/57948/R/13864","1","To improve the access of the population of Kaga Bandoro and Nana Outta  to essential services (purr water, and cleaning up infrastructures)","2013-05-01","start-actual","2013-10-31","end-actual","None","","Central African Republic","CAF","140","Water supply and sanitation","14005.0","Water supply and sanitation, purpose unspecified","","2013","2013","",""
"CAF-13/WS/57956/R/5853","1","Amélioration d'urgence de la fourniture en eau potable et des conditions sanitaires à Bambari","2013-04-01","start-actual","2013-06-30","end-actual","Common Humanitarian Fund","DAC","Central African Republic","CAF","140","Water supply and sanitation","14005.0","Water supply and sanitation, purpose unspecified","","2013","2013","438395.0","438395.0"
"CAF-13/WS/57957/R/13864","1","Improve immediate access of vulnerable peoples of BAMBARI, IPPY, GRIMARI and a round to essential services (purr water, and cleaning up infrastructures) ","2013-05-01","start-actual","2013-10-31","end-actual","None","","Central African Republic","CAF","140","Water supply and sanitation","14030.0","Basic drinking water supply and basic sanitation","","2013","2013","",""
"CAF-13/WS/57982/R/5181","1","Improve immediate access to safe drinking water, hygiene and sanitation in Batangafo, Ouham Prefecture ","2013-03-01","start-actual","2013-08-31","end-actual","None","","Central African Republic","CAF","140","Water supply and sanitation","14005.0","Water supply and sanitation, purpose unspecified","","2013","2013","",""
"CAF-13/WS/57987/R/5186","1","Improvement of safe water access and hygiene conditions for affected communities in Kemo Prefecture","2013-04-01","start-actual","2013-09-30","end-actual","None","","Central African Republic","CAF","140","Water supply and sanitation","14005.0","Water supply and sanitation, purpose unspecified","","2013","2013","",""
"CAF-13/WS/58004/R/14783","1","Coping Well with management to Damar (Sub-prefecture of the Damara)","2013-04-01","start-actual","2013-09-30","end-actual","Common Humanitarian Fund","DAC","Central African Republic","CAF","140","Water supply and sanitation","14005.0","Water Supply and Sanitation, purpose unspecified","","2013","2013","50000.0","50000.0"
"CAF-13/WS/58006/R/124","1","Response to emergency WASH needs of internally displaced persons and vulnerable population - including school children, and children affected by severe and moderate malnutrition, and pregnant women, in Central African Republic","2013-01-01","start-actual","2013-12-31","end-actual","Canada|Central Emergency Response Fund","CAN|DAC","Central African Republic","CAF","730","Reconstruction Relief (Including Recovery)","73010.0","Recovery and Reconstruction (Reconstruction relief and rehabilitation)","","2013","2013","314574.0","314574.0"
"CAF-13/WS/58007/R/14783","1","Promotion de l'hygiène et d'assainissement des populations victimes de Damara, Grimari, Mobaye et  Mbélima ","2013-04-01","start-actual","2013-09-30","end-actual","None","","Central African Republic","CAF","140","Water supply and sanitation","14005.0","Water supply and sanitation, purpose unspecified","","2013","2013","",""
"CAF-13/WS/58252/R/776","1","Renforcement des capacités de résilience des communautés à anticiper, prévenir et réduire les risques de désastres sanitaires et naturels et amorcer une dynamique de relèvement immédiat dans les arrondissements et la périphérie de Bangui.","2013-06-01","start-actual","2013-09-30","end-actual","Central Emergency Response Fund|Common Humanitarian Fund","DAC","Central African Republic","CAF","140","Water supply and sanitation","14005.0","Water Supply and Sanitation, purpose unspecified","","2013","2013","229670.0","229670.0"
"CAF-13/WS/58316/R/5186","1","Aide humanitaire WASH d’urgence à la population de la ville de Bossangoa et sa périphérie (préfecture d'Ouham, RCA) affectée par la crise politique de mars 2013","2013-04-24","start-actual","2013-08-24","end-actual","Common Humanitarian Fund","DAC","Central African Republic","CAF","720","Emergency response","72030.0","Water & Sanitation Services/Support","","2013","2013","594607.0","594607.0"
"CAF-13/WS/58371/R/5186","1","Amélioration de l'accès à l'eau potable et les conditions d'hygiène par les communautés affectées dans la préfecture de la Kémo","2013-05-01","start-actual","2013-12-31","end-actual","Common Humanitarian Fund","DAC","Central African Republic","CAF","140","Water supply and sanitation","14010.0","Water resources policy and administrative management","","2013","2013","355573.0","355573.0"
"CAF-13/WS/59047/R/6458","1","Réponse aux besoins urgents en termes d’hygiène et d’assainissement dans les communes de Bimbo et Bégoua (périphérie de Bangui).","2013-06-20","start-actual","2014-02-20","end-actual","Common Humanitarian Fund","DAC","Central African Republic","CAF","140","Water supply and sanitation","14005.0","Water supply and sanitation, purpose unspecified","","2013","2014","200000.0","200000.0"
"CAF-13/WS/59070/R/6458","1","Projet de renforcement de l’accès à l’eau potable et à l’assainissement pour les populations retournées, victimes des violences commises par les groupes armés.  ","2013-07-01","start-actual","2014-02-28","end-actual","None","","Central African Republic","CAF","140","Water supply and sanitation","14005.0","Water supply and sanitation, purpose unspecified","","2013","2014","",""
"CAF-13/H/59548/R","1","Appui à la préfecture sanitaire de la Sangha Mbaéré dans l’amélioration du traitement de qualité, la prévention de la malnutrition aiguë et l’amélioration des pratiques d’IEC pour la survie et le développement de l’enfant","2013-08-01","start-actual","2014-07-31","end-actual","None","","Central African Republic","CAF","120","Health","12005.0","Health, purpose unspecified","Cancelled","2013","2014","",""
"CAF-13/H/59650/R","1","Increase access to immediate integrated life-saving assistance for people affected by humanitarian emergenciesinfor people affected by humanitarian emergencies.","2013-08-24","start-actual","2014-07-23","end-actual","None","","Central African Republic","CAF","120","Health","12005.0","Health, purpose unspecified","Cancelled","2013","2014","",""
"CAF-13/P-HR-RL/59671/R","1","Assistance aux personnes déplacées et la population vulnérables de la sous-prefecture Kouango","2013-09-05","start-actual","2014-08-04","end-actual","None","","Central African Republic","CAF","720","Emergency response","72050.0","Relief co-ordination; protection and support services","Cancelled","2013","2014","",""
"CAF-13/WS/59984/R","1","Intervention d’urgence EAH sur les sites de déplacés (femmes, enfants et hommes) à Bossangoa affectées par la récente crise dans la préfecture de l’Ouham","2013-01-01","start-actual","2013-12-31","end-actual","None","","Central African Republic","CAF","720","Emergency response","72030.0","Water & Sanitation Services/Support","Cancelled","2013","2013","",""
"CAF-13/H/63418/R","1","Sanitary aid to people affected by the conflict in Central Africa Republic","2013-12-31","start-actual","2014-04-30","end-actual","None","","Central African Republic","CAF","120","Health","12005.0","Health, purpose unspecified","Cancelled","2013","2014","",""
