"transaction_id","project_id","transaction_isodate","transaction_year","transaction_value_code","transaction_currency","transaction_value"
"E4p6nLPmS8rhew9nkw29rJ","CAF-13/P-HR-RL/55894/R/120","","2013","D","USD","100000"
"86BvQvHzAnuwmanNMfuim4","CAF-13/A/55773/123","","2013","D","USD","500000"
"UyJsVqr7czwbRxphjMGFaF","CAF-13/CSS/53551/119","","2013","D","USD","370438"
"5tt4DjEbWgqUCfS8XxBbfL","CAF-13/H/56251/R/124","","2013","D","USD","472491"
"pNuEZMt3RsFoP3Bp44Cpng","CAF-13/SNYS/59549/R/124","","2013","D","USD","524989"
"kTTfRFpjJEY6G4GboikNu6","CAF-13/CSS/56318/R/561","","2013","D","USD","200000"
"3zq4uqcEhMpSoMPbbMNwTh","CAF-13/A/55773/123","","2013","D","USD","500000"
"yvH66eCvymuoa3oxwzHvTm","CAF-13/CSS/56318/R/561","","2013","D","USD","339213"
"M6nBh6U799fRGgBd7JJESA","CAF-13/H/59252/R/13107","","2013","D","USD","800000"
"fdnT5uhijMWj2YfVGWiD7a","CAF-13/ER/55632/5162","","2013","D","USD","600000"
"LrCdQJk7ewBwGVapwHofvS","CAF-13/H/55728/R/124","","2013","D","USD","320993"
"N6xPCbppNoFes6e8jtXBKX","CAF-13/H/56251/R/124","","2013","D","USD","534988"
"NUGnS9bdthc7faNcWd8DW6","CAF-13/P-HR-RL/55731/R/124","","2013","D","USD","53499"
"JbSbmSncp7RmRPUx9Xx4yB","CAF-13/WS/58006/R/124","","2013","D","USD","64230"
"ZJCSP2XuBR3wC2CsAxpn2e","CAF-13/CSS/56318/R/561","","2013","D","USD","669216"
"PBG4krtKSivPgNJVdcMeSH","CAF-13/E/55066/R/561","","2013","D","USD","223953"
"chwwzf4jcTnZZBJy8b6LrT","CAF-13/F/55075/R/561","","2013","D","USD","262901"
"YJx3AAE4imXzbtCgiGDgsf","CAF-13/F/55342/R/561","","2013","D","USD","389484"
"3vfRp43gJQW7GT7UBqUr39","CAF-13/H/55357/R/561","","2013","D","USD","97371"
"tc97tohZJH6WuDFvCQLUd8","CAF-13/E/55066/R/561","","2013","D","USD","2858306"
"YKnNKPWqPhkwmTPxBKuECJ","CAF-13/F/55075/R/561","","2013","D","USD","3355403"
"iBDkAEKCiNHg3jLEs7wEz2","CAF-13/F/55342/R/561","","2013","D","USD","4970967"
"4qX49XiSEqocXFCZy92zLk","CAF-13/H/55357/R/561","","2013","D","USD","1242742"
"iWqk6SbWFwm2ojQ6FEz4xU","CAF-13/A/55773/123","","2013","D","USD","806215"
"yZoKnoLcmQRsm66pRhcC4W","CAF-13/H/55728/R/124","","2013","D","USD","333701"
"Z625PYHN36SavuLi5spqMe","CAF-13/H/56251/R/124","","2013","D","USD","1266228"
"jPNkNX4rs2QxTsc64q4uTi","CAF-13/P-HR-RL/55731/R/124","","2013","D","USD","75708"
"UUbZB4vgRNZyEo8y8uZMiL","CAF-13/P-HR-RL/55734/R/124","","2013","D","USD","287022"
"GPRxLA45oQApuzgTbtBeDW","CAF-13/WS/58006/R/124","","2013","D","USD","250344"
"oYK33fQwpMdygoMD2k8ChZ","CAF-13/WS/58252/R/776","","2013","D","USD","167562"
"YCiiCibqk3z6PTFyEKJjNL","CAF-13/P-HR-RL/55894/R/120","","2013","D","USD","375014"
"q3QpX2Fej6XAihgQSJcFzH","CAF-13/H/55772/1171","","2013","D","USD","279792"
"K3CzRYyEJEWUGHtaBVjjQj","CAF-13/CSS/56318/R/561","","2013","D","USD","1000001"
"smFeGpKHurggAatq3MQqYn","CAF-13/CSS/56322/R/561","","2013","D","USD","735983"
"met6hrMGvgC8t5QPvC4f4S","CAF-13/F/55342/R/561","","2013","D","USD","680510"
"oPQ5KnqpSPf73s2xYua6Zf","CAF-13/H/55854/R/122","","2013","D","USD","875000"
"M4QWSYbHKGUE5iAkXgAJdE","CAF-13/F/58372/R/5186","","2013","D","USD","421427"
"MVf7moiXrJKYUEsmmHCkfK","CAF-13/WS/58316/R/5186","","2013","D","USD","171000"
"QpxGGdBdYRry3wTC3NQ2Wf","CAF-13/WS/58316/R/5186","","2013","D","USD","423607"
"3rXrW8CEsGQCQb7ZGTbCZm","CAF-13/WS/58371/R/5186","","2013","D","USD","355573"
"u5FPoJ5MhYAozin3E2FJn8","CAF-13/A/59051/R/6458","","2013","D","USD","273572"
"RuVUDhL65JbZo8Ek96Qzb9","CAF-13/S-NF/59052/R/6458","","2013","D","USD","316428"
"3Ezd2qCRFaMep7PgRWLEb6","CAF-13/WS/59047/R/6458","","2013","D","USD","200000"
"vVw7Qcwx5JaeCwepbAqdHd","CAF-13/A/55628/R/13217","","2013","D","USD","247558"
"fY3JVYqHE2XPfS4XrDtyyH","CAF-13/P-HR-RL/57968/R/5181","","2013","D","USD","260000"
"vw5aGUJofCJzyEGhGMFZ9e","CAF-13/H/58283/R/16546","","2013","D","USD","300000"
"vkdn8Wn3gHrt59giigvuYf","CAF-13/A/57995/R/8661","","2013","D","USD","296451"
"uXuHzVpMbZGSoocd6NMeRb","CAF-13/E/57993/R/8661","","2013","D","USD","265959"
"TGU3fvYtjPGCEtAdHMEdG6","CAF-13/P-HR-RL/59278/R/5162","","2013","D","USD","435222"
"evudFVpfFaWiSQoRhFR3Jn","CAF-13/CSS/53551/119","","2013","D","USD","384339"
"iQ7SwQyJccY72cttCMZBUA","CAF-13/WS/58004/R/14783","","2013","D","USD","50000"
"tb8PmA2DmFixNjaboMTD9S","CAF-13/P-HR-RL/59207/R/6079","","2013","D","USD","494999"
"i2mNbthSBsMsCZcfDSUqDm","CAF-13/F/59244/R/5633","","2013","D","USD","380059"
"UvS5R5nc5AynfoYwDjpEBd","CAF-13/WS/55529/5633","","2013","D","USD","137815"
"zN9qgtm7M95QbM85SPRrUZ","CAF-13/WS/57956/R/5853","","2013","D","USD","438395"
"ECBnHmknky8Y9Qt7Xp6vce","CAF-13/WS/58252/R/776","","2013","D","USD","62108"
"nCviWGcPiamoLo4zXHZ5hG","CAF-13/CSS/56318/R/561","","2013","D","USD","300000"
"3dJgiG98gxNghi3UWkAUYj","CAF-13/P-HR-RL/59207/R/6079","","2013","D","USD","73855"
"fUxtvkqtRD7UJc4A9G4JLb","CAF-13/MS/55859/R/120","","2013","D","USD","1377770"
"JfCLSCrpWGdzKtmqnmzBuQ","CAF-13/E/55530/R/124","","2013","D","USD","110193"
"GueqyLydgzmj76reFpwZTA","CAF-13/P-HR-RL/55731/R/124","","2013","D","USD","63857"
"HbVMvkTtu7Pkq6878VzcLQ","CAF-13/A/55624/5186","","2013","D","USD","439458"
"srpqyjLtBXiJG8rbALCuuH","CAF-13/F/55430/5186","","2013","D","USD","340314"
"5mbNLK5bGU2QbgaheKY6oV","CAF-13/H/55444/5186","","2013","D","USD","97732"
"PMxNiLmHrP2C8eeeZC8UoN","CAF-13/A/55345/6458","","2013","D","USD","654450"
"7wBUKiGwfsRiAzNyYLBuo5","CAF-13/A/55345/6458","","2013","D","USD","362239"
"BfnHgLAxinLW8rBeRMJJ2H","CAF-13/A/59051/R/6458","","2013","D","USD","490000"
"GFBtLZHWodnCQbr52Y82r7","CAF-13/WS/55313/6458","","2013","D","USD","651997"
"YBSRFtMGxjkVSaJQtjmfJJ","CAF-13/WS/55331/R/6458","","2013","D","USD","614969"
"HrCmQC5YAL2bF5cyJZ9LGg","CAF-13/E/55621/5181","","2013","D","USD","663130"
"oobhLbkU3n9ogoHJtiAnfd","CAF-13/P-HR-RL/57968/R/5181","","2013","D","USD","185185"
"CiAC86YUAJNnBjGJQJBD7A","CAF-13/H/55696/R/13107","","2013","D","USD","1112565"
"ory2FrLM5SVkNSokqkD7YB","CAF-13/A/55431/R/5179","","2013","D","USD","508986"
"HaqaKgjJCorkyfxAJLs88n","CAF-13/P-HR-RL/55452/R/5179","","2013","D","USD","353083"
"WQ8uJak9NMZck4pYzNbxFi","CAF-13/CSS/53551/119","","2013","D","USD","271739"
"efa3YJJirfhwhaR5boR4EG","CAF-13/H/55700/14879","","2013","D","USD","651890"
"t7caLaZEm6zhq2NH7mKpqm","CAF-13/H/59208/R/6079","","2013","D","USD","416565"
"MVrPsi2Q6YJ3mmaTArwxX2","CAF-13/F/59244/R/5633","","2013","D","USD","1324503"
"WX9snzBPqnnLhCxGvr8VfZ","CAF-13/WS/55529/5633","","2013","D","USD","766284"
"dXexUWVapDmwx3AimMQncd","CAF-13/CSS/56318/R/561","","2013","D","USD","610583"
"XDNaZg5MR8sRA2ChNT4uZj","CAF-13/CSS/56318/R/561","","2013","D","USD","850785"
"ZBwkjc89DBkrfCLaA5s2sM","CAF-13/H/55700/14879","","2013","D","USD","373526"
"eGNQD4hwP7WGxiXfPoqWr6","CAF-13/H/55444/5186","","2013","D","USD","456323"
"BMkAK3KfmhQ5pBaowRyqHR","CAF-13/H/55444/5186","","2013","D","USD","130890"
"7e7wCRpSHn9aWdCpXtNZoQ","CAF-13/H/57920/R/5186","","2013","D","USD","137741"
"QpuJf8jY9HF6VdJu7eA2sE","CAF-13/H/55700/14879","","2013","D","USD","19634"
"aQQ8GLtTjohQP5ZvTi8RyV","CAF-13/H/55717/14879","","2013","D","USD","293351"
"SxErHLqEFspgAXxe2sGkFX","CAF-13/A/55365/5633","","2013","D","USD","397878"
"KV3ycZKrSGW7pKVNdxEFCb","CAF-13/A/55573/5853","","2013","D","USD","421868"
"y8CxjjVZkRxnvAuXgWYZhY","CAF-13/E/55538/5853","","2013","D","USD","365014"
"RS79JnFWPnQf6RUrrPB5v2","CAF-13/WS/53986/5853","","2013","D","USD","275482"
"Tz9XWFFzCLePbfEpyHxQzH","CAF-13/SNYS/59549/R/124","","2013","D","USD","135685"
"s8fNpY88coTADaSHfva862","CAF-13/P-HR-RL/55894/R/120","","2013","D","USD","501940"
"Br3MKBiPBWze8C7U8NvyZU","CAF-13/MS/55859/R/120","","2013","D","USD","1326260"
"3cQrpiCubvbf4YDohkfsca","CAF-13/CSS/56318/R/561","","2013","D","USD","678426"
"bQPy5KuPDpZodvDWw8WEoh","CAF-13/P-HR-RL/55731/R/124","","2013","D","USD","27174"
"HVffzw99QbBnMHzNzCSBv2","CAF-13/SNYS/57317/7622","","2013","D","USD","5835937"
"sJ9MKghBbQYqqFz8UnLEwK","CAF-13/CSS/53551/119","","2013","D","USD","127714"
"WT7oDgtcC99tMpeeSwmNvK","CAF-13/A/55775/123","","2013","D","USD","662252"
"5b9xsK4tRmGxCb7wS8WfMk","CAF-13/MS/55859/R/120","","2013","D","USD","3087410"
"HRrDrryJarqFUcVcw9GuxS","CAF-13/P-HR-RL/55894/R/120","","2013","D","USD","412590"
"qb6fXU6xmuZwDbMD3MzQP8","CAF-13/E/55066/R/561","","2013","D","USD","624356"
"L2SNcYTSa6xiJhHcahQKdd","CAF-13/F/55075/R/561","","2013","D","USD","732940"
"Hz7aRCssBNL9MjfaQYirmg","CAF-13/F/55342/R/561","","2013","D","USD","1085836"
"qd9rwKhFQczgBZFtA7EPKU","CAF-13/H/55357/R/561","","2013","D","USD","271459"
"cxHyyXKFdkrTXuPeafLkVR","CAF-13/F/55075/R/561","","2013","D","USD","330000"
"4FBLwaa6fZxXhYazHLFpU2","CAF-13/MS/55859/R/120","","2013","D","USD","325945"
"ZEZpGxvNA3nb3TNNVa6bVb","CAF-13/CSS/56318/R/561","","2013","D","USD","66313"
"qUvSKsKQCWs8iwDQLEuVsk","CAF-13/SNYS/59549/R/124","","2013","D","USD","3286231"
"BXY4mEZi6qbVDwoqfvLVZ9","CAF-13/E/55538/5853","","2013","D","USD","365014"
"bnWhTSUqt8B4id5QcEMSPF","CAF-13/E/55621/5181","","2013","D","USD","132626"
"dQnTzUT6CvDnCGZnazzRXJ","CAF-13/P-HR-RL/57968/R/5181","","2013","D","USD","1071319"
"Tz6QQ45EE2yM5dGeG8Roui","CAF-13/P-HR-RL/59207/R/6079","","2013","D","USD","298418"
"4eWrv9c32TSegvP6XkaAaF","CAF-13/MS/55859/R/120","","2013","D","USD","746046"
"MwHwT6Kp36ern6ZCmeXGm9","CAF-13/CSS/56318/R/561","","2013","D","USD","763709"
"KGebWXiWsqk8KTUmjxW4PN","CAF-13/P-HR-RL/55894/R/120","","2013","D","USD","882029"
"dzLhkp9h9L3MXnUSEjJcCB","CAF-13/E/55066/R/561","","2013","D","USD","61828"
"Zu4z6dfJK9zPZu9WdkHbWd","CAF-13/F/55075/R/561","","2013","D","USD","72581"
"d73UT56u9xfYvrNZ6xnUj4","CAF-13/F/55075/R/561","","2013","D","USD","70869"
"HVsAvMkbeTae6G8xhjD44K","CAF-13/F/55342/R/561","","2013","D","USD","107527"
"KxPGaarJPSH92XMkmuQKTb","CAF-13/H/55357/R/561","","2013","D","USD","26882"
"aAqiNdcujVbv2VGa5kUWEC","CAF-13/H/55357/R/561","","2013","D","USD","458232"
"XpjowGbWG3oUZfU7YRnX79","CAF-13/H/56251/R/124","","2013","D","USD","64013"
"R38TykrEqVGUX6VeF8NuMB","CAF-13/H/56251/R/124","","2013","D","USD","328577"
"3iVs2s4CTLnUH3L2aVNJpi","CAF-13/H/56251/R/124","","2013","D","USD","500000"
"eUTHbmpLYtLE2RzkWiFA7Q","CAF-13/H/56251/R/124","","2013","D","USD","369560"
"wkAmLiihommmLJSsZHUw6T","CAF-13/H/55728/R/124","","2013","D","USD","496506"
"kEeASJi5h2tGM3ZHua7K43","CAF-13/SNYS/59549/R/124","","2013","D","USD","543478"
"h64LbBujsVZaUYzdQZ9N9Q","CAF-13/SNYS/59549/R/124","","2013","D","USD","161290"
"gB4zVxCQAXAdKPhey2suU7","CAF-13/H/56287/5195","","2013","D","USD","950598"
"Rh7UKKhe7rWqLDmiCjHeAR","CAF-13/A/55365/5633","","2013","D","USD","596122"
"iCtgkzMetexh2T8TD5xtzS","CAF-13/WS/55529/5633","","2013","D","USD","213716"
"783m88WTewD7ZPo4mARJkm","CAF-13/CSS/56318/R/561","","2013","D","USD","1550388"
"TutvD598bmYwpscXTSCTgH","CAF-13/A/55773/123","","2013","D","USD","750000"
"D9UrGKzvsjGYqjGKPN6dgP","CAF-13/CSS/53551/119","","2013","D","USD","400000"
"nuN4eGaqTEFWEFXc6B7k8T","CAF-13/H/55728/R/124","","2013","D","USD","400000"
"jA5uSjmbDxW3VwFtFVi6pk","CAF-13/H/56251/R/124","","2013","D","USD","400000"
"XZ8FTp69BFvDbA4MnGUN9R","CAF-13/H/56251/R/124","","2013","D","USD","450000"
"aVHWDvc7aPZBfK8hrLK4Dm","CAF-13/P-HR-RL/55731/R/124","","2013","D","USD","500000"
"ZnP7BGZb46NCR9fuUJwjtU","CAF-13/P-HR-RL/55734/R/124","","2013","D","USD","250000"
"6LRB7pgkUWXpiwffxYToR9","CAF-13/SNYS/59549/R/124","","2013","D","USD","227945"
"wFUj27EH4QLMUyzwpSFvJQ","CAF-13/SNYS/59549/R/124","","2013","D","USD","200000"
"VZ67yHLo4tXxE4oEvLLTfi","CAF-13/MS/55859/R/120","","2013","D","USD","3700000"
"Xw5FHeRxeRy8xYbfcFRaoB","CAF-13/MS/55859/R/120","","2013","D","USD","2600000"
"B6jXfj5GPnSvLV7BfSp5fg","CAF-13/CSS/56318/R/561","","2013","D","USD","525000"
"sYiCcyZ8LjcAkn4QkWwWQS","CAF-13/CSS/56318/R/561","","2013","D","USD","1000000"
"PoYPKcKQ9BsXLiLKfegJyN","CAF-13/E/55066/R/561","","2013","D","USD","2133605"
"eiQBPj5tfoh85H7hYU3oLY","CAF-13/F/55075/R/561","","2013","D","USD","2504667"
"bArin6tzBUUQZQjembirSB","CAF-13/F/55342/R/561","","2013","D","USD","3710618"
"wEJEYBMAsEqqWmU4HR9ZFm","CAF-13/H/55357/R/561","","2013","D","USD","927654"
"nvh6wJ9RisASRs8dsbFjG4","CAF-13/CSS/56318/R/561","","2013","D","USD","300000"
"MoAtZgANP4euHFkfDtf8of","CAF-13/E/55066/R/561","","2013","D","USD","646177"
"Ape9q82mwY27NmnSk5JxUS","CAF-13/F/55075/R/561","","2013","D","USD","758555"
"bo5bf6MCag6iCX54xprDbc","CAF-13/F/55342/R/561","","2013","D","USD","1123785"
"NkcSzPocPPBTEx8TpoWNCb","CAF-13/H/55357/R/561","","2013","D","USD","280946"
