"transaction_id","project_id","Donor","Recipient Organization","Emergency title","Response Plan/Appeal title","Emergency year","USD committed/contributed","USD pledged","Description","Original currency amount","Original currency unit","Decision date","IASC Standard Sector","Destination Country","Contribution status","Reported by"
"HVffzw99QbBnMHzNzCSBv2","CAF-13/SNYS/57317/7622","Action Contre la Faim","Common Humanitarian Fund","Central African Republic 2013","Central African Republic 2013","2013","-355573","0","Balancing entry for fund allocation 198326","","USD","2013-06-08T00:00:00Z","Sector not yet specified","Central African Republic","Paid contribution","Donor"
"HVffzw99QbBnMHzNzCSBv2","CAF-13/SNYS/57317/7622","Action Contre la Faim","Common Humanitarian Fund","Central African Republic 2013","Central African Republic 2013","2013","-421427","0","Balancing entry for fund allocation 198324","","USD","2013-06-08T00:00:00Z","Sector not yet specified","Central African Republic","Paid contribution","Donor"
"HVffzw99QbBnMHzNzCSBv2","CAF-13/SNYS/57317/7622","Action Contre la Faim","Common Humanitarian Fund","Central African Republic 2013","Central African Republic 2013","2013","-171000","0","Balancing entry for fund allocation 198328","","USD","2013-06-08T00:00:00Z","Sector not yet specified","Central African Republic","Paid contribution","Donor"
"HVffzw99QbBnMHzNzCSBv2","CAF-13/SNYS/57317/7622","Action Contre la Faim","Common Humanitarian Fund","Central African Republic 2013","Central African Republic 2013","2013","-423607","0","Balancing entry for fund allocation 206315","","USD","2013-10-29T00:00:00Z","Sector not yet specified","Central African Republic","Commitment","Donor"
"E4p6nLPmS8rhew9nkw29rJ","CAF-13/P-HR-RL/55894/R/120","African Union","United Nations High Commissioner for Refugees","Central African Republic 2013","Central African Republic 2013","2013","100000","0","Protection of internally displaced men, women, boys and girls in conflict-affected areas in the Central African Republic","","USD","2014-01-14T00:00:00Z","Protection/Human rights/Rule of law","Central African Republic","Paid contribution","Agency"
"HVffzw99QbBnMHzNzCSBv2","CAF-13/SNYS/57317/7622","Agency for Technical Cooperation and Development","Common Humanitarian Fund","Central African Republic 2013","Central African Republic 2013","2013","-200000","0","Balancing entry for fund allocation 201659","","USD","2013-08-23T00:00:00Z","Sector not yet specified","Central African Republic","Commitment","Donor"
"HVffzw99QbBnMHzNzCSBv2","CAF-13/SNYS/57317/7622","Agency for Technical Cooperation and Development","Common Humanitarian Fund","Central African Republic 2013","Central African Republic 2013","2013","-316428","0","Balancing entry for fund allocation 201661","","USD","2013-07-15T00:00:00Z","Sector not yet specified","Central African Republic","Commitment","Donor"
"HVffzw99QbBnMHzNzCSBv2","CAF-13/SNYS/57317/7622","Agency for Technical Cooperation and Development","Common Humanitarian Fund","Central African Republic 2013","Central African Republic 2013","2013","-273572","0","Balancing entry for fund allocation 201663","","USD","2013-07-15T00:00:00Z","Sector not yet specified","Central African Republic","Commitment","Donor"
"86BvQvHzAnuwmanNMfuim4","CAF-13/A/55773/123","Allocation of unearmarked funds by FAO","Food & Agriculture Organization of the United Nations","Central African Republic 2013","Central African Republic 2013","2013","500000","0","Restoring food security and income generation through the promotion of livestock and agriculture production in the affected « prefectures » of Bamingui Bangoran, Ouham, Haute Kotto and Vakaga in Central Africa Republic (USAID/OFDA)","","USD","2013-10-28T00:00:00Z","Agriculture","Central African Republic","Paid contribution","Agency"
"UyJsVqr7czwbRxphjMGFaF","CAF-13/CSS/53551/119","Allocation of unearmarked funds by OCHA","Office for the Coordination of Humanitarian Affairs","Central African Republic 2013","Central African Republic 2013","2013","370438","0","Strengthening Humanitarian Coordination and Advocacy in Central African Republic ","","USD","2013-01-01T00:00:00Z","Coordination and support services","Central African Republic","Paid contribution","Agency"
"5tt4DjEbWgqUCfS8XxBbfL","CAF-13/H/56251/R/124","Allocation of unearmarked funds by UNICEF","United Nations Children's Fund","Central African Republic 2013","Central African Republic 2013","2013","472491","0","To mitigate the impact of the conflict on the health status of children and pregnant women by improving access to health care services in Central African Republic","","USD","2013-01-16T00:00:00Z","Health","Central African Republic","Paid contribution","Agency"
"pNuEZMt3RsFoP3Bp44Cpng","CAF-13/SNYS/59549/R/124","Allocation of unearmarked funds by UNICEF","United Nations Children's Fund","Central African Republic 2013","Central African Republic 2013","2013","524989","0","to be allocated to specific projects ","","USD","2013-12-15T00:00:00Z","Sector not yet specified","Central African Republic","Paid contribution","Agency"
"kTTfRFpjJEY6G4GboikNu6","CAF-13/CSS/56318/R/561","Allocation of unearmarked funds by WFP","World Food Programme","Central African Republic 2013","Central African Republic 2013","2013","200000","0","United Nations Humanitarian Air Service for Central African Republic (Multilateral)","","USD","2013-03-20T00:00:00Z","Coordination and support services","Central African Republic","Paid contribution","Agency"
"3zq4uqcEhMpSoMPbbMNwTh","CAF-13/A/55773/123","Belgium","Food & Agriculture Organization of the United Nations","Central African Republic 2013","Central African Republic 2013","2013","500000","0","Restoring food security and income generation through the promotion of livestock and agriculture production in the affected « prefectures » of Bamingui Bangoran, Ouham, Haute Kotto and Vakaga in Central Africa Republic (USAID/OFDA)","","USD","2013-05-21T00:00:00Z","Agriculture","Central African Republic","Paid contribution","Agency"
"yvH66eCvymuoa3oxwzHvTm","CAF-13/CSS/56318/R/561","Belgium","World Food Programme","Central African Republic 2013","Central African Republic 2013","2013","339213","0","United Nations Humanitarian Air Service for Central African Republic (TR/2013/16 - 3014290)","250000","EUR","2013-02-28T00:00:00Z","Coordination and support services","Central African Republic","Commitment","Donor"
"M6nBh6U799fRGgBd7JJESA","CAF-13/H/59252/R/13107","Bill and Melinda Gates Foundation","International Medical Corps UK","Central African Republic 2013","Central African Republic 2013","2013","800000","0","to rapidly meet the critical health needs of the internally displaced person in Central African Republic","800000","USD","2013-10-28T00:00:00Z","Health","Central African Republic","Paid contribution","Donor"
"fdnT5uhijMWj2YfVGWiD7a","CAF-13/ER/55632/5162","Bill and Melinda Gates Foundation","Mercy Corps ","Central African Republic 2013","Central African Republic 2013","2013","600000","0","to rapidly meet the basic needs of this highly vulnerable IDP population","600000","USD","2013-10-23T00:00:00Z","Economic recovery and infrastructure","Central African Republic","Paid contribution","Donor"
"LrCdQJk7ewBwGVapwHofvS","CAF-13/H/55728/R/124","Canada","United Nations Children's Fund","Central African Republic 2013","Central African Republic 2013","2013","320993","0","Emergency nutrition response in the Central African Republic (CAR) (D000253)","329660","CAD","2013-07-15T00:00:00Z","Health","Central African Republic","Paid contribution","Donor and Agency"
"N6xPCbppNoFes6e8jtXBKX","CAF-13/H/56251/R/124","Canada","United Nations Children's Fund","Central African Republic 2013","Central African Republic 2013","2013","534988","0","To mitigate the impact of the conflict on the health status of children and pregnant women by improving access to health care services in Central African Republic (D000253)","549433","CAD","2013-07-15T00:00:00Z","Health","Central African Republic","Paid contribution","Donor and Agency"
"NUGnS9bdthc7faNcWd8DW6","CAF-13/P-HR-RL/55731/R/124","Canada","United Nations Children's Fund","Central African Republic 2013","Central African Republic 2013","2013","53499","0","Prevent, respond and coordinate to gender based violence (GBV) in Central African Republic (D000253)","54943","CAD","2013-07-15T00:00:00Z","Protection/Human rights/Rule of law","Central African Republic","Paid contribution","Donor and Agency"
"JbSbmSncp7RmRPUx9Xx4yB","CAF-13/WS/58006/R/124","Canada","United Nations Children's Fund","Central African Republic 2013","Central African Republic 2013","2013","64230","0","Response to emergency WASH needs of internally displaced persons and vulnerable population - including school children, and children affected by severe and moderate malnutrition, and pregnant women, in Central African Republic (D000253)","65964","CAD","2013-07-15T00:00:00Z","Water and Sanitation","Central African Republic","Paid contribution","Donor and Agency"
"ZJCSP2XuBR3wC2CsAxpn2e","CAF-13/CSS/56318/R/561","Canada","World Food Programme","Central African Republic 2013","Central African Republic 2013","2013","669216","0","United Nations Humanitarian Air Service for Central African Republic  - (D000268)","700000","CAD","2013-07-15T00:00:00Z","Coordination and support services","Central African Republic","Commitment","Donor"
"PBG4krtKSivPgNJVdcMeSH","CAF-13/E/55066/R/561","Canada","World Food Programme","Central African Republic 2013","Central African Republic 2013","2013","223953","0","Assistance to Conflict-Affected Populations in CAR (M013824)","230000","CAD","2013-03-22T00:00:00Z","Education","Central African Republic","Paid contribution","Donor and Agency"
"chwwzf4jcTnZZBJy8b6LrT","CAF-13/F/55075/R/561","Canada","World Food Programme","Central African Republic 2013","Central African Republic 2013","2013","262901","0","Assistance to conflict-affected populations in CAR (IDP & Refugees) (M013824)","269999","CAD","2013-03-22T00:00:00Z","Food","Central African Republic","Paid contribution","Donor and Agency"
"YJx3AAE4imXzbtCgiGDgsf","CAF-13/F/55342/R/561","Canada","World Food Programme","Central African Republic 2013","Central African Republic 2013","2013","389484","0","Assistance to conflict-affected populations in CAR (Livelihoods)(M013824)","400000","CAD","2013-03-22T00:00:00Z","Food","Central African Republic","Paid contribution","Donor and Agency"
"3vfRp43gJQW7GT7UBqUr39","CAF-13/H/55357/R/561","Canada","World Food Programme","Central African Republic 2013","Central African Republic 2013","2013","97371","0","Nutritional support for children 6-59 months, pregnant women and lactating mothers in the post-conflict areas in CAR (M013824)","100000","CAD","2013-03-22T00:00:00Z","Health","Central African Republic","Paid contribution","Donor and Agency"
"HVffzw99QbBnMHzNzCSBv2","CAF-13/SNYS/57317/7622","Carry-over (donors not specified)","Common Humanitarian Fund","Central African Republic 2013","Central African Republic 2013","2013","1803368","0","to be allocated to specific projects","","USD","2013-01-01T00:00:00Z","Sector not yet specified","Central African Republic","Paid contribution","Agency"
"tc97tohZJH6WuDFvCQLUd8","CAF-13/E/55066/R/561","Carry-over (donors not specified)","World Food Programme","Central African Republic 2013","Central African Republic 2013","2013","2858306","0","Assistance to Conflict-Affected Populations in CAR ","","USD","2013-03-20T00:00:00Z","Education","Central African Republic","Paid contribution","Agency"
"YKnNKPWqPhkwmTPxBKuECJ","CAF-13/F/55075/R/561","Carry-over (donors not specified)","World Food Programme","Central African Republic 2013","Central African Republic 2013","2013","3355403","0","Assistance to conflict-affected populations in CAR (IDP & Refugees)  ","","USD","2013-03-20T00:00:00Z","Food","Central African Republic","Paid contribution","Agency"
"iBDkAEKCiNHg3jLEs7wEz2","CAF-13/F/55342/R/561","Carry-over (donors not specified)","World Food Programme","Central African Republic 2013","Central African Republic 2013","2013","4970967","0","Assistance to conflict-affected populations in CAR (Livelihoods)","","USD","2013-03-20T00:00:00Z","Food","Central African Republic","Paid contribution","Agency"
"4qX49XiSEqocXFCZy92zLk","CAF-13/H/55357/R/561","Carry-over (donors not specified)","World Food Programme","Central African Republic 2013","Central African Republic 2013","2013","1242742","0","Nutritional support for children 6-59 months, pregnant women and lactating mothers in the post-conflict areas in CAR ","","USD","2013-03-20T00:00:00Z","Health","Central African Republic","Paid contribution","Agency"
"iWqk6SbWFwm2ojQ6FEz4xU","CAF-13/A/55773/123","Central Emergency Response Fund","Food & Agriculture Organization of the United Nations","Central African Republic 2013","Central African Republic 2013","2013","806215","0","Appui à l'autonomisation des femmes en matière de sécurité alimentaire à travers les foyers féminins","806215","USD","2013-05-10T00:00:00Z","Agriculture","Central African Republic","Paid contribution","Donor"
"yZoKnoLcmQRsm66pRhcC4W","CAF-13/H/55728/R/124","Central Emergency Response Fund","United Nations Children's Fund","Central African Republic 2013","Central African Republic 2013","2013","333701","0","Emergency health and nutrition response for conflict affected children and women in the Central African Republic","","USD","2013-05-10T00:00:00Z","Health","Central African Republic","Paid contribution","Donor and Agency"
"Z625PYHN36SavuLi5spqMe","CAF-13/H/56251/R/124","Central Emergency Response Fund","United Nations Children's Fund","Central African Republic 2013","Central African Republic 2013","2013","1266228","0","To mitigate the impact of the conflict on the health status of children and pregnant women by improving access to health care services in Central African Republic ","","USD","2013-05-10T00:00:00Z","Health","Central African Republic","Paid contribution","Donor and Agency"
"jPNkNX4rs2QxTsc64q4uTi","CAF-13/P-HR-RL/55731/R/124","Central Emergency Response Fund","United Nations Children's Fund","Central African Republic 2013","Central African Republic 2013","2013","75708","0","Emergency child protection response for conflict affected children and women in the Central African Republic  ","","USD","2013-05-15T00:00:00Z","Protection/Human rights/Rule of law","Central African Republic","Paid contribution","Donor and Agency"
"UUbZB4vgRNZyEo8y8uZMiL","CAF-13/P-HR-RL/55734/R/124","Central Emergency Response Fund","United Nations Children's Fund","Central African Republic 2013","Central African Republic 2013","2013","287022","0","Prevention and response to the use of children in armed conflict","","USD","2013-05-15T00:00:00Z","Protection/Human rights/Rule of law","Central African Republic","Paid contribution","Donor and Agency"
"GPRxLA45oQApuzgTbtBeDW","CAF-13/WS/58006/R/124","Central Emergency Response Fund","United Nations Children's Fund","Central African Republic 2013","Central African Republic 2013","2013","250344","0","Response to emergency WASH needs of internally displaced persons, and vulnerable population  including school children, and children affected by severe and moderate malnutrition, and pregnant women) in conflict affected areas of the Central African Republic   CAF13WS58006R","","USD","2013-05-15T00:00:00Z","Water and Sanitation","Central African Republic","Paid contribution","Donor"
"oYK33fQwpMdygoMD2k8ChZ","CAF-13/WS/58252/R/776","Central Emergency Response Fund","United Nations Development Programme","Central African Republic 2013","Central African Republic 2013","2013","167562","0","Strengthening the resilience of communities for disasters risks prevention and reduction (health, naturals  and environmental) through sanitation and solid waste management in the arrondissements of Bangui, Damara and Sibut   CAF 13ER58252R","","USD","2013-05-16T00:00:00Z","Economic recovery and infrastructure","Central African Republic","Paid contribution","Donor"
"YCiiCibqk3z6PTFyEKJjNL","CAF-13/P-HR-RL/55894/R/120","Central Emergency Response Fund","United Nations High Commissioner for Refugees","Central African Republic 2013","Central African Republic 2013","2013","375014","0","Protection monitoring and assistance to IDPs in Central African Republic (CAR)","","USD","2013-05-03T00:00:00Z","Protection/Human rights/Rule of law","Central African Republic","Paid contribution","Donor and Agency"
"q3QpX2Fej6XAihgQSJcFzH","CAF-13/H/55772/1171","Central Emergency Response Fund","United Nations Population Fund","Central African Republic 2013","Central African Republic 2013","2013","279792","0","Strengthening Emergency Obstetrical and Neonatal  Care and response to HIV transmission and Sexual Violence in Conflict affected area in CAR","","USD","2013-05-10T00:00:00Z","Health","Central African Republic","Paid contribution","Donor and Agency"
"K3CzRYyEJEWUGHtaBVjjQj","CAF-13/CSS/56318/R/561","Central Emergency Response Fund","World Food Programme","Central African Republic 2013","Central African Republic 2013","2013","1000001","0","Provision of Humanitarian air services in (CAR)","1000001","USD","2013-05-03T00:00:00Z","Coordination and support services","Central African Republic","Paid contribution","Donor"
"smFeGpKHurggAatq3MQqYn","CAF-13/CSS/56322/R/561","Central Emergency Response Fund","World Food Programme","Central African Republic 2013","Central African Republic 2013","2013","735983","0","Emergency Telecommunications services provision to the humanitarian community in Central African Republic","","USD","2013-05-10T00:00:00Z","Coordination and support services","Central African Republic","Paid contribution","Donor and Agency"
"met6hrMGvgC8t5QPvC4f4S","CAF-13/F/55342/R/561","Central Emergency Response Fund","World Food Programme","Central African Republic 2013","Central African Republic 2013","2013","680510","0","Assistance to the ConflictAffected Population In the Central African Republic (CAR)","","USD","2013-05-03T00:00:00Z","Food","Central African Republic","Paid contribution","Donor and Agency"
"oPQ5KnqpSPf73s2xYua6Zf","CAF-13/H/55854/R/122","Central Emergency Response Fund","World Health Organization","Central African Republic 2013","Central African Republic 2013","2013","875000","0","Strengthening a prompt and coordinated health cluster response to disaster and health crisis including the promotion of integrated management of childhood illness and strengthening routine immunization in post conflict affected health districts of CAR   CAF13H55854   CAF13H 56251","","USD","2013-05-16T00:00:00Z","Health","Central African Republic","Paid contribution","Donor and Agency"
"M4QWSYbHKGUE5iAkXgAJdE","CAF-13/F/58372/R/5186","Common Humanitarian Fund","Action Contre la Faim","Central African Republic 2013","Central African Republic 2013","2013","421427","0","Soutien  d’urgence  aux  populations  affectées  par  la  crise politico-militaire en RCA","421427","USD","2013-06-08T00:00:00Z","Food","Central African Republic","Paid contribution","Donor"
"MVf7moiXrJKYUEsmmHCkfK","CAF-13/WS/58316/R/5186","Common Humanitarian Fund","Action Contre la Faim","Central African Republic 2013","Central African Republic 2013","2013","171000","0","Aide humanitaire WASH d’urgence à la population de la ville de Bossangoa et sa périphérie (préfecture d'Ouham, RCA) affectée par la crise politique de 2013","171000","USD","2013-06-08T00:00:00Z","Water and Sanitation","Central African Republic","Paid contribution","Donor"
"QpxGGdBdYRry3wTC3NQ2Wf","CAF-13/WS/58316/R/5186","Common Humanitarian Fund","Action Contre la Faim","Central African Republic 2013","Central African Republic 2013","2013","423607","0","Intervention d’urgence EAH sur les sites de déplacés (femmes, enfants et hommes) à Bossangoa affectées par la récente crise dans la préfecture de l’Ouham

","","USD","2013-10-29T00:00:00Z","Water and Sanitation","Central African Republic","Commitment","Donor"
"3rXrW8CEsGQCQb7ZGTbCZm","CAF-13/WS/58371/R/5186","Common Humanitarian Fund","Action Contre la Faim","Central African Republic 2013","Central African Republic 2013","2013","355573","0","Amélioration de l'accès à l'eau potable et les conditions d'hygiène pour les communautés affectées par la crise politico-militaire dans la préfecture de Kémo","355573","USD","2013-06-08T00:00:00Z","Water and Sanitation","Central African Republic","Paid contribution","Donor"
"u5FPoJ5MhYAozin3E2FJn8","CAF-13/A/59051/R/6458","Common Humanitarian Fund","Agency for Technical Cooperation and Development","Central African Republic 2013","Central African Republic 2013","2013","273572","0","Fourniture de semences, d’outils et de rations alimentaires aux ménages vulnérables victimes des exactions commises dans le sud du pays, afin de relancer les activités agricoles en urgence.","273572","USD","2013-07-15T00:00:00Z","Agriculture","Central African Republic","Commitment","Donor"
"RuVUDhL65JbZo8Ek96Qzb9","CAF-13/S-NF/59052/R/6458","Common Humanitarian Fund","Agency for Technical Cooperation and Development","Central African Republic 2013","Central African Republic 2013","2013","316428","0","Coordonner et appuyer le retour des habitants ayant perdu leur maison dans la commune de Ouango, par la distribution de kits d’outils et de sécurité permettant  la reconstruction durable de leur logement et la mise en place de structures pour la paix dans la région.","316428","USD","2013-07-15T00:00:00Z","Shelter and non-food items","Central African Republic","Commitment","Donor"
"3Ezd2qCRFaMep7PgRWLEb6","CAF-13/WS/59047/R/6458","Common Humanitarian Fund","Agency for Technical Cooperation and Development","Central African Republic 2013","Central African Republic 2013","2013","200000","0","Réponse aux besoins urgents d’assainissement, par l’évacuation et le traitement des déchets solides dans les communes de Bimbo et Bégoua.","200000","USD","2013-08-23T00:00:00Z","Water and Sanitation","Central African Republic","Commitment","Donor"
"vVw7Qcwx5JaeCwepbAqdHd","CAF-13/A/55628/R/13217","Common Humanitarian Fund","Community Humanitarian Emergency Board","Central African Republic 2013","Central African Republic 2013","2013","247558","0","Emergency support in agricultural inputs and on capacity building of displaced persons and households in the sub-prefectures of Bangassou and Bakouma which were affected by the recent crisis and atrocities of the LRA","","USD","2013-10-11T00:00:00Z","Food","Central African Republic","Commitment","Donor"
"fY3JVYqHE2XPfS4XrDtyyH","CAF-13/P-HR-RL/57968/R/5181","Common Humanitarian Fund","Danish Refugee Council","Central African Republic 2013","Central African Republic 2013","2013","260000","0","Protection d’urgence à BANGUI pour une meilleure protection des Droits humains","260000","USD","2013-08-03T00:00:00Z","Protection/Human rights/Rule of law","Central African Republic","Commitment","Donor"
"vw5aGUJofCJzyEGhGMFZ9e","CAF-13/H/58283/R/16546","Common Humanitarian Fund","EMERGENCY - Life Support for Civilian War Victims ONG Onlus","Central African Republic 2013","Central African Republic 2013","2013","300000","0","Resume and strengthen life-saving and specialised surgical and paediatric treatment in Bangui.","300000","USD","2013-06-08T00:00:00Z","Health","Central African Republic","Paid contribution","Donor"
"vkdn8Wn3gHrt59giigvuYf","CAF-13/A/57995/R/8661","Common Humanitarian Fund","JUPEDEC (United Youth for the Protection of the Environment and Community Development)","Central African Republic 2013","Central African Republic 2013","2013","296451","0","Projet d’appui d’urgence en semences et intrants agricoles aux groupements et ménages vulnérables de Damara, Bégoua et ses environs","296451","USD","2013-07-15T00:00:00Z","Agriculture","Central African Republic","Commitment","Donor"
"uXuHzVpMbZGSoocd6NMeRb","CAF-13/E/57993/R/8661","Common Humanitarian Fund","JUPEDEC (United Youth for the Protection of the Environment and Community Development)","Central African Republic 2013","Central African Republic 2013","2013","265959","0","Revitalisation du système éducatif dans les sous - préfectures de Damara et Sibut, et les régions avoisinantes touchées par les conflits armés","265959","USD","2013-08-23T00:00:00Z","Education","Central African Republic","Commitment","Donor"
"TGU3fvYtjPGCEtAdHMEdG6","CAF-13/P-HR-RL/59278/R/5162","Common Humanitarian Fund","Mercy Corps ","Central African Republic 2013","Central African Republic 2013","2013","435222","0","Emergency Protection and Social Reintegration of Vulenerable Women, Youth and Children in Bouar and Baboua Sous-Prefectures","","USD","2013-09-22T00:00:00Z","Protection/Human rights/Rule of law","Central African Republic","Commitment","Donor"
"evudFVpfFaWiSQoRhFR3Jn","CAF-13/CSS/53551/119","Common Humanitarian Fund","Office for the Coordination of Humanitarian Affairs","Central African Republic 2013","Central African Republic 2013","2013","384339","0","Strengthening Humanitarian Coordination and Advocacy in Central African Republic (Support to the CAR CHF Management Cost)

","","USD","2013-01-25T00:00:00Z","Coordination and support services","Central African Republic","Commitment","Donor"
"iQ7SwQyJccY72cttCMZBUA","CAF-13/WS/58004/R/14783","Common Humanitarian Fund","Rebatisseurs de la muraille des oeuvres de Dieu","Central African Republic 2013","Central African Republic 2013","2013","50000","0","Coping Well with management to Damar (Sub-prefecture of the Damara)","","USD","2013-12-23T00:00:00Z","Water and Sanitation","Central African Republic","Commitment","Donor"
"tb8PmA2DmFixNjaboMTD9S","CAF-13/P-HR-RL/59207/R/6079","Common Humanitarian Fund","Save the Children ","Central African Republic 2013","Central African Republic 2013","2013","494999","0","Holistic Emergency Child Protection in Bangui and Ouaka to prevent and respond to child recruitment and other violations of children's rights","494999","USD","2013-08-29T00:00:00Z","Protection/Human rights/Rule of law","Central African Republic","Commitment","Donor"
"i2mNbthSBsMsCZcfDSUqDm","CAF-13/F/59244/R/5633","Common Humanitarian Fund","Solidarités International","Central African Republic 2013","Central African Republic 2013","2013","380059","0","Strengthening food security by restoring livelihoods and improving access to water and sanitation for vulnerable populations in the sub-prefecture of Kabo","","USD","2013-10-11T00:00:00Z","Food","Central African Republic","Commitment","Donor"
"UvS5R5nc5AynfoYwDjpEBd","CAF-13/WS/55529/5633","Common Humanitarian Fund","Solidarités International","Central African Republic 2013","Central African Republic 2013","2013","137815","0","Strengthening food security by restoring livelihoods and improving access to water and sanitation for vulnerable populations in the sub-prefecture of Kabo","","USD","2013-10-11T00:00:00Z","Water and Sanitation","Central African Republic","Commitment","Donor"
"zN9qgtm7M95QbM85SPRrUZ","CAF-13/WS/57956/R/5853","Common Humanitarian Fund","Triangle Génération Humanitaire","Central African Republic 2013","Central African Republic 2013","2013","438395","0","Restoring access to drinking water in the town of Bambari (CHF/TGH06)","","USD","2013-10-11T00:00:00Z","Water and Sanitation","Central African Republic","Paid contribution","Donor and Agency"
"ECBnHmknky8Y9Qt7Xp6vce","CAF-13/WS/58252/R/776","Common Humanitarian Fund","United Nations Development Programme","Central African Republic 2013","Central African Republic 2013","2013","62108","0","Renforcement des capacités de résilience des communautés à anticiper, prévenir et réduire les risques de désastres sanitaires et naturels et amorcer une dynamique de relèvement immédiat dans les arrondissements et la périphérie de Bangui","62108","USD","2013-06-08T00:00:00Z","Water and Sanitation","Central African Republic","Paid contribution","Donor"
"nCviWGcPiamoLo4zXHZ5hG","CAF-13/CSS/56318/R/561","Common Humanitarian Fund","World Food Programme","Central African Republic 2013","Central African Republic 2013","2013","300000","0","Provision of Humanitarian Air Services in Central  African Republic

","","USD","2013-01-25T00:00:00Z","Coordination and support services","Central African Republic","Paid contribution","Donor and Agency"
"HVffzw99QbBnMHzNzCSBv2","CAF-13/SNYS/57317/7622","Community Humanitarian Emergency Board","Common Humanitarian Fund","Central African Republic 2013","Central African Republic 2013","2013","-247558","0","Balancing entry for fund allocation 202695","","USD","2013-10-11T00:00:00Z","Sector not yet specified","Central African Republic","Commitment","Donor"
"HVffzw99QbBnMHzNzCSBv2","CAF-13/SNYS/57317/7622","Danish Refugee Council","Common Humanitarian Fund","Central African Republic 2013","Central African Republic 2013","2013","-260000","0","Balancing entry for fund allocation 201657","","USD","2013-08-03T00:00:00Z","Sector not yet specified","Central African Republic","Commitment","Donor"
"3dJgiG98gxNghi3UWkAUYj","CAF-13/P-HR-RL/59207/R/6079","Denmark","Save the Children ","Central African Republic 2013","Central African Republic 2013","2013","73855","0","Holistic Emergency Child Protection in Bangui and Ouaka to prevent and respond to child recruitment and other violations of children's rights (46.H.7-4-147)","400000","DKK","2013-11-20T00:00:00Z","Protection/Human rights/Rule of law","Central African Republic","Commitment","Donor"
"fUxtvkqtRD7UJc4A9G4JLb","CAF-13/MS/55859/R/120","Denmark","United Nations High Commissioner for Refugees","Central African Republic 2013","Central African Republic 2013","2013","1377770","0","Protection and assistance to refugees and asylum seekers, returnees from Chad and Cameroon and people at risk of statelessness in the Central African Republic (17.C.12.a.20-149)","7462000","DKK","2013-11-12T00:00:00Z","Multi-sector","Central African Republic","Commitment","Donor"
"HVffzw99QbBnMHzNzCSBv2","CAF-13/SNYS/57317/7622","EMERGENCY - Life Support for Civilian War Victims ONG Onlus","Common Humanitarian Fund","Central African Republic 2013","Central African Republic 2013","2013","-300000","0","Balancing entry for fund allocation 198322","","USD","2013-06-08T00:00:00Z","Sector not yet specified","Central African Republic","Paid contribution","Donor"
"JfCLSCrpWGdzKtmqnmzBuQ","CAF-13/E/55530/R/124","Estonia","United Nations Children's Fund","Central African Republic 2013","Central African Republic 2013","2013","110193","0","Improve access, retention and gender equity in school enrollment for the children in the newly conflict affected prefectures of CAR","80000","EUR","2013-11-13T00:00:00Z","Education","Central African Republic","Paid contribution","Donor and Agency"
"GueqyLydgzmj76reFpwZTA","CAF-13/P-HR-RL/55731/R/124","Estonia","United Nations Children's Fund","Central African Republic 2013","Central African Republic 2013","2013","63857","0","Prevention and Reponse to GBV","50000","EUR","2013-04-09T00:00:00Z","Protection/Human rights/Rule of law","Central African Republic","Paid contribution","Donor and Agency"
"HbVMvkTtu7Pkq6878VzcLQ","CAF-13/A/55624/5186","European Commission's Humanitarian Aid and Civil Protection Department","Action Contre la Faim","Central African Republic 2013","Central African Republic 2013","2013","439458","0","Increasing food access and availability for conflict-affected populations in Markounda Sub Prefecture part of ECHO/CAF/BUD/2013/91016","319047","EUR","2013-11-20T00:00:00Z","Agriculture","Central African Republic","Commitment","Donor"
"srpqyjLtBXiJG8rbALCuuH","CAF-13/F/55430/5186","European Commission's Humanitarian Aid and Civil Protection Department","Action Contre la Faim","Central African Republic 2013","Central African Republic 2013","2013","340314","0","Strengthening   multi-sectorial surveillance and early warning systems in Central African Republic (ECHO/CAF/BUD/2013/91003)","260000","EUR","2013-03-11T00:00:00Z","Food","Central African Republic","Commitment","Donor"
"5mbNLK5bGU2QbgaheKY6oV","CAF-13/H/55444/5186","European Commission's Humanitarian Aid and Civil Protection Department","Action Contre la Faim","Central African Republic 2013","Central African Republic 2013","2013","97732","0","Supporting the Ministère de la Santé Publique, de la Population et de la lutte contre le Sida (MSPPS) in the city of Bangui and its periphery in the detection, referral and Management of Severe Acute Malnutrition  part of ECHO/CAF/BUD/2013/91016","70953","EUR","2013-11-20T00:00:00Z","Health","Central African Republic","Commitment","Donor"
"PMxNiLmHrP2C8eeeZC8UoN","CAF-13/A/55345/6458","European Commission's Humanitarian Aid and Civil Protection Department","Agency for Technical Cooperation and Development","Central African Republic 2013","Central African Republic 2013","2013","654450","0","Strengthening food security of vulnerable households in Zemio and Mboki through activities of food production, livestock and environment preservation and para-agricultural activities.  (ECHO/CAF/BUD/2013/91006)","500000","EUR","2013-03-19T00:00:00Z","Agriculture","Central African Republic","Commitment","Donor"
"7wBUKiGwfsRiAzNyYLBuo5","CAF-13/A/55345/6458","European Commission's Humanitarian Aid and Civil Protection Department","Agency for Technical Cooperation and Development","Central African Republic 2013","Central African Republic 2013","2013","362239","0","Strengthening food security of vulnerable households in Zemio and Mboki through activities of food production, livestock and environment preservation and para-agricultural activities. (part of ECHO/CAF/EDF/2013/01001)","273490","EUR","2013-09-03T00:00:00Z","Agriculture","Central African Republic","Commitment","Donor"
"BfnHgLAxinLW8rBeRMJJ2H","CAF-13/A/59051/R/6458","European Commission's Humanitarian Aid and Civil Protection Department","Agency for Technical Cooperation and Development","Central African Republic 2013","Central African Republic 2013","2013","490000","0"," Fourniture de semences, d’outils et de rations alimentaires aux ménages vulnérables victimes des exactions commises dans le sud du pays, afin de relancer les activités agricoles en urgence. (part of ECHO/CAF/EDF/2013/01001)","369950","EUR","2013-09-03T00:00:00Z","Agriculture","Central African Republic","Commitment","Donor"
"GFBtLZHWodnCQbr52Y82r7","CAF-13/WS/55313/6458","European Commission's Humanitarian Aid and Civil Protection Department","Agency for Technical Cooperation and Development","Central African Republic 2013","Central African Republic 2013","2013","651997","0","Improving water and sanitation access in Vakaga prefecture, Northern CAR (part of ECHO/CAF/EDF/2013/01001)","492258","EUR","2013-09-03T00:00:00Z","Water and Sanitation","Central African Republic","Commitment","Donor"
"YBSRFtMGxjkVSaJQtjmfJJ","CAF-13/WS/55331/R/6458","European Commission's Humanitarian Aid and Civil Protection Department","Agency for Technical Cooperation and Development","Central African Republic 2013","Central African Republic 2013","2013","614969","0","Improving access to water and sanitation in Markounda District North Western CAR (part of ECHO/CAF/EDF/2013/01001)","464302","EUR","2013-09-03T00:00:00Z","Water and Sanitation","Central African Republic","Commitment","Donor"
"HrCmQC5YAL2bF5cyJZ9LGg","CAF-13/E/55621/5181","European Commission's Humanitarian Aid and Civil Protection Department","Danish Refugee Council","Central African Republic 2013","Central African Republic 2013","2013","663130","0","Emergency education in Ouham and Bamingui Bangoran ECHO/CAF/BUD/2013/91000","500000","EUR","2013-01-09T00:00:00Z","Education","Central African Republic","Commitment","Donor and Agency"
"oobhLbkU3n9ogoHJtiAnfd","CAF-13/P-HR-RL/57968/R/5181","European Commission's Humanitarian Aid and Civil Protection Department","Danish Refugee Council","Central African Republic 2013","Central African Republic 2013","2013","185185","0","Renforcement des capacités du cluster protection en RCA (part of ECHO/CAF/BUD/2013/91009)","145000","EUR","2013-04-16T00:00:00Z","Protection/Human rights/Rule of law","Central African Republic","Commitment","Donor"
"CiAC86YUAJNnBjGJQJBD7A","CAF-13/H/55696/R/13107","European Commission's Humanitarian Aid and Civil Protection Department","International Medical Corps UK","Central African Republic 2013","Central African Republic 2013","2013","1112565","0","Emergency assistance for conflict and disaster affected population in North Eastern CAR (part of ECHO/CAF/BUD/2013/91010)","850000","EUR","2013-05-28T00:00:00Z","Health","Central African Republic","Commitment","Donor"
"ory2FrLM5SVkNSokqkD7YB","CAF-13/A/55431/R/5179","European Commission's Humanitarian Aid and Civil Protection Department","International Rescue Committee","Central African Republic 2013","Central African Republic 2013","2013","508986","0","A sustainable response to food security of IDPs and crisis-affected households in Ouham and Nana Gribizi (part of ECHO/CAF/BUD/2013/91013)","383775","EUR","2013-08-02T00:00:00Z","Agriculture","Central African Republic","Commitment","Donor"
"HaqaKgjJCorkyfxAJLs88n","CAF-13/P-HR-RL/55452/R/5179","European Commission's Humanitarian Aid and Civil Protection Department","International Rescue Committee","Central African Republic 2013","Central African Republic 2013","2013","353083","0","Emergency Response and Prevention of GBV in IDPs Camps and Conflict-affected areas in Ouham and Nana Gribizi Prefectures (part of ECHO/CAF/BUD/2013/91013)","266225","EUR","2013-08-02T00:00:00Z","Protection/Human rights/Rule of law","Central African Republic","Commitment","Donor"
"WQ8uJak9NMZck4pYzNbxFi","CAF-13/CSS/53551/119","European Commission's Humanitarian Aid and Civil Protection Department","Office for the Coordination of Humanitarian Affairs","Central African Republic 2013","Central African Republic 2013","2013","271739","0","Strengthening Humanitarian Coordination and Advocacy in Central African Republic [OCT 4099] (part of ECHO/CAF/BUD/2013/91002 - equiv to 20% of Euro 1,000,000)","200000","EUR","2013-03-08T00:00:00Z","Coordination and support services","Central African Republic","Commitment","Donor and Agency"
"efa3YJJirfhwhaR5boR4EG","CAF-13/H/55700/14879","European Commission's Humanitarian Aid and Civil Protection Department","Première Urgence - Aide Médicale Internationale","Central African Republic 2013","Central African Republic 2013","2013","651890","0","Health and food security support to vulnerable people affected by security conflict in Bamingui Bangoran prefecture (ECHO/CAF/BUD/2013/910119)","500000","EUR","2013-07-03T00:00:00Z","Health","Central African Republic","Commitment","Donor"
"t7caLaZEm6zhq2NH7mKpqm","CAF-13/H/59208/R/6079","European Commission's Humanitarian Aid and Civil Protection Department","Save the Children ","Central African Republic 2013","Central African Republic 2013","2013","416565","0","To mitigate the impact of the conflict on the health status of children and pregnant women by improving access to health care services. (part of ECHO/CAF/BUD/2013/91012)","314090","EUR","2013-08-07T00:00:00Z","Health","Central African Republic","Commitment","Donor"
"MVrPsi2Q6YJ3mmaTArwxX2","CAF-13/F/59244/R/5633","European Commission's Humanitarian Aid and Civil Protection Department","Solidarités International","Central African Republic 2013","Central African Republic 2013","2013","1324503","0","Reinforcement of food and economic self sufficiency of vulnerable populations affected by conflicts in Ouham prefecture (part of ECHO/CAF/EDF/2013/01002)","1000000","EUR","2013-09-17T00:00:00Z","Food","Central African Republic","Commitment","Donor"
"WX9snzBPqnnLhCxGvr8VfZ","CAF-13/WS/55529/5633","European Commission's Humanitarian Aid and Civil Protection Department","Solidarités International","Central African Republic 2013","Central African Republic 2013","2013","766284","0","Improvement of the water and sanitation access of vulnerable populations in Kabo’s sub-prefecture (part of ECHO/CAF/BUD/2013/91008)","600000","EUR","2013-04-04T00:00:00Z","Water and Sanitation","Central African Republic","Commitment","Donor"
"dXexUWVapDmwx3AimMQncd","CAF-13/CSS/56318/R/561","European Commission's Humanitarian Aid and Civil Protection Department","World Food Programme","Central African Republic 2013","Central African Republic 2013","2013","610583","0","United Nations Humanitarian Air Service for Central African Republic (part of ECHO/FLI/BUD/2013/91000)","450000","EUR","2013-10-26T00:00:00Z","Coordination and support services","Central African Republic","Commitment","Donor"
"XDNaZg5MR8sRA2ChNT4uZj","CAF-13/CSS/56318/R/561","European Commission's Humanitarian Aid and Civil Protection Department","World Food Programme","Central African Republic 2013","Central African Republic 2013","2013","850785","0","United Nations Humanitarian Air Service for Central African Republic (ECHO/CAF/BUD/2013/91001)","650000","EUR","2013-03-01T00:00:00Z","Coordination and support services","Central African Republic","Paid contribution","Donor and Agency"
"ZBwkjc89DBkrfCLaA5s2sM","CAF-13/H/55700/14879","Finland","Première Urgence - Aide Médicale Internationale","Central African Republic 2013","Central African Republic 2013","2013","373526","0","Aid to victims of conflict & floods in CAR","285000","EUR","2013-03-15T00:00:00Z","Health","Central African Republic","Paid contribution","Donor"
"eGNQD4hwP7WGxiXfPoqWr6","CAF-13/H/55444/5186","France","Action Contre la Faim","Central African Republic 2013","Central African Republic 2013","2013","456323","0","Supporting the Ministère de la Santé Publique, de la Population et de la lutte contre le Sida (MSPPS) in the city of Bangui and its periphery in the detection, referral and Management of Severe Acute Malnutrition  ","350000","EUR","2013-06-26T00:00:00Z","Health","Central African Republic","Commitment","Donor"
"BMkAK3KfmhQ5pBaowRyqHR","CAF-13/H/55444/5186","France","Action Contre la Faim","Central African Republic 2013","Central African Republic 2013","2013","130890","0","Supporting the Ministère de la Santé Publique, de la Population et de la lutte contre le Sida (MSPPS) in the city of Bangui and its periphery in the detection, referral and Management of Severe Acute Malnutrition ","100000","EUR","2013-05-13T00:00:00Z","Health","Central African Republic","Commitment","Donor"
"7e7wCRpSHn9aWdCpXtNZoQ","CAF-13/H/57920/R/5186","France","Action Contre la Faim","Central African Republic 2013","Central African Republic 2013","2013","137741","0","Emergency support for the population affected by the politico-military crisis in CAR ","100000","EUR","2013-11-21T00:00:00Z","Health","Central African Republic","Commitment","Donor"
"QpuJf8jY9HF6VdJu7eA2sE","CAF-13/H/55700/14879","France","Première Urgence - Aide Médicale Internationale","Central African Republic 2013","Central African Republic 2013","2013","19634","0","Health and food security support to vulnerable people affected by security conflict in Bamingui Bangoran prefecture","15000","EUR","2013-03-31T00:00:00Z","Health","Central African Republic","Commitment","Donor"
"aQQ8GLtTjohQP5ZvTi8RyV","CAF-13/H/55717/14879","France","Première Urgence - Aide Médicale Internationale","Central African Republic 2013","Central African Republic 2013","2013","293351","0","Ensure access to quality primary health care and effective case managmenent of acute malnutrition","225000","EUR","2013-06-26T00:00:00Z","Health","Central African Republic","Commitment","Donor"
"SxErHLqEFspgAXxe2sGkFX","CAF-13/A/55365/5633","France","Solidarités International","Central African Republic 2013","Central African Republic 2013","2013","397878","0","Reinforcement of food self-sufficiency of vulnerable populations affected by conflicts and floods","300000","EUR","2013-01-31T00:00:00Z","Agriculture","Central African Republic","Commitment","Donor"
"KV3ycZKrSGW7pKVNdxEFCb","CAF-13/A/55573/5853","France","Triangle Génération Humanitaire","Central African Republic 2013","Central African Republic 2013","2013","421868","0","Support to agricultural activities and livelihoods for conflict-affected communities of Southwest Vakaga","323573","EUR","2013-06-26T00:00:00Z","Agriculture","Central African Republic","Commitment","Donor"
"y8CxjjVZkRxnvAuXgWYZhY","CAF-13/E/55538/5853","France","Triangle Génération Humanitaire","Central African Republic 2013","Central African Republic 2013","2013","365014","0","Improving primary school access for rural populations in conflict-affected areas of Vakaga","265000","EUR","2013-11-01T00:00:00Z","Education","Central African Republic","Commitment","Donor"
"RS79JnFWPnQf6RUrrPB5v2","CAF-13/WS/53986/5853","France","Triangle Génération Humanitaire","Central African Republic 2013","Central African Republic 2013","2013","275482","0","Improving the water and sanitation situation in the conflict-affected area of southwest Vakaga","200000","EUR","2013-11-07T00:00:00Z","Water and Sanitation","Central African Republic","Commitment","Donor"
"Tz9XWFFzCLePbfEpyHxQzH","CAF-13/SNYS/59549/R/124","France","United Nations Children's Fund","Central African Republic 2013","Central African Republic 2013","2013","135685","0","to be allocated to specific projects ","100000","EUR","2013-10-22T00:00:00Z","Sector not yet specified","Central African Republic","Paid contribution","Donor and Agency"
"s8fNpY88coTADaSHfva862","CAF-13/P-HR-RL/55894/R/120","France","United Nations High Commissioner for Refugees","Central African Republic 2013","Central African Republic 2013","2013","501940","0","Protection of internally displaced men, women, boys and girls in conflict-affected areas in the Central African Republic","","USD","2014-01-14T00:00:00Z","Protection/Human rights/Rule of law","Central African Republic","Paid contribution","Agency"
"Br3MKBiPBWze8C7U8NvyZU","CAF-13/MS/55859/R/120","Germany","United Nations High Commissioner for Refugees","Central African Republic 2013","Central African Republic 2013","2013","1326260","0","Protection and assistance to refugees and asylum seekers, returnees from Chad and Cameroon and people at risk of statelessness in the Central African Republic  (VN05 321.50 CAF 05/13)","1000000","EUR","2013-08-19T00:00:00Z","Multi-sector","Central African Republic","Commitment","Donor"
"3cQrpiCubvbf4YDohkfsca","CAF-13/CSS/56318/R/561","Germany","World Food Programme","Central African Republic 2013","Central African Republic 2013","2013","678426","0","United Nations Humanitarian Air Service for Central African Republic (VN05 321.50 CAF 01/13)","500000","EUR","2013-02-04T00:00:00Z","Coordination and support services","Central African Republic","Paid contribution","Donor and Agency"
"bQPy5KuPDpZodvDWw8WEoh","CAF-13/P-HR-RL/55731/R/124","Hungary","United Nations Children's Fund","Central African Republic 2013","Central African Republic 2013","2013","27174","0","Prevent, respond and coordinate to gender based violence (GBV) in Central African Republic ","20000","EUR","2013-12-06T00:00:00Z","Protection/Human rights/Rule of law","Central African Republic","Paid contribution","Donor and Agency"
"HVffzw99QbBnMHzNzCSBv2","CAF-13/SNYS/57317/7622","Ireland","Common Humanitarian Fund","Central African Republic 2013","Central African Republic 2013","2013","648336","0","To be allocated to specific projects ","500000","EUR","2012-12-11T00:00:00Z","Sector not yet specified","Central African Republic","Paid contribution","Donor"
"HVffzw99QbBnMHzNzCSBv2","CAF-13/SNYS/57317/7622","Ireland","Common Humanitarian Fund","Central African Republic 2013","Central African Republic 2013","2013","1272000","0","to be allocated to specific projects (CHF 13 01)","1000000","EUR","2013-04-08T00:00:00Z","Sector not yet specified","Central African Republic","Paid contribution","Donor and Agency"
"HVffzw99QbBnMHzNzCSBv2","CAF-13/SNYS/57317/7622","Ireland","Common Humanitarian Fund","Central African Republic 2013","Central African Republic 2013","2013","1331170","0","to be allocated to specific projects (CHF 13 01 2nd tranche)","966429","EUR","2013-10-15T00:00:00Z","Sector not yet specified","Central African Republic","Paid contribution","Donor and Agency"
"sJ9MKghBbQYqqFz8UnLEwK","CAF-13/CSS/53551/119","Ireland","Office for the Coordination of Humanitarian Affairs","Central African Republic 2013","Central African Republic 2013","2013","127714","0","Strengthening Humanitarian Coordination and Advocacy in Central African Republic [UNOCHA 13 02] (part of OCT 4115)","100000","EUR","2013-04-03T00:00:00Z","Coordination and support services","Central African Republic","Paid contribution","Donor and Agency"
"WT7oDgtcC99tMpeeSwmNvK","CAF-13/A/55775/123","Italy","Food & Agriculture Organization of the United Nations","Central African Republic 2013","Central African Republic 2013","2013","662252","0","Support to the Food Security and Livelihood Cluster Coordination of the United Nations and partners in the Central African Republic. ","500000","EUR","2013-09-27T00:00:00Z","Agriculture","Central African Republic","Commitment","Donor"
"5b9xsK4tRmGxCb7wS8WfMk","CAF-13/MS/55859/R/120","Japan","United Nations High Commissioner for Refugees","Central African Republic 2013","Central African Republic 2013","2013","3087410","0","Protection and assistance to refugees and asylum seekers, returnees from Chad and Cameroon and people at risk of statelessness in the Central African Republic ","","USD","2013-02-27T00:00:00Z","Multi-sector","Central African Republic","Paid contribution","Donor and Agency"
"HRrDrryJarqFUcVcw9GuxS","CAF-13/P-HR-RL/55894/R/120","Japan","United Nations High Commissioner for Refugees","Central African Republic 2013","Central African Republic 2013","2013","412590","0","Protection and Assistance to IDPs and IDP returnees in Haut Mbomou, Nana-Gribizi, Ouham and Ouham-Pende, Central African Republic","","USD","2013-02-27T00:00:00Z","Protection/Human rights/Rule of law","Central African Republic","Paid contribution","Donor and Agency"
"qb6fXU6xmuZwDbMD3MzQP8","CAF-13/E/55066/R/561","Japan","World Food Programme","Central African Republic 2013","Central African Republic 2013","2013","624356","0","Assistance to Conflict-Affected Populations in CAR ","","USD","2013-03-20T00:00:00Z","Education","Central African Republic","Paid contribution","Agency"
"L2SNcYTSa6xiJhHcahQKdd","CAF-13/F/55075/R/561","Japan","World Food Programme","Central African Republic 2013","Central African Republic 2013","2013","732940","0","Assistance to conflict-affected populations in CAR (IDP & Refugees)  ","","USD","2013-03-20T00:00:00Z","Food","Central African Republic","Paid contribution","Agency"
"Hz7aRCssBNL9MjfaQYirmg","CAF-13/F/55342/R/561","Japan","World Food Programme","Central African Republic 2013","Central African Republic 2013","2013","1085836","0","Assistance to conflict-affected populations in CAR (Livelihoods)","","USD","2013-03-20T00:00:00Z","Food","Central African Republic","Paid contribution","Agency"
"qd9rwKhFQczgBZFtA7EPKU","CAF-13/H/55357/R/561","Japan","World Food Programme","Central African Republic 2013","Central African Republic 2013","2013","271459","0","Nutritional support for children 6-59 months, pregnant women and lactating mothers in the post-conflict areas in CAR ","","USD","2013-03-20T00:00:00Z","Health","Central African Republic","Paid contribution","Agency"
"HVffzw99QbBnMHzNzCSBv2","CAF-13/SNYS/57317/7622","JUPEDEC (United Youth for the Protection of the Environment and Community Development)","Common Humanitarian Fund","Central African Republic 2013","Central African Republic 2013","2013","-265959","0","Balancing entry for fund allocation 201653","","USD","2013-08-23T00:00:00Z","Sector not yet specified","Central African Republic","Commitment","Donor"
"HVffzw99QbBnMHzNzCSBv2","CAF-13/SNYS/57317/7622","JUPEDEC (United Youth for the Protection of the Environment and Community Development)","Common Humanitarian Fund","Central African Republic 2013","Central African Republic 2013","2013","-296451","0","Balancing entry for fund allocation 201655","","USD","2013-07-15T00:00:00Z","Sector not yet specified","Central African Republic","Commitment","Donor"
"cxHyyXKFdkrTXuPeafLkVR","CAF-13/F/55075/R/561","Korea, Republic of","World Food Programme","Central African Republic 2013","Central African Republic 2013","2013","330000","0","Assistance to conflict-affected populations in CAR ( IDP & Refugees)  (KGV/255/2013)","","USD","2013-12-19T00:00:00Z","Food","Central African Republic","Commitment","Donor"
"4FBLwaa6fZxXhYazHLFpU2","CAF-13/MS/55859/R/120","Luxembourg","United Nations High Commissioner for Refugees","Central African Republic 2013","Central African Republic 2013","2013","325945","0","Protection and assistance to refugees and asylum seekers, returnees from Chad and Cameroon and people at risk of statelessness in the Central African Republic  (AH/HCR/2013/0006)","250000","EUR","2013-07-29T00:00:00Z","Multi-sector","Central African Republic","Commitment","Donor"
"ZEZpGxvNA3nb3TNNVa6bVb","CAF-13/CSS/56318/R/561","Luxembourg","World Food Programme","Central African Republic 2013","Central African Republic 2013","2013","66313","0","United Nations Humanitarian Air Service for Central African Republic ","50000","EUR","2013-03-20T00:00:00Z","Coordination and support services","Central African Republic","Paid contribution","Donor and Agency"
"HVffzw99QbBnMHzNzCSBv2","CAF-13/SNYS/57317/7622","Mercy Corps ","Common Humanitarian Fund","Central African Republic 2013","Central African Republic 2013","2013","-435222","0","Balancing entry for fund allocation 202699","","USD","2013-09-22T00:00:00Z","Sector not yet specified","Central African Republic","Commitment","Donor"
"HVffzw99QbBnMHzNzCSBv2","CAF-13/SNYS/57317/7622","Netherlands","Common Humanitarian Fund","Central African Republic 2013","Central African Republic 2013","2013","1250000","0","Common Humanitarian Fund - to be allocated to specific projects (25846 (DSH0117661) (additional)","","USD","2013-11-25T00:00:00Z","Sector not yet specified","Central African Republic","Paid contribution","Donor and Agency"
"HVffzw99QbBnMHzNzCSBv2","CAF-13/SNYS/57317/7622","Netherlands","Common Humanitarian Fund","Central African Republic 2013","Central African Republic 2013","2013","1250000","0","Common Humanitarian Fund - to be allocated to specific projects (25846 (DSH0117391)","1000000","EUR","2013-10-22T00:00:00Z","Sector not yet specified","Central African Republic","Paid contribution","Donor and Agency"
"qUvSKsKQCWs8iwDQLEuVsk","CAF-13/SNYS/59549/R/124","Norway","United Nations Children's Fund","Central African Republic 2013","Central African Republic 2013","2013","3286231","0","CAF-13/0001. Support to UNICEF’s humanitarian work in the

Central African Republic - lifesaving emergency assistance as well as education and protection for children and women.","20000000","NOK","2013-12-12T00:00:00Z","Sector not yet specified","Central African Republic","Paid contribution","Donor and Agency"
"HVffzw99QbBnMHzNzCSBv2","CAF-13/SNYS/57317/7622","Office for the Coordination of Humanitarian Affairs","Common Humanitarian Fund","Central African Republic 2013","Central African Republic 2013","2013","-384339","0","Balancing entry for fund allocation 192570","","USD","2013-01-25T00:00:00Z","Sector not yet specified","Central African Republic","Commitment","Donor"
"BXY4mEZi6qbVDwoqfvLVZ9","CAF-13/E/55538/5853","Private (individuals & organisations)","Triangle Génération Humanitaire","Central African Republic 2013","Central African Republic 2013","2013","365014","0","Réhabilitation de 10 écoles de la ville de Bambari et sa proche périphérie, et fabrication de 350 tables bancs (par Sortie de Crise, SDC )","265000","EUR","2013-11-23T00:00:00Z","Education","Central African Republic","Paid contribution","Agency"
"HVffzw99QbBnMHzNzCSBv2","CAF-13/SNYS/57317/7622","Rebatisseurs de la muraille des oeuvres de Dieu","Common Humanitarian Fund","Central African Republic 2013","Central African Republic 2013","2013","-50000","0","Balancing entry for fund allocation 206313","","USD","2013-12-23T00:00:00Z","Sector not yet specified","Central African Republic","Commitment","Donor"
"HVffzw99QbBnMHzNzCSBv2","CAF-13/SNYS/57317/7622","Save the Children ","Common Humanitarian Fund","Central African Republic 2013","Central African Republic 2013","2013","-494999","0","Balancing entry for fund allocation 201651","","USD","2013-08-29T00:00:00Z","Sector not yet specified","Central African Republic","Commitment","Donor"
"HVffzw99QbBnMHzNzCSBv2","CAF-13/SNYS/57317/7622","Solidarités International","Common Humanitarian Fund","Central African Republic 2013","Central African Republic 2013","2013","-380059","0","Balancing entry for fund allocation 202712","","USD","2013-10-11T00:00:00Z","Sector not yet specified","Central African Republic","Commitment","Donor"
"HVffzw99QbBnMHzNzCSBv2","CAF-13/SNYS/57317/7622","Solidarités International","Common Humanitarian Fund","Central African Republic 2013","Central African Republic 2013","2013","-137815","0","Balancing entry for fund allocation 202714","","USD","2013-10-11T00:00:00Z","Sector not yet specified","Central African Republic","Commitment","Donor"
"HVffzw99QbBnMHzNzCSBv2","CAF-13/SNYS/57317/7622","Sweden","Common Humanitarian Fund","Central African Republic 2013","Central African Republic 2013","2013","1516975","0","to be allocated to specific projects ","10000000","SEK","2013-11-15T00:00:00Z","Sector not yet specified","Central African Republic","Paid contribution","Donor and Agency"
"HVffzw99QbBnMHzNzCSBv2","CAF-13/SNYS/57317/7622","Sweden","Common Humanitarian Fund","Central African Republic 2013","Central African Republic 2013","2013","2978600","0","to be allocated to specific projects ","20000000","SEK","2013-04-12T00:00:00Z","Sector not yet specified","Central African Republic","Paid contribution","Donor and Agency"
"bnWhTSUqt8B4id5QcEMSPF","CAF-13/E/55621/5181","Sweden","Danish Refugee Council","Central African Republic 2013","Central African Republic 2013","2013","132626","0","back to school","100000","EUR","2013-01-08T00:00:00Z","Education","Central African Republic","Commitment","Donor"
"dQnTzUT6CvDnCGZnazzRXJ","CAF-13/P-HR-RL/57968/R/5181","Sweden","Danish Refugee Council","Central African Republic 2013","Central African Republic 2013","2013","1071319","0","Protection monitoring and rights promotion at community level in areas affected by the conflict, including direct assistance for victims of violence","7000000","SEK","2013-05-30T00:00:00Z","Protection/Human rights/Rule of law","Central African Republic","Commitment","Donor"
"Tz6QQ45EE2yM5dGeG8Roui","CAF-13/P-HR-RL/59207/R/6079","Sweden","Save the Children ","Central African Republic 2013","Central African Republic 2013","2013","298418","0","Holistic Emergency Child Protection in Bangui and Ouaka to prevent and respond to child recruitment and other violations of children's rights","2000000","SEK","2013-07-12T00:00:00Z","Protection/Human rights/Rule of law","Central African Republic","Commitment","Donor"
"4eWrv9c32TSegvP6XkaAaF","CAF-13/MS/55859/R/120","Sweden","United Nations High Commissioner for Refugees","Central African Republic 2013","Central African Republic 2013","2013","746046","0","Protection and assistance to refugees and asylum seekers, returnees from Chad and Cameroon and people at risk of statelessness in the Central African Republic","5000000","SEK","2013-06-28T00:00:00Z","Multi-sector","Central African Republic","Paid contribution","Donor and Agency"
"MwHwT6Kp36ern6ZCmeXGm9","CAF-13/CSS/56318/R/561","Sweden","World Food Programme","Central African Republic 2013","Central African Republic 2013","2013","763709","0","United Nations Humanitarian Air Service for Central African Republic","5000000","SEK","2013-08-09T00:00:00Z","Coordination and support services","Central African Republic","Commitment","Donor"
"KGebWXiWsqk8KTUmjxW4PN","CAF-13/P-HR-RL/55894/R/120","Switzerland","United Nations High Commissioner for Refugees","Central African Republic 2013","Central African Republic 2013","2013","882029","0","Protection of internally displaced men, women, boys and girls in conflict-affected areas in the Central African Republic (7F-08995.01)","800000","CHF","2013-12-01T00:00:00Z","Protection/Human rights/Rule of law","Central African Republic","Paid contribution","Donor and Agency"
"dzLhkp9h9L3MXnUSEjJcCB","CAF-13/E/55066/R/561","Switzerland","World Food Programme","Central African Republic 2013","Central African Republic 2013","2013","61828","0","Assistance to Conflict-Affected Populations in CAR ","","USD","2013-03-20T00:00:00Z","Education","Central African Republic","Paid contribution","Agency"
"Zu4z6dfJK9zPZu9WdkHbWd","CAF-13/F/55075/R/561","Switzerland","World Food Programme","Central African Republic 2013","Central African Republic 2013","2013","72581","0","Assistance to conflict-affected populations in CAR ( IDP & Refugees)","","USD","2013-03-20T00:00:00Z","Food","Central African Republic","Paid contribution","Agency"
"d73UT56u9xfYvrNZ6xnUj4","CAF-13/F/55075/R/561","Switzerland","World Food Programme","Central African Republic 2013","Central African Republic 2013","2013","70869","0","Assistance to conflict-affected populations in CAR ( IDP & Refugees) ","","USD","2013-10-17T00:00:00Z","Food","Central African Republic","Paid contribution","Agency"
"HVsAvMkbeTae6G8xhjD44K","CAF-13/F/55342/R/561","Switzerland","World Food Programme","Central African Republic 2013","Central African Republic 2013","2013","107527","0","Assistance to conflict-affected populations in CAR (Livelihoods)","","USD","2013-03-20T00:00:00Z","Food","Central African Republic","Paid contribution","Agency"
"KxPGaarJPSH92XMkmuQKTb","CAF-13/H/55357/R/561","Switzerland","World Food Programme","Central African Republic 2013","Central African Republic 2013","2013","26882","0","Nutritional support for children 6-59 months, pregnant women and lactating mothers in the post-conflict areas in CAR  ","","USD","2013-03-20T00:00:00Z","Health","Central African Republic","Paid contribution","Agency"
"aAqiNdcujVbv2VGa5kUWEC","CAF-13/H/55357/R/561","Switzerland","World Food Programme","Central African Republic 2013","Central African Republic 2013","2013","458232","0","Nutritional support for children 6-59 months, pregnant women and lactating mothers in the post-conflict areas in CAR","","USD","2013-10-17T00:00:00Z","Health","Central African Republic","Paid contribution","Agency"
"HVffzw99QbBnMHzNzCSBv2","CAF-13/SNYS/57317/7622","Triangle Génération Humanitaire","Common Humanitarian Fund","Central African Republic 2013","Central African Republic 2013","2013","-438395","0","Balancing entry for fund allocation 202697","","USD","2013-10-11T00:00:00Z","Sector not yet specified","Central African Republic","Paid contribution","Donor and Agency"
"XpjowGbWG3oUZfU7YRnX79","CAF-13/H/56251/R/124","UNICEF National Committee/France","United Nations Children's Fund","Central African Republic 2013","Central African Republic 2013","2013","64013","0","To mitigate the impact of the conflict on the health status of children and pregnant women by improving access to health care services in Central African Republic","","USD","2013-07-11T00:00:00Z","Health","Central African Republic","Paid contribution","Agency"
"R38TykrEqVGUX6VeF8NuMB","CAF-13/H/56251/R/124","UNICEF National Committee/France","United Nations Children's Fund","Central African Republic 2013","Central African Republic 2013","2013","328577","0","To mitigate the impact of the conflict on the health status of children and pregnant women by improving access to health care services in Central African Republic","","USD","2013-06-25T00:00:00Z","Health","Central African Republic","Paid contribution","Agency"
"3iVs2s4CTLnUH3L2aVNJpi","CAF-13/H/56251/R/124","UNICEF National Committee/France","United Nations Children's Fund","Central African Republic 2013","Central African Republic 2013","2013","500000","0","To mitigate the impact of the conflict on the health status of children and pregnant women by improving access to health care services in Central African Republic","","USD","2013-07-22T00:00:00Z","Health","Central African Republic","Paid contribution","Agency"
"eUTHbmpLYtLE2RzkWiFA7Q","CAF-13/H/56251/R/124","UNICEF National Committee/Germany","United Nations Children's Fund","Central African Republic 2013","Central African Republic 2013","2013","369560","0","To mitigate the impact of the conflict on the health status of children and pregnant women by improving access to health care services in Central African Republic","","USD","2013-07-11T00:00:00Z","Health","Central African Republic","Paid contribution","Agency"
"wkAmLiihommmLJSsZHUw6T","CAF-13/H/55728/R/124","UNICEF National Committee/Italy","United Nations Children's Fund","Central African Republic 2013","Central African Republic 2013","2013","496506","0","Emergency nutrition response in the Central African Republic (CAR)  ","","USD","2013-07-03T00:00:00Z","Health","Central African Republic","Paid contribution","Agency"
"kEeASJi5h2tGM3ZHua7K43","CAF-13/SNYS/59549/R/124","UNICEF National Committee/Netherlands","United Nations Children's Fund","Central African Republic 2013","Central African Republic 2013","2013","543478","0","to be allocated to specific projects ","","USD","2013-12-15T00:00:00Z","Sector not yet specified","Central African Republic","Paid contribution","Agency"
"h64LbBujsVZaUYzdQZ9N9Q","CAF-13/SNYS/59549/R/124","UNICEF National Committee/United Kingdom","United Nations Children's Fund","Central African Republic 2013","Central African Republic 2013","2013","161290","0","to be allocated to specific projects ","","USD","2013-12-15T00:00:00Z","Sector not yet specified","Central African Republic","Paid contribution","Agency"
"gB4zVxCQAXAdKPhey2suU7","CAF-13/H/56287/5195","United Kingdom ","Medical Emergency Relief International","Central African Republic 2013","Central African Republic 2013","2013","950598","0","Strengthening Primary Health Care services,Emergency Obstetric Care and HIV/AIDS sensitization to conflict affected populations in CAR (UK-DFID-ARD-204092-103)","613136","GBP","2013-09-11T00:00:00Z","Health","Central African Republic","Commitment","Donor"
"Rh7UKKhe7rWqLDmiCjHeAR","CAF-13/A/55365/5633","United Kingdom ","Solidarités International","Central African Republic 2013","Central African Republic 2013","2013","596122","0","Reinforcement of food self-sufficiency of vulnerable populations affected by conflicts and floods (UK-DFID-ARD-204092-104)","384499","GBP","2013-09-11T00:00:00Z","Agriculture","Central African Republic","Commitment","Donor"
"iCtgkzMetexh2T8TD5xtzS","CAF-13/WS/55529/5633","United Kingdom ","Solidarités International","Central African Republic 2013","Central African Republic 2013","2013","213716","0","Improvement of the water and sanitation access of vulnerable populations in Kabo’s sub-prefecture (UK-DFID-ARD-204092-104)","137847","GBP","2013-09-11T00:00:00Z","Water and Sanitation","Central African Republic","Commitment","Donor"
"783m88WTewD7ZPo4mARJkm","CAF-13/CSS/56318/R/561","United Kingdom ","World Food Programme","Central African Republic 2013","Central African Republic 2013","2013","1550388","0","United Nations Humanitarian Air Service for Central African Republic (UK-DFID-ARD-204092-102)","1000000","GBP","2013-09-11T00:00:00Z","Coordination and support services","Central African Republic","Commitment","Donor"
"HVffzw99QbBnMHzNzCSBv2","CAF-13/SNYS/57317/7622","United Nations Development Programme","Common Humanitarian Fund","Central African Republic 2013","Central African Republic 2013","2013","-62108","0","Balancing entry for fund allocation 198320","","USD","2013-06-08T00:00:00Z","Sector not yet specified","Central African Republic","Paid contribution","Donor"
"TutvD598bmYwpscXTSCTgH","CAF-13/A/55773/123","United States of America","Food & Agriculture Organization of the United Nations","Central African Republic 2013","Central African Republic 2013","2013","750000","0","Restoring food security and income generation through the promotion of livestock and agriculture production in the affected « prefectures » of Bamingui Bangoran, Ouham, Haute Kotto and Vakaga in Central Africa Republic (USAID/OFDA)","","USD","2013-09-30T00:00:00Z","Agriculture","Central African Republic","Commitment","Donor"
"D9UrGKzvsjGYqjGKPN6dgP","CAF-13/CSS/53551/119","United States of America","Office for the Coordination of Humanitarian Affairs","Central African Republic 2013","Central African Republic 2013","2013","400000","0","Strengthening Humanitarian Coordination and Advocacy in Central African Republic [OCT 4155]","400000","USD","2013-07-11T00:00:00Z","Coordination and support services","Central African Republic","Paid contribution","Agency"
"nuN4eGaqTEFWEFXc6B7k8T","CAF-13/H/55728/R/124","United States of America","United Nations Children's Fund","Central African Republic 2013","Central African Republic 2013","2013","400000","0","Emergency nutrition response in the Central African Republic (CAR) (USAID/OFDA)","","USD","2013-05-22T00:00:00Z","Health","Central African Republic","Paid contribution","Donor and Agency"
"jA5uSjmbDxW3VwFtFVi6pk","CAF-13/H/56251/R/124","United States of America","United Nations Children's Fund","Central African Republic 2013","Central African Republic 2013","2013","400000","0","To mitigate the impact of the conflict on the health status of children and pregnant women by improving access to health care services in Central African Republic (USAID/OFDA)","","USD","2013-05-22T00:00:00Z","Health","Central African Republic","Paid contribution","Donor and Agency"
"XZ8FTp69BFvDbA4MnGUN9R","CAF-13/H/56251/R/124","United States of America","United Nations Children's Fund","Central African Republic 2013","Central African Republic 2013","2013","450000","0","To mitigate the impact of the conflict on the health status of children and pregnant women by improving access to health care services in Central African Republic (USAID/OFDA)","","USD","2013-05-22T00:00:00Z","Health","Central African Republic","Paid contribution","Donor and Agency"
"aVHWDvc7aPZBfK8hrLK4Dm","CAF-13/P-HR-RL/55731/R/124","United States of America","United Nations Children's Fund","Central African Republic 2013","Central African Republic 2013","2013","500000","0","Prevent, respond and coordinate to gender based violence (GBV) in Central African Republic (USAID/OFDA)","","USD","2013-05-22T00:00:00Z","Protection/Human rights/Rule of law","Central African Republic","Paid contribution","Donor and Agency"
"ZnP7BGZb46NCR9fuUJwjtU","CAF-13/P-HR-RL/55734/R/124","United States of America","United Nations Children's Fund","Central African Republic 2013","Central African Republic 2013","2013","250000","0","Prevention and response to the use of children in armed conflict (USAID/OFDA)","","USD","2013-05-22T00:00:00Z","Protection/Human rights/Rule of law","Central African Republic","Paid contribution","Donor and Agency"
"6LRB7pgkUWXpiwffxYToR9","CAF-13/SNYS/59549/R/124","United States of America","United Nations Children's Fund","Central African Republic 2013","Central African Republic 2013","2013","227945","0","to be allocated to specific projects (USAID/OFDA)","","USD","2013-12-19T00:00:00Z","Sector not yet specified","Central African Republic","Commitment","Donor"
"wFUj27EH4QLMUyzwpSFvJQ","CAF-13/SNYS/59549/R/124","United States of America","United Nations Children's Fund","Central African Republic 2013","Central African Republic 2013","2013","200000","0","to be allocated to specific projects (USAID/OFDA)","","USD","2013-05-22T00:00:00Z","Sector not yet specified","Central African Republic","Paid contribution","Donor and Agency"
"VZ67yHLo4tXxE4oEvLLTfi","CAF-13/MS/55859/R/120","United States of America","United Nations High Commissioner for Refugees","Central African Republic 2013","Central African Republic 2013","2013","3700000","0","Protection and assistance to refugees and asylum seekers, returnees from Chad and Cameroon and people at risk of statelessness in the Central African Republic","","USD","2013-04-30T00:00:00Z","Multi-sector","Central African Republic","Paid contribution","Agency"
"Xw5FHeRxeRy8xYbfcFRaoB","CAF-13/MS/55859/R/120","United States of America","United Nations High Commissioner for Refugees","Central African Republic 2013","Central African Republic 2013","2013","2600000","0","Protection and assistance to refugees and asylum seekers, returnees from Chad and Cameroon and people at risk of statelessness in the Central African Republic (STATE/PRM)","","USD","2013-12-19T00:00:00Z","Multi-sector","Central African Republic","Commitment","Donor"
"B6jXfj5GPnSvLV7BfSp5fg","CAF-13/CSS/56318/R/561","United States of America","World Food Programme","Central African Republic 2013","Central African Republic 2013","2013","525000","0","United Nations Humanitarian Air Service for Central African Republic (STATE/PRM)","","USD","2013-06-14T00:00:00Z","Coordination and support services","Central African Republic","Commitment","Donor"
"sYiCcyZ8LjcAkn4QkWwWQS","CAF-13/CSS/56318/R/561","United States of America","World Food Programme","Central African Republic 2013","Central African Republic 2013","2013","1000000","0","United Nations Humanitarian Air Service for Central African Republic (USAID/OFDA)","","USD","2013-12-06T00:00:00Z","Coordination and support services","Central African Republic","Commitment","Donor"
"PoYPKcKQ9BsXLiLKfegJyN","CAF-13/E/55066/R/561","United States of America","World Food Programme","Central African Republic 2013","Central African Republic 2013","2013","2133605","0","Assistance to Conflict-Affected Populations in CAR ","","USD","2013-05-19T00:00:00Z","Education","Central African Republic","Paid contribution","Agency"
"eiQBPj5tfoh85H7hYU3oLY","CAF-13/F/55075/R/561","United States of America","World Food Programme","Central African Republic 2013","Central African Republic 2013","2013","2504667","0","Assistance to conflict-affected populations in CAR (IDP & Refugees) ","","USD","2013-05-19T00:00:00Z","Food","Central African Republic","Paid contribution","Agency"
"bArin6tzBUUQZQjembirSB","CAF-13/F/55342/R/561","United States of America","World Food Programme","Central African Republic 2013","Central African Republic 2013","2013","3710618","0","Assistance to conflict-affected populations in CAR (Livelihoods)","","USD","2013-05-19T00:00:00Z","Food","Central African Republic","Paid contribution","Agency"
"wEJEYBMAsEqqWmU4HR9ZFm","CAF-13/H/55357/R/561","United States of America","World Food Programme","Central African Republic 2013","Central African Republic 2013","2013","927654","0","Nutritional support for children 6-59 months, pregnant women and lactating mothers in the post-conflict areas in CAR","","USD","2013-05-19T00:00:00Z","Health","Central African Republic","Paid contribution","Agency"
"nvh6wJ9RisASRs8dsbFjG4","CAF-13/CSS/56318/R/561","Various Donors (details not yet provided)","World Food Programme","Central African Republic 2013","Central African Republic 2013","2013","300000","0","United Nations Humanitarian Air Service for Central African Republic (Cost recovery)","","USD","2013-03-20T00:00:00Z","Coordination and support services","Central African Republic","Paid contribution","Agency"
"MoAtZgANP4euHFkfDtf8of","CAF-13/E/55066/R/561","Various Donors (details not yet provided)","World Food Programme","Central African Republic 2013","Central African Republic 2013","2013","646177","0","Assistance to Conflict-Affected Populations in CAR (Resource transfer)","","USD","2013-05-19T00:00:00Z","Education","Central African Republic","Paid contribution","Agency"
"Ape9q82mwY27NmnSk5JxUS","CAF-13/F/55075/R/561","Various Donors (details not yet provided)","World Food Programme","Central African Republic 2013","Central African Republic 2013","2013","758555","0","Assistance to conflict-affected populations in CAR (IDP & Refugees)  (Resource transfer)","","USD","2013-05-19T00:00:00Z","Food","Central African Republic","Paid contribution","Agency"
"bo5bf6MCag6iCX54xprDbc","CAF-13/F/55342/R/561","Various Donors (details not yet provided)","World Food Programme","Central African Republic 2013","Central African Republic 2013","2013","1123785","0","Assistance to conflict-affected populations in CAR (Livelihoods) (Resource transfer)","","USD","2013-05-19T00:00:00Z","Food","Central African Republic","Paid contribution","Agency"
"NkcSzPocPPBTEx8TpoWNCb","CAF-13/H/55357/R/561","Various Donors (details not yet provided)","World Food Programme","Central African Republic 2013","Central African Republic 2013","2013","280946","0","Nutritional support for children 6-59 months, pregnant women and lactating mothers in the post-conflict areas in CAR (Resource transfer)","","USD","2013-05-19T00:00:00Z","Health","Central African Republic","Paid contribution","Agency"
"HVffzw99QbBnMHzNzCSBv2","CAF-13/SNYS/57317/7622","World Food Programme","Common Humanitarian Fund","Central African Republic 2013","Central African Republic 2013","2013","-300000","0","Balancing entry for fund allocation 192568","","USD","2013-01-25T00:00:00Z","Sector not yet specified","Central African Republic","Paid contribution","Donor and Agency"
