"transaction_id","project_id","transaction_isodate","transaction_year","transaction_value_code","transaction_currency","transaction_value"
"rri6WW6JGwCdWgip5MWgJi","34410-012","","2000","D","USD","7410534"
"7KBeGhPjmAtnjMQKEFVssY","36290-012","","2002","D","USD","731574"
"byizFFs4XXXdmwUF8jLyqg","36340-012","","2002","D","USD","301236"
"hEimdWo69ohFZiW9NikSLe","36472-012","","2002","D","USD","4694370"
"VKr5Dkfkez3b6MaA3NnvL7","36616-012","","2002","D","USD","73772"
"rSPXxVB5RZiuh7orw4t5RN","36520-012","","2002","D","USD","184430"
"fEuj6SXWZaQyGX44fwtybh","37106-012","","2003","D","USD","144505"
"BUBLDnaTD4beeeRCxy2x3g","36645-012","","2003","D","USD","120421"
"ie3s53FfrY4FBrXrbSDCWK","37449-012","","2003","D","USD","180631"
"YhSskqjhSpmFQaAU6gzC6n","37352-012","","2003","D","USD","963370"
"WjXVUJF5RGkSwAtNRat7Mf","37011-012","","2003","D","USD","180631"
"ccNUFGhcvKf4Eg7XTZ9mN5","37295-012","","2003","D","USD","3612637"
"2XRsLMgCKY2k9N76TGZT2e","36647-012","","2003","D","USD","487706"
"SNkBiNAkaHEn9iewt42ZyQ","37027-012","","2003","D","USD","722527"
"2apVDgx824aRiwpb7QLAsc","37677-012","","2003","D","USD","602106"
"wJFwGEw4Bb2PhMotWPkjwn","37715-012","","2003","D","USD","602106"
"sjr7vdA3YBYR7hteJtjE2b","37720-012","","2003","D","USD","216758"
"dfBqKovX8DMoh9EgCwwq9J","36664-012","","2003","D","USD","240842"
"DDWoYYrK6Uigyxn2oCpn9K","37034-012","","2003","D","USD","1144001"
"5KNRPqpYEfpCvuafmTT86J","36516-012","","2003","D","USD","842948"
"haqMa5gststRfmCLPGmsH2","37760-012","","2003","D","USD","361263"
"zqm44FfwiXKdK77yg4CFD8","36668-012","","2003","D","USD","963370"
"dUdfWYdP7NQ7jiZqxuGUtZ","37738-012","","2003","D","USD","180631"
"Bqg5UknAqEJXLPbJLa8t6S","36661-012","","2004","D","USD","546966"
"CZmdq8hPZEMthdHejYsXeC","38100-012","","2004","D","USD","105411"
"74JLW3adUCatjw6vVid2F5","38133-012","","2004","D","USD","175685"
"MEmxoPNCnoXxGeuRndzcYM","37229-012","","2004","D","USD","5856176"
"WLP8Sj7SYmg8PhXiCWyL9U","38235-012","","2004","D","USD","409932"
"xPatwiVA8oj4kUy3eT7om6","38455-012","","2004","D","USD","175685"
"zVoGD7UMUxKQkscesSvyxM","38483-012","","2004","D","USD","351370"
"ii9hXJnzSn4AG8zZJ3pUZg","37027-013","","2004","D","USD","23424704"
"EDHY28eYidtK9bHHgc3k2R","37483-012","","2004","D","USD","1054111"
"Uk7NYqrjfbcKZrM9nrk6Sb","37743-012","","2004","D","USD","3513705"
"4MXxUVv756w5DR2erBwjGi","38118-012","","2004","D","USD","936988"
"wjUFx3cujA4UaWiE3RWWUQ","38599-012","","2004","D","USD","175685"
"3KqK8ccm4rKqcGNdQbJByB","38582-012","","2004","D","USD","585617"
"rxzyvKfYAioPMkNmTCwqB3","38173-012","","2005","D","USD","566793"
"P78cw6QZv77EGrdS9FzfZE","38635-012","","2005","D","USD","340075"
"upuCq7REjVPjsqQbyrCABU","39027-012","","2005","D","USD","453434"
"DSjRjDxU6sNX8TQMHJYoBc","36247-022","","2005","D","USD","566793"
"vJxuZnVn44ixAkX9x42Fu3","37269-012","","2005","D","USD","708491"
"iCV55389ATZn8uzmXwhgmF","39173-012","","2005","D","USD","680151"
"a5aMicwhVuvf4vkM9RAANT","38633-012","","2005","D","USD","906868"
"Z5k7UQhCsJBNGQHZkE22zD","39074-012","","2005","D","USD","1133586"
"cKUP4HEq2gkFTEQfRbq3x7","37449-013","","2005","D","USD","1700379"
"j6hrCB7A3kNW53oWV5uCSY","39578-012","","2005","D","USD","170037"
"ngdWoEEe9Y4oGTQn8fzfkD","39124-012","","2005","D","USD","226717"
"RjBsVvxiqqbfip2XBgZ5uT","39096-012","","2005","D","USD","340075"
"h73BiRrJ4V6v7MxPVkyA6C","39083-012","","2005","D","USD","566793"
"5Hty8hWdgzxAXv7tHPHe6W","38599-022","","2005","D","USD","9068688"
"YsAGeQWYGH4kTzU9oRvK3G","39023-012","","2005","D","USD","1116582"
"agAG3oD4RwTokRrBTqdcAg","39260-012","","2005","D","USD","385419"
"5zcrDnbEJg5qEV3v668a6b","39197-012","","2005","D","USD","368415"
"AgEEcZwcRiaqXbSu9gfdWb","38015-012","","2005","D","USD","1020227"
"L3uTxjCjXrXFnTKGdPuRJf","38522-012","","2005","D","USD","1133586"
"jPFkVAp57WJLUotTWt6gsm","38055-012","","2005","D","USD","680151"
"4sRizoE2DQLQnLtzPGBYLA","39592-012","","2005","D","USD","566793"
"jkAeFuSHw3FPiXYbF8GYig","37453-012","","2005","D","USD","56679"
"8UJhKqD7onirQLXBVu56ea","39600-012","","2005","D","USD","170037"
"LwU9ZKb7cXKbZewc5j7fiP","39340-012","","2005","D","USD","226717"
"fcXNQUcyejaTCiRbas7c24","39185-012","","2005","D","USD","2811293"
"WFFJQ8ZSRiXQBWJQCoAvmJ","39540-012","","2005","D","USD","736830"
"hrgYwCbQnEXtQnfxUfvgyh","37648-012","","2005","D","USD","1133586"
"8ExirbcivjAaKeJHpad8qe","39349-012","","2005","D","USD","566793"
"E8bNHdKygPyxc2hMC93Svb","36231-013","","2002","D","USD","184430495"
"neFSGL6FFGQLKzbnFb2d5U","36673-013","","2003","D","USD","180631879"
"CPujicJ9i25E2zdGJ8TKdF","37078-012","","2003","D","USD","903159"
"DfeX2vMNqb3eyJZGnqjMDc","37136-012","","2003","D","USD","1204212"
"TirQCyFDbimAq4GXanyvqR","37077-012","","2003","D","USD","903159"
"MjnBCyiNbNyD9955G6nfNL","37021-012","","2003","D","USD","4094322"
"5XKmpzvViTtjN56GgTbSNM","37055-012","","2003","D","USD","481685"
"ZwQCs7E9Y8tUDhDv4vk5Eb","37047-012","","2003","D","USD","2107371"
"GVSdjHQSUSzPxM7ukWYh92","37118-012","","2004","D","USD","878426"
"JGjfQKH2uhgPZP6hcPbPi2","38002-012","","2004","D","USD","1171235"
"Q26vcuULv75LQAfhPygcDX","37046-013","","2004","D","USD","64417937"
"VqgfRunbvMQjR53xsLDvqP","37561-012","","2004","D","USD","1159522"
"ss5iq9fSUUABqAcAc8kWwZ","37084-012","","2004","D","USD","2342470"
"gkbh4yNMJ5vJLwUC95Ftma","38598-013","","2004","D","USD","5856176"
"SgFb5MEPi4Hre8zkRngjxH","36252-012","","2004","D","USD","1405482"
"ccLoPMNpNpZpeNGiS7asDE","37075-013","","2004","D","USD","93698818"
"q8zRrQzbZNshVvy4fYJrCD","38221-012","","2004","D","USD","292808"
"m7LHBPkyTjhnRA3kvyNyxM","37053-012","","2004","D","USD","1124385"
"Mgr9EqeEmvSEoP4boTbjJ8","38251-012","","2004","D","USD","527055"
"5e2SnPByckwwb9qTS2hK98","37078-013","","2005","D","USD","56690641"
"J5zD6LxtkZ5wk2LscYc7QR","37264-012","","2005","D","USD","1133586"
"mqbTuBXxERYctdddRyReK2","37075-022","","2005","D","USD","62347235"
"Xfmko5JRoBY7gm4ZQTeB6c","37493-012","","2005","D","USD","226717"
"V7WDwFK6rY99acAQo5JDn4","39078-012","","2005","D","USD","906868"
"iH7ddDRJZrDU6difXYBi7L","37085-012","","2005","D","USD","1127918"
"9Ginh6HFVthUwitAUF3JjK","37083-012","","2005","D","USD","1133586"
"yferJ6whgbJK6WhiXMAR7S","39571-012","","2005","D","USD","453434"
"XoZhW24PnepXKyLpWWyfnQ","38252-012","","2005","D","USD","855857"
"xUj3362qzaZY2QhPXQnbA9","38122-013","","2005","D","USD","62347235"
"jnqnPRQ5DAm3vHEPCLXnNi","42091-022","","2005","D","USD","340075831"
"tTCX3QWW2f6vPkuhJgy5ET","37393-012","","2005","D","USD","1133586"
"J9cHLH9Jfjp7b7RqDcoJ4j","39651-012","","2005","D","USD","453434"
"XGb5GZWnGvTKVt5DJriAb3","39548-012","","2005","D","USD","170037"
"xpzGqvDnQgmUDMS2cctQaf","28314-013","","2003","D","USD","10115385"
"2dF7rsmAF9aPxVFtiu4CsL","34285-012","","2003","D","USD","421474"
"pv5o98f38hhfxeuVHnRu5B","36513-022","","2003","D","USD","848969"
"kG46JYFQLV2onDRgSHAVqm","38182-012","","2004","D","USD","175685"
"hUCSz7vLoaojeSWMsHYtp2","34285-013","","2005","D","USD","9533459"
"5cynkiPgu6YjhEzUhfxTDV","35087-012","","2001","D","USD","924588"
"R6zSZJHPqgMuRVeasp62Tk","35081-013","","2003","D","USD","26492675"
"tAdaoWrSTY2xJtKJzHWjNA","35457-012","","2004","D","USD","175685"
"u4upQw25yZS86cKqm7z4Z4","35087-013","","2004","D","USD","35137057"
"k92YDH4ep8A4AfwK243nXR","39030-012","","2005","D","USD","396755"
"T9WxVw828y5hEqUrUnmCtK","37703-012","","2005","D","USD","226717"
"wtvN6yrdkdZFs7pqUVGpz5","39176-012","","2005","D","USD","1280952"
"MyQ5YCox4UJm5bcNjg76JU","36014-022","","2005","D","USD","952212"
"E2KkKHq4Mck4EYTom4ABUU","35457-013","","2005","D","USD","58946477"
"gtecpEyd2NLDRc6NkUFEJ3","39622-012","","2005","D","USD","566793"
"t6TCr9JfboFXdDyzqryCRU","30332-013","","1999","D","USD","78319971"
"HN2LMcyr7fjG3JoYWj7eeW","32193-012","","1999","D","USD","652666"
"nhRrVddnGN9wL6ucEJmBf6","28025-013","","1999","D","USD","204937259"
"MfWuMUfYowtBMcefbiKTn2","30209-012","","1999","D","USD","522133"
"mvFQoM3iiKyQ7HnR9sRDWj","31309-012","","2000","D","USD","766606"
"JgFu7vQa6X8mMDiRrPyUa5","32223-012","","2000","D","USD","1022142"
"o8arU4TjUuur3dVehReh9e","32193-013","","2000","D","USD","59156505"
"z2LgtLJtEFKwSnRqNvJF6o","33243-013","","2000","D","USD","120101759"
"zQ9fY9SfcmmkfjyCMh7FwL","34038-012","","2001","D","USD","1249444"
"8c2vixSfCEy6Lr489vrPDT","30209-013","","2001","D","USD","42481110"
"ytxWorjkYPWJkvYPXFJjfm","29041-022","","2001","D","USD","437305"
"jVbr2hB5fyq48VFKK8F57H","30216-012","","2001","D","USD","999555"
"YqHo9Eg9sp4DxKxoH9aowC","31296-013","","2001","D","USD","248514498"
"ZhuwHq9Ppcd4B2DeJkL722","35486-012","","2001","D","USD","1124499"
"o3pMN9vzmiSz94rhwAMjAF","35228-012","","2002","D","USD","614768"
"BUxZtPJvnuRhgHWFxKbqy3","35225-012","","2002","D","USD","737721"
"VaM8kw9BegNbeMJHUpcvu6","26061-012","","2002","D","USD","737721"
"EBPCqY9bWbLWbP8CkZNc3X","32223-013","","2002","D","USD","79919881"
"VGjKsMZpR5VzJh7HCj3gkf","34039-012","","2002","D","USD","1045106"
"cDFRgYrMNZJzZyMoRG22KH","34038-013","","2002","D","USD","51886446"
"EtVbFT9KfxpZFmZysW84nJ","35466-013","","2002","D","USD","89264359"
"SLKYcepMWn8kzRU7fqNZx4","29041-013","","2002","D","USD","73772198"
"dwnyrnXVYEwsiWWVcgueqD","33233-012","","2002","D","USD","737721"
"CjTsoj68vCHvuRhSy3BQ9n","34418-012","","2003","D","USD","1083791"
"snubuhKkKwebRFdVtytnX5","36307-012","","2003","D","USD","180631"
"qodMRiLhhNCuC9vW7KYLJF","36105-012","","2003","D","USD","602106"
"fpJ3JWHnj9zAXySeqqJhM7","33224-012","","2003","D","USD","782738"
"dZgmsKqETdo6gzXxnM9FXM","37017-012","","2003","D","USD","1023580"
"ZjoHHQNCPk2okdcVzgQvcN","36296-012","","2003","D","USD","481685"
"6wHgJ2Xaer4MePbhvAVdqD","34415-013","","2003","D","USD","72461080"
"uU8fbhffXrryKknHhefPqZ","36205-013","","2003","D","USD","216325942"
"6UpdAaNerrSByHvEmMRsPb","36205-023","","2003","D","USD","120421252"
"K2fCw93cnH8TrzPgtfQHRd","36197-012","","2003","D","USD","662316"
"3gjR83nuyfDPyozcYQAeEZ","35228-013","","2003","D","USD","24084250"
"pLma3C4JhZmUMXuGSZ8Jum","35242-012","","2004","D","USD","562192"
"Y46jcgJwWa49QpoPx5iGoi","36107-012","","2004","D","USD","983837"
"2dR5ivxMNFopdUefGBwjXo","26061-013","","2004","D","USD","80698107"
"G5XFosCHxjxJegJviZhhf9","38128-012","","2004","D","USD","585617"
"GbVnW8HUGUeCy2Sh8VTBdC","36105-013","","2004","D","USD","36659662"
"CMMtBWo9cgbJ8UtqEu2A7D","35225-013","","2004","D","USD","59264502"
"BiyCdupJ5HVkK62zpzsRT4","36224-012","","2004","D","USD","468494"
"wuur4Et9hFJaX4PDcaF9Ah","37334-012","","2004","D","USD","409932"
"r4v6CxTicKZYXrBNihWP7K","36297-012","","2004","D","USD","936988"
"hfgBq4775PDyNKms3cCEWE","37307-012","","2004","D","USD","843289"
"LqTUc7KyY8vd3ddVFiSa9Q","26427-013","","2005","D","USD","90686888"
"sJBzmMuberX7bjXLLqirxi","36296-013","","2005","D","USD","45343444"
"jRumpsZJPdEbFiZyUEmuMT","35049-012","","2005","D","USD","906868"
"D34EbJbDgjeB5fGfKW8JhW","33224-013","","2005","D","USD","48857561"
"JH35cZtxd2sUtGr3DYYDRS","35242-013","","2005","D","USD","260724804"
"kt5ApniT5Vt2VGNiRhbVLL","38481-012","","2005","D","USD","453434"
"6586gfB87nd85t2EHg67Fb","34418-013","","2005","D","USD","22671722"
"bFzU8Fj2CUBkf68CPERkaW","37017-052","","2005","D","USD","850189"
"iep9qwfSfgP8t9EHjJephd","37017-032","","2005","D","USD","1133586"
"fuHjAYhCkrYWH5fjEWU8HU","35246-012","","2005","D","USD","680151"
"tYLPQJ28SoTekTi78bqB4d","32373-012","","2003","D","USD","602106"
"8R3erEjQ7iT8v8JrpCDuo8","36207-012","","2004","D","USD","322089"
"L29jx7MNnnuTY62PKRDjRg","38049-012","","2004","D","USD","702741"
"AzDpby5q4a2tXF72jFqKib","37398-012","","2005","D","USD","453434"
"2A3cr7ATggwbg59j6SkM85","37164-022","","2005","D","USD","566793"
"M3L2972u2HP6SbfxFYCL2U","38410-012","","2005","D","USD","226717"
"f7n2rwF32KBgTFfS355kWV","32373-013","","2005","D","USD","31286976"
"fy6BbmtKsdPBW6q74VhUtn","36207-022","","2005","D","USD","340075"
"N7DbESEGXrSgjjjHVc9T5j","28212-022","","1999","D","USD","637002"
"pooaLfBcVh8D3WzzPPKzQj","32334-012","","2000","D","USD","1022142"
"G3L55uci4jGXFtaxxTQPyU","34561-013","","2000","D","USD","255535659"
"Ri9LpTYy35k4qTsjJR5rpY","33439-012","","2000","D","USD","830490"
"bXvmZ82gbiLiSUHdvV6oCT","31190-013","","2000","D","USD","166098178"
"Jy42xREXySF6RWErBBkg5J","32336-012","","2001","D","USD","962072"
"gnVQwmHAHo77y4vjCkukC7","33437-012","","2001","D","USD","2242752"
"kySjDfMWvaAUyMHDzx8dsj","33469-012","","2001","D","USD","374833"
"yYY6ZwxnTDG9G97nWZ72Fg","33441-013","","2001","D","USD","183668331"
"zasA9HtWkS6R8VAXB8tWwh","35339-012","","2002","D","USD","307384"
"eDg4WJKEKMJ7tuZGcqFaw9","30403-012","","2002","D","USD","1227077"
"ADFz9DWUaXEeKyAwHFZppD","36362-012","","2002","D","USD","614768"
"A9ymcFSAKfJdWeuo3Jo5Kg","33437-013","","2002","D","USD","184430495"
"feXTKWYoVMUAXerLuj8Tq7","32334-013","","2002","D","USD","368860991"
"oFXXFxTjAhFvqWb6Hciqgf","28212-013","","2002","D","USD","177053275"
"36LVo3r6icBoR7UDhhmpGk","35289-012","","2002","D","USD","879118"
"5DVmbZ4h2mJBxFgWiENgvQ","34097-013","","2002","D","USD","152462543"
"eDwAiUihNmFbLGMAzYLGFG","34472-013","","2003","D","USD","99949639"
"5RgydqKyoMHZamKzcH3Uhm","35337-012","","2003","D","USD","602106"
"9Xt7mVpoHKtwT9juX8nwNX","36432-012","","2003","D","USD","602106"
"UQ2KZxpXgoDn3jVEvPHQQL","33469-013","","2003","D","USD","301053132"
"58ZnoM8HPDjyqaaWGG7xC2","32336-013","","2003","D","USD","301053132"
"7sDsvvVLYuycjxopzzQ6EA","33470-012","","2003","D","USD","602106"
"YXvm4sBo3RniGhrncmCp2L","36505-012","","2003","D","USD","722527"
"v3CqCB3kgvtboHvGHp3HZN","36507-012","","2003","D","USD","782738"
"SW8A5o5AuCMoKtFZDHXhN6","33459-013","","2003","D","USD","325137382"
"FbNmLXbGrjvqwkcq47xwEE","34473-012","","2003","D","USD","963370"
"aqfiB96iAoqRNCKordzemA","37230-012","","2003","D","USD","180631"
"czNRUW3nLuenonAwrV4eZB","35339-013","","2003","D","USD","602106264"
"S45iCTQsQ4FimM3WH7gw8e","34174-012","","2003","D","USD","842948"
"abJhKaa67VJATi7D5egmLJ","37641-012","","2004","D","USD","175685"
"9UNmJbtLzrgHa5PZRzpZ6a","33439-013","","2004","D","USD","93698818"
"LKGLJDwwAuogNyKTAsSvV8","37487-012","","2004","D","USD","585617"
"6Ywr8HkBB4bsBMX3akz2GX","36451-012","","2004","D","USD","585617"
"cpL4CEHn59yf5P9SKjta4U","36445-012","","2004","D","USD","1171235"
"azQipoqJw4Cw2KCiLH5NyQ","37001-012","","2004","D","USD","585617"
"cvB3vdKBXEfFDGQL8zA28R","37494-012","","2004","D","USD","585617"
"x8kpbyT3TVVaq3tcBth7rG","37596-012","","2004","D","USD","655891"
"JgcHDkU3E8fksvc2crLUwW","35338-013","","2004","D","USD","366011011"
"8HyarWfaqNSS2sGddaEMGJ","37647-012","","2004","D","USD","585617"
"2LaLUGHF88ufqjbYbnTU69","35337-013","","2004","D","USD","234247047"
"44tdYAhsNtDXPrvwAwU96n","37597-012","","2004","D","USD","819864"
"ByHttgRk7XZ6YvCNLDMmrS","38555-012","","2004","D","USD","585617"
"ErSFZ947kuKc74NoXNkLf8","36362-013","","2004","D","USD","66409037"
"H8Z3hX8CqHf5JLpzi8HR7R","38587-012","","2004","D","USD","175685"
"p4fpntQuRa8wAGM5F3iMbW","36432-013","","2004","D","USD","210822342"
"nGkSQMLHzYHt2MJSfb3kt9","33470-013","","2004","D","USD","351370570"
"yT7eEsPzCTy7ZzcfeiHC3E","38511-012","","2004","D","USD","585617"
"QEFCwcHnqKvFG36aLFqYsa","30403-013","","2004","D","USD","137503016"
"tdnyTf5kxCDMaS6U2xsFJF","38094-012","","2004","D","USD","702741"
"ym6tz4HggTbEVKLvdivDAJ","35289-013","","2005","D","USD","17003791"
"3xteGnJFdsedb38t6jeR64","36433-012","","2005","D","USD","566793"
"y47UkBMw6zvpHEQ2veeK8f","39019-012","","2005","D","USD","566793"
"QsueoJkzsVFt4XWxptF5ng","38594-012","","2005","D","USD","906868"
"GgL5n3oghcdV99shiZEEch","39038-012","","2005","D","USD","566793"
"JXJiytFAUfc56FQgnc83R7","36507-013","","2005","D","USD","113358610"
"ZCTmGMpZ6PeDoEMfPkWPRP","37603-012","","2005","D","USD","680151"
"TEN7jxZsUGP52fDbDxzoqd","39008-012","","2005","D","USD","1133586"
"23EkhdL8sxC4eYon9VjRx2","35340-013","","2005","D","USD","63254104"
"tgeKbruE7Exs7BjQDaTywd","36595-012","","2005","D","USD","850189"
"SRijgdTsTUSHiq98p7eQYU","39041-012","","2005","D","USD","566793"
"gsfUcLZhkEcpBBGVeZq22L","38174-012","","2005","D","USD","906868"
"4GUNiGN5waX8eWpLKPgWcC","39079-012","","2005","D","USD","170037"
"whwqxQotbpW5ySyRRoz62G","38660-012","","2005","D","USD","566793"
"4SLcA3DZtzpKadEw3PWePS","39098-012","","2005","D","USD","170037"
"jdLtKyBwxWH4GRvT6yfZmV","34174-013","","2005","D","USD","567246487"
"MyRb9SCbvs7zheRsgPaikk","37487-013","","2005","D","USD","453434442"
"qNgzft4KvBVqub25CLUwqb","39153-012","","2005","D","USD","566793"
"vuCrVhMBEaZSChCheF9iiD","34175-012","","2005","D","USD","396755"
"jXiVnXRyYggpGoQ7FCVSbh","36458-012","","2005","D","USD","453434"
"uRdbcpq8uRisNafAP3azq3","37628-012","","2005","D","USD","453434"
"TfKwjKqLncSBbWUbHEPxRP","38226-012","","2005","D","USD","566793"
"L9EbgqwCJvFWZAmGdpCSdg","39020-012","","2005","D","USD","680151"
"XNvbnLoHSGoivHyBVfA2nk","36024-032","","2005","D","USD","793510"
"U7tYkXzMxh4ZrfgnMCSoZD","34473-013","","2005","D","USD","113358610"
"S2uXpicK78i2VMc9FESPcA","38512-012","","2005","D","USD","1133586"
"hvQhygyLuKsoLYzaQ7WSoY","37494-013","","2005","D","USD","235785909"
"ZcCsWjsTki6miURhZCE4Ua","39647-012","","2005","D","USD","623472"
"CQ5FP2GzPhfDL5HGXgASiK","32525-013","","2002","D","USD","20656215"
"TgyN9Hz899SRBF888U7KtL","32200-013","","2003","D","USD","57540887"
"AyqZvMQPVnRsK7qD9BmiKY","37187-012","","2005","D","USD","793510"
"dNafqYM6z5eP9sQnbi873Q","37183-012","","2005","D","USD","340075"
"ZWEY6rc5Tk4gLFTqSLWNR6","35448-013","","2004","D","USD","22721963"
"k5S6q7U2niPW5JEhwYAufj","32176-012","","1998","D","USD","331417"
"3feoBATu2N4GomGmbpA9Yn","32367-012","","1999","D","USD","195799"
"7wqGNb5hxzjYs6pJyTqD4P","34100-012","","2000","D","USD","1022142"
"cR9qk349zuiF3sUxDgiXNA","32367-013","","2000","D","USD","146933004"
"GYHV7itDgqpFi5NBmdzQK6","34112-012","","2000","D","USD","536624"
"8TgyhWUsdptUCWmbv7o3RT","31081-013","","2000","D","USD","229982093"
"zaREa9kVKHNo8pjnxCep2U","34149-012","","2001","D","USD","1249444"
"aLGpF9p3m2D9hgG9rMt6u9","31137-013","","2001","D","USD","124944443"
"gwrEfSRpCbDg7zECdGyiEP","32359-012","","2001","D","USD","999555"
"CBgiKc6AgTMQgHc9ntMVZL","35261-012","","2001","D","USD","890853"
"dMiJVLisEJ6ENfHME5GXjU","35139-012","","2001","D","USD","624722"
"JT2NCMzLtUXCVD6ViCUDg9","35143-012","","2002","D","USD","614768"
"WdCD6EjwPdvmLqfFi5RU9D","34112-013","","2002","D","USD","68854051"
"uMPtegCCbSMGBKGQBpbPCY","34147-012","","2002","D","USD","368860"
"gGXt8bdbvJgcZsrs8BMsgi","34159-012","","2002","D","USD","1106582"
"CNLTsenoXFh92Pi7yWjjTS","32176-013","","2002","D","USD","40574709"
"4PauefMyUEx3VSbBcceHgk","35136-012","","2002","D","USD","1229536"
"JSiZo6c6VHB297w65XUJun","35261-013","","2002","D","USD","51911036"
"ErQpaJ3oKLfhsb5RBCRX78","35139-013","","2002","D","USD","152462543"
"LHpqkmWdcKx3g39AaqgGEH","34100-013","","2002","D","USD","197955398"
"pNy4A2u2wANTTuvXdp4mbG","34152-012","","2002","D","USD","1229536"
"VxoM9mrGakJvLH3VYujXBW","35144-012","","2003","D","USD","842948"
"wcCUzSTUaHtKzGE9NHyBMW","36541-012","","2003","D","USD","722527"
"td5nEH2cQ4hqHKEmYUos3Q","34149-013","","2003","D","USD","120421252"
"siVxygVtZ7Sx7Sqgqi4moB","32359-013","","2003","D","USD","87907514"
"EDXuEJuyPXFMqxA5CXNMnK","35143-013","","2003","D","USD","106693229"
"3XyfRK2G2ToiFMLhJFrXyh","38117-012","","2004","D","USD","468494"
"63vkqUqweWwrAD5AgvDad3","37472-012","","2004","D","USD","585617"
"4QJDs5nTg9UpXBoCJmWPpE","38103-012","","2004","D","USD","468494"
"vvKb3QAGGwZ8utTceBL2vj","35144-013","","2004","D","USD","146404404"
"4eqvLxA7yZh6sTCRjozuvR","33409-012","","2004","D","USD","1639729"
"rcYUQGwFPqrWadBvtUobqW","36562-012","","2004","D","USD","878426"
"icoEwoayRMaoh2Af3RUtD8","37475-012","","2004","D","USD","702741"
"Qd9Dqv2tAZumeX6pbVLz4g","38121-012","","2004","D","USD","347856"
"8P2VAV5KdtyqJhJCXL7aeM","36552-012","","2004","D","USD","1054111"
"ve6MqapoB3bgoV2aH7FRkZ","38596-012","","2004","D","USD","585617"
"T4smKc9oueVwA6n2RrdwGJ","34152-013","","2005","D","USD","73331685"
"JerMdwLEXQkowunjfxNG7i","34159-013","","2005","D","USD","171171501"
"zaojofqaggjBHazVpZJwYX","38385-012","","2005","D","USD","680151"
"vYuU6orPB4tmAacAvhdPhg","36541-023","","2005","D","USD","34007583"
"zk5Z3tNvAcFYGtPzocJeCP","39531-012","","2005","D","USD","566793"
"BvbWhJpDCTpAeDb3YrNXQN","36541-013","","2005","D","USD","340075831"
"v3LYY2kgZzzubrArPxs9UM","35181-012","","2005","D","USD","680151"
"yzzEVoH7P7iGavpBfWuK54","39386-012","","2005","D","USD","2267172"
"6ncHZnxfrH9uWUvimVC6vn","39597-013","","2005","D","USD","56679305"
"svwetkZG8RFisaet9RxAdc","39605-013","","2005","D","USD","226717221"
"XzeWR2DjcSjHmPMQYCxK6Z","29466-012","","1998","D","USD","1325671"
"gqQ5Xrn37EkpfKtgaEHTtY","29120-013","","1998","D","USD","331417927"
"kk5tJrmbZxWxbHERDMmk26","32203-012","","1998","D","USD","1325671"
"SoyDEYbRUjX2t6TTPgrWTG","30303-013","","1999","D","USD","228433251"
"3wyF27WqC9Nr5KLsh5Lyz6","32293-012","","2000","D","USD","4625195"
"v8oTz3QMhQb8sCHNFi8oY4","32107-013","","2000","D","USD","319419574"
"Mt8QpibgLneNuucgVFxFc8","32203-042","","2000","D","USD","191651"
"M5qTjfFK3WrWwH5Ao45N6P","32203-022","","2000","D","USD","191651"
"jbETToaWELrdUZSQWKyJCH","32203-032","","2000","D","USD","191651"
"6iKHMg3ZRJKQ5fTuvqvNTE","31328-012","","2000","D","USD","1277678"
"Ub9hmUfQVhPebLBjuH3GuG","29466-013","","2000","D","USD","319419574"
"DzzyBxGQsQj7Anz65J7tmP","35068-013","","2001","D","USD","624722217"
"wPd5LdThtBpwsi2KKMhtWK","31435-013","","2001","D","USD","299866664"
"CqTFHnSS6KS8hUFZmndqTA","34263-012","","2001","D","USD","749666"
"EsWuAebeji7a8jsG4asB6f","32253-012","","2001","D","USD","874611"
"xScCcsExKpJFtR5gyQo44A","32203-013","","2001","D","USD","98964745"
"7w2WUe3AKsW9PhoSK8fG7Q","32253-013","","2002","D","USD","393451723"
"iqHE6gaRCYqJKnwoU45pJD","34263-013","","2002","D","USD","221316594"
"E4X5ACeazeVVpdAp4V6eCf","31324-013","","2002","D","USD","184430495"
"pnvWKr4KrGAoV3JZ7zctjM","36061-012","","2002","D","USD","860675"
"Ymd6stQWBRvy6kS6H5rMtj","36317-013","","2002","D","USD","261645396"
"cDwAWJsuLWxhvr89fU9PSh","35335-012","","2003","D","USD","361263"
"YA5GPFxN2R5WvEutgfmW46","37061-012","","2003","D","USD","180631"
"j5aVLvafSyiGV6FQicYXHN","37061-032","","2003","D","USD","180631"
"Z9AaYBQhjqfBFStdJvyGh5","36320-013","","2003","D","USD","481685011"
"DpuVohu5wqepCbVx7nXtfQ","34420-013","","2003","D","USD","481685011"
"TTM2mnQsLmHtmeZD2pp7tA","32254-013","","2003","D","USD","240842505"
"tjEjHZxvLgwxJCh6xz3fKE","36005-013","","2003","D","USD","216758255"
"3tmRU9bkVzZbv9ynmCayXE","37098-012","","2003","D","USD","602106"
"8NRdWsQUhursJXvynqt8KW","36308-012","","2003","D","USD","120421"
"ZmvPBYAQ58r6hkGYWaAbVV","37139-012","","2004","D","USD","175685"
"gmoKWt6NyF7eYfZAmTXKU7","38595-012","","2004","D","USD","585617"
"86YRvrnVX9D3RywnPAZvrf","36308-013","","2004","D","USD","172209059"
"ayXy8RnjiTG4GvrApv8jFa","38136-013","","2004","D","USD","292808808"
"bwoipaRZPUR2B8UCpsS8sZ","38492-013","","2004","D","USD","468494094"
"JGRraPySEXQdFLZVfvRfuD","35335-013","","2004","D","USD","468494094"
"MTvXAo9LkXroG2NtYdt6Fa","37061-052","","2004","D","USD","878426"
"VXsMKMTGGWBwr4tFzs5MKa","39114-013","","2005","D","USD","226717221"
"FPpinKokNUy4pYtmvtKWMb","38255-012","","2005","D","USD","417159"
"8FNdp4t22qaAhQ8UDDaUME","38272-012","","2005","D","USD","680151"
"SeCdYYgXxDrdRdGcmRuFgU","39106-012","","2005","D","USD","566793"
"PXn7MPxrAogtM4bU2M649b","38346-012","","2005","D","USD","1020227"
"tXBFspys4JBBWNc3mU2KYd","32300-013","","2005","D","USD","250749246"
"XS8v2s5fEEeEGeCBksMZAj","30320-013","","1999","D","USD","48036249"
"Udwbp2NaUjcUPa24ry7ZdA","31197-013","","2000","D","USD","46826909"
"9xSM4yetGuLLp2RWeZbba3","32463-013","","2000","D","USD","6388391"
"GDfJZBr5jhbqsKWiXUxN5L","34172-012","","2002","D","USD","737721"
"YDy62VQJwHdGKkai4M5NtW","37680-013","","2003","D","USD","6021062"
"ugisiKmYbYSAgfWVm6fpa9","37342-012","","2004","D","USD","702741"
"x6RZxhVtFo2VpLrkJnidzh","31196-012","","2004","D","USD","936988"
"GZ799qTnyziGwpmsJbRYVX","36257-013","","2004","D","USD","39353503"
"b3Mb2WaxftQZwxbdkNPHzS","38177-013","","2004","D","USD","8784264"
"4N3HqJztt9RKtyz9z6LhRo","38298-012","","2005","D","USD","340075"
"FejSQ4dZVahhnmmFtdXebN","39304-012","","2005","D","USD","17570584"
"XZBQ6SAVfoMHKYr8bGAo6L","39015-012","","2005","D","USD","566793"
"zvR7Rtgh2A3bJbAwyYQESd","39627-012","","2005","D","USD","453434"
"sxi6qLVr2CM3s6ywKmksQn","34172-013","","2005","D","USD","18250736"
"XeAyYFqLhZv6oCwfqbR9aH","29282-013","","1999","D","USD","26106657"
"3vJeks2DM7gKs7S5fXQzpL","29257-013","","2000","D","USD","20442852"
"isGna8YRvEwwKw8uwGdt3o","28191-013","","2000","D","USD","23764816"
"7zicuhwP53xbwLstuzXUKZ","34380-012","","2001","D","USD","749666"
"AFJNabNXQVGJCWZmyangx9","34379-012","","2001","D","USD","1499333"
"J5WvvBoTgUyE3V9XoQUs2N","30240-022","","2002","D","USD","184430"
"kNdbheTVazXfqaVe79SLwe","30240-042","","2002","D","USD","184430"
"JxNZjqu67UgSjT6rqoCDCM","30240-032","","2002","D","USD","73772"
"nUhnzU22zJZE99kyqCHafb","30240-012","","2002","D","USD","491814"
"PeJHoNJM83VA4NEUDvtETa","33418-013","","2002","D","USD","13414244"
"HJkZFnJNzstv6BfNYpb9BY","30240-013","","2002","D","USD","61476831"
"gtzU5z3JyWdzcT6xUUto3W","35282-013","","2002","D","USD","19180771"
"L9JxvSVzkYJKFRaR87Ec8V","34390-012","","2003","D","USD","879075"
"typtkpc2o8NAoXTQhwcPkT","36608-012","","2003","D","USD","842948"
"5Gp9a2LHixLn4mWgeP8CbF","29282-023","","2003","D","USD","7538370"
"oxhomxumpW4yYHJJAgvKsj","34380-013","","2003","D","USD","36969324"
"2DQKXZ2YnUGm57mhoGy4nj","34379-013","","2003","D","USD","21675825"
"GYXMEtzqJSbzCtDZ6z4Th5","34390-013","","2003","D","USD","53346614"
"VjiA3HyJyzdYcUqzbEt3YA","34388-012","","2003","D","USD","722527"
"8b9rbnR3QL5TFcQZTXVRQ3","37254-012","","2004","D","USD","702741"
"FwPAP76KjFpsLKgVGby58D","34388-013","","2004","D","USD","52705585"
"nvtFDykETdD8uobJd48fah","37535-012","","2004","D","USD","468494"
"M7SNt5q8SFxTTvMWsaJtNa","36385-012","","2005","D","USD","566793"
"Gf7phNkKnD6VX5Ai8kZJwE","34382-022","","2005","D","USD","20404549"
"c7Kdjei3uQGNG5MEHXvqQS","36672-012","","2005","D","USD","10202274"
"DzoTdXapT4wqANBESEdPji","37256-012","","2005","D","USD","453434"
"AP3Sb2azi7Y52DwCptbmKb","37287-012","","2005","D","USD","1133586"
"azsiPnj8qfoq7XPzLQb5hJ","39603-012","","2005","D","USD","17003791"
"ujVhNnPAWvq5xgemvRHVH6","38138-012","","2004","D","USD","936988"
"TYuzVvMggRE8wSsMKU9eZR","29568-013","","2000","D","USD","66439271"
"i73WwmTpX9qU2uFQVUUGUM","36441-012","","2004","D","USD","702741"
"DLcHhuPGZtZffV7uYi497N","38380-012","","2005","D","USD","170037"
"HcLAC7GkxXxT5zgQ6Yh9EL","31341-012","","1998","D","USD","676092"
"MsgYyeobwyNhDaStD4HzrK","29210-013","","1999","D","USD","7309864"
"4vAFAtC5vcSxbHkPrPa6Hi","31345-012","","1999","D","USD","783199"
"J7og35xLQTu6Lh7UZvsXHV","30451-013","","1999","D","USD","26106657"
"5wdVYACCNDJ8Pi86R9rSLL","29271-013","","1999","D","USD","41770651"
"UKvJkCSurpvuVuBFgBKNUT","33356-012","","2000","D","USD","1086026"
"ddwX487nu6TecxvgvEpzNT","30255-013","","2000","D","USD","31941957"
"bdfVYrdUPPiWpk8ED6K4BY","31351-012","","2000","D","USD","958258"
"rayuA7frkxo59SCYMAGhhm","34188-012","","2001","D","USD","874611"
"Hez9bvvh2YzawJGu4Wu3JL","31345-013","","2001","D","USD","24988888"
"tFYqaBcRHfGRU6AwjoXjJB","30271-012","","2001","D","USD","499777"
"3dJ3pfwoGjJKQpQiJGLZTP","33356-013","","2002","D","USD","18443049"
"93UghSqW8FZRL52Y3Yz4eR","31351-013","","2002","D","USD","15061823"
"d5QiM9MoNpUVtEFizmcNwE","33434-013","","2002","D","USD","13401949"
"RNkkhx2rRYqFWJUwXbMuXN","31341-013","","2003","D","USD","36126375"
"7tWqDZesVHXYQ82Xp2UWdi","37734-012","","2003","D","USD","842948"
"scCXp37FD5hPWcRnQifqQF","35297-012","","2003","D","USD","1083791"
"3zSsb3oH6C4qmSYXgv4oga","37734-022","","2004","D","USD","1171235"
"nxeFmTQGuVerWBeE4PDaWX","30271-013","","2004","D","USD","20730863"
"oaLAjLgMcHtSbitA3vtEp7","34188-013","","2004","D","USD","11712352"
"MavzThwmQ5xbtbwURxzvNM","32312-012","","2004","D","USD","702741"
"RxhxzxSbSnwHYadC6uCEcE","35311-012","","2004","D","USD","468494"
"QrXBWrmi6wZfhhdNefqtCi","35304-012","","2004","D","USD","819864"
"PPAegyR978YXKY3PZTQBrC","37734-013","","2005","D","USD","22671722"
"6yReaaVAEPSqsNnQwg8LLC","34197-032","","2005","D","USD","11335861"
"XGXSyB329Gm5jcCQbwcA2W","32313-012","","2005","D","USD","793510"
"rvoHy5cq3fMrJs5xqJtoPf","37604-022","","2005","D","USD","6801516"
"K6UNjA75pnhGgUV3sHg9uM","26522-022","","1999","D","USD","248013"
"ZNqJeBMEjSTdhwyMpZophB","33019-012","","1999","D","USD","1905785"
"sW6neZUByuDo5KYCCeLzp3","26522-013","","1999","D","USD","117479957"
"zqEWdjvSxhxuBERHRymqzK","33249-012","","2000","D","USD","1277678"
"PZWrCkAf7MKXqasxvyRZt5","31288-013","","2000","D","USD","25170262"
"iyYgpZhjL44P5V9vXxagyP","31501-012","","2000","D","USD","1277678"
"LcdJ62NXsKRDTkC7rXcg9n","33251-012","","2000","D","USD","638839"
"eCTWqm2WY75UebBkWXVNiL","34318-012","","2001","D","USD","999555"
"dLEXr2yi4oasZPUbdf9fVH","33246-012","","2001","D","USD","749666"
"4sgXQs7i4KQ9D6BeygteFN","34320-012","","2001","D","USD","687194"
"EiGm55pmPzvqrBiedPAoDJ","33019-013","","2001","D","USD","12494444"
"PVYJzqtdQQYBjAZYPu3jXV","33246-013","","2001","D","USD","109014026"
"Kj3BYTqXF2X4diw4Jcm72F","36168-012","","2002","D","USD","614768"
"aTomH9SHqkyjpBoi4Vgo9U","34318-013","","2002","D","USD","24590732"
"u4jkS6FLgddWWbnyohrgEd","35192-012","","2002","D","USD","614768"
"n9zmnHh7kk63BsQbgeJYGT","36601-012","","2002","D","USD","193037"
"eiekKkGCKPeE25GADac7j5","31280-022","","2002","D","USD","614768"
"9ugsPp6tXUHHNCbTKFYtwk","31501-013","","2003","D","USD","72614015"
"L2hYVgJ9HzzXNYWHpcrqqF","35197-012","","2003","D","USD","722527"
"duY4hpHUWrJMdJih6udJMQ","33251-013","","2003","D","USD","54189563"
"HkGZszi9FBY8j73XUKEMq7","36178-012","","2003","D","USD","963370"
"pakXHDbWj7EocNHxnNT4SA","34320-013","","2003","D","USD","84294876"
"P9w84qygSevbeoC3Qx78Wk","36357-012","","2003","D","USD","963370"
"NCgqkFfHjfPWxSSFieCke7","35201-012","","2003","D","USD","602106"
"fjWhppjcWFiVdjmXammX4n","37263-012","","2004","D","USD","1171235"
"bc3M6xinzMTocRZNxrvogZ","37262-013","","2004","D","USD","17568528"
"HkGuQsEZ2R7Z6piaf4UXeS","38111-013","","2004","D","USD","11712352"
"uKhUphSPL583EUMxvJ2oD2","33249-013","","2004","D","USD","23424704"
"R6EaUcmxN4cVhznd9cTCnA","35192-013","","2004","D","USD","40993233"
"4BLYz8krjavC9roXEcq2W6","37280-012","","2004","D","USD","585617"
"QhMZMvDWvWBsiLVqMcfy9Y","36168-013","","2004","D","USD","81986466"
"9bNzSX5jC77TQTSB4KF6fU","36357-013","","2004","D","USD","76130290"
"cQHZbEmFjF45Q8VE2opyG8","36173-012","","2004","D","USD","995549"
"X6UVZ6mKeRN66rqPMpWo3J","39144-013","","2005","D","USD","177973018"
"WPFnRFBxLtPt4AmiYn4U52","36117-012","","2005","D","USD","623472"
"EpCqTTbmyTtgrdxHSrndRh","35197-013","","2005","D","USD","22671722"
"2pmQH77qDbnuFJGmZmUDrK","35201-013","","2005","D","USD","56679305"
"f8xioV5xJW4em962YXdkn9","36174-012","","2005","D","USD","566793"
"cfsdysnkBEJbzzzFipiLTc","39293-012","","2005","D","USD","793510"
"DAEMMDt2HouEoshfRsEL3h","38357-013","","2005","D","USD","170491350"
"WxxfnEsfJssVyZkbcDH5cL","36365-012","","2003","D","USD","602106"
"SmMhFaaAbG3TAuL7EUoYNN","34210-012","","2004","D","USD","890138"
"f3yHLPicV3ZWA4uAV8vkQE","29566-013","","1999","D","USD","32633321"
"wpq696M854q47ekXfuCAub","30531-013","","2000","D","USD","12649015"
"APRwzFPpcZaoCEd4McC6jU","31213-013","","2002","D","USD","17213512"
"7pXGTxVymg6ocUbVz4bieg","35377-012","","2002","D","USD","737721"
"ssyFqCVKu5KD7DafLuqczM","35376-023","","2003","D","USD","2408425"
"SGivAYHTJxXd6SDJWnMe8S","35376-013","","2003","D","USD","16256869"
"fuPdKTJs5vywTTBC3d2QSn","34135-012","","2003","D","USD","602106"
"EcQKBTNPArhtdfhP6atrJ6","38105-012","","2004","D","USD","409932"
"wDQnTLSrJJerUFB2LdKtFm","35377-013","","2004","D","USD","49789209"
"Mu8cFzKmUr2BN3X9WCj3F8","38060-012","","2004","D","USD","250644"
"5FCvmWy3P9pACojGypcb43","34187-022","","2004","D","USD","585617"
"KeRh9MSUop7p5ikAbiEL65","37697-012","","2005","D","USD","396755"
"QUZ2ntyW9AUsMWe9Jks3ka","38131-012","","2005","D","USD","170037"
"vJvtejGE7DsUhv5mFE8aNX","34135-013","","2005","D","USD","12356088"
"5PEDHdQZ3RX4THN5S3Zpgf","32036-012","","1999","D","USD","391599"
"9srRFoxUvFxJjewRRAWYbX","28321-013","","1999","D","USD","10442662"
"pYgE3LSJHEk7oDWytuMomk","34276-012","","2000","D","USD","191651"
"ZM5z7rK975xMZPVe9PTszA","34276-013","","2001","D","USD","11869722"
"Fi6VL4S3Y8hWKDBcnE9PvH","32036-013","","2001","D","USD","9995555"
"nMt6vvYd9Gjzj8Ff686Kth","33217-012","","2001","D","USD","499777"
"t8VrdaN2PkykDQxAmFKhBD","33218-012","","2002","D","USD","491814"
"Z6cZBY7FRFGWFQrUduiBPY","35385-012","","2003","D","USD","421474"
"xNTuyTovxJNxP8mbaW6oHQ","35384-012","","2003","D","USD","421474"
"qX96cKyJsnrWUcdYHzaRrg","33217-013","","2003","D","USD","7225275"
"e76xXKpj4xpoZwUfGjV7eW","36079-012","","2003","D","USD","421474"
"jHhWoW52nGYuTHdMFX34CQ","37265-012","","2004","D","USD","585617"
"bzuRX6hahByxCQuytN7QFb","39099-013","","2005","D","USD","24712177"
"VD7Qz7tsx2ruKZ9C2zteeD","33218-013","","2005","D","USD","6801516"
"pkusQbQSsnmwywTF9c2upC","38432-012","","2005","D","USD","283396"
"kY6VZW5uvkJevoCKTz8ddG","39011-012","","2005","D","USD","283396"
"CYDQYei56BgsSm7tcHkMsQ","37405-012","","2005","D","USD","680151"
"L5gTycfZzNcHTjtu2MQaAT","31624-013","","1998","D","USD","6628358"
"jgYATMewxybdVEvhrn2hcF","32236-012","","1999","D","USD","783199"
"ExKY8TzFThqEmDVF5TvesE","29471-013","","1999","D","USD","65266643"
"b8XiHBSXyzPWmAQ7AVam89","32239-012","","1999","D","USD","978999"
"p33KLTm5PpdELS7dzzctBX","34022-012","","2000","D","USD","1022142"
"pHd2Xtx4y2ggmQZWqWduaJ","34445-012","","2001","D","USD","1905402"
"ECgs5dFSg7XddivWHJvbgC","32236-013","","2001","D","USD","24489110"
"mF2iYcGvHmMmMdh9wYTGgM","32238-013","","2001","D","USD","37483333"
"QsyAGauQsFFpkAXXqf4ZMP","29472-013","","2001","D","USD","57474443"
"ggr99ycFJfv4VZNwtVYGMF","32249-012","","2002","D","USD","922152"
"gvvbmc33SQRidKhHteQTKG","34306-012","","2002","D","USD","553291"
"EyjYgJizWtLXPAQyvdEWfC","34022-013","","2002","D","USD","36886099"
"fz3tnxUFJx4jvDresC2UBP","32239-013","","2002","D","USD","36886099"
"s7etUjFpEaYTJBaHz4TcKA","35170-012","","2002","D","USD","491814"
"7G2DS8wXQiUybsm5HaeJYD","36609-012","","2003","D","USD","842948"
"VES6WPCkqfDWfmhCZmfekJ","32249-013","","2003","D","USD","28901100"
"pExpmFUXBoA6s6JqtBerbZ","29239-012","","2003","D","USD","602106"
"rHJHdtbBePrTikaAyzH9GT","36611-012","","2003","D","USD","626190"
"Tj5UYR4ThDsVAiebQsypGj","37172-012","","2003","D","USD","240842"
"SDpiWNSCiCV5qGf3zjFsmG","36609-013","","2003","D","USD","18063187"
"UpvkfNddLEr5JE8KWsMtuC","35170-013","","2003","D","USD","24084250"
"xY3GvvyfywZCpT5jZviJZB","37266-012","","2004","D","USD","702741"
"kbD4THhyQYQoKdTBgt3m8V","36611-013","","2004","D","USD","23424704"
"iifmPhnu6HnCu2Ha723HGC","37403-012","","2004","D","USD","409932"
"JjT34aNXqFiEGxWvHUVbMj","33209-013","","2004","D","USD","23424704"
"vH7EPAk7UuzuGCuyvyp3VV","34306-013","","2004","D","USD","11712352"
"XdgCXTzu9zKeZaEcpcsngW","37196-012","","2004","D","USD","468494"
"MFoiDCf34zuuNgBkY5UiGU","30232-012","","2004","D","USD","976810"
"HS99CahMCH3owQoLYWosYe","30232-013","","2004","D","USD","46849409"
"n7KoQxL4pUyVs6wr5EvHmW","35174-012","","2005","D","USD","510113"
"LEips9gArsavUL6f4y4shX","37404-012","","2005","D","USD","861525"
"8iB7o5yDULZ6B8kTA5r6q2","32124-012","","1998","D","USD","994253"
"5yMgFuwEDyNrt4RNbWLq4Q","32124-013","","1999","D","USD","82235970"
"tPk8ctTxsFC44hZXCzrWUG","32472-012","","1999","D","USD","195799"
"rQm3HB6VuycDm6K8ZaryuX","32472-013","","2000","D","USD","12265711"
"NnrTt7MmyVn5HC2BDuvDDT","34121-012","","2000","D","USD","741053"
"yvKopFXUSjdY36SDmdHw9n","32189-013","","2002","D","USD","7008358"
"7PTZSxjbfadyXJ5bQmhyjT","34126-012","","2002","D","USD","983629"
"yo9cKRBD3ZDDKjHSiFp7ef","37216-012","","2003","D","USD","541895"
"f9hLr6ziYKtVXdMhDoRH6P","34121-013","","2004","D","USD","22259325"
"KPmCq2xPvVTtVmyyumkXui","39584-012","","2005","D","USD","1133586"
"AveYPdKDc8VN5FuAjac8Xi","27245-013","","1998","D","USD","79540302"
"eXeLbeB9MJK5ppTdrSrSHN","30552-012","","1999","D","USD","1044266"
"4QR8DoAc7mB8MQZ9j7gHTE","30552-013","","2000","D","USD","95825872"
"Ap4jqdWoiNkrATsNtzrN7S","33276-012","","2001","D","USD","747167"
"4ubtWpKHQupQ49949Yt5Mc","30551-013","","2001","D","USD","37483333"
"27h86hCFbpe8AEC23DWgrN","32499-012","","2002","D","USD","1229536"
"kfKdgWCMV633VGz9aQt5eg","34088-012","","2002","D","USD","737721"
"SGQ8mz2BconvYH6oRAcQHG","36018-013","","2002","D","USD","49181465"
"hpuT4BfJ2tDzofRM4ZYzD5","35379-013","","2003","D","USD","3925732"
"dk7PPJFYu22RNjYJcTM6XC","32499-013","","2003","D","USD","36728482"
"FRKX8QjhFAzGmVDF3m8rDf","37749-012","","2004","D","USD","292808"
"DoaUenBmmq4bpjy8YrdT72","33278-013","","2004","D","USD","249473105"
"yRPL7Q3g3WTwS9mWt4g2U4","36540-012","","2004","D","USD","1136098"
"mJVtHmXgoxod3pmacxKLZM","36677-012","","2004","D","USD","409932"
"PcNBbbs5iqidrYiWnxUW5f","38398-012","","2005","D","USD","793510"
"hkk9t5Cs5XUtdNhGZXGeLR","35166-022","","2005","D","USD","793510"
"ZFTWWHGYeAz4TfNPZ25MCN","39031-012","","2005","D","USD","680151"
"5kjkSFGDwbebHw6VZ8LBia","38281-012","","2005","D","USD","816181"
"kqrWZNEurnbZUMSmpTG3AU","27037-013","","1999","D","USD","61350644"
"983nZieDcFH7BomkNnxGii","29603-013","","1999","D","USD","53518647"
"DwPdnUUgBvaz5TNzFrcDmc","29586-013","","2000","D","USD","66439271"
"wCVYiDDaMXcco3KBDq257H","27182-013","","2001","D","USD","25988444"
"XLp5czYKYYx7oxgKUU65HJ","23213-022","","2001","D","USD","999555"
"doeTqtjDMzecdrybHx3pm2","32023-023","","2001","D","USD","24988888"
"52LUUKXZCjiymMsLA4zgXc","32023-013","","2001","D","USD","413940941"
"oQXVyaMMsdU323ZW4CnHuR","34333-012","","2002","D","USD","676245"
"eXyxqsamYvRser9RCVhG5W","30208-013","","2002","D","USD","92215247"
"yYnP4J82Hmt8suQ82JLayN","36654-012","","2002","D","USD","184430"
"NKrj6EgsZqhocsfSuiRysX","33364-012","","2002","D","USD","860675"
"hxqQQzJCVqicXiQyqeovy5","36052-012","","2003","D","USD","590064"
"cSqFosEGQwkgA6nVaZFd4L","34333-013","","2003","D","USD","224826478"
"g8XVv44rBcVLshYjyVLLAd","37755-012","","2003","D","USD","180631"
"TDmzjv5Yn8JJ9X2qgqh6SR","37717-012","","2003","D","USD","46964"
"Wh4A7iVapP2GomQ6HGQJWE","23213-013","","2003","D","USD","108379127"
"tpcx3Drjb4WCbZyU7hbYpB","33268-022","","2003","D","USD","559958"
"RKnFmJCxe7HmGJo7L5Qz7j","37711-012","","2004","D","USD","468494"
"wcewZ3WZ54vd8z3FPWsMea","37218-012","","2004","D","USD","468494"
"wR3WnnXg9B9ntj4EcqyP4C","34335-012","","2004","D","USD","351370"
"fkdjC6DxFtvTa6T7vp4hZM","34339-012","","2004","D","USD","644179"
"wVnKjUmZcXNotCFvgze9NP","37219-012","","2004","D","USD","468494"
"XxyCbMazB75nUwfKbKAdGj","37189-012","","2004","D","USD","351370"
"ctTxCzT6a6TxmCAgCb4uvP","36052-013","","2004","D","USD","352776052"
"XuH25wjgV322hYbgzShAaE","34331-013","","2004","D","USD","48020644"
"WuMxE6JosHmyzSrxmFNAAR","36654-013","","2004","D","USD","18739763"
"pu4QwhvJKtkZSzGj3bxGDE","32264-013","","2004","D","USD","175685285"
"sZLqQQqWS3Vt8dPQtNbitU","37202-012","","2004","D","USD","292808"
"yT33DqBXdNyDEKJDvQ2jmn","37711-022","","2004","D","USD","210822"
"8hEpAvQDaEbvY9YhdzPGtm","37003-012","","2005","D","USD","476106"
"JpujM7ABX636yAtmXNXa2d","37717-022","","2005","D","USD","123560"
"beeg9xrKDSEfnzkQBFzveH","38405-012","","2005","D","USD","170037"
"Z8qJLn3V9myBqDpYFSPjEE","39013-012","","2005","D","USD","170037"
"2sg5veajigs5FfT6RB8LT8","33364-013","","2005","D","USD","35141169"
"ciwfM7fNDnQqkFVpD3xVPK","38573-012","","2005","D","USD","113358"
"r52H9ExvKKKtLRNhzDNEEP","39353-012","","2005","D","USD","170037"
"2hK6puRTaLm4DRJYyWWQgF","32264-012","","2005","D","USD","340075"
"APuCRoFYZEqfxGQLrTHD3b","38458-013","","2005","D","USD","28509690"
"tAJ6chp7HWdoKmELdqnKrb","37231-012","","2005","D","USD","674483"
"6XqH3ZephWwnKgbwbK8tpG","36096-022","","2005","D","USD","510113"
"a5s6bX6mj3zGTzuk7txzt6","36155-012","","2005","D","USD","1133586"
"gGR3T7koBe5AkbU7VjT65Y","37358-012","","2005","D","USD","340075"
"Yv46WGoYWJpi3gwegFktH3","37218-013","","2005","D","USD","232385151"
"GCKu4QjptwLEhf6Bunbmoj","39590-012","","2005","D","USD","170037"
"TETJjqMFPBdxUy2z9SgayZ","39589-012","","2005","D","USD","170037"
"mnRvpH5nFgee6QE82RuVyF","38430-012","","2005","D","USD","510113"
"LihgFSkSUBRopfGAMLE733","37559-023","","2005","D","USD","3400758"
"yD9zMeZWMAag4MNrHC54tn","37003-013","","2005","D","USD","68015166"
"ija3dkukCVxcEPzHgFGtPW","37559-013","","2005","D","USD","872861301"
"n5qK7XgRaUdSXZT2RrSFrC","37202-022","","2005","D","USD","170037"
"TemGQQL74ER8q9mWccaHia","37202-013","","2005","D","USD","226717221"
"cASuWqrW9gXyB6iSAFvhmB","38344-012","","2005","D","USD","566793"
"5Fg2AC2qw9sZRkr4iT35NV","38408-012","","2005","D","USD","1694711"
"P7RfMHvfJ9gdyUoRWQfsHW","39003-012","","2005","D","USD","340075"
"pta5ZX9arNf2DVqdprDEVA","38147-012","","2004","D","USD","351370"
"ah8VgMScntHyuN54is3Lx5","38150-012","","2005","D","USD","561125"
"rNX7kUtHpVHuQUiA4ZAzsa","38151-012","","2005","D","USD","453434"
"HqXZJwKaMMNDdCmRwHcFHk","38610-012","","2005","D","USD","759502"
"cGoEedhdY8t4J8vX67se4Z","38626-012","","2005","D","USD","255056"
"8XzesW5X6KTK9P4Ty3abmC","39095-012","","2005","D","USD","170037"
"WwgvqQmoR59N8DyaCvoMPE","33042-012","","2003","D","USD","722527"
"bguWCuAQUNeCxe2A97cSSh","36395-012","","2003","D","USD","722527"
"QwFjBRkFzfNFzEyBvgDfvF","34569-013","","2003","D","USD","18063187"
"9wNWC7THpiGXijWFpUtJrk","37644-013","","2004","D","USD","12532217"
"VgRDNRxXDhtavMinGeWyyA","33042-013","","2004","D","USD","26587039"
"MKHEzsEcCoPxMhvXdKaPD5","38239-012","","2004","D","USD","585617"
"v3przrsyLeBbUKUSQnskqC","34515-012","","2005","D","USD","566793"
"RngHSbcb8kF3bYRgVEkApZ","37530-022","","2005","D","USD","793510"
"GLakL9AJhe4AAKjgeC7fBV","39018-012","","2005","D","USD","566793"
"uypfA9sAkBB3B28Vh88z6T","38247-012","","2005","D","USD","226717"
"zfkhmMzFWDw9MzgjtNNDeE","38236-022","","2005","D","USD","56679305"
"cxHTSM6M6wETuG5BJFa5w5","38190-012","","2004","D","USD","292808"
"YbYDa66F5fuZqM3iFCFWFd","38212-012","","2005","D","USD","680151"
"VCv2bVesQeVMVamXrjT8vC","38189-012","","2005","D","USD","680151"
"5FWpdynCV7DVFdr4baHMm8","35027-012","","2001","D","USD","187416"
"jFgcCR9YnwvaiTbqym5hL5","36074-012","","2002","D","USD","184430"
"ChwtkZBfYAza3Xoo3SNkVF","35265-012","","2002","D","USD","325827"
"BbjYfYeb6TBFcaC6D97Dun","34110-012","","2000","D","USD","158432"
"2h7AuHvZpXBXsNnZo9hjbR","34119-012","","2000","D","USD","187818"
"SyDsQQZ3jzjU7MipEqxyJM","32407-013","","2002","D","USD","2622601"
"p47oJrf4ZzhsRZW5Lf46mk","32407-023","","2004","D","USD","2307333"
"7c4bjfmWtEHMQsHrvy5fvL","38196-013","","2005","D","USD","408090998"
"pRGM8jopahAD8yEgmJX6jM","33137-013","","2000","D","USD","72827662"
"Mg72ZUeYjXvQHNnjSS2YvW","30506-013","","2000","D","USD","89437480"
"GJbYEQQJaFWCwB7prwzKtE","31575-013","","2000","D","USD","63883914"
"donopa73QFsuDnMvAKCCYC","33196-022","","2001","D","USD","187416"
"TrpHBThtGxXRgmJj9BccTQ","30458-013","","2001","D","USD","44979999"
"gvicphRjXftd2uvZakdLeB","33548-013","","2001","D","USD","44979999"
"i8VnHTzPx3s6wNg6N66wBe","35496-012","","2002","D","USD","184430"
"HokVGX7J4qydVSFGkn6HVK","35496-013","","2002","D","USD","46722392"
"k9PigoGy6x8h9W2oeNmSR5","30500-012","","2002","D","USD","307384"
"EPbEczisZEN52myixZWonX","33196-013","","2002","D","USD","24590732"
"xU6FJMGku9thXwfpLND7dA","30500-013","","2003","D","USD","88750463"
"YjdE5xPxKBW9D3xFK9bQEU","37536-012","","2004","D","USD","644179"
"fkTZVWsYqwef5zmbdv9MF8","36509-013","","2004","D","USD","46849409"
"3wUvQNHqBv2iQkJbF5mand","37698-012","","2004","D","USD","702741"
"JEm63pNRvCipsA6BCPAY5X","37691-012","","2005","D","USD","680151"
"bimtdra9fEvhRFBYNZSsV6","37698-013","","2005","D","USD","34007583"
"y4Bxqm2sbkHV78x6gxny5P","38074-013","","2005","D","USD","28339652"
"YrpeYn35cqe6ymGjkzGXcb","38506-012","","2005","D","USD","680151"
"SvVTBHdA4TKe6cLdTPYWHc","30285-012","","1998","D","USD","795403"
"fpn2QTkuoaKzdz38rZWn8S","27399-013","","1999","D","USD","91373300"
"oWuD8HWHKegwWLtBXpSa5T","28315-012","","1999","D","USD","130533"
"tc4VpMrKWfCMp4hzrgdDyM","31039-013","","1999","D","USD","32633321"
"bKi7oaTPfuXMv7MF7QGm9m","32105-013","","1999","D","USD","32633321"
"3Vnt8QzgnYThTgKNzSfBvj","31367-012","","2000","D","USD","1277678"
"UoEpFjsz5ugr2XS99usUkc","30285-013","","2000","D","USD","87265427"
"YuQZSNHRdw5MMsKXTxJxVG","30317-013","","2000","D","USD","51362667"
"2U4RVYvdGrKQfK6DsbbAuJ","28309-012","","2001","D","USD","749666"
"kekQ3veheGtLvCvfe2KVaX","28315-013","","2001","D","USD","74966666"
"LAqD4v7w8GoQzH549rMWqA","31367-013","","2001","D","USD","87461110"
"j35bKKRtqDQznqG99JeHuJ","34341-012","","2001","D","USD","999555"
"i5eGBTzqFDe94SGopzXoR6","35497-012","","2002","D","USD","491814"
"DLBg2uHvmU9Yz2wy6KqAGJ","30292-013","","2002","D","USD","86067564"
"qc6SAZbCmYZjrQxSUejSTN","33304-012","","2002","D","USD","737721"
"hTB8Z2Gt78sK7NZLi3oQgb","35345-013","","2002","D","USD","10451061"
"8VNScBb6so5hpgaDkQRqcj","34356-012","","2002","D","USD","1229536"
"3uMpVoDABaaHoZCDKTUen8","28309-013","","2002","D","USD","67624515"
"fQCMF4q8BuaM5pHBfw8iPA","33307-012","","2002","D","USD","1659874"
"CbL82oJTF5zEEaTaCNRL3P","32273-012","","2002","D","USD","860675"
"S57eSDwdFHHL9gwwmzetST","35497-013","","2002","D","USD","36886099"
"tucQ3Wpyv4NpP92VgtKgvn","37115-012","","2003","D","USD","180631"
"k9TJfNs3zfixeGnob75NXm","34348-012","","2003","D","USD","602106"
"KBbbA7cuRQRwLHPExLtoFE","36304-012","","2003","D","USD","1083791"
"Mn9sgAcdxiNCPotAuY5sRH","34355-013","","2003","D","USD","52985351"
"NLnKnooB6pPYNhFsF3GeTG","37115-013","","2004","D","USD","23424704"
"J73Qi4B3tjrTvSLxpvmRYb","37622-012","","2004","D","USD","644179"
"m4hfpATjVAWCehEct628hJ","37685-012","","2004","D","USD","175685"
"cDy4sjL8g5D5HWLueQGSbe","37097-012","","2004","D","USD","936988"
"oQG8FSZZA2ALBqtG4frKu8","33304-013","","2004","D","USD","64417937"
"vDpZQaeuLuTuzXi9UsDoXC","38392-013","","2004","D","USD","7495905"
"XwTG3Q6nj2JDi7kS8vYTCn","38196-012","","2004","D","USD","585617"
"LFQFNDR2r9bsMwL8h4eusd","32273-013","","2004","D","USD","140548228"
"X8TGUrowFrzBGFkTXnkTVb","36352-012","","2005","D","USD","1105246"
"GvKS4mmY5ERBbDNPfDo3pS","34348-013","","2005","D","USD","43121615"
"337vhVT4jSmYjnJL6Xv286","38392-023","","2005","D","USD","17003791"
"8JAoxDxsLegS7HRrJutGVm","34356-013","","2005","D","USD","107690680"
"x7ek34cnKo3ZaMWYiv5DT4","38017-012","","2005","D","USD","17003791"
"7P8HpT7HGTWPTwtcym5m4Y","30292-023","","2005","D","USD","84225447"
"HDXcqoNRFYQ5YpPjLQzRTF","36405-012","","2004","D","USD","585617"
"HesJUprVpxDjdpcWH6CegF","36407-012","","2004","D","USD","702741"
