{
  "name": "uganda_amp_geocoded_research_release_level_1_v1.1.1", 
  "datapackage_version": "1.0-beta.10", 
  "title": "Uganda AMPGeocoded Research Release", 
  "version": "1.1.1", 
  "licenses": [
    {
      "url": "http://opendatacommons.org/licenses/by/", 
      "version": "1.0", 
      "name": "Open Data Commons Attribution", 
      "id": "odc-pddl"
    }
  ], 
  "sources": [
    {
      "web": "Not Available", 
      "name": "Uganda AMP"
    }
  ], 
  "maintainers": [
    {
      "web": "http://aiddata.org", 
      "name": "AidData Data Team", 
      "email": "data@aiddata.org"
    }
  ], 
  "publishers": [
    {
      "web": "http://aiddata.org", 
      "name": "AidData", 
      "email": "info@aiddata.org"
    }
  ], 
  "temporal": [
    {
      "start": 1978, 
      "end": 2014, 
      "name": "Start Date Coverage"
    }
  ], 
  "resources": [
    {
      "name": "projects.tsv", 
      "path": "../data/projects.tsv", 
      "bytes": 313336, 
      "schema": {
        "fields": [
          {
            "type": "int", 
            "name": "is_geocoded"
          }, 
          {
            "type": "string", 
            "name": "end_actual_type"
          }, 
          {
            "type": "date", 
            "name": "start_actual_isodate"
          }, 
          {
            "type": "string", 
            "name": "start_actual_type"
          }, 
          {
            "type": "string", 
            "name": "donors"
          }, 
          {
            "type": "string", 
            "name": "ad_sector_names"
          }, 
          {
            "type": "float", 
            "name": "total_disbursements"
          }, 
          {
            "type": "string", 
            "name": "status"
          }, 
          {
            "type": "string", 
            "name": "donors_iso3"
          }, 
          {
            "type": "int", 
            "name": "ad_sector_codes"
          }, 
          {
            "type": "float", 
            "name": "total_commitments"
          }, 
          {
            "type": "int", 
            "name": "project_id"
          }, 
          {
            "type": "date", 
            "name": "end_actual_isodate"
          }, 
          {
            "type": "string", 
            "name": "project_title"
          }
        ]
      }
    }, 
    {
      "name": "locations.tsv", 
      "path": "../data/locations.tsv", 
      "bytes": 314724, 
      "schema": {
        "fields": [
          {
            "type": "string", 
            "name": "gazetteer_adm_code"
          }, 
          {
            "type": "string", 
            "name": "location_type_name"
          }, 
          {
            "type": "float", 
            "name": "longitude"
          }, 
          {
            "type": "int", 
            "name": "geoname_id"
          }, 
          {
            "type": "string", 
            "name": "gazetteer_adm_name"
          }, 
          {
            "type": "string", 
            "name": "project_location_id"
          }, 
          {
            "type": "string", 
            "name": "location_type_code"
          }, 
          {
            "type": "float", 
            "name": "latitude"
          }, 
          {
            "type": "int", 
            "name": "project_id"
          }, 
          {
            "type": "int", 
            "name": "precision_code"
          }, 
          {
            "type": "string", 
            "name": "place_name"
          }
        ]
      }
    }, 
    {
      "name": "transactions.tsv", 
      "path": "../data/transactions.tsv", 
      "bytes": 385589, 
      "schema": {
        "fields": [
          {
            "type": "int", 
            "name": "transaction_year"
          }, 
          {
            "type": "blank", 
            "name": "transaction_isodate"
          }, 
          {
            "type": "float", 
            "name": "transaction_value"
          }, 
          {
            "type": "string", 
            "name": "transaction_currency"
          }, 
          {
            "type": "int", 
            "name": "project_id"
          }, 
          {
            "type": "string", 
            "name": "transaction_value_code"
          }, 
          {
            "type": "string", 
            "name": "transaction_id"
          }
        ]
      }
    }
  ], 
  "data_set_preamble": "Uganda_AMP", 
  "data_type": "Geocoded_Research_Release", 
  "processing_level": "Level_1", 
  "source_type": "Recipient System", 
  "source_subtype": "Aid Management Platform", 
  "source_link": "Not Available", 
  "date_updated": "07/29/15", 
  "donors_iso": [
    {
      "name": "EGY"
    }, 
    {
      "name": "NOR|GBR"
    }, 
    {
      "name": "DAC|GBR"
    }, 
    {
      "name": "DEU|DAC|JPN|NOR|SWE"
    }, 
    {
      "name": "NLD|GBR"
    }, 
    {
      "name": "DAC|DAC|DAC"
    }, 
    {
      "name": "DEU|NLD"
    }, 
    {
      "name": "DEU|DAC"
    }, 
    {
      "name": "SAU"
    }, 
    {
      "name": "KWT"
    }, 
    {
      "name": "CHE"
    }, 
    {
      "name": "DAC|DNK|DAC|USA|DAC"
    }, 
    {
      "name": "CHN"
    }, 
    {
      "name": "DAC|DAC"
    }, 
    {
      "name": "DAC|NLD"
    }, 
    {
      "name": "BEL|IRL"
    }, 
    {
      "name": "DAC|USA"
    }, 
    {
      "name": "ITA|NOR|SWE"
    }, 
    {
      "name": "DAC|DAC|NOR"
    }, 
    {
      "name": "DAC|ITA|DAC"
    }, 
    {
      "name": "AUT|BEL|DAC|IRL|ITA|NLD|NOR"
    }, 
    {
      "name": "AUT|DAC|NOR|GBR|USA"
    }, 
    {
      "name": "AUT|BEL|DAC|SWE"
    }, 
    {
      "name": "DEU|DAC|SWE|GBR"
    }, 
    {
      "name": "IRL|SWE"
    }, 
    {
      "name": "DNK|NLD|GBR"
    }, 
    {
      "name": "BEL"
    }, 
    {
      "name": "ITA|DAC"
    }, 
    {
      "name": "DEU"
    }, 
    {
      "name": "BEL|SAU"
    }, 
    {
      "name": "JPN|DAC"
    }, 
    {
      "name": "GBR"
    }, 
    {
      "name": "IRL|GBR|USA"
    }, 
    {
      "name": "GBR|DAC"
    }, 
    {
      "name": "AUT|IRL|NLD|NOR|SWE"
    }, 
    {
      "name": "DAC|DAC|DAC|NOR|DAC"
    }, 
    {
      "name": "DNK|DAC|JPN"
    }, 
    {
      "name": "AUT|CAN|DAC|IRL|NLD|NOR|SWE|DAC"
    }, 
    {
      "name": "NLD"
    }, 
    {
      "name": "AUT|DNK|DAC|NOR|SWE"
    }, 
    {
      "name": "NLD|GBR|USA"
    }, 
    {
      "name": "USA|DAC"
    }, 
    {
      "name": "DNK|JPN"
    }, 
    {
      "name": "SWE|GBR|DAC"
    }, 
    {
      "name": "DAC|DEU|GBR|DAC"
    }, 
    {
      "name": "DAC|IRL"
    }, 
    {
      "name": "DAC|ITA"
    }, 
    {
      "name": "DNK|SWE|GBR"
    }, 
    {
      "name": "ITA|DAC|DAC"
    }, 
    {
      "name": "NOR"
    }, 
    {
      "name": "AUT|DNK|DAC|IRL|NOR|SWE"
    }, 
    {
      "name": "AUT|GBR"
    }, 
    {
      "name": "DAC|CHN|SWE"
    }, 
    {
      "name": "Unspecified"
    }, 
    {
      "name": "AUT|DNK"
    }, 
    {
      "name": "ISL"
    }, 
    {
      "name": "DAC|NGA|DAC"
    }, 
    {
      "name": "AUT|DAC|ISL|GBR|DAC"
    }, 
    {
      "name": "SWE|DAC"
    }, 
    {
      "name": "AUT|DNK|DAC"
    }, 
    {
      "name": "FRA"
    }, 
    {
      "name": "DNK"
    }, 
    {
      "name": "SWE|GBR"
    }, 
    {
      "name": "CAN|DNK"
    }, 
    {
      "name": "AUS"
    }, 
    {
      "name": "DEU|DAC|DAC|NOR"
    }, 
    {
      "name": "AUT"
    }, 
    {
      "name": "BEL|DNK|IRL|NLD"
    }, 
    {
      "name": "DAC|DEU"
    }, 
    {
      "name": "DAC|FRA|DEU"
    }, 
    {
      "name": "DAC|NLD|DAC"
    }, 
    {
      "name": "BEL|FRA"
    }, 
    {
      "name": "DAC|DAC|NOR|SWE|GBR"
    }, 
    {
      "name": "ITA"
    }, 
    {
      "name": "DNK|SWE"
    }, 
    {
      "name": "DNK|IRL|GBR"
    }, 
    {
      "name": "DAC|JPN"
    }, 
    {
      "name": "AUT|DAC"
    }, 
    {
      "name": "DAC|BEL|DEU|DAC|KWT|DAC|SAU|KOR"
    }, 
    {
      "name": "DAC|SWE"
    }, 
    {
      "name": "DAC|DNK"
    }, 
    {
      "name": "IRL|NOR|SWE|DAC|DAC"
    }, 
    {
      "name": "DNK|DAC|GBR"
    }, 
    {
      "name": "AUT|NLD|SWE|DAC"
    }, 
    {
      "name": "USA"
    }, 
    {
      "name": "DNK|DAC|NLD"
    }, 
    {
      "name": "DAC|NOR"
    }, 
    {
      "name": "SWE"
    }, 
    {
      "name": "DAC|JPN|DAC"
    }, 
    {
      "name": "DNK|ITA"
    }, 
    {
      "name": "CAN"
    }, 
    {
      "name": "DAC|DEU|DAC|NOR"
    }, 
    {
      "name": "DAC|NOR|GBR"
    }, 
    {
      "name": "AUT|DNK|IRL|NLD|GBR"
    }, 
    {
      "name": "KOR"
    }, 
    {
      "name": "DNK|NOR"
    }, 
    {
      "name": "DAC"
    }, 
    {
      "name": "DAC|GBR|DAC|DAC"
    }, 
    {
      "name": "IRL|NLD"
    }, 
    {
      "name": "DNK|IRL|DAC"
    }, 
    {
      "name": "DAC|DNK|DEU"
    }, 
    {
      "name": "BEL|DAC"
    }, 
    {
      "name": "ESP"
    }, 
    {
      "name": "DAC|IRL|NOR"
    }, 
    {
      "name": "AUT|NLD|NOR|GBR|DAC"
    }, 
    {
      "name": "NOR|DAC"
    }, 
    {
      "name": "IRL"
    }, 
    {
      "name": "BEL|NLD"
    }, 
    {
      "name": "DNK|SWE|DAC"
    }, 
    {
      "name": "AUT|BEL|DNK|DAC|IRL|NOR|SWE|DAC"
    }, 
    {
      "name": "IRL|JPN"
    }, 
    {
      "name": "DNK|GBR|DAC"
    }, 
    {
      "name": "JPN"
    }, 
    {
      "name": "DEU|GBR"
    }, 
    {
      "name": "DAC|JPN|NOR"
    }, 
    {
      "name": "CHN|DAC"
    }, 
    {
      "name": "DAC|DEU|IRL|NOR|SWE|GBR"
    }, 
    {
      "name": "DNK|GBR"
    }
  ], 
  "donors_list": [
    {
      "name": "Canada"
    }, 
    {
      "name": "European Union|Norway"
    }, 
    {
      "name": "Ireland|Netherlands"
    }, 
    {
      "name": "Austria|European Union|Iceland|United Kingdom|United Nations Development Programme"
    }, 
    {
      "name": "Global Environment Facility|Netherlands"
    }, 
    {
      "name": "European Union|United Kingdom"
    }, 
    {
      "name": "European Union|International Development Association"
    }, 
    {
      "name": "Arab Bank for Economic Development in Africa|Belgium|Germany|Islamic Development Bank|Kuwait Fund for Development|Organisation of Petroleum Exporting Countries|Saudi Fund for Development|South Korea"
    }, 
    {
      "name": "Denmark/DANIDA|Japan"
    }, 
    {
      "name": "Sweden|United Kingdom|United Nations Children's Fund"
    }, 
    {
      "name": "Netherlands|United Kingdom"
    }, 
    {
      "name": "International Development Association|International Fund for Agricultural Development"
    }, 
    {
      "name": "Global Alliance for Vaccines Immunisation"
    }, 
    {
      "name": "World Health Organization"
    }, 
    {
      "name": "European Union|Food and Agriculture Organization"
    }, 
    {
      "name": "United Nations Children's Fund|United Nations Development Programme"
    }, 
    {
      "name": "Germany|International Development Association|Sweden|United Kingdom"
    }, 
    {
      "name": "Preferential Trade Area for Eastern and Southern Africa"
    }, 
    {
      "name": "Denmark/DANIDA|Ireland|United Kingdom"
    }, 
    {
      "name": "International Development Association|Italy|World Food Programme"
    }, 
    {
      "name": "Belgium|Netherlands"
    }, 
    {
      "name": "Global Environment Facility|International Development Association"
    }, 
    {
      "name": "Belgium|Saudi Arabia"
    }, 
    {
      "name": "Denmark/DANIDA|Sweden"
    }, 
    {
      "name": "Spain"
    }, 
    {
      "name": "Netherlands"
    }, 
    {
      "name": "European Union|Japan"
    }, 
    {
      "name": "Netherlands|United Kingdom|United States of America"
    }, 
    {
      "name": "Food and Agriculture Organization|International Development Association"
    }, 
    {
      "name": "United Nations Populations Fund"
    }, 
    {
      "name": "Food and Agriculture Organization|Japan|World Food Programme"
    }, 
    {
      "name": "African Capacity Building Foundation"
    }, 
    {
      "name": "Austria|Belgium|European Union|Sweden"
    }, 
    {
      "name": "African Development Fund|Arab Bank for Economic Development in Africa"
    }, 
    {
      "name": "European Union"
    }, 
    {
      "name": "African Development Fund|Denmark/DANIDA|Germany"
    }, 
    {
      "name": "Norway|United Kingdom"
    }, 
    {
      "name": "African Development Fund|Japan"
    }, 
    {
      "name": "Germany|Nordic Development Fund"
    }, 
    {
      "name": "Sweden|United Kingdom"
    }, 
    {
      "name": "Denmark/DANIDA|United Kingdom"
    }, 
    {
      "name": "African Development Fund|Denmark/DANIDA|United Nations Development Programme|United States of America|World Food Programme"
    }, 
    {
      "name": "European Union|Food and Agriculture Organization|United Nations Development Programme"
    }, 
    {
      "name": "African Development Fund|International Fund for Agricultural Development"
    }, 
    {
      "name": "Denmark/DANIDA|Sweden|United Kingdom"
    }, 
    {
      "name": "Germany|United Kingdom"
    }, 
    {
      "name": "International Development Association|Netherlands|Nordic Development Fund"
    }, 
    {
      "name": "Belgium|Denmark/DANIDA|Ireland|Netherlands"
    }, 
    {
      "name": "Global Environment Facility"
    }, 
    {
      "name": "Ireland|Norway|Sweden|United Nations Development Programme|World Health Organization"
    }, 
    {
      "name": "France"
    }, 
    {
      "name": "Nordic Development Fund"
    }, 
    {
      "name": "Food and Agriculture Organization|Japan|United Nations Development Programme"
    }, 
    {
      "name": "Ireland|United Kingdom|United States of America"
    }, 
    {
      "name": "African Development Fund|Japan|Norway"
    }, 
    {
      "name": "Norway"
    }, 
    {
      "name": "African Development Fund|Italy"
    }, 
    {
      "name": "African Union|United Nations"
    }, 
    {
      "name": "Denmark/DANIDA"
    }, 
    {
      "name": "Ireland|Sweden"
    }, 
    {
      "name": "United States of America"
    }, 
    {
      "name": "Austria|Canada|European Union|Ireland|Netherlands|Norway|Sweden|United Nations Development Programme"
    }, 
    {
      "name": "European Union|Japan|World Food Programme"
    }, 
    {
      "name": "Germany|International Development Association|Japan|Norway|Sweden"
    }, 
    {
      "name": "China"
    }, 
    {
      "name": "United Nations Children's Fund"
    }, 
    {
      "name": "International Development Association|Norway"
    }, 
    {
      "name": "Canada|Denmark/DANIDA"
    }, 
    {
      "name": "Denmark/DANIDA|Netherlands|United Kingdom"
    }, 
    {
      "name": "Italy|Norway|Sweden"
    }, 
    {
      "name": "Norway|United Nations Development Programme"
    }, 
    {
      "name": "Austria|Belgium|Denmark/DANIDA|European Union|Ireland|Norway|Sweden|United Nations Development Programme"
    }, 
    {
      "name": "International Development Association|United Kingdom"
    }, 
    {
      "name": "Food and Agriculture Organization|Germany"
    }, 
    {
      "name": "Italy|World Food Programme|World Health Organization"
    }, 
    {
      "name": "African Development Fund|Nigeria|Organisation of Petroleum Exporting Countries"
    }, 
    {
      "name": "United Kingdom|World Health Organization"
    }, 
    {
      "name": "Sweden"
    }, 
    {
      "name": "International Development Association"
    }, 
    {
      "name": "Export-Import Bank of the United States|Preferential Trade Area for Eastern and Southern Africa"
    }, 
    {
      "name": "Islamic Development Bank"
    }, 
    {
      "name": "African Development Fund|Denmark/DANIDA"
    }, 
    {
      "name": "Austria|European Union|Norway|United Kingdom|United States of America"
    }, 
    {
      "name": "Denmark/DANIDA|International Development Association|Netherlands"
    }, 
    {
      "name": "United Nations Development Programme"
    }, 
    {
      "name": "European Union|International Fund for Agricultural Development"
    }, 
    {
      "name": "International Development Association|Japan"
    }, 
    {
      "name": "Austria"
    }, 
    {
      "name": "Austria|Belgium|International Development Association|Ireland|Italy|Netherlands|Norway"
    }, 
    {
      "name": "Austria|Denmark/DANIDA"
    }, 
    {
      "name": "Japan"
    }, 
    {
      "name": "Austria|Denmark/DANIDA|European Union|Norway|Sweden"
    }, 
    {
      "name": "Germany|International Development Association"
    }, 
    {
      "name": "Sweden|United Nations Children's Fund"
    }, 
    {
      "name": "Organisation of Petroleum Exporting Countries"
    }, 
    {
      "name": "International Centre for Tropical Agriculture"
    }, 
    {
      "name": "African Development Fund|Norway"
    }, 
    {
      "name": "Denmark/DANIDA|United Kingdom|United Nations Development Programme"
    }, 
    {
      "name": "Unspecified"
    }, 
    {
      "name": "Ireland"
    }, 
    {
      "name": "Austria|United Kingdom"
    }, 
    {
      "name": "International Fund for Agricultural Development"
    }, 
    {
      "name": "Belgium|France"
    }, 
    {
      "name": "International Development Association|United States of America"
    }, 
    {
      "name": "International Fund for Agricultural Development|Ireland"
    }, 
    {
      "name": "African Development Fund|International Development Association|Nordic Development Fund"
    }, 
    {
      "name": "Australia"
    }, 
    {
      "name": "Austria|International Development Association"
    }, 
    {
      "name": "Austria|Denmark/DANIDA|European Union|Ireland|Norway|Sweden"
    }, 
    {
      "name": "Japan|United Nations Development Programme"
    }, 
    {
      "name": "Arab Bank for Economic Development in Africa|Organisation of Petroleum Exporting Countries"
    }, 
    {
      "name": "European Union|Germany|United Kingdom|United Nations Development Programme"
    }, 
    {
      "name": "Arab Bank for Economic Development in Africa"
    }, 
    {
      "name": "Denmark/DANIDA|Norway"
    }, 
    {
      "name": "United Kingdom|United Nations Populations Fund"
    }, 
    {
      "name": "Belgium"
    }, 
    {
      "name": "African Development Fund|Nordic Development Fund"
    }, 
    {
      "name": "African Development Fund|Nordic Development Fund|Norway|Sweden|United Kingdom"
    }, 
    {
      "name": "China|International Development Association"
    }, 
    {
      "name": "European Union|International Development Association|Norway"
    }, 
    {
      "name": "Kuwait Fund for Development"
    }, 
    {
      "name": "International Development Association|Sweden"
    }, 
    {
      "name": "South Korea"
    }, 
    {
      "name": "Denmark/DANIDA|European Union|United Kingdom"
    }, 
    {
      "name": "Switzerland"
    }, 
    {
      "name": "Saudi Fund for Development"
    }, 
    {
      "name": "United States of America|World Food Programme"
    }, 
    {
      "name": "Arab Bank for Economic Development in Africa|International Development Association"
    }, 
    {
      "name": "International Development Association|United Kingdom|United Nations Children's Fund|United Nations Populations Fund"
    }, 
    {
      "name": "Ireland|Japan"
    }, 
    {
      "name": "Global Fund for HIV, TB and Malaria"
    }, 
    {
      "name": "Germany|Netherlands"
    }, 
    {
      "name": "African Development Fund|European Union"
    }, 
    {
      "name": "Austria|Ireland|Netherlands|Norway|Sweden"
    }, 
    {
      "name": "African Development Bank|African Development Fund|Islamic Development Bank"
    }, 
    {
      "name": "Italy"
    }, 
    {
      "name": "European Union|Germany|International Fund for Agricultural Development|Norway"
    }, 
    {
      "name": "Austria|Netherlands|Norway|United Kingdom|United Nations Development Programme"
    }, 
    {
      "name": "Italy|United Nations Development Programme"
    }, 
    {
      "name": "Belgium|International Fund for Agricultural Development"
    }, 
    {
      "name": "African Development Fund|Germany"
    }, 
    {
      "name": "Germany|International Development Association|Islamic Development Bank|Norway"
    }, 
    {
      "name": "African Development Bank"
    }, 
    {
      "name": "European Investment Bank|France|Germany"
    }, 
    {
      "name": "International Development Association|Norway|United Kingdom"
    }, 
    {
      "name": "African Development Fund|China|Sweden"
    }, 
    {
      "name": "Global Environment Facility|International Bank for Reconstruction and Development|International Development Association|Norway|United Nations Educational, Scientific and Cultural Organization"
    }, 
    {
      "name": "International Monetary Fund"
    }, 
    {
      "name": "International Fund for Agricultural Development|United Nations Development Programme"
    }, 
    {
      "name": "Iceland"
    }, 
    {
      "name": "United Kingdom|United Nations Development Programme"
    }, 
    {
      "name": "Austria|Denmark/DANIDA|Ireland|Netherlands|United Kingdom"
    }, 
    {
      "name": "Germany"
    }, 
    {
      "name": "United Nations Development Programme|United States of America"
    }, 
    {
      "name": "International Development Association|Nordic Development Fund"
    }, 
    {
      "name": "European Union|Ireland|Norway"
    }, 
    {
      "name": "Belgium|Nordic Development Fund"
    }, 
    {
      "name": "African Development Fund|United Nations Development Programme"
    }, 
    {
      "name": "World Food Programme"
    }, 
    {
      "name": "Austria|Denmark/DANIDA|European Union"
    }, 
    {
      "name": "Denmark/DANIDA|Italy"
    }, 
    {
      "name": "African Development Fund|International Development Association"
    }, 
    {
      "name": "African Development Fund"
    }, 
    {
      "name": "European Investment Bank"
    }, 
    {
      "name": "International Development Association|Netherlands"
    }, 
    {
      "name": "Food and Agriculture Organization"
    }, 
    {
      "name": "European Union|Germany|Ireland|Norway|Sweden|United Kingdom"
    }, 
    {
      "name": "Shelter Afrique|United Nations Development Programme"
    }, 
    {
      "name": "Austria|Netherlands|Sweden|United Nations Development Programme"
    }, 
    {
      "name": "Egypt"
    }, 
    {
      "name": "Denmark/DANIDA|International Atomic Energy Agency|Japan"
    }, 
    {
      "name": "Denmark/DANIDA|Ireland|United Nations Development Programme"
    }, 
    {
      "name": "United Kingdom"
    }, 
    {
      "name": "African Development Fund|Islamic Development Bank"
    }, 
    {
      "name": "Belgium|Ireland"
    }, 
    {
      "name": "International Bank for Reconstruction and Development"
    }, 
    {
      "name": "Denmark/DANIDA|Sweden|United Nations Children's Fund"
    }
  ], 
  "sectors_codes_list": [
    {
      "name": "151"
    }, 
    {
      "name": "311|110"
    }, 
    {
      "name": "152"
    }, 
    {
      "name": "230|210|140"
    }, 
    {
      "name": "140"
    }, 
    {
      "name": "210"
    }, 
    {
      "name": "230"
    }, 
    {
      "name": "311"
    }, 
    {
      "name": "331"
    }, 
    {
      "name": "998"
    }, 
    {
      "name": "120"
    }, 
    {
      "name": "151|160"
    }, 
    {
      "name": "110"
    }, 
    {
      "name": "510"
    }, 
    {
      "name": "151|120"
    }, 
    {
      "name": "160"
    }, 
    {
      "name": "220"
    }
  ], 
  "sectors_names_list": [
    {
      "name": "Other social infrastructure and services"
    }, 
    {
      "name": "General budget support"
    }, 
    {
      "name": "Energy generation and supply"
    }, 
    {
      "name": "Energy generation and supply|Transport and storage|Water supply and sanitation"
    }, 
    {
      "name": "Unallocated/ unspecified"
    }, 
    {
      "name": "Agriculture|Education"
    }, 
    {
      "name": "Government and civil society, general"
    }, 
    {
      "name": "Communications"
    }, 
    {
      "name": "Unspecified"
    }, 
    {
      "name": "Trade policy and regulations"
    }, 
    {
      "name": "Government and civil society, general|Other social infrastructure and services"
    }, 
    {
      "name": "Transport and storage"
    }, 
    {
      "name": "Government and civil society, general|Health"
    }, 
    {
      "name": "Water supply and sanitation"
    }, 
    {
      "name": "Health"
    }, 
    {
      "name": "Conflict prevention and resolution, peace and security"
    }, 
    {
      "name": "Education"
    }, 
    {
      "name": "Agriculture"
    }
  ]
}