participating_org	donors	donors_iso3	donor_country
Action Contre la Faim	Action Contre la Faim	DAC	
African Union	African Union	DAC	
Agency for Technical Cooperation and Development	Agency for Technical Cooperation and Development	DAC	
Allocation of unearmarked funds by FAO	FAO	DAC	
Allocation of unearmarked funds by OCHA	OCHA	DAC	
Allocation of unearmarked funds by UNICEF	UNICEF	DAC	
Allocation of unearmarked funds by WFP	WFP	DAC	
Belgium	Belgium	BEL	Belgium
Bill and Melinda Gates Foundation	Bill and Melinda Gates Foundation	DAC	
Canada	Canada	CAN	Canada
Carry-over (donors not specified)	Carry-over (donors not specified)	DAC	
Central Emergency Response Fund	Central Emergency Response Fund	DAC	
Common Humanitarian Fund	Common Humanitarian Fund	DAC	
Community Humanitarian Emergency Board	Community Humanitarian Emergency Board	DAC	
Danish Refugee Council	Danish Refugee Council	DAC	
Denmark	Denmark	DNK	Denmark
EMERGENCY - Life Support for Civilian War Victims ONG Onlus	EMERGENCY - Life Support for Civilian War Victims ONG Onlus	DAC	
Estonia	Estonia	EST	Estonia
European Commission's Humanitarian Aid and Civil Protection Department	European Commission's Humanitarian Aid and Civil Protection Department	DAC	
Finland	Finland	FIN	Finland
France	France	FRA	France
Germany	Germany	DEU	Germany
Hungary	Hungary	HUN	Hungary
Ireland	Ireland	IRL	Ireland
Italy	Italy	ITA	Italy
Japan	Japan	JPN	Japan
JUPEDEC (United Youth for the Protection of the Environment and Community Development)	JUPEDEC (United Youth for the Protection of the Environment and Community Development)	DAC	
Korea, Republic of	Korea, Republic of	KOR	Korea, Republic of
Luxembourg	Luxembourg	LUX	Luxembourg
Mercy Corps	Mercy Corps 	DAC	
Mercy Corps 	Mercy Corps 	DAC	
Netherlands	Netherlands	NLD	Netherlands
Norway	Norway	NOR	Norway
Office for the Coordination of Humanitarian Affairs	OCHA	DAC	
Private (individuals & organisations)	Private (individuals & organisations)	DAC	
Rebatisseurs de la muraille des oeuvres de Dieu	Rebatisseurs de la muraille des oeuvres de Dieu	DAC	
Save the Children 	Save the Children 	DAC	
Save the Children	Save the Children 	DAC	
Solidarités International	Solidarités International	DAC	
Sweden	Sweden	SWE	Sweden
Switzerland	Switzerland	CHE	Switzerland
Triangle Génération Humanitaire	Triangle Génération Humanitaire	DAC	
UNICEF National Committee/France	UNICEF National Committee/France	DAC	
UNICEF National Committee/Germany	UNICEF National Committee/Germany	DAC	
UNICEF National Committee/Italy	UNICEF National Committee/Italy	DAC	
UNICEF National Committee/Netherlands	UNICEF National Committee/Netherlands	DAC	
UNICEF National Committee/United Kingdom	UNICEF National Committee/United Kingdom	DAC	
United Kingdom	United Kingdom	GBR	United Kingdom 
United Nations Development Programme	United Nations Development Programme	DAC	
United States of America	United States of America	USA	United States of America
Various Donors (details not yet provided)	Various Donors (details not yet provided)	DAC	
World Food Programme	World Food Programme	DAC	
Unspecified	None		
United Kingdom 	GBR	United Kingdom	
