sector_value	sector_trans	ad_sector_codes	ad_sector_names	ad_purpose_codes	ad_purpose_names
Agriculture	Agriculture	311	Agriculture	31105	Agriculture, purpose unspecified
Water and Sanitation	Water and Sanitation	140	Water supply and sanitation	14005	Water supply and sanitation, purpose unspecified
Health	Health	120	Health	12005	Health, purpose unspecified
Economic recovery and infrastructure	Economic recovery and infrastructure	200	Infrastructure and services		
Education	Education	111	Education, level unspecified	11105	Education, level unspecified, purpose unspecified
Protection/Human rights/Rule of law	Protection/Human rights/Rule of law	151	Government and civil society, general	15150	Strengthening civil society
Shelter and non-food items	Shelter and non-food items	720	Emergency response	72010	Material relief assistance and services
Food	Food	520	Developmental food aid/Food security assistance	52010	Food aid/Food security programmes
Coordination and support services	Coordination and support services	720	Emergency response	72050	Relief co-ordination; protection and support services
Sector not yet specified	Sector not yet specified	998	Unallocated/Unspecified	99810	Sectors not specified
Multi-sector	Multi-sector	160	Other social infrastructure and services	16050	Multisector aid for social services
Unspecified	Unspecified	998	Unallocated/Unspecified	99810	Sectors not specified
Food aid/Food security programmes	Food aid/Food security programmes	520	Developmental food aid/Food security assistance	52010	Food aid/Food security programmes
Agricultural policy and administrative management	Agricultural policy and administrative management	311	Agriculture	31110	Agricultural policy and administrative management
Food aid/Food security programmes	Food aid/Food security programmes	520	Developmental food aid/Food security assistance	52010	Food aid/Food security programmes
Emergency food aid	Emergency food aid	720	Emergency response	72040	Emergency food aid
Food aid/Food security programmes	Food aid/Food security programmes	520	Developmental food aid/Food security assistance	52010	Food aid/Food security programmes
Agricultural development	Agricultural development	311	Agriculture	31120	Agricultural development
Relief co-ordination; protection and support services	Relief co-ordination; protection and support services	720	Emergency response	72050	Relief co-ordination; protection and support services
Food aid/Food security programmes	Food aid/Food security programmes	520	Developmental food aid/Food security assistance	52010	Food aid/Food security programmes
Food aid/Food security programmes	Food aid/Food security programmes	520	Developmental food aid/Food security assistance	52010	Food aid/Food security programmes
Sectors not specified	Sectors not specified	998	Unallocated/Unspecified	99810	Sectors not specified
Recovery and Reconstruction (Reconstruction relief and rehabilitation)	Recovery and Reconstruction (Reconstruction relief and rehabilitation)	730	Reconstruction Relief (Including Recovery)	73010	Recovery and Reconstruction (Reconstruction relief and rehabilitation)
Material relief assistance and services	Material relief assistance and services	720	Emergency response	72010	Material relief assistance and services
Agricultural policy and administrative management	Agricultural policy and administrative management	311	Agriculture	31110	Agricultural policy and administrative management
Recovery and Reconstruction (Reconstruction relief and rehabilitation)	Recovery and Reconstruction (Reconstruction relief and rehabilitation)	730	Reconstruction Relief (Including Recovery)	73010	Recovery and Reconstruction (Reconstruction relief and rehabilitation)
Recovery and Reconstruction (Reconstruction relief and rehabilitation)	Recovery and Reconstruction (Reconstruction relief and rehabilitation)	730	Reconstruction Relief (Including Recovery)	73010	Recovery and Reconstruction (Reconstruction relief and rehabilitation)
Material relief assistance and services	Material relief assistance and services	720	Emergency response	72010	Material relief assistance and services
Economic and development policy/planning	Economic and development policy/planning	151	Government and civil society, general	15110	Economic and development policy/planning
Education, level unspecified, purpose unspecified	Education, level unspecified, purpose unspecified	111	Education, level unspecified	11105	Education, level unspecified, purpose unspecified
Education policy and administrative management	Education policy and administrative management	111	Education, level unspecified	11110	Education policy and administrative management
Disaster Risk Reduction (Disaster prevention and preparedness)	Disaster Risk Reduction (Disaster prevention and preparedness)	740	Disaster Prevention and Preparedness (Including disaster risk reduction)	74010	Disaster Risk Reduction (Disaster prevention and preparedness)
Primary education	Primary education	112	Basic education	11220	Primary education
Education policy and administrative management	Education policy and administrative management	111	Education, level unspecified	11110	Education policy and administrative management
Primary education	Primary education	112	Basic education	11220	Primary education
Education policy and administrative management	Education policy and administrative management	111	Education, level unspecified	11110	Education policy and administrative management
Primary education	Primary education	112	Basic education	11220	Primary education
Education policy and administrative management	Education policy and administrative management	111	Education, level unspecified	11110	Education policy and administrative management
Primary education	Primary education	112	Basic education	11220	Primary education
Primary education	Primary education	112	Basic education	11220	Primary education
Education, level unspecified, purpose unspecified	Education, level unspecified, purpose unspecified	111	Education, level unspecified	11105	Education, level unspecified, purpose unspecified
Primary education	Primary education	112	Basic education	11220	Primary education
Primary education	Primary education	112	Basic education	11220	Primary education
Education, level unspecified, purpose unspecified	Education, level unspecified, purpose unspecified	111	Education, level unspecified	11105	Education, level unspecified, purpose unspecified
Food aid/Food security programmes	Food aid/Food security programmes	520	Developmental food aid/Food security assistance	52010	Food aid/Food security programmes
Emergency Health Services/Support	Emergency Health Services/Support	720	Emergency response	72020	Emergency Health Services/Support
Food aid/Food security programmes	Food aid/Food security programmes	520	Developmental food aid/Food security assistance	52010	Food aid/Food security programmes
Recovery and Reconstruction (Reconstruction relief and rehabilitation)	Recovery and Reconstruction (Reconstruction relief and rehabilitation)	730	Reconstruction Relief (Including Recovery)	73010	Recovery and Reconstruction (Reconstruction relief and rehabilitation)
Basic health care	Basic health care	122	Basic health	12220	Basic health care
Basic health care	Basic health care	122	Basic health	12220	Basic health care
Emergency food aid	Emergency food aid	720	Emergency response	72040	Emergency food aid
Basic health care	Basic health care	122	Basic health	12220	Basic health care
Strengthening civil society	Strengthening civil society	151	Government and civil society, general	15150	Strengthening civil society
Material relief assistance and services	Material relief assistance and services	720	Emergency response	72010	Material relief assistance and services
Strengthening civil society	Strengthening civil society	151	Government and civil society, general	15150	Strengthening civil society
Child soldiers (Prevention and demobilization)	Child soldiers (Prevention and demobilization)	152	Conflict prevention and resolution, peace and security	15261	Child soldiers (Prevention and demobilization)
Recovery and Reconstruction (Reconstruction relief and rehabilitation)	Recovery and Reconstruction (Reconstruction relief and rehabilitation)	730	Reconstruction Relief (Including Recovery)	73010	Recovery and Reconstruction (Reconstruction relief and rehabilitation)
Child soldiers (Prevention and demobilization)	Child soldiers (Prevention and demobilization)	152	Conflict prevention and resolution, peace and security	15261	Child soldiers (Prevention and demobilization)
Security system management and reform	Security system management and reform	152	Conflict prevention and resolution, peace and security	15210	Security system management and reform
Strengthening civil society	Strengthening civil society	151	Government and civil society, general	15150	Strengthening civil society
Recovery and Reconstruction (Reconstruction relief and rehabilitation)	Recovery and Reconstruction (Reconstruction relief and rehabilitation)	730	Reconstruction Relief (Including Recovery)	73010	Recovery and Reconstruction (Reconstruction relief and rehabilitation)
Strengthening civil society	Strengthening civil society	151	Government and civil society, general	15150	Strengthening civil society
Recovery and Reconstruction (Reconstruction relief and rehabilitation)	Recovery and Reconstruction (Reconstruction relief and rehabilitation)	730	Reconstruction Relief (Including Recovery)	73010	Recovery and Reconstruction (Reconstruction relief and rehabilitation)
Recovery and Reconstruction (Reconstruction relief and rehabilitation)	Recovery and Reconstruction (Reconstruction relief and rehabilitation)	730	Reconstruction Relief (Including Recovery)	73010	Recovery and Reconstruction (Reconstruction relief and rehabilitation)
Basic drinking water supply and basic sanitation	Basic drinking water supply and basic sanitation	140	Water supply and sanitation	14030	Basic drinking water supply and basic sanitation
Water Supply and Sanitation, purpose unspecified	Water Supply and Sanitation, purpose unspecified	140	Water supply and sanitation	14005	Water Supply and Sanitation, purpose unspecified
River development	River development	140	Water supply and sanitation	14040	River development
Water Supply and Sanitation, purpose unspecified	Water Supply and Sanitation, purpose unspecified	140	Water supply and sanitation	14005	Water Supply and Sanitation, purpose unspecified
Basic drinking water supply and basic sanitation	Basic drinking water supply and basic sanitation	140	Water supply and sanitation	14030	Basic drinking water supply and basic sanitation
Water Supply and Sanitation, purpose unspecified	Water Supply and Sanitation, purpose unspecified	140	Water supply and sanitation	14005	Water Supply and Sanitation, purpose unspecified
Recovery and Reconstruction (Reconstruction relief and rehabilitation)	Recovery and Reconstruction (Reconstruction relief and rehabilitation)	730	Reconstruction Relief (Including Recovery)	73010	Recovery and Reconstruction (Reconstruction relief and rehabilitation)
Water Supply and Sanitation, purpose unspecified	Water Supply and Sanitation, purpose unspecified	140	Water supply and sanitation	14005	Water Supply and Sanitation, purpose unspecified
Water & Sanitation Services/Support	Water & Sanitation Services/Support	720	Emergency response	72030	Water & Sanitation Services/Support
Water resources policy and administrative management	Water resources policy and administrative management	140	Water supply and sanitation	14010	Water resources policy and administrative management
Relief co-ordination; protection and support services	Relief co-ordination; protection and support services	720	Emergency response	72050	Relief co-ordination; protection and support services
Water & Sanitation Services/Support	Water & Sanitation Services/Support	720	Emergency response	72030	Water & Sanitation Services/Support
