COUNTRY	COUNTRY_iso2	COUNTRY_iso3	COUNTRY_geonames_id	Latitude	Longitude
Cambodia	KH	KHM	1831722	13	105
Maldives	MV	MDV	1282028	3.2	73
Mozambique	MZ	MOZ	1036973	-18.25	35
Uganda	UG	UGA	226074	1.25	32.5
Brazil	BR	BRA	3469034	-10	-55
Liberia	LR	LBR	2275384	6.5	-9.5
Benin	BJ	BEN	2395170	9.5	2.25
Egypt, Arab Republic of	EG	EGY	357994	27	30
China	CN	CHN	1814991	35	105
Chad	TD	TCD	2434508	15	19
India	IN	IND	1269750	22	79
Vietnam	VN	VNM	1562822	16.16667	107.83333
Central Asia					
Nepal	NP	NPL	1282988	28	84
Albania	AL	ALB	783754	41	20
Azerbaijan	AZ	AZE	587116	40.5	47.5
Cabo Verde	CV	CPV	3374766	16	-24
Mauritania	MR	MRT	2378080	20.25	-10.5
Pakistan	PK	PAK	1168579	30	70
Guinea-Bissau	GW	GNB	2372248	12	-15
Burkina Faso	BF	BFA	2361809	12.5	-1.66667
Philippines	PH	PHL	1694008	13	122
Cameroon	CM	CMR	2233387	6	12.5
Malawi	MW	MWI	927384	-13.5	34
Seychelles	SC	SYC	241170	-4.58333	55.66667
Paraguay	PY	PRY	3437598	-23.33333	-58
Comoros	KM	COM	921929	-12.23333	44.44553
Turkey	TR	TUR	298795	39	35
Mali	ML	MLI	2453866	18	-2
Morocco	MA	MAR	2542007	32	-6
Rwanda	RW	RWA	49518	-2	30
Zambia	ZM	ZMB	895949	-14.33333	28.5
Nicaragua	NI	NIC	3617476	13	-85
Mauritius	MU	MUS	934292	-20.3	57.58333
Dominican Republic	DO	DOM	3508796	19	-70.66667
Central African Republic	CF	CAF	239880	7	21
Bangladesh	BD	BGD	1210997	24	90
Lebanon	LB	LBN	272103	33.83333	35.83333
Mongolia	MN	MNG	2029969	46	105
Congo, Democratic Republic of	CD	COD	203312	-2.5	23.5
Ethiopia	ET	ETH	337996	9	39.5
Nigeria	NG	NGA	2328926	10	8
Afghanistan	AF	AFG	1149361	33	66
Indonesia	ID	IDN	1643084	-5	120
Bolivia	BO	BOL	3923057	-17	-65
Honduras	HN	HND	3608932	15	-86.5
Macedonia, former Yugoslav Republic of	MK	MKD	718075	41.66667	21.75
Niger	NE	NER	2440476	18	9
Sao Tome and Principe	ST	STP	2410758	1	7
Yemen, Republic of	YE	YEM	69543	15.5	47.5
Guinea	GN	GIN	2420477	10.83333	-10.66667
Tajikistan	TJ	TJK	1220409	39	71
Africa					
Colombia	CO	COL	3686110	4	-73.25
Kosovo		XKX	831053	42.58333	20.91667
Bosnia and Herzegovina	BA	BIH	3277605	44.25	17.83333
Uruguay	UY	URY	3439705	-33	-56
Armenia	AM	ARM	174982	40.25	45
Sierra Leone	SL	SLE	2403846	8.5	-11.5
Namibia		NAM	3355338	-22	17
Grenada	GD	GRD	3580239	12.11667	-61.66667
Uzbekistan	UZ	UZB	1512440	41.66667	63.83333
Argentina	AR	ARG	3865483	-34	-64
Slovenia	SI	SVN	3190538	46.08333	15
Kenya	KE	KEN	192950	1	38
Jamaica	JM	JAM	3489940	18.16667	-77.25
Romania	RO	ROU	798549	46	25
Gambia, The	GM	GMB	2413451	13.5	-15.5
Montenegro	ME	MNE	3194884	42.75	19.25
Georgia	GE	GEO	614540	41.99998	43.4999
Lesotho	LS	LSO	932692	-29.5	28.25
Ukraine	UA	UKR	690791	49	32
Peru	PE	PER	3932488	-10	-75.25
Iran, Islamic Republic of	IR	IRN	130758	32	53
Gabon	GA	GAB	2400553	-1	11.75
Moldova	MD	MDA	617790	47.25	28.58333
Belarus	BY	BLR	630336	53	28
Tanzania	TZ	TZA	149590	-6	35
Kyrgyz Republic	KG	KGZ	1527747	41.5	75
OECS Countries					
Panama	PA	PAN	3703430	9	-80
Madagascar	MG	MDG	1062947	-20	47
Latvia	LV	LVA	458258	57	25
Eritrea	ER	ERI	338010	15	39
Congo, Republic of	CG	COG	2260494	-1	15.5
El Salvador	SV	SLV	3585968	13.83333	-88.91667
Guatemala	GT	GTM	3595528	15.5	-90.25
Senegal	SN	SEN	2245662	14.5	-14.25
Lao People's Democratic Republic	LA	LAO	1655842	18	105
Bulgaria	BG	BGR	732800	42.66667	25.25
Sri Lanka	LK	LKA	1227603	7.75	80.75
Ghana	GH	GHA	2300660	8.1	-1.2
Cote d'Ivoire	CI	CIV	2287781	8	-5.5
Ecuador	EC	ECU	3658394	-1.25	-78.25
St. Lucia	LC	LCA	3576468	13.88333	-60.96667
Russian Federation	RU	RUS	2017370	60	100
Slovak Republic	SK	SVK	3057568	48.66667	19.5
Burundi	BI	BDI	433561	-3.5	30
Jordan	JO	JOR	248816	31	36
Togo	TG	TGO	2363686	8.66667	1.08333
Iraq	IQ	IRQ	99237	33	44
Serbia	RS	SRB	6290252	44.81892	20.45998
Haiti	HT	HTI	3723988	19	-72.41667
Angola	AO	AGO	3351879	-12.5	18.5
Mexico	MX	MEX	3996063	23	-102
Croatia	HR	HRV	3202326	45.16667	15.5
Tunisia	TN	TUN	2464461	34	9
Costa Rica	CR	CRI	3624060	10	-84
Kazakhstan	KZ	KAZ	1522867	48	68
Samoa	AS	ASM	5880801	-14.23377	-169.47767
Bhutan	BT	BTN	1252634	27.5	90.5
Thailand	TH	THA	1605651	15.5	101
Timor-Leste	TL	TLS	1966436	-8.83333	125.75
Chile	CL	CHL	3895114	-30	-71
Trinidad and Tobago	TT	TTO	3573591	11	-61
Botswana	BW	BWA	933860	-22	24
Hungary	HU	HUN	719819	47	20
Caribbean					
Papua New Guinea	PG	PNG	2088628	-6	147
Algeria	DZ	DZA	2589581	28	3
Poland	PL	POL	798544	52	20
Solomon Islands	SB	SLB	2103350	-8	159
Djibouti	DJ	DJI	223816	11.83333	42.5
Tonga	TO	TON	4032283	-20	-175
Estonia	EE	EST	453733	59	26
Guyana	GY	GUY	3378535	5	-59
Belize	BZ	BLZ	3582678	17.25	-88.75
Dominica	DM	DMA	3575830	15.5	-61.33333
St. Kitts and Nevis	KN	KNA	3575174	17.33333	-62.75
St. Vincent and the Grenadines	VC	VCT	3577815	13.08333	-61.2
Kiribati	KI	KIR	4030945	1.421	172.984
South Eastern Europe and Balkans					
Central America					
South Africa	ZA	ZAF	953987	-29	24
Barbados	BB	BRB	3374084	13.16667	-59.53333
Swaziland	SZ	SWZ	934841	-26.5	31.5
South Asia					
Lithuania	LT	LTU	597427	55.41667	24
Venezuela, Republica Bolivariana de	VE	VEN	3625428	8	-66
Tuvalu	TV	TUV	2110297	-8.51719	179.14478
Vanuatu	VU	VUT	2134431	-16	167
