sector_value	ad_sector_codes	ad_sector_names
Health	120	Health
Agriculture	311	Agriculture
Unspecified	998	Unallocated/ unspecified
Government	150	Government and civil society
Poverty Alleviation	500	Commodity Aid and General Programme Assistance
Energy and Environment	230	Energy generation and supply
Finance	240	Banking and financial services
Education	110	Education
Unallocated	998	Unallocated/ unspecified
Water Sanitation and Hygiene	140	Water supply and sanitation
Public Finance Management	151	Government and civil society, general
Trade and Investment	331	Trade policy and regulations
Health & Sanitation	122	Basic health
Women's Empowerment	151	Government and civil society, general
Governance	151	Government and civil society, general
Human Rights	151	Government and civil society, general
Administrative Cost	151	Government and civil society, general
Child Protection	160	Other social infrastructure and services
Civil Society	151	Government and civil society, general
Contingency	998	Unallocated/ unspecified
Judiciary Reform	151	Government and civil society, general
Primary Health Care	122	Basic health
Civil Society 	151	Government and civil society, general
Migration Management	130	Population policies/ programmes and reproductive health
Advocacy and Communication	220	Communications
Combating Human Trafficking	151	Government and civil society, general
Electoral Process	151	Government and civil society, general
Gender Equality	151	Government and civil society, general
Media	220	Communications
Political System	151	Government and civil society, general
Social Policy	151	Government and civil society, general
Social Policy, Advocacy and Communication	160	Other social infrastructure and services
