participating_org	donors	donors_iso3	donor_country
United States of America	United States of America	USA	United States of America
Sweden	Sweden	SWE	Sweden
United Kingdom	United Kingdom	GBR	United Kingdom
Japan_Loan	Japan_Loan	JPN	Japan
Korea	Korea	KOR	Korea
UNDP	UNDP	DAC	
Italy	Italy	ITA	Italy
Japan	Japan	JPN	Japan
WB_Loan	WB_Loan	DAC	
Canada	Canada	CAN	Canada
Spain	Spain	ESP	Spain
UNDG.ITF	UNDG.ITF	DAC	
UNIDO	UNIDO	DAC	
WB.ITF	WB.ITF	DAC	
Unspecified	Unspecified	DAC	
Denmark	Denmark	DNK	Denmark
EU (EUROPE)	EU (EUROPE)	DAC	
Germany	Germany	DEU	Germany
Kuwait	Kuwait	KWT	Kuwait
Norway	Norway	NOR	Norway
UNDP.TTF (funded by EU)	UNDP.TTF (funded by EU)	DAC	
