sector_value	parent_sector_codes	parent_sector_names	ad_sector_codes	ad_sector_names
Unspecified	998	Unallocated/ unspecified	99810	Sectors not specified 
Unallocated	998	Unallocated/ unspecified	99810	Sectors not specified
Unclassified	998	Unallocated/ unspecified	99810	Sectors not specified
Food Security & Distribution	520	Development aid/food security assistance	52010	Food aid/food security programmes 
Scientific Research	430	Other	43082	Research/scientific institutions
Urban Development	430	Other	43030	Urban development and management
Environmental Protection	410	General environmental protection	41000	General environmental protection, combinations of purposes 
Environmental protection n.e.c.	410	General environmental protection	41000	General environmental protection, combinations of purposes 
Water Pollution Control	410	General environmental protection	41020	Biosphere protection
Industrial Construction	321	Industry	32120	Industrial development 
R&D Mining, manufacturing, and construction	321	Industry	32182	Technological research and development 
Service Industry	321	Industry	32191	Industry services
Agriculture	311	Agriculture	31100	Agriculture, combinations of purposes in agriculture, agro-industry, agribusiness 
Irrigation	311	Agriculture	31140	Agricultural water resources 
Livestock	311	Agriculture	31120	Agricultural development 
Private Sector Development	250	Business and other services	25010	Business support services and institutions 
Banking	240	Banking and financial services	24000	Banking and financial services, combinations of activities 
Finance	240	Banking and financial services	24010	Financial policy and administrative management 
Electricity	230	Energy generation and supply	23040	Electrical transmission/ distribution 
Oil	230	Energy generation and supply	23020	Power generation/non-renewable sources 
Communications	220	Communications	22000	Communications, combinations of activities 
Media	220	Communications	22030	Radio/television/print media 
Air transport	210	Transport and storage	21050	Air transport
Bridges	210	Transport and storage	21020	Road transport 
Railway transport	210	Transport and storage	21030	Rail transport 
Road transport	210	Transport and storage	21020	Road transport
Water transport	210	Transport and storage	21040	Water transport
Disability	160	Other social infrastructure and services	16010	Social/ welfare services 
Housing	160	Other social infrastructure and services	16030	Housing policy and administrative management 
Social protection n.e.c.	160	Other social infrastructure and services	16010	Social/ welfare services
Social Services	160	Other social infrastructure and services	16050	Multisector aid for social services
Sport	160	Other social infrastructure and services	16010	Social/ welfare services
Unemployment	160	Other social infrastructure and services	16020	Employment policy and administrative management
Youth Affairs	160	Other social infrastructure and services	16010	Social/ welfare services
Border Post	152	Conflict prevention and resolution, peace and security	15210	Security system management and reform 
Mine Action	152	Conflict prevention and resolution, peace and security	15250	Land mine clearance 
National Defense	152	Conflict prevention and resolution, peace and security	15210	Security system management and reform 
Civil Society	151	Government and civil society, general	15100	Government and civil society, general, combination of activities 
Elections	151	Government and civil society, general	15150	Strengthening civil society 
Executive and legislative organs	151	Government and civil society, general	15140	Government administration 
Fire protection	151	Government and civil society, general	15140	Government administration 
General public services n.e.c.	151	Government and civil society, general	15140	Government administration 
Judicial Services	151	Government and civil society, general	15130	Legal and judicial development 
Local Government Services	151	Government and civil society, general	15140	Government administration 
National Police	151	Government and civil society, general	15130	Legal and judicial development 
Prisons	151	Government and civil society, general	15130	Legal and judicial development 
Public order and safety n.e.c.	151	Government and civil society, general	15140	Government administration 
Public Sector Reform	151	Government and civil society, general	15140	Government administration 
Religious Affairs	151	Government and civil society, general	15150	Strengthening civil society
Statistics	151	Government and civil society, general	15140	Government administration
Sewerage	140	Water supply and sanitation	14020	Water supply and sanitation - large systems
Waste Management & Disposal	140	Water supply and sanitation	14050	Waste management/disposal
Water & Sewerage	140	Water supply and sanitation	14020	Water supply and sanitation - large systems
Water supply	140	Water supply and sanitation	14020	Water supply and sanitation - large systems
Health Services	122	Basic health	12220	Basic health care 
Higher Education	114	Post-secondary education 	11420	Higher education 
Therapeutic appliances and equipment	122	Basic health	12230	Basic health infrastructure
General hospital services	121	Health, general	12191	Medical services 
General medical services	121	Health, general	12191	Medical services 
Health n.e.c.	121	Health, general	12100	Health, general, combinations of activities 
Medical and maternity center services	121	Health, general	12191	Medical services 
Specialized hospital services	121	Health, general	12191	Medical services
Specialized medical services	121	Health, general	12191	Medical services
Public Health	120	Health	12000	Health, combination of general, basic, and population policy/reproductive health purposes 
Lower-secondary education	113	Secondary education	11320	Secondary education 
Upper-secondary education	113	Secondary education	11320	Secondary education
Vocational Education	113	Secondary education	11330	Vocational training
Pre-primary education	112	Basic education	11220	Primary education 
Primary Education	112	Basic education	11220	Primary education 
Education n.e.c.	111	Education, level unspecified	11100	Education, level unspecified, combinations of purposes 
Education not definable by level	111	Education, level unspecified	11100	Education, level unspecified, combinations of purposes 
R&D Education	111	Education, level unspecified	11182	Educational research 
