sector_value	ad_sector_codes	ad_sector_names	ad_purpose_codes	ad_purpose_name
Administrative Costs	910	Administrative Costs Of Donors	91010	Administrative Costs
Advanced Technical And Managerial Training	114	Post-Secondary Education	11430	Advanced Technical And Managerial Training
Agricultural Alternative Development	311	Agriculture	31120	Agricultural Development
Agricultural Co-operatives	311	Agriculture	31191	Agricultural Services, Purpose
Agricultural Development	311	Agriculture	31120	Agricultural Development
Agricultural Education/training	311	Agriculture	31181	Agricultural Education/Training
Agricultural Financial Services	311	Agriculture	31191	Agricultural Services, Purpose
Agricultural Inputs	311	Agriculture	31150	Agricultural Inputs
Agricultural Land Resources	311	Agriculture	31130	Agricultural Land Resources
Agricultural Policy And Administrative Management	311	Agriculture	31110	Agricultural Policy And Administrative Management
Agricultural Research	311	Agriculture	31182	Agricultural Research
Agricultural Services	311	Agriculture	31191	Agricultural Services, Purpose
Agricultural Water Resources	311	Agriculture	31140	Agricultural Water Resources
Basic Drinking Water Supply And Basic Sanitation	140	Water Supply And Sanitation	14030	Basic Drinking Water Supply And Basic Sanitation
Basic Health Care	122	Basic Health	12220	Basic Health Care
Basic Health Infrastructure	122	Basic Health	12230	Basic Health Infrastructure
Basic Life Skills For Youth And Adults	112	Basic Education	11230	Basic Life Skills For Youth And Adults
Basic Nutrition	122	Basic Health	12240	Basic Nutrition
Bio-diversity	410	General Environmental Protection	41030	Bio-Diversity
Business Support Services And Institutions	250	Business And Other Services	25010	Business Support Services And Institutions
Child Soldiers (prevention And Demobilisation)	152	Conflict Prevention And Resolution, Peace And Security	15261	Child Soldiers (prevention And Demobilisation)
Civilian Peace-building, Conflict Prevention And Resolution	152	Conflict Prevention And Resolution, Peace And Security	15220	Civilian Peace-Building, Conflict Prevention And Resolution
Construction Policy And Administrative Management	323	Construction	32310	Construction Policy And Administrative Management
Culture And Recreation	160	Other Social Infrastructure And Services	16010	Social/ Welfare Services
Disaster Prevention And Preparedness	740	Disaster Prevention And Preparedness	74010	Disaster Prevention And Preparedness
Early Childhood Education	112	Basic Education	11240	Early Childhood Education
Economic And Development Policy/planning	151	Government And Civil Society, General	15110	Economic And Development Policy/Planning
Education And Training In Transport And Storage	210	Transport And Storage	21081	Education And Training In Transport And Storage
Education And Training In Water Supply And Sanitation	140	Water Supply And Sanitation	14081	Education And Training In Water Supply And Sanitation
Education Facilities And Training	111	Education, Level Unspecified	11120	Education Facilities And Training
Education Policy And Administrative Management	111	Education, Level Unspecified	11110	Education Policy And Administrative Management
Educational Research	111	Education, Level Unspecified	11182	Educational Research
Elections	151	Government And Civil Society, General	15150	Strengthening Civil Society
Emergency Food Aid	720	Emergency Response	72040	Emergency Food Aid
Employment Policy And Administrative Management	160	Other Social Infrastructure And Services	16020	Employment Policy And Administrative Management
Energy Education/training	230	Energy Generation And Supply	23081	Energy Education/Training
Environmental Education/ Training	410	General Environmental Protection	41081	Environmental Education/ Training
Environmental Policy And Administrative Management	410	General Environmental Protection	41010	Environmental Policy And Administrative Management
Family Planning	130	Population Policies/ Programmes And Reproductive Health	13030	Family Planning
Financial Policy And Administrative Management	240	Banking And Financial Services	24010	Financial Policy And Administrative Management
Fishery Development	313	Fishing	31320	Fishery Development
Food Aid/food Security Programmes	520	Development Aid/Food Security Assistance	52010	Food Aid/Food Security Programmes
Food Crop Production	311	Agriculture	31120	Agricultural Development
Forestry Development	312	Forestry	31220	Forestry Development
Free Flow Of Information	151	Government And Civil Society, General	15150	Strengthening Civil Society
General Budget Support	510	General Budget Support	51010	General Budget Support
Government Administration	151	Government And Civil Society, General	15140	Government Administration
Health Education	122	Basic Health	12261	Health Education
Health Personnel Development	122	Basic Health	12281	Health Personnel Development
Health Policy And Administrative Management	121	Health, General	12110	Health Policy And Administrative Management
Higher Education	114	Post-Secondary Education	11420	Higher Education
Housing Policy And Administrative Management	160	Other Social Infrastructure And Services	16030	Housing Policy And Administrative Management
Human Rights	151	Government And Civil Society, General	15150	Strengthening Civil Society
Industrial Development	321	Industry	32120	Industrial Development
Infectious Disease Control	122	Basic Health	12250	Infectious & Parasitic Disease Control
Informal/semi-formal Financial Intermediaries	240	Banking And Financial Services	24040	Informal/Semi-Formal Financial Intermediaries
Information And Communication Technology (ict)	220	Communications	22040	Information And Communication Technology (ict)
Land Mine Clearance	152	Conflict Prevention And Resolution, Peace And Security	15250	Land Mine Clearance
Legal And Judicial Development	151	Government And Civil Society, General	15130	Legal And Judicial Development
Livestock	311	Agriculture	31120	Agricultural Development
Livestock/veterinary Services	311	Agriculture	31191	Agricultural Services, Purpose
Low-cost Housing	160	Other Social Infrastructure And Services	16030	Housing Policy And Administrative Management
Material Relief Assistance And Services	720	Emergency Response	72010	Material Relief Assistance And Services
Medical Education/training	121	Health, General	12181	Medical Education/Training
Medical Research	121	Health, General	12182	Medical Research
Medical Services	121	Health, General	12191	Medical Services
Multisector Aid	430	Other	43010	Multisector Aid
Multisector Aid For Basic Social Services	160	Other Social Infrastructure And Services	16050	Multisector Aid For Social Services
Multisector Education/training	430	Other	43081	Multisector Education/Training
Narcotics Control	160	Other Social Infrastructure And Services	16010	Social/ Welfare Services
Personnel Development For Population And Reproductive Health	130	Population Policies/ Programmes And Reproductive Health	13081	Personnel Development For Population And Reproductive Health
Plant And Post-harvest Protection And Pest Control	311	Agriculture	31191	Agricultural Services, Purpose
Population Policy And Administrative Management	130	Population Policies/ Programmes And Reproductive Health	13010	Population Policy And Administrative Management
Post-conflict Peace-building (un)	152	Conflict Prevention And Resolution, Peace And Security	15230	Post-Conflict Peace-Building (un)
Power Generation/renewable Sources	230	Energy Generation And Supply	23030	Power Generation/Renewable Sources
Primary Education	112	Basic Education	11220	Primary Education
Promotion Of Development Awareness	998	Unallocated/  Unspecified	99820	Promotion Of Development Awareness
Relief Co-ordination	720	Emergency Response	72050	Relief Co-Ordination; Protection And Support Services
Protection And Support Services	720	Emergency Response	72050	Relief Co-Ordination; Protection And Support Services
Public Sector Financial Management	151	Government And Civil Society, General	15120	Public Sector Financial Management
Radio/television/print Media	220	Communications	22030	Radio/Television/Print Media
Reconstruction Relief And Rehabilitation	730	Reconstruction Relief	73010	Reconstruction Relief And Rehabilitation
Reintegration And Salw Control	152	Conflict Prevention And Resolution, Peace And Security	15240	Reintegration And Salw Control
Reproductive Health Care	130	Population Policies/ Programmes And Reproductive Health	13020	Reproductive Health Care
Road Transport	210	Transport And Storage	21020	Road Transport
Rural Development	430	Other	43040	Rural Development
Secondary Education	113	Secondary Education	11320	Secondary Education
Sectors Not Specified	998	Unallocated/  Unspecified	99810	Sectors Not Specified
Security System Management And Reform	152	Conflict Prevention And Resolution, Peace And Security	15210	Security System Management And Reform
Small And Medium-sized Enterprises (sme) Development	321	Industry	32130	Small And Medium-Sized Enterprises (sme) Development
Social/ Welfare Services	160	Other Social Infrastructure And Services	16010	Social/ Welfare Services
Solar Energy	230	Energy Generation And Supply	23030	Power Generation/Renewable Sources 
Statistical Capacity Building	160	Other Social Infrastructure And Services	16010	Social/ Welfare Services
Std Control Including Hiv/aids	130	Population Policies/ Programmes And Reproductive Health	13040	Std Control Including Hiv/Aids
Storage	210	Transport And Storage	21061	Storage
Strengthening Civil Society	151	Government And Civil Society, General	15150	Strengthening Civil Society
Support To International Ngos	920	Support To Non- Governmental Organisations (ngos) And Government Organizations	92020	Support To International Ngos
Support To Local And Regional Ngos	920	Support To Non- Governmental Organisations (ngos) And Government Organizations	92030	Support To Local And Regional Ngos
Support To National Ngos	920	Support To Non- Governmental Organisations (ngos) And Government Organizations	92010	Support To National Ngos
Teacher Training	111	Education, Level Unspecified	11130	Teacher Training
Technological Research And Development	321	Industry	32182	Technological Research And Development
Telecommunications	220	Communications	22020	Telecommunications
Trade Policy And Administrative Management	331	Trade Policy And Regulations	33110	Trade Policy And Administrative Management
Transport Policy And Administrative Management	210	Transport And Storage	21010	Transport Policy And Administrative Management
Unspecified	998	Unallocated/  Unspecified	99810	Sectors Not Specified
Urban Development And Management	430	Other	43030	Urban Development And Management
Vocational Training	113	Secondary Education	11330	Vocational Training
Waste Management/disposal	140	Water Supply And Sanitation	14050	Waste Management/Disposal
Water Resources Policy And Administrative Management	140	Water Supply And Sanitation	14010	Water Resources Policy And Administrative Management
Water Resources Protection	140	Water Supply And Sanitation	14015	Water Resources Protection
Water Supply And Sanitation - Large Systems	140	Water Supply And Sanitation	14020	Water Supply And Sanitation - Large Systems
Water Transport	210	Transport And Storage	21040	Water Transport
Women’s Equality Organisations And Institutions	151	Government And Civil Society, General	15150	Strengthening Civil Society
