{
  "name": "drc_geocoded_research_release_level_1_v1.0", 
  "datapackage_version": "1.0-beta.10", 
  "title": "DRCGeocoded Research Release", 
  "version": "1.0", 
  "licenses": [
    {
      "url": "http://opendatacommons.org/licenses/by/", 
      "version": "1.0", 
      "name": "Open Data Commons Attribution", 
      "id": "odc-pddl"
    }
  ], 
  "sources": [
    {
      "web": "", 
      "name": "DRC"
    }
  ], 
  "maintainers": [
    {
      "web": "http://aiddata.org", 
      "name": "AidData Data Team", 
      "email": "data@aiddata.org"
    }
  ], 
  "publishers": [
    {
      "web": "http://aiddata.org", 
      "name": "AidData", 
      "email": "info@aiddata.org"
    }
  ], 
  "temporal": [
    {
      "start": 1998, 
      "end": 2014, 
      "name": "Start Date Coverage"
    }
  ], 
  "resources": [
    {
      "name": "projects.tsv", 
      "path": "../data/projects.tsv", 
      "bytes": 1304277, 
      "schema": {
        "fields": [
          {
            "type": "int", 
            "name": "is_geocoded"
          }, 
          {
            "type": "string", 
            "name": "end_actual_type"
          }, 
          {
            "type": "date", 
            "name": "start_actual_isodate"
          }, 
          {
            "type": "string", 
            "name": "start_actual_type"
          }, 
          {
            "type": "string", 
            "name": "donors"
          }, 
          {
            "type": "string", 
            "name": "ad_sector_names"
          }, 
          {
            "type": "float", 
            "name": "total_disbursements"
          }, 
          {
            "type": "string", 
            "name": "status"
          }, 
          {
            "type": "string", 
            "name": "donors_iso3"
          }, 
          {
            "type": "int", 
            "name": "ad_sector_codes"
          }, 
          {
            "type": "float", 
            "name": "total_commitments"
          }, 
          {
            "type": "int", 
            "name": "project_id"
          }, 
          {
            "type": "blank", 
            "name": "end_actual_isodate"
          }, 
          {
            "type": "string", 
            "name": "project_title"
          }
        ]
      }
    }, 
    {
      "name": "locations.tsv", 
      "path": "../data/locations.tsv", 
      "bytes": 279596, 
      "schema": {
        "fields": [
          {
            "type": "string", 
            "name": "gazetteer_adm_code"
          }, 
          {
            "type": "string", 
            "name": "location_type_name"
          }, 
          {
            "type": "float", 
            "name": "longitude"
          }, 
          {
            "type": "int", 
            "name": "geoname_id"
          }, 
          {
            "type": "string", 
            "name": "gazetteer_adm_name"
          }, 
          {
            "type": "string", 
            "name": "project_location_id"
          }, 
          {
            "type": "string", 
            "name": "location_type_code"
          }, 
          {
            "type": "float", 
            "name": "latitude"
          }, 
          {
            "type": "int", 
            "name": "project_id"
          }, 
          {
            "type": "int", 
            "name": "precision_code"
          }, 
          {
            "type": "string", 
            "name": "place_name"
          }
        ]
      }
    }, 
    {
      "name": "transactions.tsv", 
      "path": "../data/transactions.tsv", 
      "bytes": 746293, 
      "schema": {
        "fields": [
          {
            "type": "int", 
            "name": "transaction_year"
          }, 
          {
            "type": "blank", 
            "name": "transaction_isodate"
          }, 
          {
            "type": "float", 
            "name": "transaction_value"
          }, 
          {
            "type": "string", 
            "name": "transaction_currency"
          }, 
          {
            "type": "int", 
            "name": "project_id"
          }, 
          {
            "type": "string", 
            "name": "transaction_value_code"
          }, 
          {
            "type": "string", 
            "name": "transaction_id"
          }
        ]
      }
    }
  ], 
  "data_set_preamble": "DRC", 
  "data_type": "Geocoded_Research_Release", 
  "processing_level": "Level_1", 
  "source_type": "Recipient System", 
  "source_subtype": "Aid Management Platform", 
  "source_link": "", 
  "date_updated": "04/30/15", 
  "donors_iso": [
    {
      "name": "GRC"
    }, 
    {
      "name": "BEN"
    }, 
    {
      "name": "NGA"
    }, 
    {
      "name": "BEL"
    }, 
    {
      "name": "LUX"
    }, 
    {
      "name": "ISR"
    }, 
    {
      "name": "SWE"
    }, 
    {
      "name": "DEU"
    }, 
    {
      "name": "MUS"
    }, 
    {
      "name": "SWZ"
    }, 
    {
      "name": "GBR"
    }, 
    {
      "name": "CAN"
    }, 
    {
      "name": "THAI"
    }, 
    {
      "name": "KOR"
    }, 
    {
      "name": "CMR"
    }, 
    {
      "name": "PAK"
    }, 
    {
      "name": "USA"
    }, 
    {
      "name": "DAC"
    }, 
    {
      "name": "ARE"
    }, 
    {
      "name": "GGY"
    }, 
    {
      "name": "CAF"
    }, 
    {
      "name": "TZA"
    }, 
    {
      "name": "PRT"
    }, 
    {
      "name": "POL"
    }, 
    {
      "name": "NLD"
    }, 
    {
      "name": "SEN"
    }, 
    {
      "name": "TGO"
    }, 
    {
      "name": "LBN"
    }, 
    {
      "name": "FRA"
    }, 
    {
      "name": "CHE"
    }, 
    {
      "name": "ESP"
    }, 
    {
      "name": "ZMB"
    }, 
    {
      "name": "GMB"
    }, 
    {
      "name": "CHN"
    }, 
    {
      "name": "UKR"
    }, 
    {
      "name": "AUS"
    }, 
    {
      "name": "GIB"
    }, 
    {
      "name": "IRL"
    }, 
    {
      "name": "AUT"
    }, 
    {
      "name": "FIN"
    }, 
    {
      "name": "DNK"
    }, 
    {
      "name": "JPN"
    }, 
    {
      "name": "ZAF"
    }, 
    {
      "name": "GHA"
    }, 
    {
      "name": "TUR"
    }, 
    {
      "name": "ITA"
    }, 
    {
      "name": "NOR"
    }, 
    {
      "name": "IND"
    }, 
    {
      "name": "RUS"
    }, 
    {
      "name": "BHS"
    }, 
    {
      "name": "CZE"
    }, 
    {
      "name": "BRA"
    }, 
    {
      "name": "COD"
    }
  ], 
  "donors_list": [
    {
      "name": "Norway Ministry of Foreign Affairs"
    }, 
    {
      "name": "Gibraltar Private Investment"
    }, 
    {
      "name": "French Private Investment"
    }, 
    {
      "name": "Embassy of Turkey"
    }, 
    {
      "name": "South Korean Private Investment"
    }, 
    {
      "name": "Embassy of Netherlands"
    }, 
    {
      "name": "Embassy of The United States"
    }, 
    {
      "name": "European Commission"
    }, 
    {
      "name": "Benin Private Investment"
    }, 
    {
      "name": "Finland Ministry of Foreign Affairs"
    }, 
    {
      "name": "Central African Republic Private Investment"
    }, 
    {
      "name": "World Health Organization"
    }, 
    {
      "name": "United Kingdom Private Investment"
    }, 
    {
      "name": "Austria Private Investment"
    }, 
    {
      "name": "Canadian International Development Agency"
    }, 
    {
      "name": "Nigeria Private Investment"
    }, 
    {
      "name": "Embassy of China"
    }, 
    {
      "name": "OHCHR"
    }, 
    {
      "name": "Global Environmental Facility"
    }, 
    {
      "name": "Thailand Ministry of Foreign Affairs"
    }, 
    {
      "name": "Embassy of India"
    }, 
    {
      "name": "Luxembourg Private Investment"
    }, 
    {
      "name": "UNFPA"
    }, 
    {
      "name": "African Development Fund"
    }, 
    {
      "name": "Tanzania Private Investment"
    }, 
    {
      "name": "USAID"
    }, 
    {
      "name": "KfW Bankengruppe"
    }, 
    {
      "name": "Denmark Ministry of Foreign Affairs"
    }, 
    {
      "name": "Embassy of Italy"
    }, 
    {
      "name": "Embassy of Germany"
    }, 
    {
      "name": "French Agency for Development"
    }, 
    {
      "name": "UNHCR"
    }, 
    {
      "name": "Ghana Private Investment"
    }, 
    {
      "name": "UNICEF"
    }, 
    {
      "name": "Germany Private Investment"
    }, 
    {
      "name": "Togo Private Investment"
    }, 
    {
      "name": "Ministry of Finance"
    }, 
    {
      "name": "Democratic Republic of the Congo Private Investment"
    }, 
    {
      "name": "The Turkish Cooperation and Coordination Agency "
    }, 
    {
      "name": "Lebanon Private Investment"
    }, 
    {
      "name": "Turkey Private Investment"
    }, 
    {
      "name": "Pakistan Private Investment"
    }, 
    {
      "name": "India Private Investment"
    }, 
    {
      "name": "UNOPS"
    }, 
    {
      "name": "Zambia Private Investment"
    }, 
    {
      "name": "Ireland Ministry of Foreign Affairs"
    }, 
    {
      "name": "Japanese International Co-operation Agency"
    }, 
    {
      "name": "Netherlands Private Investment"
    }, 
    {
      "name": "Deutsche Gesellschaft Technische Zusammenarbeit"
    }, 
    {
      "name": "UNAIDS"
    }, 
    {
      "name": "Embassy of The United Kingdom"
    }, 
    {
      "name": "Federal Ministry for Economic Cooperation and Development"
    }, 
    {
      "name": "Finland"
    }, 
    {
      "name": "United States Private Investment"
    }, 
    {
      "name": "Embassy of Canada"
    }, 
    {
      "name": "The Global Fund"
    }, 
    {
      "name": "UN Women"
    }, 
    {
      "name": "Fragile States Facility"
    }, 
    {
      "name": "UNHABITAT"
    }, 
    {
      "name": "Swiss Technical Cooperation Trust Fund"
    }, 
    {
      "name": "Greece Ministry of Foreign Affairs"
    }, 
    {
      "name": "Export-Import Bank of India"
    }, 
    {
      "name": "Australian Ministry of Foreign Affairs"
    }, 
    {
      "name": "Swedish International Development Cooperation Agency"
    }, 
    {
      "name": "Embassy of Sweden"
    }, 
    {
      "name": "Canada Private Investment"
    }, 
    {
      "name": "Embassy of Russia"
    }, 
    {
      "name": "International Fund for Agricultural Development"
    }, 
    {
      "name": "South African Private Investment"
    }, 
    {
      "name": "Ukraine Private Investment"
    }, 
    {
      "name": "Embassy of Brazil"
    }, 
    {
      "name": "UNCERF"
    }, 
    {
      "name": "MONUSCO"
    }, 
    {
      "name": "Embassy of Switzerland"
    }, 
    {
      "name": "S.G. Finances"
    }, 
    {
      "name": "Embassy of Norway"
    }, 
    {
      "name": "GAVI"
    }, 
    {
      "name": "Belgian Private Investment"
    }, 
    {
      "name": "Department for International Development"
    }, 
    {
      "name": "Portugal Private Investment"
    }, 
    {
      "name": "Czech Republic Ministry of Foreign Affairs"
    }, 
    {
      "name": "Embassy of Spain"
    }, 
    {
      "name": "Cameroon Private Investment"
    }, 
    {
      "name": "World Bank"
    }, 
    {
      "name": "Israel Private Investment"
    }, 
    {
      "name": "Gambia Private Investment"
    }, 
    {
      "name": "Embassy of France"
    }, 
    {
      "name": "Embassy of Belgium"
    }, 
    {
      "name": "Swaziland Private Investment"
    }, 
    {
      "name": "Embassy of South Korea"
    }, 
    {
      "name": "UNDP"
    }, 
    {
      "name": "Embassy of Japan"
    }, 
    {
      "name": "The Congo Basin Forest Fund"
    }, 
    {
      "name": "UNESCO"
    }, 
    {
      "name": "Korea International Cooperation Agency"
    }, 
    {
      "name": "African Development Bank"
    }, 
    {
      "name": "UNOCHA"
    }, 
    {
      "name": "International Monetary Fund"
    }, 
    {
      "name": "Istanbul Metropolitan Municipality"
    }, 
    {
      "name": "International Labor Organization"
    }, 
    {
      "name": "China Private Investment"
    }, 
    {
      "name": "UNFAO"
    }, 
    {
      "name": "Senegal Private Investment"
    }, 
    {
      "name": "United Arab Emirates Private Investment"
    }, 
    {
      "name": "Poland Ministry of Foreign Affairs"
    }, 
    {
      "name": "World Food Programme"
    }, 
    {
      "name": "The African Capacity Building FoundationDAC"
    }, 
    {
      "name": "European Investment Bank"
    }, 
    {
      "name": "Luxembourg Ministry of Foreign Affairs"
    }, 
    {
      "name": "Embassy of South Africa"
    }, 
    {
      "name": "Embassy of Austria"
    }, 
    {
      "name": "Mauritius Private Investment"
    }, 
    {
      "name": "Greece Private Investment"
    }, 
    {
      "name": "Bahamas Private Investment"
    }, 
    {
      "name": "German Ministry of Foreign Affairs"
    }, 
    {
      "name": "Guernsey Private Investment"
    }, 
    {
      "name": "Italy Private Investment"
    }
  ], 
  "sectors_codes_list": [
    {
      "name": "210|160|110|120|230"
    }, 
    {
      "name": "130|910"
    }, 
    {
      "name": "210"
    }, 
    {
      "name": "110|720"
    }, 
    {
      "name": "240|150"
    }, 
    {
      "name": "240|321"
    }, 
    {
      "name": "110|120"
    }, 
    {
      "name": "130"
    }, 
    {
      "name": "120|311|230|140"
    }, 
    {
      "name": "150|210"
    }, 
    {
      "name": "311|312"
    }, 
    {
      "name": "311|313"
    }, 
    {
      "name": "311|140"
    }, 
    {
      "name": "140|210|160"
    }, 
    {
      "name": "240|150|250"
    }, 
    {
      "name": "210|311|120|250"
    }, 
    {
      "name": "910|140|160|410"
    }, 
    {
      "name": "150|160"
    }, 
    {
      "name": "110|430"
    }, 
    {
      "name": "140|230"
    }, 
    {
      "name": "240|160|150"
    }, 
    {
      "name": "110|150"
    }, 
    {
      "name": "998"
    }, 
    {
      "name": "120"
    }, 
    {
      "name": "331|240|321|150"
    }, 
    {
      "name": "410|120|150"
    }, 
    {
      "name": "160|120|140|410|110"
    }, 
    {
      "name": "311|150"
    }, 
    {
      "name": "311|410"
    }, 
    {
      "name": "140|120|110"
    }, 
    {
      "name": "410|150"
    }, 
    {
      "name": "140|430"
    }, 
    {
      "name": "210|530"
    }, 
    {
      "name": "410"
    }, 
    {
      "name": "530"
    }, 
    {
      "name": "920"
    }, 
    {
      "name": "410|312"
    }, 
    {
      "name": "160|430"
    }, 
    {
      "name": "150|910"
    }, 
    {
      "name": "140|910"
    }, 
    {
      "name": "410|332|312"
    }, 
    {
      "name": "313"
    }, 
    {
      "name": "312"
    }, 
    {
      "name": "311"
    }, 
    {
      "name": "110|312"
    }, 
    {
      "name": "110"
    }, 
    {
      "name": "311|160"
    }, 
    {
      "name": "140|410"
    }, 
    {
      "name": "110|410"
    }, 
    {
      "name": "430|910"
    }, 
    {
      "name": "210|110|120|230"
    }, 
    {
      "name": "120|410|140|230|110"
    }, 
    {
      "name": "240|250"
    }, 
    {
      "name": "110|150|410"
    }, 
    {
      "name": "410|321"
    }, 
    {
      "name": "910"
    }, 
    {
      "name": "150|430"
    }, 
    {
      "name": "311|910"
    }, 
    {
      "name": "110|160|150"
    }, 
    {
      "name": "130|120"
    }, 
    {
      "name": "240"
    }, 
    {
      "name": "250|910"
    }, 
    {
      "name": "150|321"
    }, 
    {
      "name": "150|322"
    }, 
    {
      "name": "210|720"
    }, 
    {
      "name": "140|120|130"
    }, 
    {
      "name": "140|120"
    }, 
    {
      "name": "150|410|160|120|311|230|110|430|210|910"
    }, 
    {
      "name": "120|430"
    }, 
    {
      "name": "120|720"
    }, 
    {
      "name": "150|130"
    }, 
    {
      "name": "430"
    }, 
    {
      "name": "230|430"
    }, 
    {
      "name": "150|430|160"
    }, 
    {
      "name": "331"
    }, 
    {
      "name": "332"
    }, 
    {
      "name": "210|140|120|150"
    }, 
    {
      "name": "160|120|311|110|140"
    }, 
    {
      "name": "140|130"
    }, 
    {
      "name": "230|210|150"
    }, 
    {
      "name": "311|250|240"
    }, 
    {
      "name": "250"
    }, 
    {
      "name": "311|210"
    }, 
    {
      "name": "150|720"
    }, 
    {
      "name": "321|430"
    }, 
    {
      "name": "210|311|110|140"
    }, 
    {
      "name": "150|120"
    }, 
    {
      "name": "311|110"
    }, 
    {
      "name": "410|910"
    }, 
    {
      "name": "311|130|150"
    }, 
    {
      "name": "230|910"
    }, 
    {
      "name": "120|910"
    }, 
    {
      "name": "311|321"
    }, 
    {
      "name": "160"
    }, 
    {
      "name": "250|230|910|210|240|140|220"
    }, 
    {
      "name": "220"
    }, 
    {
      "name": "430|720"
    }, 
    {
      "name": "140|210"
    }, 
    {
      "name": "220|230"
    }, 
    {
      "name": "110|160"
    }, 
    {
      "name": "720"
    }, 
    {
      "name": "410|210"
    }, 
    {
      "name": "150"
    }, 
    {
      "name": "322|321"
    }, 
    {
      "name": "600"
    }, 
    {
      "name": "410|160|130"
    }, 
    {
      "name": "311|120"
    }, 
    {
      "name": "120|160"
    }, 
    {
      "name": "311|120|130"
    }, 
    {
      "name": "210|910"
    }, 
    {
      "name": "230"
    }, 
    {
      "name": "160|720"
    }, 
    {
      "name": "910|410|210|150"
    }, 
    {
      "name": "311|720"
    }, 
    {
      "name": "322"
    }, 
    {
      "name": "321"
    }, 
    {
      "name": "312|240|322|150"
    }, 
    {
      "name": "410|160"
    }, 
    {
      "name": "110|130"
    }, 
    {
      "name": "140"
    }, 
    {
      "name": "210|160|311|120|110"
    }, 
    {
      "name": "110|120|150"
    }, 
    {
      "name": "140|160"
    }, 
    {
      "name": "120|430|160"
    }, 
    {
      "name": "110|910"
    }, 
    {
      "name": "311|430"
    }, 
    {
      "name": "160|332"
    }, 
    {
      "name": "220|150"
    }, 
    {
      "name": "240|430"
    }
  ], 
  "sectors_names_list": [
    {
      "name": "General environmental protection|Tourism|Forestry"
    }, 
    {
      "name": "Energy generation and supply"
    }, 
    {
      "name": "Agriculture|Other"
    }, 
    {
      "name": "Agriculture|Health"
    }, 
    {
      "name": "Support to non- governmental organisations (ngos) and government organizations"
    }, 
    {
      "name": "Government and civil society|Emergency Response"
    }, 
    {
      "name": "Agriculture|Emergency Response"
    }, 
    {
      "name": "Education|Population policies/ programmes and reproductive health"
    }, 
    {
      "name": "Population policies/ programmes and reproductive health|Administrative costs of donors"
    }, 
    {
      "name": "Government and civil society|Transport and storage"
    }, 
    {
      "name": "Government and civil society|Health"
    }, 
    {
      "name": "Banking and Financial Services|Business and other services"
    }, 
    {
      "name": "Agriculture|Population policies/ programmes and reproductive health|Government and civil society"
    }, 
    {
      "name": "Other commodity assitance"
    }, 
    {
      "name": "Water supply and sanitation|Population policies/ programmes and reproductive health"
    }, 
    {
      "name": "Population policies/ programmes and reproductive health"
    }, 
    {
      "name": "Trade policy and regulations"
    }, 
    {
      "name": "Tourism"
    }, 
    {
      "name": "General environmental protection|Health|Government and civil society"
    }, 
    {
      "name": "Water supply and sanitation|Transport and storage|Other social infrastructure and services"
    }, 
    {
      "name": "Health|Other"
    }, 
    {
      "name": "Water supply and sanitation|Other social infrastructure and services"
    }, 
    {
      "name": "Industry"
    }, 
    {
      "name": "Education|General environmental protection"
    }, 
    {
      "name": "Transport and storage|Agriculture|Education|Water supply and sanitation"
    }, 
    {
      "name": "Agriculture|Water supply and sanitation"
    }, 
    {
      "name": "Education|Health"
    }, 
    {
      "name": "Administrative costs of donors|General environmental protection|Transport and storage|Government and civil society"
    }, 
    {
      "name": "Education|Health|Government and civil society"
    }, 
    {
      "name": "Industry|Other"
    }, 
    {
      "name": "Government and civil society|Population policies/ programmes and reproductive health"
    }, 
    {
      "name": "General environmental protection|Other social infrastructure and services"
    }, 
    {
      "name": "Transport and storage|Other social infrastructure and services|Education|Health|Energy generation and supply"
    }, 
    {
      "name": "Banking and Financial Services|Industry"
    }, 
    {
      "name": "Government and civil society|Administrative costs of donors"
    }, 
    {
      "name": "Water supply and sanitation|Health|Population policies/ programmes and reproductive health"
    }, 
    {
      "name": "Agriculture"
    }, 
    {
      "name": "Water supply and sanitation|Transport and storage"
    }, 
    {
      "name": "Agriculture|Fishing"
    }, 
    {
      "name": "Communications|Energy generation and supply"
    }, 
    {
      "name": "General environmental protection|Forestry"
    }, 
    {
      "name": "Government and civil society|Other social infrastructure and services"
    }, 
    {
      "name": "Banking and Financial Services|Government and civil society"
    }, 
    {
      "name": "Water supply and sanitation|Other"
    }, 
    {
      "name": "Government and civil society|Industry"
    }, 
    {
      "name": "Administrative costs of donors|Water supply and sanitation|Other social infrastructure and services|General environmental protection"
    }, 
    {
      "name": "Energy generation and supply|Administrative costs of donors"
    }, 
    {
      "name": "Agriculture|Forestry"
    }, 
    {
      "name": "General environmental protection|Industry"
    }, 
    {
      "name": "Unallocated/ unspecified"
    }, 
    {
      "name": "Banking and Financial Services"
    }, 
    {
      "name": "Agriculture|Government and civil society"
    }, 
    {
      "name": "Agriculture|Health|Population policies/ programmes and reproductive health"
    }, 
    {
      "name": "General environmental protection|Administrative costs of donors"
    }, 
    {
      "name": "Transport and storage|Emergency Response"
    }, 
    {
      "name": "Forestry|Banking and Financial Services|Mineral resources and mining|Government and civil society"
    }, 
    {
      "name": "Transport and storage|Other social infrastructure and services|Agriculture|Health|Education"
    }, 
    {
      "name": "Business and other services"
    }, 
    {
      "name": "Energy generation and supply|Transport and storage|Government and civil society"
    }, 
    {
      "name": "Water supply and sanitation|Energy generation and supply"
    }, 
    {
      "name": "Government and civil society|Mineral resources and mining"
    }, 
    {
      "name": "Education|Administrative costs of donors"
    }, 
    {
      "name": "Health|Administrative costs of donors"
    }, 
    {
      "name": "General environmental protection|Government and civil society"
    }, 
    {
      "name": "Health|Other social infrastructure and services"
    }, 
    {
      "name": "Water supply and sanitation|Health"
    }, 
    {
      "name": "Education"
    }, 
    {
      "name": "Education|Forestry"
    }, 
    {
      "name": "Transport and storage|Agriculture|Health|Business and other services"
    }, 
    {
      "name": "Water supply and sanitation|General environmental protection"
    }, 
    {
      "name": "Action relating to debt"
    }, 
    {
      "name": "Agriculture|Transport and storage"
    }, 
    {
      "name": "Transport and storage|Education|Health|Energy generation and supply"
    }, 
    {
      "name": "Education|Emergency Response"
    }, 
    {
      "name": "Government and civil society|Other"
    }, 
    {
      "name": "Transport and storage|Administrative costs of donors"
    }, 
    {
      "name": "Banking and Financial Services|Government and civil society|Business and other services"
    }, 
    {
      "name": "Forestry"
    }, 
    {
      "name": "Health"
    }, 
    {
      "name": "Banking and Financial Services|Other social infrastructure and services|Government and civil society"
    }, 
    {
      "name": "Water supply and sanitation"
    }, 
    {
      "name": "Other social infrastructure and services|Tourism"
    }, 
    {
      "name": "Energy generation and supply|Other"
    }, 
    {
      "name": "Agriculture|Other social infrastructure and services"
    }, 
    {
      "name": "Business and other services|Energy generation and supply|Administrative costs of donors|Transport and storage|Banking and Financial Services|Water supply and sanitation|Communications"
    }, 
    {
      "name": "General environmental protection|Transport and storage"
    }, 
    {
      "name": "Other social infrastructure and services|Health|Agriculture|Education|Water supply and sanitation"
    }, 
    {
      "name": "Other social infrastructure and services|Health|Water supply and sanitation|General environmental protection|Education"
    }, 
    {
      "name": "General environmental protection"
    }, 
    {
      "name": "Agriculture|Administrative costs of donors"
    }, 
    {
      "name": "Agriculture|Education"
    }, 
    {
      "name": "Agriculture|Industry"
    }, 
    {
      "name": "Government and civil society|Other|Other social infrastructure and services"
    }, 
    {
      "name": "Education|Other social infrastructure and services|Government and civil society"
    }, 
    {
      "name": "Education|Government and civil society|General environmental protection"
    }, 
    {
      "name": "Other|Administrative costs of donors"
    }, 
    {
      "name": "Other|Emergency Response"
    }, 
    {
      "name": "Other social infrastructure and services|Emergency Response"
    }, 
    {
      "name": "Other social infrastructure and services|Other"
    }, 
    {
      "name": "Banking and Financial Services|Other"
    }, 
    {
      "name": "Mineral resources and mining|Industry"
    }, 
    {
      "name": "Other social infrastructure and services"
    }, 
    {
      "name": "Business and other services|Administrative costs of donors"
    }, 
    {
      "name": "Agriculture|Business and other services|Banking and Financial Services"
    }, 
    {
      "name": "Education|Government and civil society"
    }, 
    {
      "name": "Other"
    }, 
    {
      "name": "Education|Other social infrastructure and services"
    }, 
    {
      "name": "Health|Emergency Response"
    }, 
    {
      "name": "Transport and storage|Other commodity assitance"
    }, 
    {
      "name": "Health|General environmental protection|Water supply and sanitation|Energy generation and supply|Education"
    }, 
    {
      "name": "Communications|Government and civil society"
    }, 
    {
      "name": "Agriculture|General environmental protection"
    }, 
    {
      "name": "Government and civil society|General environmental protection|Other social infrastructure and services|Health|Agriculture|Energy generation and supply|Education|Other|Transport and storage|Administrative costs of donors"
    }, 
    {
      "name": "Population policies/ programmes and reproductive health|Health"
    }, 
    {
      "name": "Health|Other|Other social infrastructure and services"
    }, 
    {
      "name": "Administrative costs of donors"
    }, 
    {
      "name": "Communications"
    }, 
    {
      "name": "Transport and storage|Water supply and sanitation|Health|Government and civil society"
    }, 
    {
      "name": "Government and civil society"
    }, 
    {
      "name": "Mineral resources and mining"
    }, 
    {
      "name": "Education|Other"
    }, 
    {
      "name": "Emergency Response"
    }, 
    {
      "name": "Health|Agriculture|Energy generation and supply|Water supply and sanitation"
    }, 
    {
      "name": "Water supply and sanitation|Health|Education"
    }, 
    {
      "name": "Trade policy and regulations|Banking and Financial Services|Industry|Government and civil society"
    }, 
    {
      "name": "Fishing"
    }, 
    {
      "name": "Transport and storage"
    }, 
    {
      "name": "Water supply and sanitation|Administrative costs of donors"
    }, 
    {
      "name": "General environmental protection|Other social infrastructure and services|Population policies/ programmes and reproductive health"
    }
  ]
}