sector_value	ad_sector_codes	ad_sector_names	ad_purpose_codes	ad_purpose_names
Action Relating to Debt	600	Action Relating to Debt		
Agriculture, Forestry and Fishing	310	Agriculture, Forestry, Fishing		
Banking and Financial Services	240	Banking and Financial Services		
Business and Other Services	250	Business and Other Services		
Communications	220	Communications		
Developmental Food Aid/Food Security Assistance	520	Developmental Food Aid/Food Security Assistance		
Education	110	Education		
Emergency Response	720	Emergency Response		
Energy Generation and Supply	230	Energy Generation and Supply		
General Budget Support	510	General Budget Support		
General Environmental Protection	410	General Environmental Protection		
Government and Civil Society	150	Government and Civil Society		
Health	120	Health		
Industry, Mining, Construction	320	Industry, Mining, Construction		
Non-food commodity assistance	530	Other Commodity Assistance		
Other Multisector	430	Other		
Other Social infrastructure and services	160	Other Social Infrastructure and Services		
Population Policies / Programmes and Reproductive Health	130	Population Policies / Programmes and Reproductive Health		
Support to Non-governmental Organizations (NGOs) and Government Organizations	920	Support to Non-governmental Organizations (NGOs) and Government Organizations		
Trade and Tourism	330	Trade and Tourism		
Transport and Storage	210	Transport and Storage		
Unallocated / Unspecified	998	Unallocated / Unspecified		
Water Supply and Sanitation	140	Water Supply and Sanitation		
Women in Development	420	Women		
