participating_org	donors	donors_iso3	donor_country
Action Aid	Action Aid	DAC	
African Capacity Building Fund	African Capacity Building Fund	DAC	
African Reval Ministry	African Reval Ministry	DAC	
Agence danoise pour le développement international	Danish International Development Agency (DANIDA)	DNK	Denmark
Agence Francaise de Développement	French Development Agency	FRA	France
Allemagne	Germany	DEU	Germany
Ambassade de Chine	Chinese Embassy	CHN	China
Ambassade de France au Burundi	Embassy of France in Burundi	FRA	France
Association Internationale de Développement (Banque Mondiale)	International Development Association (World Bank)	DAC	
Australian Agency for International Development	Australian Agency for International Development	AUS	Australia
Austrarian Foreign Ministry	Austrarian Foreign Ministry	AUS	Australia
Austrian Development Agency (ADA)	Austrian Development Agency (ADA)	AUT	Austria
BADEA	BADEA	DAC	
Banque Africaine de Développement	African Development Bank	DAC	
Banque de Crédit de Busto Garolfo et Buguggiate	Banque de Credit et de Busto Garolfo Buguggiate	DAC	
Banque Mondiale	World Bank	DAC	
Belgique	Belgium	BEL	Belgium
BMGF	BMGF	DAC	
BRAZIL	BRAZIL	BRA	Brazil
Bundesministerium für wirtschaftliche Zusammenarbeit und Entwicklung	Federal Ministry of Economic Cooperation and Development	DEU	Germany
Bureau Intégré des Nations Unies au Burundi	United Nations Integrated Office in Burundi	DAC	
Bureau of population, Refugees and migration	Bureau of population, Refugees and migration	USA	United States
Canadian International Development Agency (CIDA)	Canadian International Development Agency (CIDA)	CAN	Canada
CARE International	CARE International	DAC	
Caritas International	Caritas International	DAC	
CARRYOVER	CARRYOVER	Unspecified	Unspecified
Catholic Relief Services	Catholic Relief Services	DAC	
Central Emergency Response	Central Emergency Response	DAC	
Central Emergency Response Fund	Central Emergency Response Fund	DAC	
CEPBU	CEPBU	DAC	
Christian Aid	Christian Aid	DAC	
CISV	CISV	DAC	
Comitato Collaborazione Medica	Medical Collaboration Committee	DAC	
Commission de l'Union Européenne	EU Commission	DAC	
Commission des Nations Unies pour la Consolidation de la Paix	UN Commission for the Consolidation of Peace	DAC	
Concern Worldwide	Concern Worldwide	DAC	
Conférence Mondiale des Religions pour la Paix	World Conference of Religions for Peace	DAC	
Coopération Technique Belge	Belgian Technical Cooperation	BEL	Belgium
Cordaid	Cordaid	DAC	
DENMARK Ministry of Foreign Affairs	DENMARK Ministry of Foreign Affairs	DNK	Denmark
Departement of Foreign Affairs Irland	Departement of Foreign Affairs Irland	IRL	Ireland
Department for International Development (DFID)	Department for International Development (DFID)	GBR	United Kingdom
Department of Defense	Department of Defense	USA	United States
DFLD	DFLD	DAC	
Direction Général du Development et de la Cooperation (DGDC)	General Directorate of Development and Cooperation (DGDC)	DAC	
ECHO	ECHO	DAC	
Egypte	Egypt	EGY	Egypt
ESTHER	ESTHER	FRA	France
Etats Unis d'Amérique	United States of America	USA	United States
Feed The Houngry(USA)	Feed The Hungry (USA)	USA	United States
FINLAND Ministry of Foreign Affairs	FINLAND Ministry of Foreign Affairs	FIN	Finland
Fondation Cariplo de Milan	Fondazione Cariplo	ITA	Italy
FONDS CANADIEN	CANADA FUND	CAN	Canada
Fonds de l'Environnement pour les Nations Unies	Environment Fund for the United Nations	DAC	
Fonds des Nations Unies pour la Consolidation de la Paix (FNUCP))	United Nations Fund for Peacebuilding (FNUCP))	DAC	
Fonds des Nations Unies pour la Poppulation	United Nations Fund for Poppulation	DAC	
Fonds Fudiciaires Multidonneurs	Fudiciaires multidonor fund	DAC	
Fonds International de Développement de l'Agriculture	Agriculture Development International Fund	DAC	
Fonds Koweïtien	Kuwait Fund	KWT	Kuwait
Fonds Mondial de l'Environnement	Global Environment Fund	DAC	
Fonds Monétaire International	International Monetary Fund	DAC	
FRANCE	FRANCE	FRA	France
Geneva Global	Geneva Global	DAC	
Glabal Alliance for Vaccines and Immunization	Glabal Alliance for Vaccines and Immunization	DAC	
GLIA	GLIA	USA	United States
Global Fund	Global Fund	DAC	
Handicap International Belgique	Handicap International Belgium	BEL	Belgium
Handicap International France- ANC	Handicap International France-ANC	FRA	France
Haut Commissariat des Nations Unies pour les Réfugiés	United Nations High Commissioner for Refugees	DAC	
HAWARD G.BUFFET FONDATION	HAWARD G.BUFFET Fondation	DAC	
Howard Buft	Howard Buft	DAC	
Intermon Oxfam	Oxfam	DAC	
Irish Aid	Irish Aid	IRL	Ireland
Irlande	Ireland	IRL	Ireland
ISCOS	ISCOS	DAC	
Janet Craig	Janet Craig	DAC	Private
Japan International Cooperation Agency (JICA)	Japan International Cooperation Agency (JICA)	JPN	Japan
Japon	Japan	JPN	Japan
Kreditanstalt für Wiederaufbau (KfW)	Kreditanstalt für Wiederaufbau (KfW)	DEU	Germany
Lux-Development	Lux-Development	LUX	Luxembourg
Maroc	Morocco	MAR	Morocco
Médecins Sans Frontières Belgique	Doctors Without Borders Belgium	BEL	Belgium
Ministère Chinois des Affaires Etrangères	Chinese Ministry of Foreign Affairs	CHN	China
Ministère des Affaires Etragères Luxembourgeoises	Ministry of Etragères Luxembourgeoises Affairs	LUX	Luxembourg
Ministère des Affaires Etranères de la Slovenie	Ministry of Etranères Affairs of Slovenia	SVN	Slovenia
Ministère des Affaires Etrangères de la Grèce	Ministry of Foreign Affairs of Greece	GRC	Greece
Ministère des affaires étrangères de la Suède	Ministry of Foreign Affairs of Sweden	SWE	Sweden
Ministère des affaires Etrangères Italiennes	Italian Ministry of Foreign Affairs	ITA	Italy
Ministère des Affaires Etrangères Japonaises	Japanese Ministry of Foreign Affairs	JPN	Japan
Ministère des Affaires Etrangères Néerlandaise	Dutch Ministry of Foreign Affairs	NLD	Netherland
Ministère des Affaires Etrangères Norvégienne	Norwegian Ministry of Foreign Affairs	NOR	Norway
Ministère des Affaires Etrangères Saoudien	Saudi Ministry of Foreign Affairs	SAU	Saudi Arabia
Multilateral Grant	Multilateral Grant	DAC	
NIKE Foundation	NIKE Foundation	DAC	
Non spécifié	Unspecified	DAC	Unspecified
Norvège	Norway	NOR	Norway
Norwegian Agency for Development Cooperation (NORAD)	Norwegian Agency for Development Cooperation (NORAD)	NOR	Norway
OAK	OAK	DAC	
OCHA	OCHA	DAC	
Office du Haut Commissaire des Nations Unies pour les Droits de l'Homme	Office of the UN High Commissioner for Human Rights	DAC	
Office of Food for Peace	Office of Food for Peace	DAC	
ONUFEMMES	ONUFEMMES	DAC	
ONUSIDA	UNAIDS	DAC	
Organisation des Nations Unies pour l'alimentation et l'agriculture	United Nations Food and Agriculture	DAC	
Organisation des Pays Exportateurs de Pétrole	Organization of Petroleum Exporting Countries (OPEC)	DAC	
Organisation Mondiale de la Santé	World health organisation	DAC	
PANOS	PANOS	DAC	
Patsy Collins Trust Initiative	Patsy Collins Trust Initiative	USA	United States
Pays Bas	Netherlands	NLD	Netherland
PMU Inter Life	PMU Inter Life	DAC	
PRIVE	PRIVATE	DAC	Private
Programme Alimentaire Mondial	World Food Programme	DAC	
Programme des Nations Unies pour l'Environnement	United Nations Environment Programme	DAC	
Programme des Nations Unies pour le Développement	United Nations Development Programme	DAC	
Région Abruzo	Abruzzo Region	ITA	Italy
Sida	Page	SWE	Sweden
Solidarités	Solidarités	DAC	
SOS Kinderdorf International	SOS Kinderdorf International	DAC	
Spanish Agency for International Cooperation (AECI)	Spanish Agency for International Cooperation (AECI)	ESP	Spain
Suisse	Swiss	CHE	Switzerland
Swiss Agency for Development and Cooperation (SDC)	Swiss Agency for Development and Cooperation (SDC)	CHE	Switzerland
UNESCO	UNESCO	DAC	
UNICEF	UNICEF	DAC	
United Nations Trust Fund	United Nations Trust Fund	DAC	
United States Agency for International Development	United States Agency for International Development	DAC	
UnitedNations Democratic Fund	UnitedNations Democratic Fund	DAC	
VISPE	Visp	DAC	
WER UK	WER UK	GBR	United Kingdom
WV Australia	WV Australia	AUS	Australia
WV Canada	WV Canada	CAN	Canada
WV Germany	WV Germany	DEU	Germany
WV Hong Kong	WV Hong Kong	CHN	China
WV Korea	WV Korea	KOR	Korea
WV US	WV US	USA	United States
Youth Hope Foundation	Youth Hope Foundation	DAC	
