sector_value	sector_translate	ad_sector_codes	ad_sector_names	ad_purpose_codes	ad_purpose_names		
Accords commerciaux régionaux	Regional trade agreements	331	Trade Policy and Regulations	33130	Regional trade agreements (RTAs)		
Administration gouvernementale	Government Administration	151	Government and civil society, general	15140	Government administration		
Agro-industries	Agro-industries	321	Industry	32120	Industrial development		
Aide à la reconstruction et réhabilitation	Reconstruction relief and rehabilitation	730	Reconstruction Relief (Including Recovery)	73010	Recovery and Reconstruction (Reconstruction relief and rehabilitation)		
Aide alimentaire à des fins de développement/aide à la sé  curité alimentaire	Food aid for development / food security assistance	520	Developmental food aid/Food security assistance	52010	Food aid/Food security programmes		
Aide alimentaire d’urgence	Emergency food aid	720	Emergency Response	72040	Emergency food aid		
Aide plurisectorielle	Multi-sector aid	430	Other	43010	Multisector aid		
Aide plurisectorielle pour les services sociaux de base	Multi-sector aid for basic social services	160	Other Social Infrastructure and Services	16050	Multisector aid for social services		
Assistance matérielle et services d’urgence	Material assistance and emergency services	720	Emergency Response	72010	Material relief assistance and services		
Autres multi secteurs	Other multisector	430	Other	43010	Multisector aid		
Bétail	Livestock	311	Agriculture	31120	Agricultural development		
Centrales alimentées au fuel	Fired fuel	230	Energy Generation and Supply	23020	Power generation/non-renewable sources	23020.01	Power generation/non-renewable sources,activity unspecified
Centrales et barrages hydroélectriques	Hydroelectric plants and dams	230	Energy Generation and Supply	23030	Power generation/renewable sources		Hydro-electric power plants
Coordination des secours et services de soutien et de protection	Relief coordination and support and protection services	720	Emergency Response	72010	Material relief assistance and services		
Développement agricole	Agricultural Development	311	Agriculture	31120	Agricultural development		
Développement agricole alternatif	Agricultural alternative development	311	Agriculture	31120	Agricultural development	31120.09	Agricultural alternative development
Développement des services légaux et judiciaires	Development of legal and judicial services	151	Government and civil society, general	15130	Legal and judicial development		
Développement rural	Rural development	430	Other	43040	Rural development		
Dispositifs civils de construction de la paix, et de prévention et de règlement des conflits	Civilian peacebuilding mechanisms and prevention and resolution of conflicts	152	Conflict prevention and resolution, peace and security	15220	Civilian peace-building, conflict prevention and resolution	15220.01	Support for civilian peace-building activities
Distribution d’eau et assainissement systèmes à grande échelle	Water and sanitation - large systems	140	Water Supply and Sanitation	14005	Water Supply and Sanitation,purpose unspecified		
Distribution d’eau potable de base et assainissement de base	Drinking water base and basic sanitation	140	Water Supply and Sanitation	14030	Basic drinking water supply and basic sanitation		
Droits de la personne	Human Rights	151	Government and civil society, general	15150	Strengthening civil society	15150.07	Human rights
Éducation de base	Basic education	112	Basic education	11220	Primary education		
Éducation de la petite enfance	Early Childhood Education	112	Basic education	11240	Early childhood education		
Éducation et formation dans le domaine agricole	Education and training in agriculture	311	Agriculture	31181	Agricultural education/training		
Éducation et formation environnementales	Environmental education training	410	General environmental protection	41081	Environmental education/training		
Éducation et formation médicales	Medical education training	121	Health, general	12181	Medical education/training		
Éducation et formation plurisectorielles	Multisector education training	430	Other	43081	Multisector education/training		
Éducation post-secondaire	Post-secondary education	114	Post-secondary education	11420	Higher education		
Éducation pour une meilleure qualité de vie pour les jeunes et les adultes	Education for a better quality of life for youth and adults	112	Basic education	11230	Basic life skills for youth and adults		
Éducation sanitaire	Health education	122	Basic health	12261	Health education		
Éducation secondaire	Secondary education	113	Secondary Education	11320	Secondary education		
Éducation, niveau non spécifié	Education, level unspecified	111	Education, level unspecified	11105	Education, level unspecified,purpose unspecified		
Éducation/formation dans la banque et les services financiers	Education / training in banking and financial services	240	Banking and Financial Services	24081	Education/training in banking and financial services		
Éducation/formation dans la distribution d’eau et l’assainissement	Education / training in water supply and sanitation	140	Water Supply and Sanitation	14081	Education and training in water supply and sanitation		
Élections	Elections	151	Government and civil society, general	15150	Strengthening civil society	15150.06	Elections
En faveur des ONG internationales	Support to international NGOs	920	Support to Non-governmental Organizations (NGOs) and Government Organizations	92020	Support to international NGOs		
En faveur des ONG nationales	Support to national NGOs	920	Support to Non-governmental Organizations (NGOs) and Government Organizations	92010	Support to national NGOs		
Énergie solaire	Solar energy	230	Energy Generation and Supply	23030	Power generation/renewable sources	23030.04	Solar energy
Enfants soldats (Prévention et démobilisation)	Child soldiers (Prevention and demobilization)	152	Conflict prevention and resolution, peace and security	15261	Child soldiers (Prevention and demobilization)		
Enseignement primaire	Primary education	112	Basic education	11220	Primary education		
Enseignement secondaire	Secondary education	113	Secondary Education	11320	Secondary education		
Enseignement supérieur	Higher Education	114	Post-secondary education	11420	Higher Education		
Facilitation du commerce	Trade facilitation	331	Trade Policy and Regulations	33120	Trade facilitation		
Formation de personnel de santé	Health personnel development	122	Basic health	12281	Health personnel development		
Formation des enseignants	Teacher training	111	Education, level unspecified	11130	Teacher training		
Formation professionnelle	Professional training	114	Post-secondary education	11430	Advanced technical and managerial training	11430.02	Professional-level vocational training programmes
Frais administratifs	Administrative costs	910	Administrative Costs of Donors	91010	Administrative costs		
Gestion et réforme des systèmes de sécurité	Management and reform security systems	152	Conflict prevention and resolution, peace and security	15210	Security system management and reform		
Gestion financière du secteur public	Public sector financial management	151	Government and civil society, general	15120	Public sector financial management		
Gouvernement et société civile, général	Government and civil society general	151	Government and civil society, general	15105	Government and civil society,purpose unspecified		
Infrastructure pour la santé de base	Infrastructure for basic health	122	Basic health	12230	Basic health infrastructure		
Institutions monétaires	Monetary institutions	240	Banking and Financial Services	24020	Monetary institutions		
Intermédiaires financiers du secteur informel et semi formel	Financial intermediaries in the informal and semi-formal sector	240	Banking and Financial Services	24040	Informal/semi-formal financial intermediaries		
Intermédiaires financiers officiels	Formal sector financial intermediaries	240	Banking and Financial Services	24030	Formal sector financial intermediaries		
Intervention d’urgence	Emergency Response	720	Emergency Response	72000	Emergency Response, combination of purposes		
Liberté de l’information	Freedom of Information	151	Government and civil society, general	15150	Strengthening civil society	15150.08	Free flow of information
Logement à coût réduit	Low-cost housing	160	Other Social Infrastructure and Services	16030	Housing policy and administrative management	16030.03	Low-cost housing
Lutte contre les maladies infectieuses	Fight against infectious diseases	122	Basic health	12250	Infectious & Parasitic disease control	12250.01	Prevention and control, disease unspecified
Maintien de la paix à l’issue d’un conflit (NU)	Peacekeeping to post-conflict (UN)	152	Conflict prevention and resolution, peace and security	15230	Post-conflict peace-building (UN)		
Non affectés	Unrestricted	998	Unallocated / Unspecified	99810	Sectors not specified		
Non spécifié	Unspecified	998	Unallocated / Unspecified	99810	Sectors not specified		
Nutrition de base	Basic nutrition	122	Basic health	12240	Basic nutrition		
Organisations et institutions pour l’égalité des femmes	Organizations and institutions for women's equality	151	Government and civil society, general	15150	Strengthening civil society	15150.09	Women's equality organisations and institutions
Planification familiale	Family Planning	130	Population Policies / Programmes and Reproductive Health	13030	Family planning		
Politique planification économique et du développement	Political / Economic Planning and Development	151	Government and civil society, general	15110	Economic and development policy/planning		
Politique agricole et gestion administrative	Agricultural policy and administrative management	311	Agriculture	31110	Agricultural policy and administrative management		
Politique commerciale et gestion administrative	Trade policy and administrative management	331	Trade Policy and Regulations	33110	Trade policy and administrative management		
Politique de l’éducation et gestion administrative	Education policy and administrative management	111	Education, level unspecified	11110	Education policy and administrative management		
Politique de l’emploi et gestion administrative	Employment policy and administrative management	160	Other Social Infrastructure and Services	16020	Employment policy and administrative management		
Politique de l’énergie et gestion administrative	Energy policy and administrative management	230	Energy Generation and Supply	23010	Energy policy and administrative management		
Politique de l’environnement et gestion administrative	Environmental policy and administrative management	410	General environmental protection	41010	Environmental policy and administrative management		
Politique de l’industrie extractive et gestion administrative	Extractive industry policy and administrative management	321	Industry	32110	Industrial policy and administrative management		
Politique de la construction et gestion administrative	Construction policy and administrative management	323	Construction	32310	Construction policy and administrative management		
Politique de la pêche et gestion administrative	Fishing policy and administrative management	313	Fishing	31310	Fishing policy and administrative management		
Politique de la santé et gestion administrative	Health policy and administrative management	121	Health, general	12110	Health policy and administrative management		
Politique des communications et gestion administrative	Communications policy and administrative management	220	Communications	22010	Communications policy and administrative management		
Politique des ressources en eau et gestion administrative	Water resources policy and administrative management	140	Water Supply and Sanitation	14010	Water resources policy and administrative management		
Politique des transports et gestion administrative	Transport policy and administrative management	210	Transport and Storage	21010	Transport policy and administrative management		
Politique du tourisme et gestion administrative	Tourism policy and administrative management	332	Tourism	33210	Tourism policy and administrative management		
Politique/programmes en matière de population et gestion administrative	Policy / programs on population and administrative management	130	Population Policies / Programmes and Reproductive Health	13010	Population policy and administrative management		
Prévention des catastrophes et préparation à leur survenue	Disaster prevention and preparedness occurred	740	Disaster Prevention and Preparedness (Including disaster risk reduction)	74010	Disaster Risk Reduction (Disaster prevention and preparedness)		
Prévention et règlement des conflits, paix et sécurité	Conflict prevention and resolution, peace and security	152	Conflict prevention and resolution, peace and security	15205	Conflict prevention and resolution, peace and security, purpose unspecified		
Production agricole	Agricultural production	311	Agriculture	31120	Agricultural development		
Production d’énergie (sources renouvelables)	Energy generation (renewable sources)	230	Energy Generation and Supply	23030	Power generation/renewable sources		
Produits à usage agricole	Agricultural use products	311	Agriculture	31120	Agricultural development		
Programmes de sécurité et d’aide alimentaire	Security and food aid programs	520	Developmental food aid/Food security assistance	52010	Food aid/Food security programmes		
Prospection et exploration des minerais	Prospecting and exploration of minerals	322	Mineral Resources and Mining	32220	Mineral/Metal prospection and exploration		
Protection de l’environnement, général	Environmental protection, général	410	General environmental protection	41005	General environmental protection,purpose unspecified		
Protection des plantes et des récoltes, lutte antiacridienne	Plant protection and crop and pest control	311	Agriculture	31191	Agricultural services, purpose	31191.02	Plant and post-harvest protection and pest control
Radio, télévision, presse écrite	Radio, television, press	220	Communications	22030	Radio/television/print media		
Recherche agronomique	Agricultural research	311	Agriculture	31182	Agricultural research		
Récoltes destinées à l’exportation	Crops for export	311	Agriculture	31120	Agricultural development	31120.07	Industrial crops/export crops
Reconstruction et réhabilitation	Reconstruction and rehabilitation	730	Reconstruction Relief (Including Recovery)	73010	Recovery and Reconstruction (Reconstruction relief and rehabilitation)		
Réforme agraire	Land reform	311	Agriculture	31110	Agricultural policy and administrative management	31110.05	Agrarian reform
Réintégration et contrôle des armes légères et de petit calibre	Reintegration and control of small arms and light weapons	152	Conflict prevention and resolution, peace and security	15240	Reintegration and SALW control	15240.01	Reintegration and SALW control, activityunspecified
Renforcement de la société civile	Strengthening civil society	151	Government and civil society, general	15150	Strengthening civil society		
Santé de base	Basic health	122	Basic health	12220	Basic health care		
Santé, général	Health, general	121	Health, general	12105	Health, general, purpose unspecified		
Secteur non spécifié	Sectors not specified	998	Unallocated / Unspecified	99810	Sectors not specified		
Sensibilisation au développement	Development awareness	998	Unallocated / Unspecified	99820	Promotion of development awareness	99820.01	All promotion of development awareness activities
Services agricoles	Agricultural Services	311	Agriculture	31191	Agricultural services, purpose	31191.01	Agricultural services
Services et institutions de soutien commerciaux	Business support services and institutions	250	Business and Other Services	25010	Business support services and institutions	25010.01	Business support services and institutions, activityunspecified
Services financiers agricoles	Agricultural financial services	311	Agriculture	31191	Agricultural services, purpose	31191.03	Agricultural financial services
Services médicaux	Medical Services	121	Health, general	12191	Medical services		
Services sociaux	Social services	160	Other Social Infrastructure and Services	16050	Multisector aid for social services		
Services vétérinaires (bétail)	Veterinary Services (livestock)	311	Agriculture	31191	Agricultural services, purpose	31191.05	Livestock/veterinary services
Soins et services de santé de base	Basic Health Care	122	Basic health	12220	Basic health care		
Soutien budgétaire	Budget support	510	General budget support	51010	General budget support		
Technologies de l’information et de la communication (TIC)	Information and communications technology (ICT)	220	Communications	22040	Information and communication technology (ICT)		
Transmission et distribution d’électricité	Transmission and distribution of electricity	230	Energy Generation and Supply	23040	Electrical transmission/ distribution		
Transport aérien	Air transport	210	Transport and Storage	21050	Air transport		
Transport par voies d’eau	Transport by waterways	210	Transport and Storage	21040	Water transport		
Transport routier	Haulage	210	Transport and Storage	21020	Road transport		
Vulgarisation agricole	Agricultural extension	311	Agriculture	31181	Agricultural education/training	31181.02	Agricultural extension
