org_name,policy_cluster,influence_weighted,helpfulness_weighted,data_uptake_weighted,helpful_info_weighted,influence_n,helpfulness_n,data_uptake_n,helpful_info_n,influence_unweighted,helpfulness_unweighted,data_uptake_unweighted,helpful_info_unweighted
Action Aid,Economic,.55531764,.63603055,.58827668,1,10,10,10,6,.60000002,.69999999,.60000002,1
Action Aid,Environment,.2921896,.59761,.051639561,1,7,7,7,1,.42857143,.71428573,.14285715,1
Action Aid,Governance,.41525647,.50595671,.20586039,1,5,5,5,3,.60000002,.80000001,.40000001,1
Action Aid,Infrastructure,0,1,.55917418,1,2,2,2,1,0,1,.5,1
Action Aid,Other,.67640173,.82691962,.24892248,1,7,7,7,3,.71428573,.85714287,.42857143,1
Action Aid,Rural Development,.24801806,.16441236,.19714017,1,11,9,11,3,.27272728,.22222222,.27272728,1
Action Aid,Social,.36988428,.81268829,.28478816,1,15,15,15,4,.40000001,.73333335,.33333334,1
African Development Bank (AfDB),Economic,.69640326,.88046652,.51063436,1,62,61,63,28,.67741936,.86885244,.47619048,1
African Development Bank (AfDB),Environment,.86426181,.73289907,.29197901,1,23,21,23,7,.82608694,.85714287,.39130434,1
African Development Bank (AfDB),Governance,.79074836,.80283594,.51868403,.76163572,23,22,24,11,.78260869,.86363637,.45833334,.81818181
African Development Bank (AfDB),Infrastructure,.61474812,.70671427,.16278158,.71017396,9,9,10,2,.55555558,.66666669,.2,.5
African Development Bank (AfDB),Other,.63483632,.86648715,.42225799,.94685841,34,32,36,16,.67647058,.8125,.44444445,.9375
African Development Bank (AfDB),Rural Development,.60974163,.63353807,.23238938,1,25,21,25,8,.63999999,.66666669,.31999999,1
African Development Bank (AfDB),Social,.61473334,.6878348,.35217479,.92721897,42,39,42,18,.61904764,.76923078,.40476191,.94444442
Aga Khan Foundation,Economic,.19777407,.05524537,.23179424,.33331326,14,10,14,3,.21428572,.1,.21428572,.33333334
Aga Khan Foundation,Environment,.88235062,.85761362,.50279844,1,5,4,5,2,.80000001,.75,.40000001,1
Aga Khan Foundation,Governance,.44991207,.7601558,.30855504,1,6,6,6,1,.33333334,.66666669,.16666667,1
Aga Khan Foundation,Infrastructure,0,1,0,,1,1,1,0,0,1,0,
Aga Khan Foundation,Other,.238986,.51788116,.13223225,1,10,9,11,3,.2,.44444445,.27272728,1
Aga Khan Foundation,Rural Development,.57252872,1,.2061232,1,5,4,5,1,.60000002,1,.2,1
Aga Khan Foundation,Social,.30838558,.79958731,.56130672,.67249233,12,11,12,6,.41666666,.72727275,.5,.5
Amnesty International,Economic,.44622138,.28812787,.31441692,1,12,10,12,4,.41666666,.30000001,.33333334,1
Amnesty International,Environment,.20055924,.25282353,.36811158,.54483277,4,3,4,2,.25,.33333334,.5,.5
Amnesty International,Governance,.73849767,.59499162,.5688144,.70064014,19,18,19,13,.68421054,.6111111,.57894737,.69230771
Amnesty International,Infrastructure,.57671952,.57671952,1,1,2,2,2,2,.5,.5,1,1
Amnesty International,Other,.70645988,.58650458,.35007024,.90935326,25,23,26,11,.68000001,.56521738,.38461539,.90909094
Amnesty International,Rural Development,.1802955,.2693328,.4891198,1,3,2,3,1,.33333334,.5,.33333334,1
Amnesty International,Social,.79772401,.65929592,.39833233,.49219286,9,8,9,4,.77777779,.625,.44444445,.5
Arab Bank for Economic Development in Africa (BADEA),Economic,.35699528,.7921564,.18644379,1,12,11,12,2,.41666666,.72727275,.16666667,1
Arab Bank for Economic Development in Africa (BADEA),Environment,.49342373,1,0,,3,2,3,0,.33333334,1,0,
Arab Bank for Economic Development in Africa (BADEA),Governance,.6733439,.56274629,0,,3,2,3,0,.66666669,.5,0,
Arab Bank for Economic Development in Africa (BADEA),Infrastructure,.78556436,.78556436,.32192618,1,3,3,3,1,.66666669,.66666669,.33333334,1
Arab Bank for Economic Development in Africa (BADEA),Other,.46220687,.78682643,.076026,1,6,6,7,2,.5,.83333331,.14285715,1
Arab Bank for Economic Development in Africa (BADEA),Rural Development,1,1,.49197754,1,2,2,2,1,1,1,.5,1
Arab Bank for Economic Development in Africa (BADEA),Social,.20163052,.34150648,0,,6,5,6,0,.33333334,.60000002,0,
Arab Monetary Fund (AMF),Economic,.82503086,.5694347,.82503086,1,4,4,4,3,.75,.5,.75,1
Arab Monetary Fund (AMF),Environment,0,0,0,,2,2,2,0,0,0,0,
Arab Monetary Fund (AMF),Other,1,1,.42161316,0,3,2,3,1,1,1,.33333334,0
Arab Monetary Fund (AMF),Rural Development,0,0,0,,1,1,1,0,0,0,0,
Arab Monetary Fund (AMF),Social,0,0,0,,1,1,1,0,0,0,0,
Ashoka,Economic,1,1,0,,2,2,2,0,1,1,0,
Ashoka,Social,0,0,0,,1,1,1,0,0,0,0,
Asian Development Bank (ADB),Economic,.83096224,.81519872,.40473092,.9277581,46,41,48,20,.78260869,.75609756,.41666666,.85000002
Asian Development Bank (ADB),Environment,.72217733,.8398577,.53318995,1,16,14,17,9,.625,.78571427,.52941179,1
Asian Development Bank (ADB),Governance,.83440697,.65903252,.49090889,.91556162,21,21,21,11,.76190478,.61904764,.52380955,.90909094
Asian Development Bank (ADB),Infrastructure,.6345728,.98260564,.16680473,1,13,12,13,3,.61538464,.91666669,.23076923,1
Asian Development Bank (ADB),Other,.68575317,.74478889,.35407656,.63994688,30,29,30,11,.56666666,.68965518,.33333334,.72727275
Asian Development Bank (ADB),Rural Development,.72140342,.85801774,.51833379,1,7,6,7,3,.5714286,.66666669,.2857143,1
Asian Development Bank (ADB),Social,.61651081,.56086069,.56483835,.77149636,38,36,38,22,.60526317,.55555558,.52631581,.72727275
Australia - Australian Agency for International Development (AusAID),Economic,.51007533,.59010017,.21121459,.82670003,33,30,35,10,.54545456,.60000002,.2857143,.69999999
Australia - Australian Agency for International Development (AusAID),Environment,.65845352,.87520522,.29082206,1,21,20,21,5,.5714286,.85000002,.23809524,1
Australia - Australian Agency for International Development (AusAID),Governance,.56907094,.6922251,.39562145,.74105024,32,31,32,14,.59375,.74193549,.4375,.85714287
Australia - Australian Agency for International Development (AusAID),Infrastructure,.87759811,1,.2051055,1,6,5,7,2,.83333331,1,.2857143,1
Australia - Australian Agency for International Development (AusAID),Other,.62209237,.78091598,.30838466,1,28,27,28,9,.53571427,.77777779,.32142857,1
Australia - Australian Agency for International Development (AusAID),Rural Development,.49331549,.4435142,.28922567,1,10,9,10,3,.5,.44444445,.2,1
Australia - Australian Agency for International Development (AusAID),Social,.59674436,.71508187,.2535933,.65816718,51,48,52,17,.60784316,.70833331,.26923078,.64705884
Australia - Australian High Commission,Economic,.77867234,.62315017,.34682912,1,7,7,7,2,.71428573,.5714286,.2857143,1
Australia - Australian High Commission,Environment,.5950796,.5950796,.35466632,1,5,5,5,2,.60000002,.60000002,.40000001,1
Australia - Australian High Commission,Governance,.31918436,.45962569,.19130488,1,9,9,9,3,.33333334,.55555558,.33333334,1
Australia - Australian High Commission,Infrastructure,1,1,.26326346,1,1,1,2,1,1,1,.5,1
Australia - Australian High Commission,Other,.76799089,.78530037,.37681425,.6518929,9,8,9,3,.55555558,.625,.22222222,.66666669
Australia - Australian High Commission,Rural Development,.40279156,.3306939,.41487482,1,6,6,6,3,.33333334,.33333334,.33333334,1
Australia - Australian High Commission,Social,.69915479,.67750496,.35801205,.35482386,8,8,8,2,.75,.75,.375,.5
Australia - Embassy (or Consulate-General) of Australia,Economic,.59215373,.69994885,0,,9,8,9,0,.66666669,.75,0,
Australia - Embassy (or Consulate-General) of Australia,Environment,.52676481,.52676481,.26497263,.50147456,4,4,4,2,.25,.25,.5,.5
Australia - Embassy (or Consulate-General) of Australia,Governance,.4369877,.63638538,.17708026,.86808908,15,15,15,6,.53333336,.73333335,.33333334,.83333331
Australia - Embassy (or Consulate-General) of Australia,Infrastructure,0,1,1,1,1,1,1,1,0,1,1,1
Australia - Embassy (or Consulate-General) of Australia,Other,.93578315,.93578315,.46092179,1,11,11,11,4,.81818181,.81818181,.36363637,1
Australia - Embassy (or Consulate-General) of Australia,Rural Development,.50564414,.85794419,.23144883,1,4,4,4,1,.5,.75,.25,1
Australia - Embassy (or Consulate-General) of Australia,Social,.74394125,.83908433,.39658183,.17935514,7,6,7,3,.71428573,.83333331,.42857143,.33333334
BRAC,Economic,.37359473,.57298231,.37946433,0,6,6,6,2,.33333334,.5,.33333334,0
BRAC,Environment,0,1,1,1,1,1,1,1,0,1,1,1
BRAC,Governance,.51046205,.39588133,.28931129,1,5,5,5,2,.60000002,.60000002,.40000001,1
BRAC,Other,1,1,.2118559,1,2,2,2,1,1,1,.5,1
BRAC,Rural Development,0,1,0,,1,1,1,0,0,1,0,
BRAC,Social,.46236658,.48428479,.57401961,.47956607,7,7,7,4,.42857143,.5714286,.71428573,.5
Belgium - Belgian Development Agency (BTC),Economic,.43688384,.88618141,.2794899,.46420068,19,18,19,7,.52631581,.83333331,.31578946,.5714286
Belgium - Belgian Development Agency (BTC),Environment,.63702631,1,.21627468,1,5,4,5,2,.60000002,1,.40000001,1
Belgium - Belgian Development Agency (BTC),Governance,.3191084,.58646649,.22071704,.80073202,13,14,14,4,.30769232,.5714286,.21428572,.75
Belgium - Belgian Development Agency (BTC),Infrastructure,.54916084,1,0,,4,3,4,0,.5,1,0,
Belgium - Belgian Development Agency (BTC),Other,.51086366,.7324577,.35911024,1,12,13,14,5,.41666666,.76923078,.35714287,1
Belgium - Belgian Development Agency (BTC),Rural Development,.58767509,.49488345,.27179819,1,9,8,9,3,.55555558,.5,.33333334,1
Belgium - Belgian Development Agency (BTC),Social,.73477125,.80240375,.41694847,.61972964,13,14,15,7,.76923078,.85714287,.46666667,.71428573
Belgium - Embassy (or Consulate-General) of Belgium,Economic,.52277428,.27680609,.17853096,.32909057,14,13,14,5,.42857143,.30769232,.21428572,.40000001
Belgium - Embassy (or Consulate-General) of Belgium,Environment,.3911213,.62105548,0,1,3,2,3,1,.33333334,.5,0,1
Belgium - Embassy (or Consulate-General) of Belgium,Governance,.56640512,.63315552,.1177654,1,9,8,9,2,.44444445,.625,.22222222,1
Belgium - Embassy (or Consulate-General) of Belgium,Other,.5370996,.42285141,.26891387,.31548804,8,8,8,3,.625,.5,.25,.33333334
Belgium - Embassy (or Consulate-General) of Belgium,Rural Development,.38471562,.62583745,.86286396,.82012957,7,7,7,6,.42857143,.71428573,.85714287,.83333331
Belgium - Embassy (or Consulate-General) of Belgium,Social,.38941392,.71066827,.5219503,.62589496,11,9,11,5,.45454547,.66666669,.45454547,.60000002
Bill & Melinda Gates Foundation,Economic,.36545604,.58251309,.13533215,.8089155,21,19,22,4,.38095239,.57894737,.13636364,.75
Bill & Melinda Gates Foundation,Environment,.26569098,.7387594,.12607975,1,6,4,6,1,.33333334,.75,.16666667,1
Bill & Melinda Gates Foundation,Governance,.36948729,.32445103,.12822615,1,6,6,6,1,.5,.5,.16666667,1
Bill & Melinda Gates Foundation,Infrastructure,.81184971,1,0,,4,4,4,0,.75,1,0,
Bill & Melinda Gates Foundation,Other,.80960178,.86878127,.086443357,1,10,10,12,1,.69999999,.80000001,.083333336,1
Bill & Melinda Gates Foundation,Rural Development,.58861309,.45735964,.24819617,1,9,8,9,3,.55555558,.625,.33333334,1
Bill & Melinda Gates Foundation,Social,.63386202,.77919078,.410687,.85155118,47,41,48,21,.65957445,.73170733,.45833334,.76190478
Brazil - Brazilian Cooperation Agency (ABC),Economic,0,.37328207,0,,3,3,3,0,0,.33333334,0,
Brazil - Brazilian Cooperation Agency (ABC),Environment,1,1,0,,1,1,1,0,1,1,0,
Brazil - Brazilian Cooperation Agency (ABC),Governance,0,0,0,,1,1,1,0,0,0,0,
Brazil - Brazilian Cooperation Agency (ABC),Infrastructure,1,0,0,,1,1,1,0,1,0,0,
Brazil - Brazilian Cooperation Agency (ABC),Other,0,.22941525,.22941525,1,2,2,2,1,0,.5,.5,1
Brazil - Brazilian Cooperation Agency (ABC),Rural Development,1,1,0,,1,1,1,0,1,1,0,
Brazil - Brazilian Cooperation Agency (ABC),Social,.62697518,.62697518,.4281714,.12879553,5,5,5,3,.60000002,.60000002,.60000002,.33333334
Brazil - Brazilian Development Bank (BNDES),Economic,.42211616,.27707508,.42211616,0,4,4,4,2,.25,.25,.25,0
Brazil - Brazilian Development Bank (BNDES),Environment,1,1,0,,1,1,1,0,1,1,0,
Brazil - Brazilian Development Bank (BNDES),Governance,0,0,0,,1,1,1,0,0,0,0,
Brazil - Brazilian Development Bank (BNDES),Infrastructure,0,,0,,1,0,1,0,0,,0,
Brazil - Brazilian Development Bank (BNDES),Other,0,1,0,,1,1,1,0,0,1,0,
Brazil - Brazilian Development Bank (BNDES),Social,1,1,0,,1,1,1,0,1,1,0,
Brazil - Embassy (or Consulate-General) of Brazil,Economic,.1249454,.66125011,.15806209,1,9,8,9,1,.22222222,.75,.11111111,1
Brazil - Embassy (or Consulate-General) of Brazil,Governance,0,0,0,,2,2,2,0,0,0,0,
Brazil - Embassy (or Consulate-General) of Brazil,Other,.66452265,.89158869,.3373549,1,5,5,6,3,.40000001,.80000001,.5,1
Brazil - Embassy (or Consulate-General) of Brazil,Rural Development,.28859431,.45614001,0,,3,2,3,0,.33333334,.5,0,
Brazil - Embassy (or Consulate-General) of Brazil,Social,.28941402,.84450436,.047247726,1,7,7,7,1,.5714286,.85714287,.14285715,1
Brookings Institution,Economic,.56702793,.43877521,.32436091,.66097635,8,7,8,4,.625,.5714286,.5,.75
Brookings Institution,Environment,0,0,.81836689,.56137431,3,3,3,2,0,0,.66666669,.5
Brookings Institution,Governance,.051175047,.27396023,.66218036,.48812741,7,7,7,5,.14285715,.14285715,.71428573,.60000002
Brookings Institution,Infrastructure,0,0,0,,1,1,1,0,0,0,0,
Brookings Institution,Other,.18844135,.70033836,.22660305,.48028249,6,6,7,3,.16666667,.5,.2857143,.33333334
Brookings Institution,Social,.069447182,.069447182,.050226387,1,4,4,5,1,.25,.25,.2,1
Bruegel,Economic,0,0,0,,1,1,1,0,0,0,0,
Bruegel,Other,0,0,0,,1,1,1,0,0,0,0,
Canada - Canada Representative Office,Economic,.45156071,.51094174,.24387291,.86826307,19,19,21,5,.47368422,.57894737,.23809524,.80000001
Canada - Canada Representative Office,Environment,1,1,0,,1,1,1,0,1,1,0,
Canada - Canada Representative Office,Governance,.10406583,.55746412,.093350045,1,5,5,6,1,.2,.60000002,.16666667,1
Canada - Canada Representative Office,Infrastructure,1,,0,,1,0,1,0,1,,0,
Canada - Canada Representative Office,Other,.34834689,.78687567,.39400122,.69881725,6,6,7,3,.33333334,.66666669,.2857143,.66666669
Canada - Canada Representative Office,Rural Development,0,0,.73410636,1,2,2,2,1,0,0,.5,1
Canada - Canada Representative Office,Social,.75862992,.54193753,.12054785,0,10,10,10,1,.69999999,.5,.1,0
Canada - Canadian High Commission,Economic,.46810621,.6251384,0,1,8,8,8,1,.5,.625,0,1
Canada - Canadian High Commission,Environment,.32052281,1,.32052281,1,2,2,2,1,.5,1,.5,1
Canada - Canadian High Commission,Governance,.93184686,.73779136,.081076048,1,6,6,6,1,.83333331,.66666669,.16666667,1
Canada - Canadian High Commission,Infrastructure,1,1,0,,1,1,1,0,1,1,0,
Canada - Canadian High Commission,Other,.86482984,1,.23400015,.63385415,8,8,8,3,.875,1,.25,.66666669
Canada - Canadian High Commission,Rural Development,.73748332,0,0,,2,1,2,0,.5,0,0,
Canada - Canadian High Commission,Social,.34404838,.56131148,.29094601,0,7,7,7,2,.2857143,.5714286,.2857143,0
Canada - Canadian International Development Agency (CIDA),Economic,.54142797,.66391295,.33216184,.94848406,33,32,33,10,.5151515,.625,.30303031,.89999998
Canada - Canadian International Development Agency (CIDA),Environment,.71924591,.94397569,.27870953,1,9,7,9,3,.66666669,.85714287,.33333334,1
Canada - Canadian International Development Agency (CIDA),Governance,.5262475,.71282518,.32741946,.51745653,26,25,28,10,.57692307,.75999999,.39285713,.69999999
Canada - Canadian International Development Agency (CIDA),Infrastructure,0,.33210576,0,1,2,2,3,1,0,.5,0,1
Canada - Canadian International Development Agency (CIDA),Other,.46907565,.67755032,.35069513,1,30,31,33,9,.43333334,.64516127,.27272728,1
Canada - Canadian International Development Agency (CIDA),Rural Development,.55992973,.35923222,.29802775,.71707964,16,15,16,6,.5625,.53333336,.3125,.66666669
Canada - Canadian International Development Agency (CIDA),Social,.56273836,.69098723,.35561103,.64384341,45,45,46,18,.51111114,.73333335,.39130434,.66666669
Canada - Embassy (or Consulate-General) of Canada,Economic,.30156291,.3136377,.076463819,1,12,9,12,1,.41666666,.44444445,.083333336,1
Canada - Embassy (or Consulate-General) of Canada,Environment,.445611,1,0,,2,1,2,0,.5,1,0,
Canada - Embassy (or Consulate-General) of Canada,Governance,.55389071,.8224299,.08904919,.74384075,13,12,13,3,.53846157,.83333331,.15384616,.66666669
Canada - Embassy (or Consulate-General) of Canada,Infrastructure,0,.42745748,0,,2,2,2,0,0,.5,0,
Canada - Embassy (or Consulate-General) of Canada,Other,.61258566,.77951795,.27863404,.74071425,18,18,20,5,.6111111,.77777779,.25,.80000001
Canada - Embassy (or Consulate-General) of Canada,Rural Development,.50219172,.50219172,0,,2,2,2,0,.5,.5,0,
Canada - Embassy (or Consulate-General) of Canada,Social,.49607643,.73981249,.33970958,.67855275,14,13,14,6,.42857143,.76923078,.42857143,.66666669
Care,Economic,.56252855,.56827682,.34029654,1,12,11,13,5,.58333331,.54545456,.38461539,1
Care,Environment,.4701339,.63168329,.28948003,1,6,4,6,2,.5,.75,.33333334,1
Care,Governance,.24579492,.31192562,.066130683,1,7,7,7,1,.2857143,.42857143,.14285715,1
Care,Infrastructure,.78703928,1,0,,2,3,3,0,.5,1,0,
Care,Other,.33137956,.51806968,.17505863,1,18,17,19,2,.27777779,.47058824,.10526316,1
Care,Rural Development,.46562901,.62057143,.48794493,.87678248,12,11,12,5,.41666666,.63636363,.41666666,.80000001
Care,Social,.24909465,.62518066,.44145569,.82066858,26,25,27,11,.26923078,.63999999,.48148149,.81818181
Caribbean Development Bank (CDB),Economic,0,.62419492,0,,2,3,3,0,0,.66666669,0,
Caribbean Development Bank (CDB),Infrastructure,1,1,.56841123,1,2,2,2,1,1,1,.5,1
Caribbean Development Bank (CDB),Other,0,.57398856,0,,2,2,2,0,0,.5,0,
Caribbean Development Bank (CDB),Rural Development,1,1,0,,1,1,1,0,1,1,0,
Caribbean Development Bank (CDB),Social,0,.62701041,0,,3,3,3,0,0,.66666669,0,
Carnegie Corporation of New York,Economic,0,1,0,,1,1,1,0,0,1,0,
Carnegie Corporation of New York,Social,.64205682,1,0,,2,2,2,0,.5,1,0,
Carnegie Endowment for International Peace,Economic,.24132477,.44996461,.44996461,.5593729,4,4,4,3,.25,.5,.5,.66666669
Carnegie Endowment for International Peace,Environment,0,0,1,0,1,1,1,1,0,0,1,0
Carnegie Endowment for International Peace,Governance,.28799164,0,.51586401,0,4,4,4,2,.25,0,.5,0
Carnegie Endowment for International Peace,Infrastructure,0,1,0,,1,1,1,0,0,1,0,
Carnegie Endowment for International Peace,Other,.87341732,.13802549,.12658267,0,3,3,3,1,.66666669,.33333334,.33333334,0
Carnegie Endowment for International Peace,Rural Development,0,,0,,1,0,1,0,0,,0,
Carnegie Endowment for International Peace,Social,0,.39257824,.42215115,.41294825,5,4,5,2,0,.5,.40000001,.5
Cato Institute,Economic,.32623145,1,1,.32623145,2,1,2,2,.5,1,1,.5
Cato Institute,Governance,0,0,1,.73272187,3,3,3,3,0,0,1,.66666669
Cato Institute,Infrastructure,,,0,,0,0,1,0,,,0,
Center for American Progress,Economic,.50263208,1,.50263208,1,2,2,2,1,.5,1,.5,1
Center for American Progress,Rural Development,1,1,0,,1,1,1,0,1,1,0,
Center for American Progress,Social,.47273737,0,0,,2,1,2,0,.5,0,0,
Center for Strategic and International Studies,Economic,.28450409,.85989261,.23670112,1,8,7,8,3,.375,.85714287,.25,1
Center for Strategic and International Studies,Environment,.25058305,.30002812,.26201808,1,7,5,7,2,.2857143,.40000001,.2857143,1
Center for Strategic and International Studies,Governance,.1955297,.1955297,.39640623,.51451004,7,7,7,4,.2857143,.2857143,.42857143,.75
Center for Strategic and International Studies,Other,.46836734,.45841476,.23545843,.21388885,9,9,10,3,.44444445,.55555558,.2,.33333334
Center for Strategic and International Studies,Rural Development,1,0,0,,2,1,2,0,1,0,0,
Center for Strategic and International Studies,Social,.36617398,.36108905,.40467209,.80950212,9,9,9,2,.44444445,.44444445,.22222222,.5
Central American Bank for Economic Integration (CABEI),Economic,.53566825,.53173816,.18512584,1,4,4,4,2,.5,.5,.25,1
Central American Bank for Economic Integration (CABEI),Environment,1,0,0,,1,1,1,0,1,0,0,
Central American Bank for Economic Integration (CABEI),Governance,1,1,0,,1,1,1,0,1,1,0,
Central American Bank for Economic Integration (CABEI),Infrastructure,0,1,1,1,1,1,1,1,0,1,1,1
Central American Bank for Economic Integration (CABEI),Other,1,1,0,,1,1,1,0,1,1,0,
Centre for European Policy Studies,Economic,.55038816,.6771456,.51889735,.87777072,18,15,18,9,.55555558,.66666669,.5,.77777779
Centre for European Policy Studies,Environment,.6315546,.44029924,.20621918,1,4,2,4,1,.5,.5,.25,1
Centre for European Policy Studies,Governance,.26619962,.28989324,.076265737,.18831921,10,9,10,3,.2,.22222222,.2,.33333334
Centre for European Policy Studies,Infrastructure,0,0,1,0,1,1,1,1,0,0,1,0
Centre for European Policy Studies,Other,.58464652,.6566304,.45976472,.50103807,10,9,10,6,.60000002,.66666669,.5,.66666669
Centre for European Policy Studies,Rural Development,1,,0,,1,0,1,0,1,,0,
Centre for European Policy Studies,Social,.1264676,.18999274,.1264676,1,4,3,4,1,.25,.33333334,.25,1
Chatham House,Economic,0,.37788603,.12871152,0,5,4,5,1,0,.25,.2,0
Chatham House,Environment,0,.59003985,.76078296,1,3,3,3,2,0,.33333334,.66666669,1
Chatham House,Governance,.10825563,.10825563,.19746374,1,6,6,6,3,.16666667,.16666667,.33333334,1
Chatham House,Infrastructure,0,0,0,,1,1,1,0,0,0,0,
Chatham House,Other,.27694035,.62622786,.037216406,0,6,6,6,2,.33333334,.5,.16666667,0
Chatham House,Social,0,0,.091854736,0,3,3,3,2,0,0,.33333334,0
Children's Investment Fund Foundation,Economic,1,1,1,1,1,1,1,1,1,1,1,1
Children's Investment Fund Foundation,Governance,.47910878,1,.52089119,1,2,2,2,1,.5,1,.5,1
Children's Investment Fund Foundation,Other,.48534504,0,.48534504,.43989617,3,3,3,2,.33333334,0,.33333334,.5
Children's Investment Fund Foundation,Rural Development,1,1,0,,1,1,1,0,1,1,0,
Children's Investment Fund Foundation,Social,.65115768,.55656236,.15408568,1,7,5,7,1,.5714286,.60000002,.14285715,1
China - China Development Bank (CDB),Economic,.61277544,.56112444,.23739795,.54164177,10,9,10,2,.60000002,.55555558,.2,.5
China - China Development Bank (CDB),Environment,.25829881,1,.25829881,.52823341,4,4,4,2,.5,1,.5,.5
China - China Development Bank (CDB),Governance,.35403177,.21647339,.21647339,1,4,4,4,1,.5,.25,.25,1
China - China Development Bank (CDB),Infrastructure,1,0,0,,1,1,1,0,1,0,0,
China - China Development Bank (CDB),Other,.822963,.66679049,.33934057,.6268537,7,8,8,3,.5714286,.5,.25,.33333334
China - China Development Bank (CDB),Rural Development,1,1,1,0,1,1,1,1,1,1,1,0
China - China Development Bank (CDB),Social,0,.33861762,0,,1,2,2,0,0,.5,0,
China - Embassy (or Consulate-General) of China,Economic,.7683233,.78695804,.30477265,1,19,18,20,5,.7368421,.77777779,.25,1
China - Embassy (or Consulate-General) of China,Environment,.42195347,.61657816,.21249521,1,6,5,6,1,.33333334,.80000001,.16666667,1
China - Embassy (or Consulate-General) of China,Governance,.47323996,.68590343,.27655697,1,8,7,8,3,.625,.71428573,.375,1
China - Embassy (or Consulate-General) of China,Infrastructure,.57712436,.28609863,0,,4,4,4,0,.5,.25,0,
China - Embassy (or Consulate-General) of China,Other,.75431943,.73640394,.20258994,.56057632,13,12,15,2,.69230771,.66666669,.13333334,.5
China - Embassy (or Consulate-General) of China,Rural Development,.57099158,.35287368,.2043571,0,6,6,7,2,.66666669,.5,.2857143,0
China - Embassy (or Consulate-General) of China,Social,.70500785,.70968187,.28841496,.81736767,13,9,13,5,.61538464,.66666669,.38461539,.80000001
China - Export-Import Bank of China (China Exim Bank),Economic,.67185593,.68375617,.33435777,.85818988,21,19,21,7,.76190478,.7368421,.38095239,.85714287
China - Export-Import Bank of China (China Exim Bank),Environment,.56764174,1,0,,2,1,2,0,.5,1,0,
China - Export-Import Bank of China (China Exim Bank),Governance,.44227335,.27363801,.12086808,1,5,5,5,1,.60000002,.40000001,.2,1
China - Export-Import Bank of China (China Exim Bank),Infrastructure,1,.53088206,0,,2,2,2,0,1,.5,0,
China - Export-Import Bank of China (China Exim Bank),Other,.80050379,.80050379,.17746392,1,8,8,9,1,.75,.75,.11111111,1
China - Export-Import Bank of China (China Exim Bank),Rural Development,0,0,0,,1,1,1,0,0,0,0,
China - Export-Import Bank of China (China Exim Bank),Social,.16056755,.16056755,1,.26707059,3,3,3,2,.33333334,.33333334,1,.5
Clinton Foundation,Economic,.5548712,.45477617,.17503095,1,5,5,5,1,.80000001,.60000002,.2,1
Clinton Foundation,Environment,0,1,1,1,1,1,1,1,0,1,1,1
Clinton Foundation,Governance,.25031471,0,0,,2,2,2,0,.5,0,0,
Clinton Foundation,Infrastructure,,,0,,0,0,1,0,,,0,
Clinton Foundation,Other,1,1,.059670378,1,3,3,4,1,1,1,.25,1
Clinton Foundation,Rural Development,.23382454,.35638195,0,,4,3,4,0,.5,.66666669,0,
Clinton Foundation,Social,.67525822,.58890629,.35627982,.71029526,22,20,22,8,.59090906,.5,.36363637,.625
Cordaid,Economic,.24885574,.24885574,.55339915,.44968578,4,4,4,2,.25,.25,.5,.5
Cordaid,Environment,1,1,0,,3,1,3,0,1,1,0,
Cordaid,Governance,.5402227,.64226377,.14080983,1,5,4,5,1,.40000001,.75,.2,1
Cordaid,Other,.46713808,.53286195,0,,2,2,2,0,.5,.5,0,
Cordaid,Rural Development,0,0,0,,1,1,1,0,0,0,0,
Cordaid,Social,.52893722,.94834679,.51331329,1,10,10,10,4,.40000001,.89999998,.5,1
Council on Foreign Relations,Economic,.87106842,.41018584,.29445976,.38983616,4,4,4,3,.75,.5,.5,.66666669
Council on Foreign Relations,Environment,0,1,0,,1,1,1,0,0,1,0,
Council on Foreign Relations,Governance,.26673982,.30442458,.19391549,.32429883,7,6,7,3,.2857143,.33333334,.2857143,.33333334
Council on Foreign Relations,Infrastructure,0,0,.42476574,0,1,1,2,1,0,0,.5,0
Council on Foreign Relations,Other,0,.39631975,1,.39631975,4,4,4,4,0,.25,1,.25
Council on Foreign Relations,Social,.16020228,.2492729,0,,5,3,5,0,.2,.33333334,0,
Danish Refugee Council,Economic,.10981698,.37815407,.23825541,.20877385,7,5,7,4,.14285715,.40000001,.2857143,.25
Danish Refugee Council,Governance,.40235171,.60518646,.1540041,.7921409,13,12,13,4,.38461539,.5,.23076923,.75
Danish Refugee Council,Infrastructure,1,1,.51779145,1,1,1,2,1,1,1,.5,1
Danish Refugee Council,Other,.72331828,.83070159,0,1,5,5,5,1,.60000002,.80000001,0,1
Danish Refugee Council,Rural Development,1,1,0,,1,1,1,0,1,1,0,
Danish Refugee Council,Social,.48127037,.35831439,.063095137,1,8,8,8,1,.5,.5,.125,1
David and Lucile Packard Foundation,Environment,1,1,.30022866,1,5,5,5,2,1,1,.40000001,1
David and Lucile Packard Foundation,Governance,1,1,1,1,1,1,1,1,1,1,1,1
David and Lucile Packard Foundation,Other,1,0,1,1,1,1,1,1,1,0,1,1
David and Lucile Packard Foundation,Rural Development,1,1,0,,1,1,1,0,1,1,0,
Denmark - Danish International Development Agency (Danida),Economic,.69753253,.85363179,.41997689,.80426711,27,27,28,11,.5925926,.74074072,.39285713,.72727275
Denmark - Danish International Development Agency (Danida),Environment,.92631775,.52691668,.19949178,1,5,5,6,1,.80000001,.80000001,.16666667,1
Denmark - Danish International Development Agency (Danida),Governance,.75882679,.8398602,.40097964,.88334256,28,27,29,10,.6785714,.77777779,.34482759,.80000001
Denmark - Danish International Development Agency (Danida),Infrastructure,.78629839,.78629839,.20979379,1,4,4,4,1,.75,.75,.25,1
Denmark - Danish International Development Agency (Danida),Other,.72362053,.72364938,.38592911,.78646463,21,22,22,6,.5714286,.68181819,.27272728,.66666669
Denmark - Danish International Development Agency (Danida),Rural Development,.66000462,.56665623,.32870761,1,16,15,16,7,.6875,.60000002,.375,1
Denmark - Danish International Development Agency (Danida),Social,.76285422,.82012814,.19229227,1,17,17,17,4,.70588237,.7647059,.29411766,1
Denmark - Embassy (or Consulate-General) of Denmark,Economic,.60521656,.53755695,.19691809,1,10,10,11,2,.60000002,.60000002,.18181819,1
Denmark - Embassy (or Consulate-General) of Denmark,Environment,.44600081,0,.55399919,1,2,1,2,1,.5,0,.5,1
Denmark - Embassy (or Consulate-General) of Denmark,Governance,.70218444,.72948915,.20170207,1,22,21,22,4,.68181819,.71428573,.18181819,1
Denmark - Embassy (or Consulate-General) of Denmark,Infrastructure,.77522981,.77522981,0,,3,3,3,0,.66666669,.66666669,0,
Denmark - Embassy (or Consulate-General) of Denmark,Other,.81351614,.78951997,.25183064,.57515436,12,11,13,4,.83333331,.81818181,.30769232,.75
Denmark - Embassy (or Consulate-General) of Denmark,Rural Development,.43810683,1,.56189317,,2,2,2,0,.5,1,.5,
Denmark - Embassy (or Consulate-General) of Denmark,Social,.2256652,.77433479,.24885926,1,5,5,5,1,.40000001,.60000002,.40000001,1
Denmark - Representation Office of Denmark,Economic,.70239139,.48487297,.48468387,.55121595,4,4,4,2,.75,.5,.5,.5
Denmark - Representation Office of Denmark,Environment,1,,0,,1,0,1,0,1,,0,
Denmark - Representation Office of Denmark,Governance,1,1,.59052545,1,2,2,2,1,1,1,.5,1
Denmark - Representation Office of Denmark,Infrastructure,.56214172,.56214172,0,,2,2,2,0,.5,.5,0,
Denmark - Representation Office of Denmark,Other,,,0,,0,0,1,0,,,0,
Denmark - Representation Office of Denmark,Rural Development,.68745232,.58722711,.31254765,,4,3,4,0,.75,.66666669,.25,
Denmark - Representation Office of Denmark,Social,1,1,1,.46060216,3,3,3,2,1,1,1,.5
Development Bank of Latin America (CAF),Economic,.74195522,.94178486,.54722792,.89361811,5,5,5,3,.60000002,.80000001,.60000002,.66666669
Development Bank of Latin America (CAF),Environment,.33679843,.33679843,0,,2,2,2,0,.5,.5,0,
Development Bank of Latin America (CAF),Governance,0,.53779799,.21911387,1,3,3,3,1,0,.66666669,.33333334,1
Development Bank of Latin America (CAF),Social,1,1,0,,1,1,1,0,1,1,0,
Doctors Without Borders/MâÃÂ¬Â©decins Sans FrontiâÃÂ¬Â®res,Economic,.46584707,.62179393,.16182396,1,12,8,12,2,.41666666,.625,.16666667,1
Doctors Without Borders/MâÃÂ¬Â©decins Sans FrontiâÃÂ¬Â®res,Environment,.20925647,1,.20925647,1,4,2,4,1,.25,1,.25,1
Doctors Without Borders/MâÃÂ¬Â©decins Sans FrontiâÃÂ¬Â®res,Governance,.64198655,.81590581,.63011378,.80638462,8,7,8,4,.5,.71428573,.625,.75
Doctors Without Borders/MâÃÂ¬Â©decins Sans FrontiâÃÂ¬Â®res,Infrastructure,0,0,0,,1,1,1,0,0,0,0,
Doctors Without Borders/MâÃÂ¬Â©decins Sans FrontiâÃÂ¬Â®res,Other,.31106323,.45608762,.26244724,.2796517,11,11,12,3,.36363637,.36363637,.16666667,.33333334
Doctors Without Borders/MâÃÂ¬Â©decins Sans FrontiâÃÂ¬Â®res,Rural Development,.34810734,.47227034,.63527393,.61231226,4,3,4,2,.5,.66666669,.5,.5
Doctors Without Borders/MâÃÂ¬Â©decins Sans FrontiâÃÂ¬Â®res,Social,.44411239,.6894787,.30489862,.72257131,24,23,24,8,.41666666,.65217394,.29166666,.75
European Bank for Reconstruction and Development (EBRD),Economic,.71856481,.78568131,.43643114,.75868601,24,18,24,13,.70833331,.77777779,.54166669,.84615386
European Bank for Reconstruction and Development (EBRD),Environment,.90170437,.44571763,.48373747,.91519737,9,8,9,7,.77777779,.625,.66666669,.85714287
European Bank for Reconstruction and Development (EBRD),Governance,.78161776,.66258287,.88411117,.66612822,9,9,9,7,.77777779,.77777779,.77777779,.5714286
European Bank for Reconstruction and Development (EBRD),Infrastructure,.33779639,.55755347,.57286346,.58966303,6,6,6,3,.33333334,.5,.5,.66666669
European Bank for Reconstruction and Development (EBRD),Other,.74078888,.68061072,.40763202,1,13,12,13,4,.69230771,.75,.30769232,1
European Bank for Reconstruction and Development (EBRD),Rural Development,.4324908,.57724601,.31490886,1,5,5,6,2,.40000001,.60000002,.33333334,1
European Bank for Reconstruction and Development (EBRD),Social,.15532354,.63871032,.74233359,1,4,3,4,2,.25,.33333334,.5,1
European Union,.,1,1,1,1,1,1,1,1,1,1,1,1
European Union,Economic,.84415752,.89546341,.46274322,.92908359,145,140,150,72,.81379312,.87142855,.47999999,.93055558
European Union,Environment,.78349388,.84566635,.31787518,.85533375,68,62,69,25,.75,.83870965,.37681159,.92000002
European Union,Governance,.84559447,.81893462,.50123918,.88711077,167,164,169,82,.79640716,.82926828,.48520711,.86585367
European Union,Infrastructure,.64983624,.74867505,.17135355,1,31,29,34,11,.64516127,.79310346,.2647059,1
European Union,Other,.79594684,.85692847,.39491573,.92080933,149,143,152,65,.76510066,.84615386,.42105263,.90769231
European Union,Rural Development,.75416797,.65775269,.38357487,1,54,51,54,23,.75925928,.74509805,.42592594,1
European Union,Social,.77695906,.8082217,.38622174,.90520149,129,126,133,50,.77519381,.82539684,.39097744,.88
Ford Foundation,Economic,0,0,0,,3,3,3,0,0,0,0,
Ford Foundation,Environment,.23088312,1,.23088312,1,4,4,4,2,.5,1,.5,1
Ford Foundation,Governance,1,1,.39240417,1,3,3,3,1,1,1,.33333334,1
Ford Foundation,Other,.60743731,.75710517,0,,4,3,4,0,.75,.66666669,0,
Ford Foundation,Rural Development,.37239993,0,0,,3,2,3,0,.33333334,0,0,
Ford Foundation,Social,.41418746,.81867111,.42754671,.63608962,6,6,7,4,.5,.83333331,.5714286,.75
France - Agence FranâÃÂ¬Ãaise de DâÃÂ¬Â©veloppement (AFD),Economic,.61657411,.77892482,.39358771,.98517364,40,40,41,18,.60000002,.80000001,.43902439,.94444442
France - Agence FranâÃÂ¬Ãaise de DâÃÂ¬Â©veloppement (AFD),Environment,.5164265,.93352103,.26494595,.84681171,18,15,18,6,.55555558,.86666667,.33333334,.83333331
France - Agence FranâÃÂ¬Ãaise de DâÃÂ¬Â©veloppement (AFD),Governance,.70282912,.80077916,.3526153,.72679675,18,18,19,9,.66666669,.83333331,.42105263,.77777779
France - Agence FranâÃÂ¬Ãaise de DâÃÂ¬Â©veloppement (AFD),Infrastructure,.54598379,.81701732,.099885836,1,5,6,6,1,.60000002,.83333331,.16666667,1
France - Agence FranâÃÂ¬Ãaise de DâÃÂ¬Â©veloppement (AFD),Other,.62006801,.77655345,.57771987,.78174746,22,21,24,11,.59090906,.66666669,.45833334,.81818181
France - Agence FranâÃÂ¬Ãaise de DâÃÂ¬Â©veloppement (AFD),Rural Development,.63843578,.72535104,.36992463,.78240496,18,17,18,8,.55555558,.7647059,.44444445,.75
France - Agence FranâÃÂ¬Ãaise de DâÃÂ¬Â©veloppement (AFD),Social,.70334244,.79674995,.56564605,.74714744,33,29,33,20,.69696969,.82758623,.60606062,.80000001
France - Embassy (or Consulate-General) of France,Economic,.66274911,.69521242,.19917399,1,33,28,34,7,.60606062,.6785714,.20588236,1
France - Embassy (or Consulate-General) of France,Environment,.58044672,.79760659,0,,6,6,6,0,.5,.66666669,0,
France - Embassy (or Consulate-General) of France,Governance,.75123692,.56594598,.27419207,.96835923,21,22,23,7,.76190478,.63636363,.30434781,.85714287
France - Embassy (or Consulate-General) of France,Infrastructure,.52786362,.52786362,.52786362,1,2,2,2,1,.5,.5,.5,1
France - Embassy (or Consulate-General) of France,Other,.62610233,.75828636,.34093317,.72073871,28,25,29,10,.5714286,.72000003,.31034482,.80000001
France - Embassy (or Consulate-General) of France,Rural Development,.48100749,.33605489,.46822351,.71553618,6,5,7,3,.5,.40000001,.42857143,.66666669
France - Embassy (or Consulate-General) of France,Social,.26770175,.81720126,.37233594,.79888344,20,18,20,10,.40000001,.72222221,.55000001,.80000001
Fraser Institute,Governance,0,1,1,1,1,1,1,1,0,1,1,1
Fraser Institute,Social,0,0,1,0,1,1,1,1,0,0,1,0
French Institute of International Relations,Economic,.26651841,.33249795,0,,4,3,4,0,.25,.33333334,0,
French Institute of International Relations,Environment,.26413292,.5048719,.5048719,.47683179,3,3,3,2,.33333334,.66666669,.66666669,.5
French Institute of International Relations,Governance,0,.11681964,.29138467,.79518676,4,4,4,2,0,.25,.5,.5
French Institute of International Relations,Other,.044958524,.75080895,.40634358,.69832122,6,6,6,2,.16666667,.5,.33333334,.5
French Institute of International Relations,Rural Development,.2693328,0,.73066717,1,2,2,2,1,.5,0,.5,1
French Institute of International Relations,Social,.68541497,.53109598,.73440021,.31087509,5,4,5,3,.60000002,.5,.60000002,.33333334
Fundacao Getulio Vargas,Economic,1,0,.10525511,0,3,3,3,2,1,0,.33333334,0
Fundacao Getulio Vargas,Other,0,0,0,,1,1,1,0,0,0,0,
Fundacao Getulio Vargas,Rural Development,0,,0,,1,0,1,0,0,,0,
Fundacao Getulio Vargas,Social,.15902527,.74667728,.74667728,1,3,3,3,2,.33333334,.66666669,.66666669,1
German Institute for International and Security Affairs,Economic,0,0,0,,1,1,1,0,0,0,0,
German Institute for International and Security Affairs,Environment,0,0,0,,2,2,2,0,0,0,0,
German Institute for International and Security Affairs,Governance,.78452402,.84260386,.78452402,1,3,2,3,2,.66666669,.5,.66666669,1
German Institute for International and Security Affairs,Infrastructure,0,0,0,,1,1,1,0,0,0,0,
German Institute for International and Security Affairs,Other,.22374947,1,.41731992,0,3,3,3,1,.33333334,1,.33333334,0
German Institute for International and Security Affairs,Rural Development,.42806223,0,.5719378,0,2,2,2,1,.5,0,.5,0
German Institute for International and Security Affairs,Social,0,0,.21710263,0,3,2,3,1,0,0,.33333334,0
Germany - Embassy (or Consulate-General) of Germany,Economic,.73527634,.71560746,.26915655,.93564093,35,34,36,12,.71428573,.67647058,.30555555,.91666669
Germany - Embassy (or Consulate-General) of Germany,Environment,.60416812,.89527243,.18022491,1,11,11,11,1,.63636363,.90909094,.18181819,1
Germany - Embassy (or Consulate-General) of Germany,Governance,.61891568,.54165077,.25296256,.94312048,32,30,33,11,.59375,.66666669,.33333334,.90909094
Germany - Embassy (or Consulate-General) of Germany,Infrastructure,.10150303,.10150303,0,,4,4,4,0,.25,.25,0,
Germany - Embassy (or Consulate-General) of Germany,Other,.81308073,.68044484,.25882336,.57737529,36,34,37,9,.72222221,.64705884,.24324325,.66666669
Germany - Embassy (or Consulate-General) of Germany,Rural Development,.62527978,.55107099,.55103916,1,7,7,8,5,.71428573,.5714286,.5,1
Germany - Embassy (or Consulate-General) of Germany,Social,.56130034,.87316167,.36647755,.8326776,21,20,21,8,.5714286,.89999998,.47619048,.875
Germany - Gesellschaft fâÃÂ¬Âºr Internationale Zusammenarbeit (GIZ),Economic,.6897279,.83265072,.43611237,.96525621,65,64,67,30,.66153848,.859375,.43283582,.96666664
Germany - Gesellschaft fâÃÂ¬Âºr Internationale Zusammenarbeit (GIZ),Environment,.66518873,.77175808,.39449924,.84921795,52,47,52,23,.65384614,.80851066,.44230768,.86956519
Germany - Gesellschaft fâÃÂ¬Âºr Internationale Zusammenarbeit (GIZ),Governance,.64715689,.63150871,.42439893,.85180193,59,57,60,30,.69491524,.71929824,.48333332,.83333331
Germany - Gesellschaft fâÃÂ¬Âºr Internationale Zusammenarbeit (GIZ),Infrastructure,.51251036,.53831446,.066748261,1,13,12,14,2,.46153846,.58333331,.14285715,1
Germany - Gesellschaft fâÃÂ¬Âºr Internationale Zusammenarbeit (GIZ),Other,.59908551,.80375952,.30294761,.97945493,52,50,53,15,.53846157,.75999999,.26415095,.93333334
Germany - Gesellschaft fâÃÂ¬Âºr Internationale Zusammenarbeit (GIZ),Rural Development,.58972198,.72272253,.4811362,.93187535,37,33,38,20,.5945946,.75757575,.52631581,.89999998
Germany - Gesellschaft fâÃÂ¬Âºr Internationale Zusammenarbeit (GIZ),Social,.62617904,.81562299,.41956139,.94883502,68,64,69,32,.64705884,.8125,.47826087,.9375
Germany - KfW,Economic,.58810872,.74052083,.45657635,.73571014,38,35,39,20,.60526317,.6857143,.46153846,.75
Germany - KfW,Environment,.6772002,.74391878,.52363926,.97425753,28,24,28,13,.64285713,.75,.5,.92307693
Germany - KfW,Governance,.67470849,.80156767,.20548591,1,19,19,20,4,.68421054,.78947371,.2,1
Germany - KfW,Infrastructure,.41786131,.45956808,.21700852,1,7,7,7,3,.42857143,.5714286,.2857143,1
Germany - KfW,Other,.66531074,.92475516,.43935409,.91900301,25,25,26,12,.63999999,.83999997,.42307693,.83333331
Germany - KfW,Rural Development,.93322325,.81506348,.51386422,.93429267,12,11,12,6,.83333331,.72727275,.41666666,.83333331
Germany - KfW,Social,.64687502,.79851919,.46580932,1,26,26,27,12,.61538464,.80769229,.48148149,1
Germany - Representative Office of Germany,Economic,.54612279,.42628261,.19388457,1,10,8,10,2,.60000002,.5,.2,1
Germany - Representative Office of Germany,Environment,0,0,.84695131,1,2,2,2,1,0,0,.5,1
Germany - Representative Office of Germany,Governance,.67571658,.75896811,.36608893,.76868719,11,9,11,5,.54545456,.66666669,.45454547,.80000001
Germany - Representative Office of Germany,Infrastructure,0,0,0,,2,2,2,0,0,0,0,
Germany - Representative Office of Germany,Other,.52537405,.67242366,.10525493,1,6,5,6,2,.5,.60000002,.16666667,1
Germany - Representative Office of Germany,Social,.75463837,.44360155,.17539957,0,7,7,7,3,.71428573,.5714286,.14285715,0
Global Alliance for Improved Nutrition (GAIN),Other,1,1,0,,1,1,1,0,1,1,0,
Global Alliance for Improved Nutrition (GAIN),Social,1,1,0,,1,1,1,0,1,1,0,
Global Alliance for Vaccines and Immunization (GAVI Alliance),Economic,.66467929,.87214243,.26737273,.80401713,12,11,12,4,.58333331,.72727275,.33333334,.75
Global Alliance for Vaccines and Immunization (GAVI Alliance),Environment,1,1,0,,1,1,1,0,1,1,0,
Global Alliance for Vaccines and Immunization (GAVI Alliance),Governance,.56362081,.56274629,0,,3,2,3,0,.66666669,.5,0,
Global Alliance for Vaccines and Immunization (GAVI Alliance),Other,.47862402,.59089851,.093549758,1,8,8,9,2,.375,.625,.22222222,1
Global Alliance for Vaccines and Immunization (GAVI Alliance),Rural Development,0,0,1,1,1,1,1,1,0,0,1,1
Global Alliance for Vaccines and Immunization (GAVI Alliance),Social,.84269094,.96932787,.56486434,1,37,34,37,20,.78378379,.94117647,.56756759,1
Global Environment Facility (GEF),Economic,.56663984,.77709812,.50466114,.7678709,21,20,22,11,.47619048,.69999999,.45454547,.72727275
Global Environment Facility (GEF),Environment,.73229051,.73276037,.35596994,.740762,81,75,82,32,.71604937,.77333331,.39024389,.8125
Global Environment Facility (GEF),Governance,.73118144,.37879226,.067929499,0,11,10,11,1,.81818181,.5,.090909094,0
Global Environment Facility (GEF),Infrastructure,.77982086,.70951194,.046254694,1,7,6,8,1,.71428573,.66666669,.125,1
Global Environment Facility (GEF),Other,.57515204,.83834213,.41666102,1,19,17,20,8,.52631581,.7647059,.40000001,1
Global Environment Facility (GEF),Rural Development,.66843688,.74309146,.21534579,1,21,17,21,5,.66666669,.82352942,.23809524,1
Global Environment Facility (GEF),Social,.59579545,.6487388,.11106571,1,10,6,10,1,.5,.66666669,.1,1
"Global Fund to Fight AIDS, Tuberculosis and Malaria",Economic,.67802781,.74679989,.27932712,.75488704,20,19,21,7,.64999998,.7368421,.33333334,.85714287
"Global Fund to Fight AIDS, Tuberculosis and Malaria",Environment,.65516257,1,0,,2,2,2,0,.5,1,0,
"Global Fund to Fight AIDS, Tuberculosis and Malaria",Governance,.50435877,.4540112,.10877436,.63447875,12,10,12,3,.58333331,.5,.25,.66666669
"Global Fund to Fight AIDS, Tuberculosis and Malaria",Infrastructure,.67119491,.67119491,.32880512,1,2,2,2,1,.5,.5,.5,1
"Global Fund to Fight AIDS, Tuberculosis and Malaria",Other,.69724083,.74460828,.30596119,.86335963,24,24,26,12,.70833331,.75,.42307693,.83333331
"Global Fund to Fight AIDS, Tuberculosis and Malaria",Rural Development,.7035054,.68447411,.23498568,1,5,4,5,1,.60000002,.75,.2,1
"Global Fund to Fight AIDS, Tuberculosis and Malaria",Social,.8286705,.93107277,.58374351,.95280051,88,81,89,47,.81818181,.91358024,.55056179,.93617022
Gordon and Betty Moore Foundation,Environment,1,1,1,1,1,1,1,1,1,1,1,1
Gordon and Betty Moore Foundation,Other,0,0,0,,1,1,1,0,0,0,0,
Handicap International,Economic,.3538729,.62791729,.38309628,1,8,6,8,3,.375,.66666669,.375,1
Handicap International,Environment,0,,0,,1,0,1,0,0,,0,
Handicap International,Governance,.26043242,.26869544,.14319606,1,5,5,5,1,.2,.40000001,.2,1
Handicap International,Infrastructure,1,1,0,,1,2,3,0,1,1,0,
Handicap International,Other,.24302158,0,.12897871,.60329145,7,7,8,3,.2857143,0,.125,.66666669
Handicap International,Rural Development,.47227034,.47227034,.86186361,1,3,3,3,2,.66666669,.66666669,.66666669,1
Handicap International,Social,.3022835,.46267006,.22432001,1,16,14,16,4,.25,.5,.25,1
Help Age International,Infrastructure,0,0,0,,1,1,1,0,0,0,0,
Heritage Foundation,Economic,.32920584,.3870838,.605829,1,5,5,5,3,.40000001,.40000001,.60000002,1
Heritage Foundation,Environment,0,0,.52225828,0,2,2,2,2,0,0,.5,0
Heritage Foundation,Governance,0,0,0,,1,1,1,0,0,0,0,
Heritage Foundation,Other,0,0,0,,1,1,1,0,0,0,0,
Heritage Foundation,Rural Development,1,0,0,,1,1,1,0,1,0,0,
Heritage Foundation,Social,0,.51782924,.37102625,.47222021,5,4,6,2,0,.5,.33333334,.5
Human Rights Watch,Economic,.50856465,.67503643,.29883823,.92706603,13,10,13,6,.38461539,.69999999,.38461539,.83333331
Human Rights Watch,Environment,.31924501,.12856016,.12366355,0,5,4,5,1,.40000001,.25,.2,0
Human Rights Watch,Governance,.55434698,.65834898,.61737794,.64271414,28,26,28,15,.64285713,.73076922,.5714286,.66666669
Human Rights Watch,Infrastructure,.54358965,.54358965,.17031969,1,3,3,3,1,.66666669,.66666669,.33333334,1
Human Rights Watch,Other,.5639053,.68079233,.30682075,.77435446,29,26,30,12,.58620691,.69230771,.33333334,.83333331
Human Rights Watch,Rural Development,0,0,1,1,1,1,1,1,0,0,1,1
Human Rights Watch,Social,.49825528,.61276102,.60993224,.75867039,16,13,16,8,.5,.61538464,.5625,.75
India - Embassy (or Consulate-General) of India,Economic,.50786871,.52585137,.084490664,.38405278,12,10,12,2,.58333331,.60000002,.16666667,.5
India - Embassy (or Consulate-General) of India,Environment,0,.27961716,0,,3,3,4,0,0,.33333334,0,
India - Embassy (or Consulate-General) of India,Governance,1,0,0,,2,1,2,0,1,0,0,
India - Embassy (or Consulate-General) of India,Infrastructure,1,1,0,,1,1,1,0,1,1,0,
India - Embassy (or Consulate-General) of India,Other,.83660483,.84631985,.15780941,1,9,7,10,1,.77777779,.71428573,.1,1
India - Embassy (or Consulate-General) of India,Rural Development,0,.71853042,.71853042,0,2,2,2,1,0,.5,.5,0
India - Embassy (or Consulate-General) of India,Social,.59377605,.81902349,.41835907,.55929077,12,11,13,6,.58333331,.81818181,.46153846,.66666669
India - Export-Import Bank of India (Exim Bank),Economic,.60163206,.73535353,.11753172,1,11,10,11,2,.54545456,.60000002,.18181819,1
India - Export-Import Bank of India (Exim Bank),Environment,1,1,.26749155,1,2,1,2,1,1,1,.5,1
India - Export-Import Bank of India (Exim Bank),Governance,1,0,0,,1,1,1,0,1,0,0,
India - Export-Import Bank of India (Exim Bank),Other,.74910891,.76734132,.25590369,1,6,5,6,1,.66666669,.80000001,.16666667,1
India - Export-Import Bank of India (Exim Bank),Rural Development,0,1,0,,1,1,1,0,0,1,0,
India - Export-Import Bank of India (Exim Bank),Social,0,.41803357,.41803357,0,2,2,2,1,0,.5,.5,0
Inter-American Development Bank (IDB),Economic,.71375811,.94199026,.6044144,1,21,22,22,15,.76190478,.95454544,.63636363,1
Inter-American Development Bank (IDB),Environment,1,.70757914,.38305172,.67667282,10,10,10,4,1,.60000002,.40000001,.5
Inter-American Development Bank (IDB),Governance,.66933036,.81366509,.2090839,1,17,17,17,4,.64705884,.82352942,.23529412,1
Inter-American Development Bank (IDB),Infrastructure,.86114085,.93537647,.18288039,1,7,7,7,1,.85714287,.85714287,.14285715,1
Inter-American Development Bank (IDB),Other,.6048184,.79269892,.31020722,1,23,22,23,8,.69565219,.86363637,.34782609,1
Inter-American Development Bank (IDB),Rural Development,.81480771,.42137879,.40935919,1,4,3,4,2,.75,.33333334,.5,1
Inter-American Development Bank (IDB),Social,.75000507,.86476022,.40035719,1,20,19,20,10,.80000001,.84210527,.5,1
International Finance Corporation (IFC),Economic,.69767654,.77891231,.56300503,.86606115,73,66,75,38,.69863015,.78787881,.53333336,.86842108
International Finance Corporation (IFC),Environment,.62213278,.74126685,.3510856,1,18,15,19,7,.6111111,.80000001,.36842105,1
International Finance Corporation (IFC),Governance,.58518159,.65701956,.50873429,.91528183,15,16,16,9,.73333335,.75,.5625,.8888889
International Finance Corporation (IFC),Infrastructure,.83869565,1,.3246499,1,5,4,5,2,.80000001,1,.40000001,1
International Finance Corporation (IFC),Other,.55087644,.81476653,.37019455,.94544119,23,20,24,10,.56521738,.80000001,.375,.89999998
International Finance Corporation (IFC),Rural Development,.64697021,.92730325,.189475,.77763689,8,6,9,3,.625,.83333331,.33333334,.66666669
International Finance Corporation (IFC),Social,.62878847,.73551482,.5934847,1,12,11,12,7,.66666669,.72727275,.58333331,1
International Fund for Agricultural Development (IFAD),Economic,.38661763,.69393152,.58463949,.96942997,38,39,39,21,.47368422,.64102566,.53846157,.95238096
International Fund for Agricultural Development (IFAD),Environment,.38614869,1,.22373231,1,13,13,15,3,.46153846,1,.2,1
International Fund for Agricultural Development (IFAD),Governance,.434939,.23193812,.16179277,.85801721,6,7,7,3,.5,.2857143,.2857143,.66666669
International Fund for Agricultural Development (IFAD),Infrastructure,0,.18669114,0,,2,3,3,0,0,.33333334,0,
International Fund for Agricultural Development (IFAD),Other,.61874443,.88998693,.41422474,.93238914,21,20,22,10,.52380955,.80000001,.36363637,.89999998
International Fund for Agricultural Development (IFAD),Rural Development,.66647649,.67797726,.29811886,.96268106,35,31,35,14,.60000002,.67741936,.37142858,.9285714
International Fund for Agricultural Development (IFAD),Social,.67946041,.59501964,.24448529,.69245231,11,8,11,4,.63636363,.5,.27272728,.75
International Institute for Strategic Studies,Economic,.41475162,.56664562,.35688537,1,7,7,7,2,.42857143,.5714286,.2857143,1
International Institute for Strategic Studies,Environment,.08750049,.4095709,.39280754,1,6,4,6,2,.16666667,.25,.33333334,1
International Institute for Strategic Studies,Governance,.59636325,.76547289,.77907819,0,3,2,3,2,.33333334,.5,.66666669,0
International Institute for Strategic Studies,Other,.2938503,.61096698,.58594364,.81360084,4,4,5,3,.25,.5,.60000002,.66666669
International Institute for Strategic Studies,Rural Development,.77058405,1,.22941597,1,2,1,2,1,.5,1,.5,1
International Institute for Strategic Studies,Social,.55904382,.62108129,.43144694,.77200073,10,8,10,4,.5,.625,.40000001,.75
International Monetary Fund (IMF),Economic,.91866744,.86947423,.55454326,.95863354,118,111,120,65,.91525424,.88288289,.55833334,.93846154
International Monetary Fund (IMF),Environment,.86496776,1,.43839246,1,11,10,11,5,.81818181,1,.54545456,1
International Monetary Fund (IMF),Governance,.85384905,.80899155,.55289716,.81299204,43,44,46,27,.83720928,.79545456,.52173913,.81481481
International Monetary Fund (IMF),Infrastructure,1,.84596902,.26173836,1,9,7,9,3,1,.71428573,.33333334,1
International Monetary Fund (IMF),Other,.84249896,.8738519,.44330099,.97967809,50,47,52,26,.83999997,.87234044,.48076922,.96153843
International Monetary Fund (IMF),Rural Development,.69993508,.64538687,.45520693,.8869406,7,5,7,3,.71428573,.40000001,.42857143,.66666669
International Monetary Fund (IMF),Social,.65913004,.8026616,.2812084,.56773758,30,26,30,10,.69999999,.76923078,.33333334,.69999999
International Rescue Committee,Economic,.76911926,.85613185,.56387097,.77694654,5,4,5,3,.80000001,.75,.60000002,.66666669
International Rescue Committee,Environment,0,1,0,,1,1,1,0,0,1,0,
International Rescue Committee,Governance,.58692521,.61174047,.43241289,1,6,5,6,1,.5,.60000002,.33333334,1
International Rescue Committee,Infrastructure,0,0,0,,1,1,1,0,0,0,0,
International Rescue Committee,Other,.73613238,.47601688,0,1,7,7,7,1,.5714286,.42857143,0,1
International Rescue Committee,Rural Development,.54273659,.62365323,.59542602,1,7,7,7,3,.5714286,.71428573,.42857143,1
International Rescue Committee,Social,.60360438,.63570702,.50190258,.87977207,12,12,12,5,.58333331,.66666669,.41666666,.80000001
Islamic Development Bank (ISDB),Economic,.6399985,.82933182,.36842716,.92453444,25,23,25,9,.60000002,.78260869,.36000001,.8888889
Islamic Development Bank (ISDB),Environment,.74544048,.90003103,.17373393,1,6,5,6,2,.66666669,.80000001,.33333334,1
Islamic Development Bank (ISDB),Governance,.23298116,.29445809,.54257631,1,6,7,7,3,.33333334,.42857143,.42857143,1
Islamic Development Bank (ISDB),Infrastructure,0,.485796,0,,2,2,2,0,0,.5,0,
Islamic Development Bank (ISDB),Other,.57887912,.735524,.31494698,.54799968,12,11,13,5,.5,.63636363,.38461539,.60000002
Islamic Development Bank (ISDB),Rural Development,.7252689,.31837136,.12981617,1,4,4,4,1,.75,.5,.25,1
Islamic Development Bank (ISDB),Social,.36520541,.53617108,.32844067,.39419883,16,14,16,4,.375,.5714286,.25,.5
Islamic Relief Worldwide,Economic,.44725433,.71440154,0,1,6,4,6,1,.33333334,.5,0,1
Islamic Relief Worldwide,Environment,0,.79287702,0,,2,2,2,0,0,.5,0,
Islamic Relief Worldwide,Governance,1,1,1,1,1,1,1,1,1,1,1,1
Islamic Relief Worldwide,Other,0,0,0,,1,1,2,0,0,0,0,
Islamic Relief Worldwide,Rural Development,1,.66982824,0,,1,2,2,0,1,.5,0,
Islamic Relief Worldwide,Social,0,0,0,,2,1,2,0,0,0,0,
Japan - Embassy (or Consulate-General) of Japan,Economic,.68401361,.69907564,.28859031,1,21,19,21,7,.66666669,.7368421,.33333334,1
Japan - Embassy (or Consulate-General) of Japan,Environment,.80562329,.80562329,1,1,2,2,2,2,.5,.5,1,1
Japan - Embassy (or Consulate-General) of Japan,Governance,.49305493,.217209,0,,7,6,7,0,.5714286,.33333334,0,
Japan - Embassy (or Consulate-General) of Japan,Infrastructure,.46547377,.46547377,.12649681,1,3,3,3,1,.66666669,.66666669,.33333334,1
Japan - Embassy (or Consulate-General) of Japan,Other,.76676643,.68358797,.24897386,.7366451,16,12,16,4,.75,.66666669,.1875,.75
Japan - Embassy (or Consulate-General) of Japan,Rural Development,.33585674,.53585154,.27878603,.42958421,6,5,6,2,.33333334,.60000002,.33333334,.5
Japan - Embassy (or Consulate-General) of Japan,Social,.39044434,.38233507,.21676891,.54830438,19,16,19,5,.36842105,.4375,.2631579,.60000002
Japan - Japan Bank for International Cooperation (JBIC),Economic,.45724732,.59298283,.13456547,,12,11,13,0,.5,.54545456,.07692308,
Japan - Japan Bank for International Cooperation (JBIC),Environment,.79768497,.74330962,.13094208,1,5,4,5,1,.60000002,.5,.2,1
Japan - Japan Bank for International Cooperation (JBIC),Governance,1,.73302537,.26401711,1,5,5,5,1,1,.60000002,.2,1
Japan - Japan Bank for International Cooperation (JBIC),Infrastructure,.26488525,.48409337,0,,3,3,3,0,.33333334,.66666669,0,
Japan - Japan Bank for International Cooperation (JBIC),Other,.36289996,.91716355,.32817355,.31305799,6,5,6,2,.33333334,.80000001,.33333334,.5
Japan - Japan Bank for International Cooperation (JBIC),Rural Development,1,,0,,1,0,1,0,1,,0,
Japan - Japan Bank for International Cooperation (JBIC),Social,.78596848,.5758149,.28941813,.26047656,6,5,6,2,.83333331,.60000002,.33333334,.5
Japan - Japan International Cooperation Agency (JICA),Economic,.67825586,.70251417,.34546128,.91911,73,69,74,27,.65753424,.69565219,.36486486,.8888889
Japan - Japan International Cooperation Agency (JICA),Environment,.59071267,.83364344,.21072794,.81436956,44,39,44,13,.56818181,.82051283,.31818181,.84615386
Japan - Japan International Cooperation Agency (JICA),Governance,.51711488,.57474846,.27804646,.77199858,36,35,37,8,.41666666,.54285717,.21621622,.75
Japan - Japan International Cooperation Agency (JICA),Infrastructure,.64149064,.80834562,.22836176,.93898058,25,22,26,7,.60000002,.77272725,.26923078,.85714287
Japan - Japan International Cooperation Agency (JICA),Other,.56906766,.7108351,.29928538,.8940118,59,57,61,16,.52542371,.71929824,.27868852,.9375
Japan - Japan International Cooperation Agency (JICA),Rural Development,.64828807,.61322021,.32444057,.92655396,34,32,35,12,.61764705,.59375,.34285715,.91666669
Japan - Japan International Cooperation Agency (JICA),Social,.71574974,.78433889,.39160118,.73091912,78,73,79,29,.65384614,.76712328,.39240506,.68965518
Japan - Representative Office of Japan,Economic,.39077953,.28398755,.096955366,1,12,10,12,1,.41666666,.30000001,.083333336,1
Japan - Representative Office of Japan,Environment,.68071008,.68071008,.29204479,1,3,3,3,1,.66666669,.66666669,.33333334,1
Japan - Representative Office of Japan,Governance,.31619817,.79562306,.1495982,1,4,3,4,1,.5,.66666669,.25,1
Japan - Representative Office of Japan,Infrastructure,.66705632,1,.24231498,1,5,5,5,1,.60000002,1,.2,1
Japan - Representative Office of Japan,Other,.56221783,.7340489,0,,8,8,10,0,.625,.75,0,
Japan - Representative Office of Japan,Rural Development,.43125421,.37095037,.28338209,1,9,9,9,2,.44444445,.33333334,.22222222,1
Japan - Representative Office of Japan,Social,.34234557,.53553206,.15674128,.37725359,14,12,15,3,.42857143,.58333331,.2,.33333334
Japan Institute of International Affairs,Economic,.44197261,1,.30912781,1,2,1,3,1,.5,1,.33333334,1
Japan Institute of International Affairs,Environment,0,0,.45123935,1,2,2,2,1,0,0,.5,1
Japan Institute of International Affairs,Governance,.34501752,0,0,0,3,2,3,1,.33333334,0,0,0
Japan Institute of International Affairs,Infrastructure,0,0,0,,1,1,1,0,0,0,0,
Japan Institute of International Affairs,Other,0,.56010383,.56010383,0,2,2,2,1,0,.5,.5,0
Japan Institute of International Affairs,Rural Development,1,0,0,,2,1,2,0,1,0,0,
Japan Institute of International Affairs,Social,.36674494,.69625562,.63204014,.57220101,8,7,8,4,.5,.71428573,.5,.5
John D. and Catherine T. MacArthur Foundation,Environment,.72316039,.78759336,.18932754,.48557541,11,10,11,2,.72727275,.80000001,.18181819,.5
John D. and Catherine T. MacArthur Foundation,Governance,.28989345,.42360324,.28989345,1,3,2,3,1,.33333334,.5,.33333334,1
John D. and Catherine T. MacArthur Foundation,Other,0,.53901982,0,,2,2,2,0,0,.5,0,
Kuwait - Embassy (or Consulate-General) of Kuwait,Economic,.42259786,.28471383,0,,3,3,3,0,.33333334,.33333334,0,
Kuwait - Embassy (or Consulate-General) of Kuwait,Environment,0,0,0,,2,2,2,0,0,0,0,
Kuwait - Embassy (or Consulate-General) of Kuwait,Governance,.1476603,.26273862,0,,4,3,4,0,.25,.33333334,0,
Kuwait - Embassy (or Consulate-General) of Kuwait,Other,,,0,,0,0,1,0,,,0,
Kuwait - Embassy (or Consulate-General) of Kuwait,Rural Development,1,0,0,,1,1,1,0,1,0,0,
Kuwait - Embassy (or Consulate-General) of Kuwait,Social,.57217175,1,0,,2,2,2,0,.5,1,0,
Kuwait - Kuwait Fund for Arab Economic Development,Economic,.80931824,.76187968,.49929386,.70588404,15,12,15,7,.73333335,.66666669,.46666667,.5714286
Kuwait - Kuwait Fund for Arab Economic Development,Environment,0,0,.64721864,1,2,2,2,1,0,0,.5,1
Kuwait - Kuwait Fund for Arab Economic Development,Governance,1,0,0,,1,1,1,0,1,0,0,
Kuwait - Kuwait Fund for Arab Economic Development,Infrastructure,1,1,1,1,1,1,1,1,1,1,1,1
Kuwait - Kuwait Fund for Arab Economic Development,Other,.52102339,.31250516,0,,5,4,5,0,.40000001,.25,0,
Kuwait - Kuwait Fund for Arab Economic Development,Rural Development,0,1,1,0,1,1,1,1,0,1,1,0
Kuwait - Kuwait Fund for Arab Economic Development,Social,.10478736,.31972343,0,,3,3,3,0,.33333334,.66666669,0,
Le Monde,Economic,.28334695,.41959351,.67872947,.2729986,6,6,6,4,.33333334,.5,.66666669,.5
Le Monde,Environment,.26320866,.20691693,0,,3,2,3,0,.33333334,.5,0,
Le Monde,Governance,.38968858,.56187403,.057907637,.68912411,10,8,10,4,.40000001,.625,.2,.75
Le Monde,Other,.41717231,.57150668,.44044778,.67295653,9,8,10,4,.33333334,.375,.30000001,.5
Le Monde,Rural Development,0,.54101485,0,,2,2,2,0,0,.5,0,
Le Monde,Social,.55398333,.6891948,.3255195,1,8,8,9,3,.625,.75,.33333334,1
MasterCard Foundation,Economic,.71057606,.71057606,.28942394,0,2,2,2,1,.5,.5,.5,0
MasterCard Foundation,Other,0,0,0,,1,1,1,0,0,0,0,
MasterCard Foundation,Rural Development,.2533628,1,0,,2,1,2,0,.5,1,0,
MasterCard Foundation,Social,.36865133,.51172268,.35176098,0,3,2,3,1,.33333334,.5,.33333334,0
Mercy Corps,Economic,.54798019,.22443743,0,,6,4,6,0,.5,.25,0,
Mercy Corps,Governance,.18846667,.41528267,.084977239,1,8,6,8,2,.25,.5,.125,1
Mercy Corps,Infrastructure,.69442171,1,.22832941,1,3,3,3,1,.66666669,1,.33333334,1
Mercy Corps,Other,.70773381,.24338816,.18658972,0,6,5,6,1,.66666669,.2,.16666667,0
Mercy Corps,Rural Development,.76474881,1,0,,3,2,3,0,.66666669,1,0,
Mercy Corps,Social,.74764496,.64602464,.17633332,.21185158,9,9,9,2,.66666669,.66666669,.22222222,.5
MuItilateral Investment Guarantee Agency (MIGA),Economic,.60724849,.70936042,.46865141,1,18,16,18,6,.55555558,.75,.33333334,1
MuItilateral Investment Guarantee Agency (MIGA),Environment,.85591859,.39588428,.35375768,.31031373,6,4,6,2,.83333331,.5,.33333334,.5
MuItilateral Investment Guarantee Agency (MIGA),Governance,0,.17845239,.17845239,1,1,2,2,1,0,.5,.5,1
MuItilateral Investment Guarantee Agency (MIGA),Other,.7563262,.87129492,.17489424,1,5,5,5,1,.60000002,.80000001,.2,1
MuItilateral Investment Guarantee Agency (MIGA),Social,.7289924,1,0,,4,3,5,0,.75,1,0,
Netherlands - Embassy (or Consulate-General) of the Netherlands,Economic,.66148031,.62184942,.19425364,.88692749,30,28,31,6,.63333333,.64285713,.19354838,.83333331
Netherlands - Embassy (or Consulate-General) of the Netherlands,Environment,.67769247,.64485729,.26720831,.75806367,16,14,16,3,.6875,.64285713,.25,.66666669
Netherlands - Embassy (or Consulate-General) of the Netherlands,Governance,.69303346,.72555274,.21559365,.95493984,51,49,53,14,.68627453,.77551019,.24528302,.9285714
Netherlands - Embassy (or Consulate-General) of the Netherlands,Infrastructure,.17547305,.24378397,.068310916,1,6,6,6,1,.33333334,.5,.16666667,1
Netherlands - Embassy (or Consulate-General) of the Netherlands,Other,.64279616,.63282889,.30143368,.77156478,33,34,35,8,.5151515,.58823532,.25714287,.625
Netherlands - Embassy (or Consulate-General) of the Netherlands,Rural Development,.41741106,.31665388,.21282177,1,15,14,15,3,.46666667,.35714287,.26666668,1
Netherlands - Embassy (or Consulate-General) of the Netherlands,Social,.60285425,.7133227,.36882544,.7070353,33,31,34,13,.63636363,.7096774,.35294119,.69230771
New York Times,Economic,.32272249,.40507737,.23953338,.32125342,13,11,13,4,.38461539,.45454547,.30769232,.5
New York Times,Environment,.050829075,.63532484,.58449578,1,5,5,5,3,.2,.80000001,.60000002,1
New York Times,Governance,.56925637,.51040107,.48168209,.89196134,20,20,20,10,.55000001,.34999999,.5,.80000001
New York Times,Other,.54726923,.46863917,.068120584,.82543433,17,15,18,5,.41176471,.40000001,.055555556,.80000001
New York Times,Rural Development,.14513025,.17546535,.1273293,1,5,4,5,1,.2,.25,.2,1
New York Times,Social,.42712638,.36415905,.20608939,1,16,14,16,4,.4375,.42857143,.25,1
Norway - Embassy (or Consulate-General) of Norway,Economic,.80108154,.74749821,.20568448,.50229406,18,17,19,5,.77777779,.70588237,.21052632,.60000002
Norway - Embassy (or Consulate-General) of Norway,Environment,.78895879,.61831903,.47607079,.28968585,10,10,10,3,.60000002,.69999999,.5,.33333334
Norway - Embassy (or Consulate-General) of Norway,Governance,.73566455,.7987898,.15931112,1,33,31,34,7,.69696969,.77419353,.20588236,1
Norway - Embassy (or Consulate-General) of Norway,Infrastructure,.30058545,0,0,,2,2,3,0,.5,0,0,
Norway - Embassy (or Consulate-General) of Norway,Other,.55706453,.62551171,.17346342,.56944829,31,31,32,4,.48387095,.64516127,.15625,.75
Norway - Embassy (or Consulate-General) of Norway,Rural Development,.70432198,.36915347,.29567805,1,4,4,4,1,.75,.5,.25,1
Norway - Embassy (or Consulate-General) of Norway,Social,.72828788,.68181723,.10463581,.29642749,17,17,18,3,.70588237,.64705884,.16666667,.33333334
Norway - Norwegian Agency for Development Cooperation (NORAD),Economic,.71098357,.80547249,.47686002,.91633719,20,18,20,6,.60000002,.72222221,.34999999,.83333331
Norway - Norwegian Agency for Development Cooperation (NORAD),Environment,.86254227,.77879459,.45802069,.86240238,14,13,14,5,.78571427,.69230771,.35714287,.80000001
Norway - Norwegian Agency for Development Cooperation (NORAD),Governance,.55468559,.61167014,.41292897,.8671006,17,17,18,5,.52941179,.58823532,.27777779,.80000001
Norway - Norwegian Agency for Development Cooperation (NORAD),Infrastructure,.69176465,.69176465,.12349229,1,4,4,4,1,.75,.75,.25,1
Norway - Norwegian Agency for Development Cooperation (NORAD),Other,.52990514,.57023209,.32294044,.88259667,18,19,19,6,.5,.57894737,.31578946,.83333331
Norway - Norwegian Agency for Development Cooperation (NORAD),Rural Development,.5056622,.42150301,.18810719,1,9,9,9,2,.55555558,.44444445,.11111111,1
Norway - Norwegian Agency for Development Cooperation (NORAD),Social,.3180224,.51632965,.25677881,.62861091,17,17,17,8,.47058824,.64705884,.41176471,.75
Norway - Representative Office of Norway,Economic,.74242985,.53533912,.46296823,.58037525,5,5,5,2,.60000002,.60000002,.40000001,.5
Norway - Representative Office of Norway,Environment,1,.7418341,.7418341,0,2,2,2,1,1,.5,.5,0
Norway - Representative Office of Norway,Governance,.54695988,.6115697,.1160877,1,7,6,7,1,.42857143,.5,.14285715,1
Norway - Representative Office of Norway,Infrastructure,0,0,0,,1,1,1,0,0,0,0,
Norway - Representative Office of Norway,Other,.80582029,.80582029,0,,5,5,5,0,.80000001,.80000001,0,
Norway - Representative Office of Norway,Rural Development,0,1,0,,1,1,1,0,0,1,0,
Norway - Representative Office of Norway,Social,.31907025,.49470919,.49470919,0,3,3,3,1,.33333334,.33333334,.33333334,0
OPEC Fund for International Development (OFID),Economic,.27905315,.61502683,.27168655,.71204203,12,11,12,3,.33333334,.63636363,.25,.66666669
OPEC Fund for International Development (OFID),Environment,.4850893,0,0,,3,3,4,0,.33333334,0,0,
OPEC Fund for International Development (OFID),Governance,.75216836,.28534862,.33286992,.4755587,4,5,5,2,.75,.40000001,.40000001,.5
OPEC Fund for International Development (OFID),Infrastructure,1,1,1,1,1,1,1,1,1,1,1,1
OPEC Fund for International Development (OFID),Other,.46394968,.62837207,.10765012,0,10,10,10,2,.40000001,.60000002,.1,0
OPEC Fund for International Development (OFID),Rural Development,1,1,.63203758,1,2,2,2,1,1,1,.5,1
OPEC Fund for International Development (OFID),Social,.25093332,.44009516,0,,6,3,6,0,.33333334,.66666669,0,
Open Society Foundations,Economic,.52160656,.40553969,.41912791,1,11,9,11,4,.54545456,.33333334,.36363637,1
Open Society Foundations,Environment,.54055327,.54055327,.11357902,1,6,6,6,1,.66666669,.66666669,.16666667,1
Open Society Foundations,Governance,.74403924,.85676908,.51931787,.97359204,53,52,55,27,.75471699,.86538464,.47272727,.96296299
Open Society Foundations,Infrastructure,.4773725,1,0,,2,2,2,0,.5,1,0,
Open Society Foundations,Other,.71118599,.74158764,.39809975,.88599688,27,26,28,12,.5925926,.76923078,.42857143,.91666669
Open Society Foundations,Rural Development,1,0,1,1,1,1,1,1,1,0,1,1
Open Society Foundations,Social,.44214544,.54823589,.37696692,.76625282,24,22,24,8,.41666666,.59090906,.375,.75
Oxfam,Economic,.44246674,.64872199,.46005395,.86925894,21,19,23,13,.47619048,.63157892,.47826087,.84615386
Oxfam,Environment,.49073035,.83427423,.60610133,.49893799,17,16,17,8,.58823532,.8125,.47058824,.75
Oxfam,Governance,.41384715,.5354107,.51142901,.90357268,22,22,22,12,.54545456,.63636363,.59090906,.91666669
Oxfam,Infrastructure,.35020703,.46224996,.20390975,1,10,8,11,3,.40000001,.5,.27272728,1
Oxfam,Other,.40961254,.561616,.15276265,.80688739,27,25,28,6,.33333334,.51999998,.17857143,.66666669
Oxfam,Rural Development,.4707301,.62723505,.40099066,.87412035,22,19,22,8,.40909091,.63157892,.31818181,.875
Oxfam,Social,.49923807,.61452866,.37344974,.7099911,32,29,32,14,.4375,.65517241,.375,.64285713
Peterson Institute for International Economics,Economic,0,0,0,,2,1,2,0,0,0,0,
Peterson Institute for International Economics,Rural Development,1,0,0,,1,1,1,0,1,0,0,
Peterson Institute for International Economics,Social,0,0,.38857028,0,3,2,3,1,0,0,.33333334,0
Plan International,Economic,.51846832,.70963514,.41572687,.726987,8,8,8,3,.625,.75,.375,.66666669
Plan International,Environment,.74143016,.80681205,.43864158,1,6,5,6,2,.66666669,.80000001,.33333334,1
Plan International,Governance,.53150135,.63620543,.31636629,.42806697,5,4,5,2,.60000002,.75,.40000001,.5
Plan International,Infrastructure,1,1,.40639943,1,3,3,3,1,1,1,.33333334,1
Plan International,Other,.75225413,.75361133,.23703559,1,13,12,13,3,.61538464,.58333331,.23076923,1
Plan International,Rural Development,.34654188,.1650289,.072256126,1,4,2,4,1,.25,.5,.25,1
Plan International,Social,.60036415,.65642011,.31359425,.71725839,30,30,30,11,.60000002,.69999999,.36666667,.81818181
Qatar - Embassy (or Consulate-General) of Qatar,Economic,.59977597,.59977597,.12395142,1,6,6,6,1,.5,.5,.16666667,1
Qatar - Embassy (or Consulate-General) of Qatar,Environment,.65516257,.3448374,0,,2,2,2,0,.5,.5,0,
Qatar - Embassy (or Consulate-General) of Qatar,Governance,.72968817,1,0,,2,1,2,0,.5,1,0,
Qatar - Embassy (or Consulate-General) of Qatar,Other,1,,0,,2,0,2,0,1,,0,
Qatar - Embassy (or Consulate-General) of Qatar,Rural Development,1,0,0,,1,1,1,0,1,0,0,
Qatar - Embassy (or Consulate-General) of Qatar,Social,.67036116,,0,,2,0,2,0,.5,,0,
RAND Corporation,Environment,0,,0,,1,0,1,0,0,,0,
RAND Corporation,Governance,.22398019,0,.43141681,1,4,4,4,2,.5,0,.5,1
RAND Corporation,Other,.90132779,.32808384,.42675608,.76878542,3,3,3,2,.66666669,.33333334,.66666669,.5
RAND Corporation,Social,.30251196,.53568995,0,,5,4,5,0,.40000001,.5,0,
Rockefeller Foundation,Economic,.85203755,.6469357,.45803776,.67696446,4,4,4,2,.75,.5,.5,.5
Rockefeller Foundation,Environment,0,1,.1389824,1,5,3,5,1,0,1,.2,1
Rockefeller Foundation,Governance,.28106341,.71893662,.71893662,1,4,4,4,1,.5,.5,.5,1
Rockefeller Foundation,Infrastructure,0,1,0,,1,1,1,0,0,1,0,
Rockefeller Foundation,Other,.24068302,.56915438,.32847139,1,3,3,3,1,.33333334,.66666669,.33333334,1
Rockefeller Foundation,Rural Development,0,0,0,,2,2,2,0,0,0,0,
Rockefeller Foundation,Social,.17039716,.50014919,.29164439,.28888494,5,5,5,2,.2,.40000001,.2,.5
Russia - Embassy (or Consulate-General) of Russia,Economic,.27905825,1,.27905825,1,2,1,2,1,.5,1,.5,1
Russia - Embassy (or Consulate-General) of Russia,Environment,.26541784,1,.50246322,.47176659,3,3,3,2,.33333334,1,.66666669,.5
Russia - Embassy (or Consulate-General) of Russia,Governance,0,0,0,,4,3,4,0,0,0,0,
Russia - Embassy (or Consulate-General) of Russia,Other,.62394994,1,.094674207,1,4,4,5,1,.75,1,.2,1
Russia - Embassy (or Consulate-General) of Russia,Social,.45114249,.79758584,.59564447,.41837227,4,4,4,2,.5,.75,.5,.5
Saudi Arabia - Saudi Fund for Development (SFD),Economic,.65516889,.70098615,.58356404,.88301533,11,10,11,5,.54545456,.60000002,.45454547,.80000001
Saudi Arabia - Saudi Fund for Development (SFD),Environment,0,.646366,0,,2,2,2,0,0,.5,0,
Saudi Arabia - Saudi Fund for Development (SFD),Governance,.52322084,1,.42525277,1,6,4,6,2,.66666669,1,.33333334,1
Saudi Arabia - Saudi Fund for Development (SFD),Infrastructure,0,0,0,,1,1,1,0,0,0,0,
Saudi Arabia - Saudi Fund for Development (SFD),Other,.63080579,.59249336,.18808997,1,9,7,10,2,.44444445,.5714286,.2,1
Saudi Arabia - Saudi Fund for Development (SFD),Rural Development,0,1,1,0,1,1,1,1,0,1,1,0
Saudi Arabia - Saudi Fund for Development (SFD),Social,.09736786,.18055134,0,,3,2,3,0,.33333334,.5,0,
Save the Children,Economic,.57124805,.57201988,.30284286,.84010714,17,14,17,5,.52941179,.5714286,.29411766,.80000001
Save the Children,Environment,.48156095,.61863297,0,,5,3,5,0,.60000002,.66666669,0,
Save the Children,Governance,.66836089,.66284561,.29614228,1,10,8,10,3,.60000002,.625,.30000001,1
Save the Children,Infrastructure,.17195839,.14658105,.1537575,1,4,3,5,1,.25,.33333334,.2,1
Save the Children,Other,.53132099,.5306645,.1366484,.56584173,22,21,23,6,.45454547,.47619048,.2173913,.5
Save the Children,Rural Development,.64193982,.57242918,.54584795,1,8,7,8,4,.625,.5714286,.5,1
Save the Children,Social,.56287581,.67627102,.35664377,.82798219,58,55,58,22,.53448278,.69090909,.37931034,.77272725
Spain - Embassy (or Consulate-General) of Spain,Economic,.40419021,.61666435,0,,5,5,5,0,.40000001,.60000002,0,
Spain - Embassy (or Consulate-General) of Spain,Environment,1,1,1,0,1,1,1,1,1,1,1,0
Spain - Embassy (or Consulate-General) of Spain,Governance,.31827879,.63917822,.095425949,1,5,4,5,1,.2,.75,.2,1
Spain - Embassy (or Consulate-General) of Spain,Other,.55845439,.70024502,.38931829,1,8,8,9,1,.375,.625,.22222222,1
Spain - Embassy (or Consulate-General) of Spain,Rural Development,0,0,0,,2,2,2,0,0,0,0,
Spain - Embassy (or Consulate-General) of Spain,Social,.47707358,.64544755,.36558941,.53283101,7,6,7,3,.42857143,.66666669,.42857143,.66666669
Spain - Spanish Agency for International Development Cooperation (AECID),Economic,.25140244,.40454194,.2838473,1,11,11,11,4,.36363637,.54545456,.36363637,1
Spain - Spanish Agency for International Development Cooperation (AECID),Environment,.45444489,.54733795,.13015142,1,5,4,5,1,.60000002,.75,.2,1
Spain - Spanish Agency for International Development Cooperation (AECID),Governance,.22335076,.64498276,.19402893,1,10,9,10,2,.30000001,.66666669,.1,1
Spain - Spanish Agency for International Development Cooperation (AECID),Other,.37545618,.68830061,.51810944,.87008744,13,13,13,5,.30769232,.61538464,.38461539,.80000001
Spain - Spanish Agency for International Development Cooperation (AECID),Rural Development,.74561059,.81284732,.46014136,1,7,6,7,4,.71428573,.83333331,.42857143,1
Spain - Spanish Agency for International Development Cooperation (AECID),Social,.49863139,.80657721,.14281362,.80425107,12,12,12,3,.5,.75,.25,.66666669
Stockholm International Peace Research Institute,Economic,1,.55326849,1,1,2,2,2,1,1,.5,1,1
Stockholm International Peace Research Institute,Environment,.15597685,1,0,,2,1,2,0,.5,1,0,
Stockholm International Peace Research Institute,Governance,1,1,1,1,1,1,1,1,1,1,1,1
Stockholm International Peace Research Institute,Infrastructure,0,0,0,,1,1,1,0,0,0,0,
Stockholm International Peace Research Institute,Other,.43248931,.80257225,.3567259,1,5,5,5,3,.60000002,.80000001,.40000001,1
Stockholm International Peace Research Institute,Social,.40071955,.56570333,.70835638,.56570333,3,2,3,2,.33333334,.5,.66666669,.5
Sweden - Embassy (or Consulate-General) of Sweden,Economic,.83582848,.73854607,.42719215,.81271386,10,11,11,7,.69999999,.63636363,.45454547,.71428573
Sweden - Embassy (or Consulate-General) of Sweden,Environment,.77642918,.77642918,.77642918,1,3,3,3,2,.66666669,.66666669,.66666669,1
Sweden - Embassy (or Consulate-General) of Sweden,Governance,.69489539,.80540973,.2182119,1,26,23,26,6,.65384614,.78260869,.23076923,1
Sweden - Embassy (or Consulate-General) of Sweden,Infrastructure,0,0,0,,1,1,1,0,0,0,0,
Sweden - Embassy (or Consulate-General) of Sweden,Other,.80252945,.74319291,.22151332,1,17,15,18,4,.70588237,.73333335,.22222222,1
Sweden - Embassy (or Consulate-General) of Sweden,Rural Development,1,1,0,,1,1,1,0,1,1,0,
Sweden - Embassy (or Consulate-General) of Sweden,Social,.6946665,.86855894,.3485398,1,9,9,9,3,.66666669,.77777779,.33333334,1
Sweden - Swedish International Development Cooperation Agency (SIDA),Economic,.51166576,.62392735,.26565492,.92126572,34,33,34,8,.52941179,.63636363,.23529412,.875
Sweden - Swedish International Development Cooperation Agency (SIDA),Environment,.85774302,.75837928,.15425053,1,14,12,14,3,.78571427,.66666669,.21428572,1
Sweden - Swedish International Development Cooperation Agency (SIDA),Governance,.761823,.85433912,.38389495,.86790121,54,53,55,18,.72222221,.8490566,.34545454,.83333331
Sweden - Swedish International Development Cooperation Agency (SIDA),Infrastructure,.77604181,.49185356,0,,8,7,9,0,.75,.5714286,0,
Sweden - Swedish International Development Cooperation Agency (SIDA),Other,.62184829,.69811147,.35049284,.95513797,31,28,31,9,.54838711,.71428573,.29032257,.8888889
Sweden - Swedish International Development Cooperation Agency (SIDA),Rural Development,.47477254,.29717025,.29543424,.54491389,11,9,11,6,.63636363,.44444445,.45454547,.5
Sweden - Swedish International Development Cooperation Agency (SIDA),Social,.61414593,.76979846,.36526874,.77364081,37,34,37,17,.56756759,.7352941,.37837839,.7647059
The Guardian,Governance,.57843816,.3425709,1,.57843816,3,3,3,3,.66666669,.33333334,1,.66666669
The Guardian,Other,.51513171,.23834473,0,,3,2,3,0,.66666669,.5,0,
The Guardian,Social,0,.25866094,.31913689,0,2,3,3,1,0,.33333334,.33333334,0
Transparency International,Economic,.47323143,.4427458,.50230682,.57598799,29,23,29,16,.51724136,.47826087,.55172414,.5
Transparency International,Environment,.4676038,.57559985,.47396201,1,12,9,12,6,.5,.55555558,.5,1
Transparency International,Governance,.69261146,.77522367,.64962184,.95337802,57,57,58,37,.68421054,.7719298,.63793105,.97297299
Transparency International,Infrastructure,.24658078,.46649578,.077259682,1,5,5,5,1,.40000001,.60000002,.2,1
Transparency International,Other,.62659526,.69457459,.38771546,.72917789,32,30,33,16,.59375,.66666669,.45454547,.75
Transparency International,Rural Development,1,.68202072,0,1,4,3,4,1,1,.66666669,0,1
Transparency International,Social,.62573254,.46135765,.39676127,.84377098,18,16,18,7,.6111111,.5,.33333334,.85714287
United Arab Emirates - Abu Dhabi Fund for Development (ADFD),Economic,.64186537,.71915555,.13264975,1,6,5,6,1,.5,.60000002,.16666667,1
United Arab Emirates - Abu Dhabi Fund for Development (ADFD),Environment,.87019306,0,.12980694,1,3,2,3,1,.66666669,0,.33333334,1
United Arab Emirates - Abu Dhabi Fund for Development (ADFD),Infrastructure,.28495342,.28495342,0,,2,2,2,0,.5,.5,0,
United Arab Emirates - Abu Dhabi Fund for Development (ADFD),Other,.4777846,.39170417,.45231223,.20430419,4,4,5,2,.25,.5,.40000001,.5
United Arab Emirates - Abu Dhabi Fund for Development (ADFD),Rural Development,0,1,1,0,1,1,1,1,0,1,1,0
United Arab Emirates - Abu Dhabi Fund for Development (ADFD),Social,0,0,0,,2,2,2,0,0,0,0,
United Arab Emirates - Embassy (or Consulate-General) of the United Arab Emirates,Economic,.63368195,.30262503,0,,3,2,3,0,.66666669,.5,0,
United Arab Emirates - Embassy (or Consulate-General) of the United Arab Emirates,Governance,.72968817,1,0,,2,1,2,0,.5,1,0,
United Arab Emirates - Embassy (or Consulate-General) of the United Arab Emirates,Infrastructure,0,0,0,,1,1,1,0,0,0,0,
United Arab Emirates - Embassy (or Consulate-General) of the United Arab Emirates,Rural Development,0,,0,,1,0,1,0,0,,0,
United Kingdom - British High Commission,Economic,.68847799,.54397762,.15139402,1,16,16,16,4,.625,.6875,.1875,1
United Kingdom - British High Commission,Environment,.65287799,.77252954,.51065838,.60508168,6,5,6,3,.5,.60000002,.5,.66666669
United Kingdom - British High Commission,Governance,.71169525,.89197373,.35453737,1,14,11,14,4,.64285713,.90909094,.2857143,1
United Kingdom - British High Commission,Infrastructure,0,0,0,,2,2,2,0,0,0,0,
United Kingdom - British High Commission,Other,.86529166,.95019305,.14830437,1,8,8,8,1,.75,.875,.125,1
United Kingdom - British High Commission,Rural Development,1,1,.43035468,1,2,1,2,1,1,1,.5,1
United Kingdom - British High Commission,Social,.91033453,.52776521,.30195561,.41365293,11,11,11,4,.90909094,.54545456,.27272728,.5
United Kingdom - Department for International Development (DFID),Economic,.77977228,.91810471,.44916436,.88014239,46,43,46,21,.73913044,.90697676,.43478259,.80952382
United Kingdom - Department for International Development (DFID),Environment,.92284125,.80299985,.48649058,.84653348,16,12,16,6,.875,.75,.4375,.83333331
United Kingdom - Department for International Development (DFID),Governance,.81607175,.85746962,.48674846,.9186089,53,51,54,22,.7735849,.80392158,.42592594,.86363637
United Kingdom - Department for International Development (DFID),Infrastructure,.42221716,.69215757,.15760079,1,9,8,10,2,.44444445,.75,.2,1
United Kingdom - Department for International Development (DFID),Other,.73457724,.83206701,.3523331,.88123709,37,37,38,12,.72972971,.83783782,.31578946,.91666669
United Kingdom - Department for International Development (DFID),Rural Development,.78352344,.57668018,.05576539,1,12,10,12,1,.75,.69999999,.083333336,1
United Kingdom - Department for International Development (DFID),Social,.76118803,.80991405,.31745553,.67519975,50,50,51,19,.75999999,.80000001,.37254903,.7368421
United Kingdom - Embassy (or Consulate-General) of the United Kingdom,Economic,.58579218,.44584382,.14141016,1,16,14,16,3,.5625,.5,.1875,1
United Kingdom - Embassy (or Consulate-General) of the United Kingdom,Environment,.41927868,.44676405,.28285268,.66970295,8,6,8,3,.5,.5,.25,.66666669
United Kingdom - Embassy (or Consulate-General) of the United Kingdom,Governance,.61911726,.76656777,.29218951,.96079743,28,26,28,9,.64285713,.80769229,.25,.8888889
United Kingdom - Embassy (or Consulate-General) of the United Kingdom,Infrastructure,0,.1992075,0,,2,3,3,0,0,.33333334,0,
United Kingdom - Embassy (or Consulate-General) of the United Kingdom,Other,.74289113,.72651184,.3396742,.95128709,28,27,29,7,.6785714,.74074072,.24137931,.85714287
United Kingdom - Embassy (or Consulate-General) of the United Kingdom,Rural Development,1,1,.20614246,1,3,2,3,1,1,1,.33333334,1
United Kingdom - Embassy (or Consulate-General) of the United Kingdom,Social,.42918575,1,.34761882,.32488927,9,9,9,4,.55555558,1,.44444445,.5
United Nations Children's Fund (UNICEF),.,1,1,1,1,1,1,1,1,1,1,1,1
United Nations Children's Fund (UNICEF),Economic,.79988456,.90124071,.52252662,.92192793,38,36,39,18,.78947371,.8611111,.46153846,.94444442
United Nations Children's Fund (UNICEF),Environment,.59553367,.7716431,.088420473,1,7,7,8,1,.5714286,.71428573,.125,1
United Nations Children's Fund (UNICEF),Governance,.69575125,.71719074,.58978546,.85771316,39,36,39,21,.66666669,.69444442,.56410259,.80952382
United Nations Children's Fund (UNICEF),Infrastructure,.53115094,.71611142,.36163032,1,13,12,14,5,.53846157,.75,.42857143,1
United Nations Children's Fund (UNICEF),Other,.73097461,.79326385,.43985191,.80769157,65,62,67,34,.72307694,.83870965,.50746268,.79411763
United Nations Children's Fund (UNICEF),Rural Development,.1777847,.39207846,.42637563,1,7,7,7,3,.2857143,.71428573,.42857143,1
United Nations Children's Fund (UNICEF),Social,.80920058,.90100735,.58991444,.94385564,156,148,158,88,.81410259,.87837839,.56329113,.93181819
United Nations Development Program (UNDP),Economic,.8391763,.8805936,.49872151,.93695629,120,114,121,62,.80833334,.83333331,.48760331,.93548387
United Nations Development Program (UNDP),Environment,.77423388,.76605111,.44904643,.91546798,91,87,92,41,.76923078,.80459768,.45652175,.92682928
United Nations Development Program (UNDP),Governance,.72278738,.77280396,.56891125,.85352504,134,131,137,75,.71641791,.77862597,.55474454,.89333332
United Nations Development Program (UNDP),Infrastructure,.56086051,.60102803,.14031617,1,16,15,17,5,.5625,.66666669,.23529412,1
United Nations Development Program (UNDP),Other,.68801391,.71950334,.45025837,.88251364,122,115,124,58,.70491803,.76521736,.44354838,.86206895
United Nations Development Program (UNDP),Rural Development,.5989542,.67721754,.3766208,.97276384,49,48,49,20,.63265306,.75,.40816328,.94999999
United Nations Development Program (UNDP),Social,.74186021,.80670339,.40282139,.88254905,131,122,133,57,.7557252,.81967211,.40601504,.89473683
United Nations Foundation,Economic,.49919009,.43233621,.25876904,.84982783,15,14,15,4,.60000002,.5,.33333334,.75
United Nations Foundation,Environment,.66687542,.49252927,.32521504,.4657295,11,8,11,4,.63636363,.375,.36363637,.75
United Nations Foundation,Governance,.40709707,.23968948,.30232307,.79282558,10,10,10,5,.60000002,.40000001,.5,.80000001
United Nations Foundation,Infrastructure,.58102936,.63238215,.11304661,.57527471,6,6,7,2,.66666669,.83333331,.2857143,.5
United Nations Foundation,Other,.56566423,.77797556,.40486294,1,16,13,16,5,.5625,.61538464,.3125,1
United Nations Foundation,Rural Development,1,1,.20086652,1,4,3,4,1,1,1,.25,1
United Nations Foundation,Social,.81754261,.84091413,.4084833,.76701105,21,18,21,11,.76190478,.83333331,.42857143,.72727275
United States - Millennium Challenge Corporation (MCC),Economic,.74962437,.81205052,.36238661,1,25,23,25,8,.68000001,.82608694,.31999999,1
United States - Millennium Challenge Corporation (MCC),Environment,.89998484,.81292892,.56550252,1,10,8,10,4,.69999999,.75,.5,1
United States - Millennium Challenge Corporation (MCC),Governance,.79976356,.78265965,.2972452,.83847517,20,19,20,9,.85000002,.89473683,.34999999,.8888889
United States - Millennium Challenge Corporation (MCC),Infrastructure,.76974899,1,.29363924,.76979005,5,5,5,2,.80000001,1,.40000001,.5
United States - Millennium Challenge Corporation (MCC),Other,.82561421,.8968817,.3395797,1,13,13,14,4,.69230771,.76923078,.2857143,1
United States - Millennium Challenge Corporation (MCC),Rural Development,.85053235,.85053235,.095954694,1,5,5,5,1,.80000001,.80000001,.2,1
United States - Millennium Challenge Corporation (MCC),Social,.76303601,.7441172,.25375775,1,8,7,8,2,.75,.71428573,.25,1
United States - U.S. Agency for International Development (USAID),Economic,.73494208,.78650057,.48430538,.93870825,89,85,90,45,.78651685,.83529413,.5,.93333334
United States - U.S. Agency for International Development (USAID),Environment,.75953615,.81511331,.53325838,.9064464,46,40,46,24,.69565219,.82499999,.54347825,.91666669
United States - U.S. Agency for International Development (USAID),Governance,.89355659,.82299006,.52174723,.92228448,107,104,108,50,.85046726,.84615386,.47222221,.94
United States - U.S. Agency for International Development (USAID),Infrastructure,.46603236,.84878951,.18356393,1,17,16,18,7,.58823532,.9375,.33333334,1
United States - U.S. Agency for International Development (USAID),Other,.8095715,.82686001,.31890965,.956532,92,89,95,39,.79347825,.86516851,.38947368,.94871795
United States - U.S. Agency for International Development (USAID),Rural Development,.69007605,.78397483,.31397411,.90361977,36,32,36,14,.72222221,.8125,.3888889,.85714287
United States - U.S. Agency for International Development (USAID),Social,.86806321,.85835665,.4641827,.89493459,123,117,124,60,.85365856,.84615386,.47580644,.89999998
United States - U.S. Embassy (or Consulate-General),Economic,.73481387,.56057763,.2009251,.75732112,47,44,47,13,.78723407,.65909094,.23404256,.84615386
United States - U.S. Embassy (or Consulate-General),Environment,.71405727,.87975949,.16958475,.55530292,14,12,14,3,.71428573,.83333331,.21428572,.66666669
United States - U.S. Embassy (or Consulate-General),Governance,.84082037,.75904161,.37430781,.89769763,64,64,65,27,.796875,.8125,.36923078,.92592591
United States - U.S. Embassy (or Consulate-General),Infrastructure,.77502024,.77502024,.47268841,1,5,5,6,3,.80000001,.80000001,.5,1
United States - U.S. Embassy (or Consulate-General),Other,.86472154,.89713264,.31664377,.93616968,64,60,66,21,.8125,.86666667,.31818181,.90476191
United States - U.S. Embassy (or Consulate-General),Rural Development,.61373407,.6995278,.45881379,1,13,11,14,7,.61538464,.72727275,.42857143,1
United States - U.S. Embassy (or Consulate-General),Social,.82947659,.8732996,.3443079,.7946623,44,40,45,18,.79545456,.82499999,.37777779,.77777779
William and Flora Hewlett Foundation,Social,0,,0,,1,0,1,0,0,,0,
Woodrow Wilson International Center for Scholars,Environment,0,0,1,1,1,1,1,1,0,0,1,1
Woodrow Wilson International Center for Scholars,Governance,0,.56441081,0,,2,2,2,0,0,.5,0,
Woodrow Wilson International Center for Scholars,Other,0,.84260386,0,,2,2,2,0,0,.5,0,
Woodrow Wilson International Center for Scholars,Social,.48459625,.48459625,0,,2,2,2,0,.5,.5,0,
World Bank,Economic,.85898554,.88569921,.55199325,.93264258,180,173,182,101,.8611111,.86705202,.54945058,.9207921
World Bank,Environment,.8371951,.82389313,.37336153,.92706567,74,68,76,29,.82432431,.85294116,.42105263,.96551722
World Bank,Governance,.77801806,.75604469,.57035547,.92299062,113,111,115,67,.75221241,.76576579,.5826087,.92537314
World Bank,Infrastructure,.75994343,.97238517,.27144331,1,32,30,33,11,.75,.96666664,.33333334,1
World Bank,Other,.73410004,.8357296,.47353846,.87634307,108,104,110,54,.74074072,.85576922,.47272727,.8888889
World Bank,Rural Development,.81794113,.85493338,.39786234,1,53,51,53,23,.83018869,.86274511,.47169811,1
World Bank,Social,.85446656,.82292461,.55518585,.91746026,149,140,151,77,.84563756,.83571428,.53642386,.89610392
World Vision,Economic,.65953106,.54767674,.40474868,.92308223,13,13,15,5,.61538464,.46153846,.33333334,.80000001
World Vision,Environment,.70848453,.69426835,.63675123,1,9,8,9,4,.55555558,.5,.44444445,1
World Vision,Governance,.50240082,.96280372,.72619885,.94288099,9,9,9,5,.44444445,.8888889,.55555558,.80000001
World Vision,Infrastructure,.51108462,.53947592,.33257759,1,6,4,6,2,.5,.5,.33333334,1
World Vision,Other,.28941867,.66725314,.15340269,.67499352,16,15,16,3,.25,.46666667,.1875,.66666669
World Vision,Rural Development,.2901634,.28618404,.5193342,1,8,7,8,4,.375,.5714286,.5,1
World Vision,Social,.42089465,.76080775,.40647742,.79943901,30,30,30,16,.36666667,.66666669,.46666667,.75
