org_name,wbg_region,influence_weighted,helpfulness_weighted,data_uptake_weighted,helpful_info_weighted,influence_n,helpfulness_n,data_uptake_n,helpful_info_n,influence_unweighted,helpfulness_unweighted,data_uptake_unweighted,helpful_info_unweighted
Action Aid,East Asia and Pacific,.41220248,.41220248,.068689294,1,5,5,5,2,.60000002,.60000002,.2,1
Action Aid,Latin America and the Caribbean,0,1,1,1,1,1,1,1,0,1,1,1
Action Aid,Middle East and North Africa,0,.64709973,0,,2,2,2,0,0,.5,0,
Action Aid,Sub-Saharan Africa,.42612302,.61866605,.27825975,1,49,47,49,18,.46938777,.68085104,.3877551,1
African Development Bank (AfDB),Middle East and North Africa,.65772921,.90181535,.55174989,.85748202,11,10,11,6,.72727275,.89999998,.54545456,.83333331
African Development Bank (AfDB),Sub-Saharan Africa,.69149941,.77608055,.38648653,.93882453,207,195,212,84,.68115944,.80512822,.41037735,.95238096
Aga Khan Foundation,Europe and Central Asia,.38769883,.81680465,.38586676,1,11,11,11,5,.45454547,.72727275,.36363637,1
Aga Khan Foundation,Middle East and North Africa,.20257452,0,.20257452,0,4,3,4,1,.25,0,.25,0
Aga Khan Foundation,South Asia,.34869394,.4470304,.18258555,.10776178,21,17,21,5,.33333334,.47058824,.23809524,.2
Aga Khan Foundation,Sub-Saharan Africa,.33134946,.65612084,.3513872,1,17,14,18,5,.35294119,.64285713,.33333334,1
Amnesty International,East Asia and Pacific,.53176922,.38530186,.69495541,.76227248,10,9,10,6,.5,.33333334,.60000002,.66666669
Amnesty International,Europe and Central Asia,.63056648,.81475532,.64805442,.76212412,13,13,13,7,.69230771,.76923078,.53846157,.71428573
Amnesty International,Latin America and the Caribbean,.58977062,.82975763,.320366,1,5,4,5,2,.60000002,.75,.40000001,1
Amnesty International,Middle East and North Africa,1,.28695747,.15485692,1,3,2,3,1,1,.5,.33333334,1
Amnesty International,South Asia,.33492091,.087680548,.082057022,1,11,10,11,2,.27272728,.1,.090909094,1
Amnesty International,Sub-Saharan Africa,.73674303,.59037513,.43021098,.74825495,32,28,33,19,.6875,.60714287,.5151515,.78947371
Arab Bank for Economic Development in Africa (BADEA),Sub-Saharan Africa,.47560546,.75740254,.12383378,1,35,31,36,6,.48571429,.74193549,.1388889,1
Arab Monetary Fund (AMF),Middle East and North Africa,.62680167,.45547882,.48412701,.6242919,10,9,10,4,.5,.33333334,.40000001,.75
Arab Monetary Fund (AMF),Sub-Saharan Africa,1,1,0,,1,1,1,0,1,1,0,
Ashoka,East Asia and Pacific,1,1,0,,1,1,1,0,1,1,0,
Ashoka,Latin America and the Caribbean,1,1,0,,1,1,1,0,1,1,0,
Ashoka,South Asia,0,0,0,,1,1,1,0,0,0,0,
Asian Development Bank (ADB),East Asia and Pacific,.790712,.72561985,.43248209,.87945169,95,87,98,49,.7263158,.67816091,.44897959,.85714287
Asian Development Bank (ADB),Europe and Central Asia,.45998281,.77826309,.63115525,.88751471,26,26,26,15,.5,.73076922,.57692307,.93333334
Asian Development Bank (ADB),South Asia,.71622163,.772744,.35784712,.74830025,50,46,50,15,.63999999,.69565219,.31999999,.66666669
Australia - Australian Agency for International Development (AusAID),East Asia and Pacific,.69785106,.77120566,.33060211,.84167165,119,110,122,51,.70588237,.80000001,.37704918,.86274511
Australia - Australian Agency for International Development (AusAID),Europe and Central Asia,.21123047,.48029009,0,,5,5,5,0,.2,.40000001,0,
Australia - Australian Agency for International Development (AusAID),Latin America and the Caribbean,0,.89407921,0,,4,4,4,0,0,.75,0,
Australia - Australian Agency for International Development (AusAID),Middle East and North Africa,.60433805,.64214295,0,,3,3,3,0,.66666669,.66666669,0,
Australia - Australian Agency for International Development (AusAID),South Asia,.41566426,.55332339,.34817177,.63964534,30,27,30,7,.36666667,.55555558,.26666668,.42857143
Australia - Australian Agency for International Development (AusAID),Sub-Saharan Africa,.39313725,.60166663,.13286009,1,20,21,21,2,.34999999,.5714286,.095238097,1
Australia - Australian High Commission,East Asia and Pacific,.68317002,.67543995,.33523384,.61746794,28,27,28,10,.64285713,.66666669,.35714287,.80000001
Australia - Australian High Commission,Europe and Central Asia,,,0,,0,0,1,0,,,0,
Australia - Australian High Commission,Latin America and the Caribbean,.48087394,.48087394,0,,2,2,2,0,.5,.5,0,
Australia - Australian High Commission,Middle East and North Africa,.68048698,.68048698,0,1,2,2,2,1,.5,.5,0,1
Australia - Australian High Commission,South Asia,.55937171,.62297386,.36488667,1,6,6,6,1,.33333334,.5,.16666667,1
Australia - Australian High Commission,Sub-Saharan Africa,.35581899,.32621062,.55304849,1,7,7,7,4,.42857143,.42857143,.5714286,1
Australia - Embassy (or Consulate-General) of Australia,East Asia and Pacific,.62711698,.75348496,.2773056,.88931751,34,32,34,12,.67647058,.75,.32352942,.91666669
Australia - Embassy (or Consulate-General) of Australia,Europe and Central Asia,0,0,.6791265,0,2,2,2,1,0,0,.5,0
Australia - Embassy (or Consulate-General) of Australia,Latin America and the Caribbean,1,1,1,,1,1,1,0,1,1,1,
Australia - Embassy (or Consulate-General) of Australia,Middle East and North Africa,1,1,.19069712,.80930287,2,2,2,2,1,1,.5,.5
Australia - Embassy (or Consulate-General) of Australia,South Asia,.31163159,.6334241,.11608507,0,7,7,7,1,.2857143,.71428573,.14285715,0
Australia - Embassy (or Consulate-General) of Australia,Sub-Saharan Africa,.72609198,.84396124,.12678814,1,5,5,5,1,.60000002,.80000001,.2,1
BRAC,South Asia,.22709994,.59745568,.40281782,.16618647,8,8,8,4,.25,.625,.5,.25
BRAC,Sub-Saharan Africa,.62197334,.5516957,.39309981,.71817082,14,14,14,6,.5714286,.64285713,.5,.83333331
Belgium - Belgian Development Agency (BTC),East Asia and Pacific,.631239,.78666872,.15774061,.30149654,5,6,6,2,.60000002,.66666669,.16666667,.5
Belgium - Belgian Development Agency (BTC),Europe and Central Asia,0,.17140087,.56869584,.82778728,4,4,4,2,0,.25,.25,.5
Belgium - Belgian Development Agency (BTC),Latin America and the Caribbean,.37216845,.58194619,0,,5,6,6,0,.40000001,.66666669,0,
Belgium - Belgian Development Agency (BTC),Middle East and North Africa,.31446266,.47013095,.17675453,1,5,5,5,1,.40000001,.60000002,.2,1
Belgium - Belgian Development Agency (BTC),South Asia,1,0,1,0,1,1,1,1,1,0,1,0
Belgium - Belgian Development Agency (BTC),Sub-Saharan Africa,.56772166,.83677047,.31860727,.74801975,55,52,58,22,.56363636,.84615386,.37931034,.86363637
Belgium - Embassy (or Consulate-General) of Belgium,East Asia and Pacific,.5440163,.80980211,.46311602,.36301786,5,4,5,3,.40000001,.75,.60000002,.33333334
Belgium - Embassy (or Consulate-General) of Belgium,Europe and Central Asia,.19810556,.33456254,.33456254,.57284981,6,6,6,3,.16666667,.33333334,.33333334,.66666669
Belgium - Embassy (or Consulate-General) of Belgium,Latin America and the Caribbean,.32612678,.35648444,.32612678,,4,3,4,0,.25,.33333334,.25,
Belgium - Embassy (or Consulate-General) of Belgium,Middle East and North Africa,.53594851,.28839666,.16867307,.38128814,6,6,6,2,.5,.33333334,.16666667,.5
Belgium - Embassy (or Consulate-General) of Belgium,South Asia,.55136532,0,.3019971,0,3,3,3,1,.66666669,0,.33333334,0
Belgium - Embassy (or Consulate-General) of Belgium,Sub-Saharan Africa,.54672813,.5649361,.3184866,.6910885,28,25,28,13,.53571427,.68000001,.35714287,.76923078
Bill & Melinda Gates Foundation,East Asia and Pacific,.72015882,.56984884,.25064996,1,7,5,7,2,.71428573,.60000002,.2857143,1
Bill & Melinda Gates Foundation,Europe and Central Asia,.82182217,.53622532,.47028616,.75984585,5,4,5,3,.80000001,.5,.40000001,.66666669
Bill & Melinda Gates Foundation,Latin America and the Caribbean,.35025683,.79580897,.24250823,.75394154,7,6,7,3,.42857143,.66666669,.2857143,.33333334
Bill & Melinda Gates Foundation,Middle East and North Africa,.68017209,.68017209,0,,2,2,2,0,.5,.5,0,
Bill & Melinda Gates Foundation,South Asia,.28080854,.42984208,.11237025,1,6,4,6,1,.33333334,.5,.16666667,1
Bill & Melinda Gates Foundation,Sub-Saharan Africa,.57411313,.71272773,.26550242,.88758075,76,71,80,22,.57894737,.73239434,.30000001,.86363637
Brazil - Brazilian Cooperation Agency (ABC),East Asia and Pacific,0,0,.3772133,0,2,2,2,1,0,0,.5,0
Brazil - Brazilian Cooperation Agency (ABC),Latin America and the Caribbean,.67190707,.59335852,.12432936,.23304203,7,7,7,2,.71428573,.5714286,.2857143,.5
Brazil - Brazilian Cooperation Agency (ABC),South Asia,0,1,0,,1,1,1,0,0,1,0,
Brazil - Brazilian Cooperation Agency (ABC),Sub-Saharan Africa,.19040678,.43410304,.24369626,1,4,4,4,1,.25,.5,.25,1
Brazil - Brazilian Development Bank (BNDES),Latin America and the Caribbean,.66106987,.66106987,0,0,4,4,4,1,.5,.5,0,0
Brazil - Brazilian Development Bank (BNDES),South Asia,0,1,0,,1,1,1,0,0,1,0,
Brazil - Brazilian Development Bank (BNDES),Sub-Saharan Africa,.3486563,.31882459,.3486563,0,4,3,4,1,.25,.33333334,.25,0
Brazil - Embassy (or Consulate-General) of Brazil,East Asia and Pacific,0,0,0,,2,2,2,0,0,0,0,
Brazil - Embassy (or Consulate-General) of Brazil,Latin America and the Caribbean,.17835395,.81482393,.14980064,1,10,9,10,2,.30000001,.77777779,.2,1
Brazil - Embassy (or Consulate-General) of Brazil,Middle East and North Africa,1,1,0,,1,1,1,0,1,1,0,
Brazil - Embassy (or Consulate-General) of Brazil,South Asia,0,.5,0,,2,2,2,0,0,.5,0,
Brazil - Embassy (or Consulate-General) of Brazil,Sub-Saharan Africa,.46229956,.75053763,.2073784,1,11,10,12,3,.45454547,.80000001,.25,1
Brookings Institution,East Asia and Pacific,.2389733,0,.70057535,.90185195,7,6,7,5,.2857143,0,.71428573,.80000001
Brookings Institution,Latin America and the Caribbean,.28403997,1,.82636964,1,3,3,3,2,.66666669,1,.66666669,1
Brookings Institution,Middle East and North Africa,.49523079,.50476921,0,0,2,2,2,1,.5,.5,0,0
Brookings Institution,South Asia,0,0,.77246153,0,3,3,3,2,0,0,.66666669,0
Brookings Institution,Sub-Saharan Africa,.10454904,.35187984,.21348462,.33770376,14,14,16,5,.21428572,.35714287,.3125,.60000002
Bruegel,East Asia and Pacific,0,0,0,,1,1,1,0,0,0,0,
Bruegel,Europe and Central Asia,0,0,0,,1,1,1,0,0,0,0,
Canada - Canada Representative Office,East Asia and Pacific,.68984556,.27240586,.21986842,.28357992,8,7,8,2,.75,.42857143,.25,.5
Canada - Canada Representative Office,Latin America and the Caribbean,.48866832,.88691729,0,,4,5,5,0,.25,.80000001,0,
Canada - Canada Representative Office,Middle East and North Africa,.6728242,.70408535,.37690955,.53531802,3,3,3,2,.66666669,.66666669,.33333334,.5
Canada - Canada Representative Office,South Asia,.58823502,.44871637,.13951862,0,6,6,6,1,.66666669,.5,.16666667,0
Canada - Canada Representative Office,Sub-Saharan Africa,.31310797,.55795181,.298924,1,23,22,26,6,.34782609,.54545456,.23076923,1
Canada - Canadian High Commission,East Asia and Pacific,.70824951,.70824951,.47701398,.38838166,5,5,5,2,.80000001,.80000001,.40000001,.5
Canada - Canadian High Commission,Europe and Central Asia,0,0,0,,1,1,1,0,0,0,0,
Canada - Canadian High Commission,Latin America and the Caribbean,.86854994,.69206738,0,,7,7,7,0,.85714287,.71428573,0,
Canada - Canadian High Commission,Middle East and North Africa,.5096758,1,0,0,2,2,2,1,.5,1,0,0
Canada - Canadian High Commission,South Asia,.5794664,.5794664,.34755373,1,6,6,6,1,.33333334,.33333334,.16666667,1
Canada - Canadian High Commission,Sub-Saharan Africa,.68750829,.92364538,.11341424,.85724825,13,12,13,4,.61538464,.91666669,.23076923,.75
Canada - Canadian International Development Agency (CIDA),East Asia and Pacific,.5908832,.67936683,.20232528,.71587837,22,20,22,8,.5,.64999998,.27272728,.75
Canada - Canadian International Development Agency (CIDA),Europe and Central Asia,.34178939,.68291485,.49364671,.8540011,15,15,16,7,.33333334,.66666669,.375,.85714287
Canada - Canadian International Development Agency (CIDA),Latin America and the Caribbean,.45951822,.64980334,.3846761,.5193435,22,22,22,6,.54545456,.68181819,.31818181,.5
Canada - Canadian International Development Agency (CIDA),Middle East and North Africa,.68905443,.76664275,.2479405,1,8,8,8,2,.625,.75,.25,1
Canada - Canadian International Development Agency (CIDA),South Asia,.44344515,.61146778,.43025446,.79005671,20,20,20,7,.40000001,.60000002,.40000001,.71428573
Canada - Canadian International Development Agency (CIDA),Sub-Saharan Africa,.57387346,.65590656,.31235263,.85575944,74,72,80,27,.56756759,.70833331,.33750001,.85185188
Canada - Embassy (or Consulate-General) of Canada,East Asia and Pacific,.70949513,.73276031,.17356296,.49148947,9,7,9,2,.77777779,.85714287,.22222222,.5
Canada - Embassy (or Consulate-General) of Canada,Europe and Central Asia,.27566859,.4743557,.26804084,1,12,10,12,2,.33333334,.5,.16666667,1
Canada - Embassy (or Consulate-General) of Canada,Latin America and the Caribbean,.85903615,.85903615,.27489528,1,11,11,11,2,.81818181,.81818181,.27272728,1
Canada - Embassy (or Consulate-General) of Canada,Middle East and North Africa,.58729172,.81069028,.25735724,.53531802,5,5,5,2,.60000002,.80000001,.2,.5
Canada - Embassy (or Consulate-General) of Canada,South Asia,.34356195,1,.42442569,.46322176,5,4,5,3,.40000001,1,.40000001,.33333334
Canada - Embassy (or Consulate-General) of Canada,Sub-Saharan Africa,.25512728,.57294768,.10260622,1,21,20,23,4,.2857143,.64999998,.17391305,1
Care,East Asia and Pacific,.38424775,.44397032,.30602929,1,13,12,14,4,.38461539,.5,.2857143,1
Care,Europe and Central Asia,0,0,.14736512,1,4,4,4,1,0,0,.25,1
Care,Latin America and the Caribbean,.28879595,.68123758,.36122993,1,10,11,11,3,.30000001,.72727275,.27272728,1
Care,Middle East and North Africa,.56568515,.56568515,.2016781,1,3,3,3,1,.66666669,.66666669,.33333334,1
Care,South Asia,.37191942,.66375643,0,,9,8,9,0,.33333334,.625,0,
Care,Sub-Saharan Africa,.40887529,.63273132,.3659701,.84520221,44,40,46,17,.38636363,.625,.41304347,.82352942
Caribbean Development Bank (CDB),Latin America and the Caribbean,.32118735,.71951729,.10529635,1,10,11,11,1,.30000001,.72727275,.090909094,1
Carnegie Corporation of New York,Europe and Central Asia,0,1,0,,1,1,1,0,0,1,0,
Carnegie Corporation of New York,Sub-Saharan Africa,.64205682,1,0,,2,2,2,0,.5,1,0,
Carnegie Endowment for International Peace,East Asia and Pacific,.078585573,.10317989,.43161607,0,5,4,5,2,.2,.25,.40000001,0
Carnegie Endowment for International Peace,Europe and Central Asia,0,0,.33223683,0,3,3,3,1,0,0,.33333334,0
Carnegie Endowment for International Peace,Latin America and the Caribbean,0,.60620451,0,,2,2,2,0,0,.5,0,
Carnegie Endowment for International Peace,Middle East and North Africa,.61595893,0,.19937056,0,3,3,3,2,.66666669,0,.33333334,0
Carnegie Endowment for International Peace,South Asia,0,0,1,0,1,1,1,1,0,0,1,0
Carnegie Endowment for International Peace,Sub-Saharan Africa,.21236059,1,.55117399,1,5,4,5,3,.2,1,.60000002,1
Cato Institute,Europe and Central Asia,0,0,.67509115,.57210714,4,3,5,4,0,0,.80000001,.5
Cato Institute,Latin America and the Caribbean,1,1,1,1,1,1,1,1,1,1,1,1
Center for American Progress,East Asia and Pacific,1,,0,,1,0,1,0,1,,0,
Center for American Progress,Middle East and North Africa,0,0,0,,1,1,1,0,0,0,0,
Center for American Progress,South Asia,0,1,0,,1,1,1,0,0,1,0,
Center for American Progress,Sub-Saharan Africa,1,1,.56820166,1,2,2,2,1,1,1,.5,1
Center for Strategic and International Studies,East Asia and Pacific,.43474478,.38169676,.19835597,.40731403,8,6,8,2,.625,.5,.25,.5
Center for Strategic and International Studies,Europe and Central Asia,.60435081,.58311284,.48185918,.6830793,10,10,10,5,.5,.5,.40000001,.80000001
Center for Strategic and International Studies,Latin America and the Caribbean,0,0,0,,2,1,2,0,0,0,0,
Center for Strategic and International Studies,Middle East and North Africa,.27658775,0,.4414973,0,3,3,3,2,.33333334,0,.33333334,0
Center for Strategic and International Studies,South Asia,0,.5976761,0,,2,2,2,0,0,.5,0,
Center for Strategic and International Studies,Sub-Saharan Africa,.28601909,.48555246,.25244513,1,17,16,18,5,.35294119,.625,.22222222,1
Central American Bank for Economic Integration (CABEI),Latin America and the Caribbean,.64925694,.65455979,.24534911,1,8,8,8,3,.625,.625,.25,1
Centre for European Policy Studies,East Asia and Pacific,.26075178,0,0,,6,1,6,0,.33333334,0,0,
Centre for European Policy Studies,Europe and Central Asia,.47255287,.52479231,.62583899,.70396245,24,24,24,17,.41666666,.45833334,.625,.70588237
Centre for European Policy Studies,Middle East and North Africa,1,1,0,,2,1,2,0,1,1,0,
Centre for European Policy Studies,South Asia,.48346409,1,0,,2,2,2,0,.5,1,0,
Centre for European Policy Studies,Sub-Saharan Africa,.49760672,.49367735,.24327052,.64892143,14,11,14,4,.5,.54545456,.2857143,.5
Chatham House,East Asia and Pacific,0,0,0,,2,2,2,0,0,0,0,
Chatham House,Europe and Central Asia,0,0,.12450446,1,3,2,3,2,0,0,.33333334,1
Chatham House,Latin America and the Caribbean,0,0,0,0,1,1,1,1,0,0,0,0
Chatham House,Middle East and North Africa,.49523079,.50476921,0,0,2,2,2,1,.5,.5,0,0
Chatham House,South Asia,0,0,.23620386,0,2,2,2,1,0,0,.5,0
Chatham House,Sub-Saharan Africa,.075829834,.46170872,.26522195,.68625128,14,14,14,5,.14285715,.35714287,.35714287,.60000002
Children's Investment Fund Foundation,East Asia and Pacific,.46311137,.1864021,.12300568,1,4,3,4,1,.5,.33333334,.25,1
Children's Investment Fund Foundation,Europe and Central Asia,1,.55590081,.33498096,0,4,4,4,1,1,.5,.25,0
Children's Investment Fund Foundation,Latin America and the Caribbean,1,1,1,1,1,1,1,1,1,1,1,1
Children's Investment Fund Foundation,Sub-Saharan Africa,.21632938,.72478151,.40429842,1,5,4,5,2,.2,.75,.2,1
China - China Development Bank (CDB),East Asia and Pacific,.65767127,.6739713,.16837268,.71743351,8,7,8,2,.625,.71428573,.125,.5
China - China Development Bank (CDB),Europe and Central Asia,1,.44809482,1,0,2,2,2,2,1,.5,1,0
China - China Development Bank (CDB),Latin America and the Caribbean,0,0,0,,1,1,1,0,0,0,0,
China - China Development Bank (CDB),South Asia,.87391531,.87391531,.87391531,1,2,2,2,1,.5,.5,.5,1
China - China Development Bank (CDB),Sub-Saharan Africa,.49365535,.55072153,.19251232,.49314898,15,17,17,4,.53333336,.52941179,.23529412,.5
China - Embassy (or Consulate-General) of China,East Asia and Pacific,.64959282,.62195158,.27591231,1,11,11,11,3,.63636363,.63636363,.27272728,1
China - Embassy (or Consulate-General) of China,Europe and Central Asia,.14252996,.46218541,.49225241,0,4,3,4,1,.25,.66666669,.25,0
China - Embassy (or Consulate-General) of China,Latin America and the Caribbean,1,.82288885,0,,3,3,3,0,1,.66666669,0,
China - Embassy (or Consulate-General) of China,Middle East and North Africa,1,.42765054,0,,3,2,3,0,1,.5,0,
China - Embassy (or Consulate-General) of China,South Asia,.72316509,.86978871,.32876474,1,5,4,6,1,.60000002,.75,.16666667,1
China - Embassy (or Consulate-General) of China,Sub-Saharan Africa,.61710656,.6575892,.24675308,.81259203,43,38,46,13,.62790698,.68421054,.28260869,.76923078
China - Export-Import Bank of China (China Exim Bank),East Asia and Pacific,.61709106,.41842929,.3655844,.62500238,8,6,8,4,.75,.66666669,.5,.75
China - Export-Import Bank of China (China Exim Bank),Middle East and North Africa,1,1,1,1,1,1,1,1,1,1,1,1
China - Export-Import Bank of China (China Exim Bank),South Asia,1,1,.51912832,1,3,3,3,1,1,1,.33333334,1
China - Export-Import Bank of China (China Exim Bank),Sub-Saharan Africa,.60224175,.5904991,.17869611,.79550385,30,29,31,5,.63333333,.58620691,.22580644,.80000001
Clinton Foundation,East Asia and Pacific,.14755155,0,.3834362,0,5,4,5,2,.2,0,.40000001,0
Clinton Foundation,Europe and Central Asia,1,0,0,,1,1,1,0,1,0,0,
Clinton Foundation,Latin America and the Caribbean,1,.75936145,0,,2,2,2,0,1,.5,0,
Clinton Foundation,South Asia,.42482963,1,.57517034,1,2,2,2,1,.5,1,.5,1
Clinton Foundation,Sub-Saharan Africa,.6164934,.57372731,.20638946,.94014311,27,25,29,8,.66666669,.63999999,.27586207,.875
Cordaid,East Asia and Pacific,1,,0,,1,0,1,0,1,,0,
Cordaid,Latin America and the Caribbean,.34618881,1,0,,2,2,2,0,.5,1,0,
Cordaid,South Asia,1,0,0,,1,1,1,0,1,0,0,
Cordaid,Sub-Saharan Africa,.47383809,.64755791,.37230274,.82610852,21,19,21,7,.38095239,.68421054,.38095239,.85714287
Council on Foreign Relations,East Asia and Pacific,.14982499,.18310964,.21717753,0,6,5,6,2,.16666667,.2,.33333334,0
Council on Foreign Relations,Europe and Central Asia,.15540367,.20561904,.65655744,.30690211,6,5,6,5,.16666667,.2,.66666669,.40000001
Council on Foreign Relations,Latin America and the Caribbean,0,1,1,1,1,1,1,1,0,1,1,1
Council on Foreign Relations,Middle East and North Africa,.74726468,.34676638,0,0,3,2,3,1,.66666669,.5,0,0
Council on Foreign Relations,South Asia,0,0,1,0,1,1,1,1,0,0,1,0
Council on Foreign Relations,Sub-Saharan Africa,.33468121,.41243282,.11946513,1,5,5,6,1,.40000001,.60000002,.16666667,1
Danish Refugee Council,East Asia and Pacific,.22578964,.5,0,1,3,2,3,1,.33333334,.5,0,1
Danish Refugee Council,Europe and Central Asia,.22441293,.51910776,.14772898,.24986905,11,10,11,4,.27272728,.5,.18181819,.5
Danish Refugee Council,Middle East and North Africa,.73697197,.55580628,.26505554,.25853112,6,6,6,2,.83333331,.66666669,.33333334,.5
Danish Refugee Council,South Asia,.3621662,.3621662,0,,2,2,2,0,.5,.5,0,
Danish Refugee Council,Sub-Saharan Africa,.32048199,.55234557,.15493216,.63149798,13,12,14,4,.38461539,.58333331,.21428572,.75
David and Lucile Packard Foundation,East Asia and Pacific,1,1,.15323195,1,4,4,4,1,1,1,.25,1
David and Lucile Packard Foundation,Middle East and North Africa,1,1,1,1,1,1,1,1,1,1,1,1
David and Lucile Packard Foundation,Sub-Saharan Africa,1,.62665248,.68770897,1,3,3,3,2,1,.66666669,.66666669,1
Denmark - Danish International Development Agency (Danida),East Asia and Pacific,.81869644,.77646428,.055270866,.63926184,12,10,12,3,.83333331,.80000001,.083333336,.66666669
Denmark - Danish International Development Agency (Danida),Europe and Central Asia,.49358192,.67780876,.33519372,.85810059,13,13,13,3,.38461539,.61538464,.23076923,.66666669
Denmark - Danish International Development Agency (Danida),Latin America and the Caribbean,.85357076,.87773138,.25022978,1,8,8,9,2,.75,.875,.22222222,1
Denmark - Danish International Development Agency (Danida),Middle East and North Africa,.72185069,.72185069,.32151681,1,3,3,3,1,.66666669,.66666669,.33333334,1
Denmark - Danish International Development Agency (Danida),South Asia,.64362484,.80335951,.44934577,.78625512,20,21,21,7,.5,.76190478,.38095239,.71428573
Denmark - Danish International Development Agency (Danida),Sub-Saharan Africa,.75871474,.75444233,.3709622,.88662916,62,62,64,24,.7096774,.7096774,.390625,.875
Denmark - Embassy (or Consulate-General) of Denmark,East Asia and Pacific,.51642758,.3645184,0,,7,5,7,0,.42857143,.2,0,
Denmark - Embassy (or Consulate-General) of Denmark,Europe and Central Asia,.48184377,.5838545,.40587083,.34549186,7,7,7,2,.5714286,.71428573,.2857143,.5
Denmark - Embassy (or Consulate-General) of Denmark,Latin America and the Caribbean,1,1,.42908677,1,3,3,3,1,1,1,.33333334,1
Denmark - Embassy (or Consulate-General) of Denmark,Middle East and North Africa,1,1,.21671459,1,3,2,3,1,1,1,.33333334,1
Denmark - Embassy (or Consulate-General) of Denmark,South Asia,.63759542,.72007674,.29856205,1,12,12,12,4,.58333331,.66666669,.33333334,1
Denmark - Embassy (or Consulate-General) of Denmark,Sub-Saharan Africa,.68602341,.75172913,.20307025,1,24,24,26,4,.70833331,.75,.23076923,1
Denmark - Representation Office of Denmark,East Asia and Pacific,1,,0,,1,0,1,0,1,,0,
Denmark - Representation Office of Denmark,Middle East and North Africa,1,1,.49552456,1,2,2,2,1,1,1,.5,1
Denmark - Representation Office of Denmark,South Asia,1,1,0,,1,1,1,0,1,1,0,
Denmark - Representation Office of Denmark,Sub-Saharan Africa,.73398787,.64372796,.47857884,.49397072,12,11,13,4,.75,.63636363,.46153846,.5
Development Bank of Latin America (CAF),Latin America and the Caribbean,.44773775,.67488497,.24660823,.92192465,11,11,11,4,.45454547,.72727275,.36363637,.75
Doctors Without Borders/MâÃÂ¬Â©decins Sans FrontiâÃÂ¬Â®res,East Asia and Pacific,.53135449,.51593786,.26081887,.22353651,7,6,7,3,.42857143,.33333334,.14285715,.33333334
Doctors Without Borders/MâÃÂ¬Â©decins Sans FrontiâÃÂ¬Â®res,Europe and Central Asia,.19786938,.39281967,.19216315,0,5,5,5,1,.2,.40000001,.2,0
Doctors Without Borders/MâÃÂ¬Â©decins Sans FrontiâÃÂ¬Â®res,Latin America and the Caribbean,0,0,0,,2,1,2,0,0,0,0,
Doctors Without Borders/MâÃÂ¬Â©decins Sans FrontiâÃÂ¬Â®res,Middle East and North Africa,.29023516,.50181878,.33570281,.23898146,6,6,6,3,.33333334,.5,.33333334,.33333334
Doctors Without Borders/MâÃÂ¬Â©decins Sans FrontiâÃÂ¬Â®res,South Asia,0,0,0,,5,3,5,0,0,0,0,
Doctors Without Borders/MâÃÂ¬Â©decins Sans FrontiâÃÂ¬Â®res,Sub-Saharan Africa,.51578444,.75542241,.36272219,.92067987,39,34,40,13,.51282054,.7647059,.375,.92307693
European Bank for Reconstruction and Development (EBRD),East Asia and Pacific,.69644743,,.30355257,1,3,0,3,1,.66666669,,.33333334,1
European Bank for Reconstruction and Development (EBRD),Europe and Central Asia,.63539869,.67390764,.51645619,.8134712,61,55,62,34,.62295079,.69090909,.53225809,.82352942
European Bank for Reconstruction and Development (EBRD),Middle East and North Africa,.85690278,.60912877,.60995454,.763623,6,6,6,3,.83333331,.66666669,.5,.66666669
European Union,East Asia and Pacific,.82808447,.78000921,.33173451,.97899115,83,80,88,36,.80722892,.8125,.375,.97222221
European Union,Europe and Central Asia,.82162577,.8573724,.49104619,.90867192,208,202,211,111,.79326922,.84158415,.51658767,.8918919
European Union,Latin America and the Caribbean,.69994074,.749412,.32320064,.871997,71,70,72,23,.67605633,.77142859,.30555555,.86956519
European Union,Middle East and North Africa,.88585758,.83357728,.57464039,.90591818,58,55,58,31,.84482759,.83636361,.53448278,.87096775
European Union,South Asia,.7342394,.66805679,.20928846,.71667945,49,44,50,8,.73469388,.70454544,.18000001,.75
European Union,Sub-Saharan Africa,.7982313,.86414313,.40340909,.92910242,275,265,283,120,.77454543,.87169814,.44169611,.93333334
Ford Foundation,East Asia and Pacific,1,.61389405,.38610598,0,4,4,4,1,1,.75,.25,0
Ford Foundation,Europe and Central Asia,0,0,0,,1,1,1,0,0,0,0,
Ford Foundation,Latin America and the Caribbean,.33479801,.65269017,.14428809,1,6,6,6,2,.5,.66666669,.33333334,1
Ford Foundation,Middle East and North Africa,1,,0,,1,0,1,0,1,,0,
Ford Foundation,South Asia,0,.4279252,0,,4,4,5,0,0,.25,0,
Ford Foundation,Sub-Saharan Africa,.43987915,1,.36196142,1,7,6,7,4,.5714286,1,.5714286,1
France - Agence FranâÃÂ¬Ãaise de DâÃÂ¬Â©veloppement (AFD),East Asia and Pacific,.63366067,.61616999,.29749823,.74166387,16,14,16,8,.6875,.64285713,.4375,.75
France - Agence FranâÃÂ¬Ãaise de DâÃÂ¬Â©veloppement (AFD),Europe and Central Asia,0,.20426078,.76265025,.26783022,3,3,3,2,0,.33333334,.66666669,.5
France - Agence FranâÃÂ¬Ãaise de DâÃÂ¬Â©veloppement (AFD),Latin America and the Caribbean,.81992489,.6974746,.6974746,1,5,5,5,3,.80000001,.60000002,.60000002,1
France - Agence FranâÃÂ¬Ãaise de DâÃÂ¬Â©veloppement (AFD),Middle East and North Africa,.61610156,.68627733,.24648303,.45076981,16,15,16,5,.5625,.66666669,.25,.60000002
France - Agence FranâÃÂ¬Ãaise de DâÃÂ¬Â©veloppement (AFD),South Asia,.52464354,1,.46569768,1,5,5,5,2,.40000001,1,.40000001,1
France - Agence FranâÃÂ¬Ãaise de DâÃÂ¬Â©veloppement (AFD),Sub-Saharan Africa,.64393967,.83650357,.45466948,.87845123,109,104,114,53,.63302749,.84615386,.47368422,.86792451
France - Embassy (or Consulate-General) of France,East Asia and Pacific,.54538733,.62909412,.42868304,.83553618,12,11,13,4,.41666666,.54545456,.30769232,.75
France - Embassy (or Consulate-General) of France,Europe and Central Asia,.58801717,.29749274,.21525459,.80821556,12,13,14,3,.5,.30769232,.21428572,.66666669
France - Embassy (or Consulate-General) of France,Latin America and the Caribbean,.53664213,.69898754,.20505188,1,9,8,9,3,.55555558,.75,.33333334,1
France - Embassy (or Consulate-General) of France,Middle East and North Africa,.72460854,.63316774,.29815573,.39708033,10,9,10,3,.60000002,.55555558,.2,.33333334
France - Embassy (or Consulate-General) of France,South Asia,.28241315,.38619879,0,,4,3,4,0,.25,.33333334,0,
France - Embassy (or Consulate-General) of France,Sub-Saharan Africa,.60096437,.77181697,.29526535,.95069873,69,62,71,25,.63768119,.7903226,.36619717,.92000002
Fraser Institute,East Asia and Pacific,0,0,1,0,1,1,1,1,0,0,1,0
Fraser Institute,Sub-Saharan Africa,0,1,1,1,1,1,1,1,0,1,1,1
French Institute of International Relations,East Asia and Pacific,0,.31915575,.68084425,0,2,2,2,1,0,.5,.5,0
French Institute of International Relations,Europe and Central Asia,.39597854,.22432338,.60402149,.47923699,4,4,4,2,.5,.25,.5,.5
French Institute of International Relations,Latin America and the Caribbean,0,0,0,,1,1,1,0,0,0,0,
French Institute of International Relations,Middle East and North Africa,0,1,.7463488,1,2,1,2,1,0,1,.5,1
French Institute of International Relations,South Asia,0,1,0,,1,1,1,0,0,1,0,
French Institute of International Relations,Sub-Saharan Africa,.32587737,.38224512,.34356359,.54764724,14,13,14,6,.35714287,.38461539,.42857143,.5
Fundacao Getulio Vargas,Latin America and the Caribbean,.046376754,.51981986,.48039162,.9034605,4,3,4,2,.25,.33333334,.5,.5
Fundacao Getulio Vargas,Sub-Saharan Africa,.73225659,.16807796,.16807796,.46165118,4,4,4,2,.75,.25,.25,.5
German Institute for International and Security Affairs,East Asia and Pacific,.54024029,.54343534,.83764988,.64494765,5,4,5,4,.40000001,.25,.80000001,.5
German Institute for International and Security Affairs,Europe and Central Asia,.13109438,.54068148,.42929369,0,4,3,4,1,.25,.33333334,.25,0
German Institute for International and Security Affairs,South Asia,1,1,0,,1,1,1,0,1,1,0,
German Institute for International and Security Affairs,Sub-Saharan Africa,0,.22773887,0,,5,5,5,0,0,.2,0,
Germany - Embassy (or Consulate-General) of Germany,East Asia and Pacific,.71593261,.70227242,.2190721,1,17,15,17,4,.7647059,.73333335,.17647059,1
Germany - Embassy (or Consulate-General) of Germany,Europe and Central Asia,.72028691,.5314247,.4211438,.67215347,36,35,38,16,.66666669,.62857145,.42105263,.8125
Germany - Embassy (or Consulate-General) of Germany,Latin America and the Caribbean,.58653075,.67732859,.20125872,.54583955,13,13,13,2,.61538464,.61538464,.23076923,.5
Germany - Embassy (or Consulate-General) of Germany,Middle East and North Africa,.84364003,.60226083,.1020866,.76579368,15,14,15,4,.80000001,.64285713,.2,.75
Germany - Embassy (or Consulate-General) of Germany,South Asia,.65126383,.89570463,.29375499,.64495796,9,9,9,3,.66666669,.8888889,.33333334,.66666669
Germany - Embassy (or Consulate-General) of Germany,Sub-Saharan Africa,.59557712,.71685725,.30420244,1,56,54,58,17,.5714286,.74074072,.3275862,1
Germany - Gesellschaft fâÃÂ¬Âºr Internationale Zusammenarbeit (GIZ),East Asia and Pacific,.63982052,.73553824,.3751862,.7768361,40,38,41,17,.67500001,.78947371,.41463414,.88235295
Germany - Gesellschaft fâÃÂ¬Âºr Internationale Zusammenarbeit (GIZ),Europe and Central Asia,.71604419,.73279405,.43588603,.91173387,77,74,77,39,.72727275,.78378379,.50649351,.8974359
Germany - Gesellschaft fâÃÂ¬Âºr Internationale Zusammenarbeit (GIZ),Latin America and the Caribbean,.45956486,.76719201,.27960137,.88485318,34,32,34,10,.44117647,.75,.29411766,.80000001
Germany - Gesellschaft fâÃÂ¬Âºr Internationale Zusammenarbeit (GIZ),Middle East and North Africa,.7183376,.82413739,.35180196,1,20,20,20,9,.69999999,.85000002,.40000001,1
Germany - Gesellschaft fâÃÂ¬Âºr Internationale Zusammenarbeit (GIZ),South Asia,.34421974,.69037461,.3789672,.81372631,29,25,30,10,.34482759,.68000001,.30000001,.80000001
Germany - Gesellschaft fâÃÂ¬Âºr Internationale Zusammenarbeit (GIZ),Sub-Saharan Africa,.6771819,.77267438,.41762283,.97460687,146,138,151,67,.65753424,.79710144,.4437086,.9402985
Germany - KfW,East Asia and Pacific,.65736145,.46421197,.22357841,.89219189,15,12,15,6,.66666669,.5,.33333334,.83333331
Germany - KfW,Europe and Central Asia,.66247332,.74789327,.35857421,.83705997,40,37,40,18,.72500002,.75675678,.44999999,.83333331
Germany - KfW,Latin America and the Caribbean,.55308348,.86403912,.12541971,1,7,7,8,1,.5714286,.85714287,.125,1
Germany - KfW,Middle East and North Africa,.57593721,.7449789,.28087762,.55646157,13,13,13,5,.61538464,.76923078,.30769232,.60000002
Germany - KfW,South Asia,.61228228,.75365293,.6865502,.94076765,15,14,15,10,.60000002,.71428573,.60000002,.89999998
Germany - KfW,Sub-Saharan Africa,.68816906,.86663032,.49396601,.95981652,65,64,68,30,.60000002,.796875,.44117647,.93333334
Germany - Representative Office of Germany,East Asia and Pacific,.68442219,.47264645,.31557778,0,3,2,3,1,.66666669,.5,.33333334,0
Germany - Representative Office of Germany,Europe and Central Asia,.73335677,.66542351,.33849806,.75541413,11,9,11,4,.63636363,.66666669,.27272728,.75
Germany - Representative Office of Germany,Latin America and the Caribbean,0,1,0,,1,1,1,0,0,1,0,
Germany - Representative Office of Germany,Middle East and North Africa,.56242049,.51831973,.1765243,1,7,6,7,2,.5714286,.5,.14285715,1
Germany - Representative Office of Germany,South Asia,0,0,0,,1,1,1,0,0,0,0,
Germany - Representative Office of Germany,Sub-Saharan Africa,.45121497,.39033324,.27701023,.72756511,15,14,15,6,.46666667,.42857143,.33333334,.66666669
Global Alliance for Improved Nutrition (GAIN),East Asia and Pacific,1,1,0,,1,1,1,0,1,1,0,
Global Alliance for Improved Nutrition (GAIN),Sub-Saharan Africa,1,1,0,,1,1,1,0,1,1,0,
Global Alliance for Vaccines and Immunization (GAVI Alliance),East Asia and Pacific,.60205817,.92528588,.60205817,1,7,6,7,4,.5714286,.83333331,.5714286,1
Global Alliance for Vaccines and Immunization (GAVI Alliance),Europe and Central Asia,.3484076,1,.65159237,1,2,2,2,1,.5,1,.5,1
Global Alliance for Vaccines and Immunization (GAVI Alliance),Latin America and the Caribbean,0,1,0,,1,1,1,0,0,1,0,
Global Alliance for Vaccines and Immunization (GAVI Alliance),South Asia,.58684969,.67537922,.19711734,.44000685,7,5,7,2,.71428573,.60000002,.2857143,.5
Global Alliance for Vaccines and Immunization (GAVI Alliance),Sub-Saharan Africa,.77473497,.85590243,.37516984,1,45,43,46,20,.71111113,.83720928,.45652175,1
Global Environment Facility (GEF),East Asia and Pacific,.73920655,.70365554,.12760989,1,34,30,36,7,.67647058,.73333335,.19444445,1
Global Environment Facility (GEF),Europe and Central Asia,.76839131,.8788839,.81790996,.63625532,18,17,18,14,.77777779,.82352942,.77777779,.71428573
Global Environment Facility (GEF),Latin America and the Caribbean,.50457662,.44002172,.21195738,.72176307,14,12,14,4,.35714287,.41666666,.21428572,.75
Global Environment Facility (GEF),Middle East and North Africa,.52170938,.43384069,.38285333,.7442593,11,10,11,4,.63636363,.60000002,.36363637,.75
Global Environment Facility (GEF),South Asia,.51967686,.70495796,.36191595,.65086216,19,17,19,5,.47368422,.7647059,.2631579,.60000002
Global Environment Facility (GEF),Sub-Saharan Africa,.72194749,.77207184,.2872867,.92501032,74,65,76,25,.71621621,.80000001,.32894737,.92000002
"Global Fund to Fight AIDS, Tuberculosis and Malaria",East Asia and Pacific,.69035518,.7356689,.45258278,.94756126,26,22,27,14,.65384614,.77272725,.44444445,.9285714
"Global Fund to Fight AIDS, Tuberculosis and Malaria",Europe and Central Asia,.72020495,.88034433,.73591614,.89161897,17,16,17,11,.64705884,.8125,.64705884,.81818181
"Global Fund to Fight AIDS, Tuberculosis and Malaria",Latin America and the Caribbean,1,.6813066,.34271026,1,9,10,10,3,1,.69999999,.40000001,1
"Global Fund to Fight AIDS, Tuberculosis and Malaria",South Asia,.71509033,.73816758,.055428639,1,8,5,8,1,.75,.80000001,.125,1
"Global Fund to Fight AIDS, Tuberculosis and Malaria",Sub-Saharan Africa,.7480318,.85293901,.41154698,.90753883,93,89,95,42,.76344085,.85393256,.46315789,.90476191
Gordon and Betty Moore Foundation,Latin America and the Caribbean,.20952657,.20952657,.20952657,1,2,2,2,1,.5,.5,.5,1
Handicap International,East Asia and Pacific,.66910797,.66910797,0,,2,2,2,0,.5,.5,0,
Handicap International,Europe and Central Asia,0,0,0,,1,1,2,0,0,0,0,
Handicap International,Middle East and North Africa,.29688889,0,.29688889,.40663201,3,3,3,2,.33333334,0,.33333334,.5
Handicap International,South Asia,.40430704,1,0,,4,2,4,0,.25,1,0,
Handicap International,Sub-Saharan Africa,.31055355,.42291921,.29518196,1,31,29,33,11,.32258064,.48275861,.30303031,1
Help Age International,Latin America and the Caribbean,0,0,0,,1,1,1,0,0,0,0,
Heritage Foundation,East Asia and Pacific,0,0,.51334369,0,2,1,2,1,0,0,.5,0
Heritage Foundation,Europe and Central Asia,.30166975,0,.36470875,0,3,3,3,2,.33333334,0,.33333334,0
Heritage Foundation,Latin America and the Caribbean,,1,1,1,0,1,1,1,,1,1,1
Heritage Foundation,Middle East and North Africa,0,0,0,,1,1,1,0,0,0,0,
Heritage Foundation,South Asia,0,.59313434,0,,3,3,3,0,0,.33333334,0,
Heritage Foundation,Sub-Saharan Africa,.26284218,.29284701,.48370165,1,6,5,6,3,.33333334,.40000001,.5,1
Human Rights Watch,East Asia and Pacific,.79399902,.75398469,.59330463,.71940362,15,13,15,8,.80000001,.76923078,.53333336,.75
Human Rights Watch,Europe and Central Asia,.45984545,.71001661,.73016357,.62104219,20,19,20,13,.55000001,.7368421,.64999998,.61538464
Human Rights Watch,Latin America and the Caribbean,.44642031,.74517429,.40014845,.86549097,8,8,8,3,.5,.625,.375,.66666669
Human Rights Watch,Middle East and North Africa,.55487329,.2620368,.28404149,.36609811,6,3,6,2,.5,.33333334,.16666667,.5
Human Rights Watch,South Asia,.28948709,.39628845,.13872401,1,7,5,7,2,.2857143,.40000001,.14285715,1
Human Rights Watch,Sub-Saharan Africa,.5085901,.61416298,.41091904,.86603653,39,35,40,16,.51282054,.65714288,.42500001,.875
India - Embassy (or Consulate-General) of India,East Asia and Pacific,.65067971,.84671235,.30636925,.33413047,7,5,8,3,.5714286,.80000001,.375,.33333334
India - Embassy (or Consulate-General) of India,Latin America and the Caribbean,0,.46108821,0,,2,2,2,0,0,.5,0,
India - Embassy (or Consulate-General) of India,Middle East and North Africa,1,1,0,,3,2,3,0,1,1,0,
India - Embassy (or Consulate-General) of India,South Asia,.83883959,.87331086,.33027849,.82412243,13,10,14,4,.76923078,.80000001,.2857143,.75
India - Embassy (or Consulate-General) of India,Sub-Saharan Africa,.40160716,.48635259,.094100766,.53179938,16,16,17,3,.4375,.5,.17647059,.66666669
India - Export-Import Bank of India (Exim Bank),Middle East and North Africa,1,,0,,1,0,1,0,1,,0,
India - Export-Import Bank of India (Exim Bank),South Asia,1,.76498336,.52338421,1,3,3,3,1,1,.66666669,.33333334,1
India - Export-Import Bank of India (Exim Bank),Sub-Saharan Africa,.53405559,.70002615,.13319024,.76064914,19,17,19,4,.47368422,.64705884,.21052632,.75
Inter-American Development Bank (IDB),Latin America and the Caribbean,.72610718,.82799834,.36006546,.96555191,102,100,103,44,.7647059,.82999998,.41747573,.95454544
International Finance Corporation (IFC),East Asia and Pacific,.58479214,.678213,.31609821,.89786708,36,32,38,16,.58333331,.6875,.39473686,.8125
International Finance Corporation (IFC),Europe and Central Asia,.77898401,.91238803,.56833416,.79584461,31,25,32,17,.77419353,.88,.5625,.88235295
International Finance Corporation (IFC),Latin America and the Caribbean,.47586486,.87256134,.55070823,1,11,10,11,6,.54545456,.89999998,.54545456,1
International Finance Corporation (IFC),Middle East and North Africa,.67872524,.76226741,.6500107,1,6,5,6,4,.66666669,.80000001,.66666669,1
International Finance Corporation (IFC),South Asia,.59998155,.7026732,.43728694,.90241683,15,14,15,5,.53333336,.64285713,.33333334,.80000001
International Finance Corporation (IFC),Sub-Saharan Africa,.68697029,.79427952,.48525202,.92803508,55,52,58,28,.72727275,.82692307,.5,.9285714
International Fund for Agricultural Development (IFAD),East Asia and Pacific,.4303692,.46573326,.29424423,.64023763,14,15,16,6,.42857143,.46666667,.3125,.66666669
International Fund for Agricultural Development (IFAD),Europe and Central Asia,.77199227,.71562386,.78140354,.9049114,9,9,9,6,.66666669,.55555558,.66666669,.83333331
International Fund for Agricultural Development (IFAD),Latin America and the Caribbean,.39989048,.54607505,.33399639,1,13,12,13,6,.46153846,.58333331,.38461539,1
International Fund for Agricultural Development (IFAD),Middle East and North Africa,.25630561,.34745029,.25630561,1,6,6,6,3,.33333334,.5,.33333334,1
International Fund for Agricultural Development (IFAD),South Asia,.49633825,.77304989,.31875232,.80660897,11,11,12,3,.45454547,.72727275,.25,.66666669
International Fund for Agricultural Development (IFAD),Sub-Saharan Africa,.55575001,.79869759,.3721534,.97368091,73,68,76,31,.56164384,.7647059,.38157895,.96774191
International Institute for Strategic Studies,East Asia and Pacific,.52660567,.49412346,.41724807,.62589425,7,3,7,2,.5714286,.33333334,.2857143,.5
International Institute for Strategic Studies,Europe and Central Asia,.42831853,.7863813,1,.87261915,6,6,6,6,.33333334,.66666669,1,.83333331
International Institute for Strategic Studies,Middle East and North Africa,.31710744,.31710744,.68289256,0,2,2,2,1,.5,.5,.5,0
International Institute for Strategic Studies,South Asia,0,0,0,,2,2,2,0,0,0,0,
International Institute for Strategic Studies,Sub-Saharan Africa,.45611507,.65908957,.36451632,.61516845,15,13,16,5,.33333334,.61538464,.3125,.80000001
International Monetary Fund (IMF),East Asia and Pacific,.84415084,.7687369,.44968119,.79534978,33,29,34,18,.84848487,.75862068,.5,.77777779
International Monetary Fund (IMF),Europe and Central Asia,.927302,.85804057,.62340635,.93162632,52,49,52,33,.88461536,.81632656,.59615386,.90909094
International Monetary Fund (IMF),Latin America and the Caribbean,.85069406,.74581772,.36179483,1,21,21,22,9,.85714287,.76190478,.40909091,1
International Monetary Fund (IMF),Middle East and North Africa,.9035145,.79103291,.71888667,.91968304,16,15,16,11,.875,.73333335,.625,.90909094
International Monetary Fund (IMF),South Asia,.85520273,.75473398,.24529433,.69284368,28,25,28,6,.8214286,.75999999,.25,.66666669
International Monetary Fund (IMF),Sub-Saharan Africa,.83633333,.91316819,.48538586,.92887259,118,111,123,62,.85593218,.92792791,.52032518,.93548387
International Rescue Committee,East Asia and Pacific,.19315167,.19315167,0,,4,4,4,0,.25,.25,0,
International Rescue Committee,Middle East and North Africa,.62389332,.25446513,.25446513,1,3,3,3,1,.66666669,.33333334,.33333334,1
International Rescue Committee,South Asia,.36992902,.42437735,.28439856,0,7,6,7,2,.42857143,.5,.2857143,0
International Rescue Committee,Sub-Saharan Africa,.64682996,.7377007,.47365206,1,25,24,25,10,.63999999,.75,.40000001,1
Islamic Development Bank (ISDB),East Asia and Pacific,.22745447,.42194432,.72699153,.77254552,3,4,4,3,.33333334,.5,.75,.66666669
Islamic Development Bank (ISDB),Europe and Central Asia,.21252216,.47756726,.46350142,.45851457,5,4,5,2,.2,.5,.40000001,.5
Islamic Development Bank (ISDB),Latin America and the Caribbean,1,0,0,,1,1,1,0,1,0,0,
Islamic Development Bank (ISDB),Middle East and North Africa,.54206693,.44257253,.40626916,.73575771,14,13,14,5,.5714286,.46153846,.35714287,.80000001
Islamic Development Bank (ISDB),South Asia,.29284739,.73550802,.22399008,.69258767,12,11,12,3,.33333334,.63636363,.25,.66666669
Islamic Development Bank (ISDB),Sub-Saharan Africa,.64223254,.79358232,.26419818,.89125901,36,33,37,11,.58333331,.78787881,.2972973,.90909094
Islamic Relief Worldwide,Europe and Central Asia,0,0,0,,1,1,1,0,0,0,0,
Islamic Relief Worldwide,Middle East and North Africa,.52662146,.52662146,0,1,3,3,3,1,.33333334,.33333334,0,1
Islamic Relief Worldwide,South Asia,.28689799,1,0,,3,1,3,0,.33333334,1,0,
Islamic Relief Worldwide,Sub-Saharan Africa,.4596881,.74873495,.27965087,1,6,6,8,1,.33333334,.5,.125,1
Japan - Embassy (or Consulate-General) of Japan,East Asia and Pacific,.51645118,.44535011,.31792763,.75495535,20,17,20,8,.55000001,.47058824,.40000001,.75
Japan - Embassy (or Consulate-General) of Japan,Europe and Central Asia,.85225695,.45276278,.21081766,0,6,5,6,1,.66666669,.40000001,.16666667,0
Japan - Embassy (or Consulate-General) of Japan,Latin America and the Caribbean,.21088475,0,0,,5,3,5,0,.2,0,0,
Japan - Embassy (or Consulate-General) of Japan,Middle East and North Africa,.52629447,.57993191,.12625766,1,8,6,8,2,.5,.66666669,.125,1
Japan - Embassy (or Consulate-General) of Japan,South Asia,.91117752,1,.30800858,1,8,6,8,1,.875,1,.125,1
Japan - Embassy (or Consulate-General) of Japan,Sub-Saharan Africa,.580899,.63373381,.25965238,.877186,27,26,27,9,.55555558,.65384614,.33333334,.8888889
Japan - Japan Bank for International Cooperation (JBIC),East Asia and Pacific,.67517936,.6615805,.3969973,.79083526,13,9,13,5,.69230771,.66666669,.38461539,.80000001
Japan - Japan Bank for International Cooperation (JBIC),Europe and Central Asia,.56484383,1,0,,4,3,4,0,.5,1,0,
Japan - Japan Bank for International Cooperation (JBIC),Latin America and the Caribbean,.49817765,.60258108,0,,4,3,4,0,.5,.66666669,0,
Japan - Japan Bank for International Cooperation (JBIC),Middle East and North Africa,0,.82282412,0,,2,2,2,0,0,.5,0,
Japan - Japan Bank for International Cooperation (JBIC),South Asia,.33647805,.50420654,.2356984,0,7,7,7,1,.42857143,.42857143,.14285715,0
Japan - Japan Bank for International Cooperation (JBIC),Sub-Saharan Africa,.96660078,.76481444,.16235496,,8,9,9,0,.875,.55555558,.11111111,
Japan - Japan International Cooperation Agency (JICA),East Asia and Pacific,.74045771,.76196325,.36392629,.83045346,96,89,97,40,.69791669,.75280899,.40206185,.80000001
Japan - Japan International Cooperation Agency (JICA),Europe and Central Asia,.5108937,.66953748,.36084914,.6286388,38,36,38,14,.44736841,.6111111,.34210527,.71428573
Japan - Japan International Cooperation Agency (JICA),Latin America and the Caribbean,.46400246,.52339536,.17802872,.75535166,28,26,28,4,.42857143,.5,.17857143,.75
Japan - Japan International Cooperation Agency (JICA),Middle East and North Africa,.56947774,.56212026,.40580872,1,18,16,18,8,.44444445,.5625,.3888889,1
Japan - Japan International Cooperation Agency (JICA),South Asia,.42381942,.60676908,.23882428,.54609841,38,37,39,7,.42105263,.62162161,.17948718,.42857143
Japan - Japan International Cooperation Agency (JICA),Sub-Saharan Africa,.67413944,.79201251,.2962932,.95071393,131,123,136,39,.65648854,.79674798,.33088234,.94871795
Japan - Representative Office of Japan,East Asia and Pacific,.46899432,.63965738,.094741292,1,17,14,17,1,.47058824,.5714286,.05882353,1
Japan - Representative Office of Japan,Europe and Central Asia,1,1,1,1,1,1,1,1,1,1,1,1
Japan - Representative Office of Japan,Latin America and the Caribbean,.60271847,.60271847,.24108733,0,3,3,3,1,.66666669,.66666669,.33333334,0
Japan - Representative Office of Japan,Middle East and North Africa,.36185008,.58658028,.11031394,1,6,5,6,1,.5,.80000001,.16666667,1
Japan - Representative Office of Japan,South Asia,.39320859,.20009923,.20009923,1,5,5,5,1,.40000001,.2,.2,1
Japan - Representative Office of Japan,Sub-Saharan Africa,.44152442,.6092574,.13136591,.84742874,23,22,26,4,.47826087,.54545456,.15384616,.75
Japan Institute of International Affairs,East Asia and Pacific,.37267965,.34647769,.42855996,.30158877,7,5,8,3,.42857143,.40000001,.375,.33333334
Japan Institute of International Affairs,Europe and Central Asia,0,.40786201,.44526127,.23393501,4,3,4,2,0,.33333334,.5,.5
Japan Institute of International Affairs,Latin America and the Caribbean,0,0,0,,1,1,1,0,0,0,0,
Japan Institute of International Affairs,Middle East and North Africa,1,0,0,0,1,1,1,1,1,0,0,0
Japan Institute of International Affairs,South Asia,0,1,0,,1,1,1,0,0,1,0,
Japan Institute of International Affairs,Sub-Saharan Africa,.48063293,.63044834,.3977775,1,6,5,6,2,.66666669,.60000002,.33333334,1
John D. and Catherine T. MacArthur Foundation,East Asia and Pacific,1,1,0,,3,3,3,0,1,1,0,
John D. and Catherine T. MacArthur Foundation,Europe and Central Asia,0,.38492346,.28588256,0,3,3,3,1,0,.33333334,.33333334,0
John D. and Catherine T. MacArthur Foundation,Latin America and the Caribbean,.63048446,.5,.31524223,1,3,2,3,1,.66666669,.5,.33333334,1
John D. and Catherine T. MacArthur Foundation,Sub-Saharan Africa,.5428732,.76721042,.14402837,1,7,6,7,1,.5714286,.83333331,.14285715,1
Kuwait - Embassy (or Consulate-General) of Kuwait,East Asia and Pacific,.30351683,.30351683,0,,2,2,2,0,.5,.5,0,
Kuwait - Embassy (or Consulate-General) of Kuwait,Europe and Central Asia,1,0,0,,1,1,1,0,1,0,0,
Kuwait - Embassy (or Consulate-General) of Kuwait,Middle East and North Africa,.61641777,.38358223,0,,2,2,2,0,.5,.5,0,
Kuwait - Embassy (or Consulate-General) of Kuwait,South Asia,0,.49309453,0,,2,2,2,0,0,.5,0,
Kuwait - Embassy (or Consulate-General) of Kuwait,Sub-Saharan Africa,.11229252,.10567345,0,,5,4,6,0,.2,.25,0,
Kuwait - Kuwait Fund for Arab Economic Development,East Asia and Pacific,0,0,.34508288,1,2,1,2,1,0,0,.5,1
Kuwait - Kuwait Fund for Arab Economic Development,Latin America and the Caribbean,1,1,1,1,1,1,1,1,1,1,1,1
Kuwait - Kuwait Fund for Arab Economic Development,Middle East and North Africa,.76413041,.50366086,.12216193,1,6,5,6,2,.66666669,.40000001,.16666667,1
Kuwait - Kuwait Fund for Arab Economic Development,South Asia,.39569983,0,.39569983,0,2,2,2,1,.5,0,.5,0
Kuwait - Kuwait Fund for Arab Economic Development,Sub-Saharan Africa,.66647321,.72613829,.48905435,.55814964,17,15,17,5,.58823532,.66666669,.35294119,.40000001
Le Monde,East Asia and Pacific,.48459944,.62549227,.14089283,1,4,4,4,2,.5,.75,.25,1
Le Monde,Europe and Central Asia,0,0,.22878924,0,4,3,4,1,0,0,.25,0
Le Monde,Latin America and the Caribbean,0,.21954951,.21954951,1,3,3,3,1,0,.33333334,.33333334,1
Le Monde,Middle East and North Africa,.5063017,.58967656,.62540859,.54303348,6,5,6,4,.5,.60000002,.5,.5
Le Monde,South Asia,0,0,0,,1,1,1,0,0,0,0,
Le Monde,Sub-Saharan Africa,.38703275,.61317205,.2028489,.59808046,20,18,22,7,.5,.66666669,.27272728,.71428573
MasterCard Foundation,East Asia and Pacific,0,0,1,0,1,1,1,1,0,0,1,0
MasterCard Foundation,Europe and Central Asia,1,1,0,,1,1,1,0,1,1,0,
MasterCard Foundation,Middle East and North Africa,0,,0,,1,0,1,0,0,,0,
MasterCard Foundation,Sub-Saharan Africa,.44831479,.57329351,.12532891,0,5,4,5,1,.40000001,.5,.2,0
Mercy Corps,East Asia and Pacific,.71487218,.4878338,.15516728,0,7,5,7,1,.71428573,.60000002,.14285715,0
Mercy Corps,Europe and Central Asia,.70291549,.70291549,0,,3,3,3,0,.66666669,.66666669,0,
Mercy Corps,Middle East and North Africa,.49670556,.24784935,0,1,4,3,4,1,.5,.33333334,0,1
Mercy Corps,South Asia,0,0,0,,1,1,1,0,0,0,0,
Mercy Corps,Sub-Saharan Africa,.51063293,.58980173,.15058199,.58022153,20,17,20,4,.5,.58823532,.2,.75
MuItilateral Investment Guarantee Agency (MIGA),East Asia and Pacific,0,0,0,,3,1,4,0,0,0,0,
MuItilateral Investment Guarantee Agency (MIGA),Europe and Central Asia,,1,0,,0,1,1,0,,1,0,
MuItilateral Investment Guarantee Agency (MIGA),Latin America and the Caribbean,0,0,0,,1,1,1,0,0,0,0,
MuItilateral Investment Guarantee Agency (MIGA),Middle East and North Africa,1,0,0,,1,1,1,0,1,0,0,
MuItilateral Investment Guarantee Agency (MIGA),South Asia,.59448004,1,0,,3,2,3,0,.66666669,1,0,
MuItilateral Investment Guarantee Agency (MIGA),Sub-Saharan Africa,.77721626,.73724443,.44498864,.86757332,26,24,26,10,.69230771,.79166669,.38461539,.89999998
Netherlands - Embassy (or Consulate-General) of the Netherlands,East Asia and Pacific,.47313499,.30436686,.26631796,1,11,9,11,3,.54545456,.33333334,.27272728,1
Netherlands - Embassy (or Consulate-General) of the Netherlands,Europe and Central Asia,.54716635,.58152908,.26438427,.91791725,48,47,49,13,.5,.61702126,.22448979,.92307693
Netherlands - Embassy (or Consulate-General) of the Netherlands,Latin America and the Caribbean,.6487124,.67961514,.22478221,.62876731,24,21,25,4,.58333331,.61904764,.2,.5
Netherlands - Embassy (or Consulate-General) of the Netherlands,Middle East and North Africa,.62308562,.78064656,.15425433,.47378314,10,10,10,2,.60000002,.80000001,.2,.5
Netherlands - Embassy (or Consulate-General) of the Netherlands,South Asia,.56184208,.56482536,.2664887,.59478354,15,15,15,4,.46666667,.53333336,.26666668,.5
Netherlands - Embassy (or Consulate-General) of the Netherlands,Sub-Saharan Africa,.67277539,.67443883,.26960483,.85433364,76,74,80,22,.72368419,.72972971,.30000001,.81818181
New York Times,East Asia and Pacific,.62668723,.73362786,.5441848,1,14,12,14,8,.5714286,.5,.5,1
New York Times,Europe and Central Asia,.56600183,.57978827,.5813719,1,11,11,11,7,.54545456,.54545456,.54545456,1
New York Times,Latin America and the Caribbean,.23773091,.19328555,.1125994,.46916658,10,9,10,2,.2,.33333334,.30000001,.5
New York Times,Middle East and North Africa,.71133399,.51376009,0,1,7,5,7,2,.5714286,.40000001,0,1
New York Times,South Asia,.27258128,.21472979,0,,9,8,9,0,.44444445,.125,0,
New York Times,Sub-Saharan Africa,.30848843,.41207892,.23650986,.53935993,25,24,26,8,.31999999,.45833334,.26923078,.5
Norway - Embassy (or Consulate-General) of Norway,East Asia and Pacific,.6293875,.47078979,0,1,14,13,14,1,.64285713,.46153846,0,1
Norway - Embassy (or Consulate-General) of Norway,Europe and Central Asia,.70571858,.6787253,.28863841,.54299039,32,31,32,8,.65625,.7096774,.25,.625
Norway - Embassy (or Consulate-General) of Norway,Latin America and the Caribbean,.92714089,.93864608,.19019507,,7,7,7,0,.85714287,.85714287,.14285715,
Norway - Embassy (or Consulate-General) of Norway,Middle East and North Africa,.64067942,.54551184,.20400731,1,5,5,5,1,.60000002,.60000002,.2,1
Norway - Embassy (or Consulate-General) of Norway,South Asia,.69671679,.75464845,.28615633,.39567837,13,12,13,3,.69230771,.75,.30769232,.33333334
Norway - Embassy (or Consulate-General) of Norway,Sub-Saharan Africa,.64608824,.6768899,.19705689,.64466071,44,44,49,10,.59090906,.68181819,.22448979,.80000001
Norway - Norwegian Agency for Development Cooperation (NORAD),East Asia and Pacific,.70557368,.68962526,.42488942,1,12,11,12,5,.66666669,.63636363,.41666666,1
Norway - Norwegian Agency for Development Cooperation (NORAD),Europe and Central Asia,.37593487,.36766267,.29921404,.67746884,21,21,22,7,.33333334,.38095239,.22727273,.5714286
Norway - Norwegian Agency for Development Cooperation (NORAD),Latin America and the Caribbean,,0,0,,0,1,1,0,,0,0,
Norway - Norwegian Agency for Development Cooperation (NORAD),Middle East and North Africa,.40354663,.40354663,0,,2,2,2,0,.5,.5,0,
Norway - Norwegian Agency for Development Cooperation (NORAD),South Asia,.37772924,.67180127,.41175222,.65898198,14,14,14,5,.42857143,.64285713,.35714287,.60000002
Norway - Norwegian Agency for Development Cooperation (NORAD),Sub-Saharan Africa,.66219354,.71883762,.3720777,.93435228,50,48,50,16,.69999999,.75,.34,.9375
Norway - Representative Office of Norway,East Asia and Pacific,0,1,1,0,1,1,1,1,0,1,1,0
Norway - Representative Office of Norway,Europe and Central Asia,.42153147,.22825864,0,,6,5,6,0,.33333334,.40000001,0,
Norway - Representative Office of Norway,Latin America and the Caribbean,.4748928,0,0,0,3,3,3,1,.66666669,0,0,0
Norway - Representative Office of Norway,Middle East and North Africa,.73095161,.72405863,.19324365,1,4,4,4,1,.5,.5,.25,1
Norway - Representative Office of Norway,South Asia,0,1,0,,1,1,1,0,0,1,0,
Norway - Representative Office of Norway,Sub-Saharan Africa,.85176206,.85827273,.34714398,.54127079,9,9,9,2,.77777779,.77777779,.33333334,.5
OPEC Fund for International Development (OFID),East Asia and Pacific,.47673994,.53014427,0,,5,4,6,0,.60000002,.75,0,
OPEC Fund for International Development (OFID),Europe and Central Asia,.70680237,.38887936,.43194151,0,3,2,3,1,.66666669,.5,.33333334,0
OPEC Fund for International Development (OFID),Latin America and the Caribbean,.26612765,.34441143,.26612765,1,4,3,4,1,.25,.33333334,.25,1
OPEC Fund for International Development (OFID),Middle East and North Africa,.318744,.318744,.318744,1,3,3,3,1,.33333334,.33333334,.33333334,1
OPEC Fund for International Development (OFID),South Asia,0,.47881082,.1318038,1,6,6,6,1,0,.5,.16666667,1
OPEC Fund for International Development (OFID),Sub-Saharan Africa,.64010745,.58544296,.19802238,.3506555,17,17,18,5,.58823532,.64705884,.22222222,.40000001
Open Society Foundations,East Asia and Pacific,.57279301,.71917921,.43136767,.82455659,15,12,15,7,.60000002,.66666669,.40000001,.85714287
Open Society Foundations,Europe and Central Asia,.68333983,.72935504,.45426244,.94504607,56,55,58,27,.64285713,.72727275,.44827586,.96296299
Open Society Foundations,Latin America and the Caribbean,.38520765,.6673345,.36479741,.55746287,7,8,8,2,.42857143,.75,.375,.5
Open Society Foundations,Middle East and North Africa,.48142064,.36875629,.40490335,1,7,6,7,2,.42857143,.5,.2857143,1
Open Society Foundations,South Asia,.18107475,.39550227,0,,3,3,3,0,.33333334,.66666669,0,
Open Society Foundations,Sub-Saharan Africa,.72369462,.79809552,.4330664,.94895726,36,34,36,15,.72222221,.82352942,.44444445,.93333334
Oxfam,East Asia and Pacific,.37374914,.511491,.53936225,.67947447,27,22,29,15,.44444445,.5,.48275861,.73333335
Oxfam,Europe and Central Asia,.21899179,.81284362,.40614817,.53919184,7,7,7,3,.2857143,.85714287,.42857143,.66666669
Oxfam,Latin America and the Caribbean,.51559454,.58987713,.26210067,.88753921,22,21,22,6,.45454547,.61904764,.27272728,.83333331
Oxfam,Middle East and North Africa,.25349838,.60615546,.23208512,1,10,10,10,2,.30000001,.69999999,.2,1
Oxfam,South Asia,.2905643,.29994985,.24711853,0,15,13,15,4,.26666668,.38461539,.26666668,0
Oxfam,Sub-Saharan Africa,.51796979,.68783677,.38594139,.9174614,70,65,72,34,.52857143,.69230771,.41666666,.91176468
Peterson Institute for International Economics,East Asia and Pacific,0,0,.23426998,0,4,2,4,1,0,0,.25,0
Peterson Institute for International Economics,Europe and Central Asia,1,0,0,,1,1,1,0,1,0,0,
Peterson Institute for International Economics,Sub-Saharan Africa,0,0,0,,1,1,1,0,0,0,0,
Plan International,East Asia and Pacific,.62504697,.81165135,.41638774,.72922659,11,10,11,5,.63636363,.80000001,.45454547,.80000001
Plan International,Latin America and the Caribbean,.50635177,.53240472,.16506414,1,10,9,10,1,.5,.55555558,.1,1
Plan International,South Asia,1,1,0,,2,2,2,0,1,1,0,
Plan International,Sub-Saharan Africa,.64986038,.69731551,.32228056,.80865955,46,43,46,17,.60869563,.69767439,.36956522,.82352942
Qatar - Embassy (or Consulate-General) of Qatar,East Asia and Pacific,0,,0,,1,0,1,0,0,,0,
Qatar - Embassy (or Consulate-General) of Qatar,Europe and Central Asia,1,0,0,,1,1,1,0,1,0,0,
Qatar - Embassy (or Consulate-General) of Qatar,Middle East and North Africa,1,1,0,,3,1,3,0,1,1,0,
Qatar - Embassy (or Consulate-General) of Qatar,South Asia,0,0,0,,2,2,2,0,0,0,0,
Qatar - Embassy (or Consulate-General) of Qatar,Sub-Saharan Africa,.7575267,.67201889,.068929873,1,8,6,8,1,.625,.66666669,.125,1
RAND Corporation,East Asia and Pacific,.50268531,0,.50268531,1,2,1,2,1,.5,0,.5,1
RAND Corporation,Europe and Central Asia,.62372279,.38570493,.76198214,1,3,3,3,2,.66666669,.33333334,.66666669,1
RAND Corporation,Latin America and the Caribbean,0,.51406968,0,,2,2,2,0,0,.5,0,
RAND Corporation,Middle East and North Africa,.67690951,0,0,,2,1,2,0,.5,0,0,
RAND Corporation,South Asia,.45979226,0,.54020774,0,2,2,2,1,.5,0,.5,0
RAND Corporation,Sub-Saharan Africa,.40045175,.40045175,0,,2,2,2,0,.5,.5,0,
Rockefeller Foundation,East Asia and Pacific,0,.60239196,.33263904,0,4,3,4,1,0,.66666669,.25,0
Rockefeller Foundation,Europe and Central Asia,.10626427,.77174634,.73946434,.83503002,5,5,5,3,.2,.60000002,.60000002,.66666669
Rockefeller Foundation,Latin America and the Caribbean,1,1,0,,1,1,1,0,1,1,0,
Rockefeller Foundation,South Asia,.51436216,.51436216,0,,2,2,2,0,.5,.5,0,
Rockefeller Foundation,Sub-Saharan Africa,.24762543,.45446241,.26129299,1,12,11,12,3,.33333334,.45454547,.25,1
Russia - Embassy (or Consulate-General) of Russia,East Asia and Pacific,0,1,.44003823,0,2,1,2,1,0,1,.5,0
Russia - Embassy (or Consulate-General) of Russia,Europe and Central Asia,.5571022,.82161433,.5903039,1,4,4,4,2,.5,.75,.5,1
Russia - Embassy (or Consulate-General) of Russia,Latin America and the Caribbean,.62913966,.62913966,0,,2,2,2,0,.5,.5,0,
Russia - Embassy (or Consulate-General) of Russia,Sub-Saharan Africa,.28954607,.69628745,.14763772,.6188646,9,8,10,3,.44444445,.75,.30000001,.66666669
Saudi Arabia - Saudi Fund for Development (SFD),Europe and Central Asia,.59950894,.84072477,.54192501,1,8,8,8,3,.625,.875,.375,1
Saudi Arabia - Saudi Fund for Development (SFD),Middle East and North Africa,.65979975,.44419938,.27189019,1,6,4,6,2,.66666669,.5,.33333334,1
Saudi Arabia - Saudi Fund for Development (SFD),South Asia,0,0,0,,4,4,4,0,0,0,0,
Saudi Arabia - Saudi Fund for Development (SFD),Sub-Saharan Africa,.4641943,.83274215,.3724401,.77934104,15,11,16,5,.40000001,.72727275,.3125,.60000002
Save the Children,East Asia and Pacific,.55792379,.64547044,.42111543,.76366889,22,19,22,12,.54545456,.63157892,.40909091,.75
Save the Children,Europe and Central Asia,.65521878,.67629248,.079203509,1,10,10,10,1,.60000002,.60000002,.1,1
Save the Children,Latin America and the Caribbean,.47796658,.62176079,.18326537,.39685473,10,10,10,2,.5,.69999999,.2,.5
Save the Children,Middle East and North Africa,.46387231,.51234484,.21980833,.85027122,6,5,6,3,.5,.60000002,.33333334,.66666669
Save the Children,South Asia,.44409773,.36981678,.046589796,0,18,14,18,1,.33333334,.42857143,.055555556,0
Save the Children,Sub-Saharan Africa,.59064627,.64139849,.38018855,.92300576,58,53,60,22,.56896549,.64150941,.41666666,.86363637
Spain - Embassy (or Consulate-General) of Spain,East Asia and Pacific,1,.80919111,.19080888,0,4,4,4,1,1,.75,.25,0
Spain - Embassy (or Consulate-General) of Spain,Europe and Central Asia,0,0,0,,1,1,1,0,0,0,0,
Spain - Embassy (or Consulate-General) of Spain,Latin America and the Caribbean,.67026597,1,.57707161,1,8,8,8,3,.5,1,.5,1
Spain - Embassy (or Consulate-General) of Spain,Middle East and North Africa,0,.5,.5,1,2,2,2,1,0,.5,.5,1
Spain - Embassy (or Consulate-General) of Spain,South Asia,0,.22825734,0,,3,3,3,0,0,.33333334,0,
Spain - Embassy (or Consulate-General) of Spain,Sub-Saharan Africa,.12647441,.26813391,.052794933,0,10,8,11,1,.2,.375,.090909094,0
Spain - Spanish Agency for International Development Cooperation (AECID),East Asia and Pacific,.33436859,.57333338,0,1,7,6,7,1,.42857143,.66666669,0,1
Spain - Spanish Agency for International Development Cooperation (AECID),Europe and Central Asia,.52376163,0,0,,2,2,2,0,.5,0,0,
Spain - Spanish Agency for International Development Cooperation (AECID),Latin America and the Caribbean,.42817828,.742145,.36906075,.90157807,33,32,33,12,.42424244,.75,.33333334,.83333331
Spain - Spanish Agency for International Development Cooperation (AECID),Middle East and North Africa,.66134655,.487629,.30193925,1,4,4,4,1,.75,.5,.25,1
Spain - Spanish Agency for International Development Cooperation (AECID),Sub-Saharan Africa,.33489099,.57382762,.36145246,1,12,11,12,5,.33333334,.63636363,.41666666,1
Stockholm International Peace Research Institute,East Asia and Pacific,.20138361,0,.40996468,0,3,1,3,1,.33333334,0,.33333334,0
Stockholm International Peace Research Institute,Europe and Central Asia,1,1,.76840746,1,2,2,2,2,1,1,.5,1
Stockholm International Peace Research Institute,Latin America and the Caribbean,1,1,1,1,1,1,1,1,1,1,1,1
Stockholm International Peace Research Institute,Sub-Saharan Africa,.41232875,.68841988,.41232875,1,8,8,8,3,.5,.625,.5,1
Sweden - Embassy (or Consulate-General) of Sweden,East Asia and Pacific,.84955275,.84955275,.3411532,1,7,7,7,5,.85714287,.85714287,.5714286,1
Sweden - Embassy (or Consulate-General) of Sweden,Europe and Central Asia,.61792791,.58431232,.41387117,1,21,19,21,7,.5714286,.63157892,.33333334,1
Sweden - Embassy (or Consulate-General) of Sweden,Latin America and the Caribbean,.8934738,.8934738,.23985536,1,7,7,7,1,.85714287,.85714287,.14285715,1
Sweden - Embassy (or Consulate-General) of Sweden,Middle East and North Africa,0,.53615975,0,,2,2,2,0,0,.5,0,
Sweden - Embassy (or Consulate-General) of Sweden,South Asia,.70327222,.72483903,.48732457,.69073421,6,6,6,3,.66666669,.66666669,.5,.66666669
Sweden - Embassy (or Consulate-General) of Sweden,Sub-Saharan Africa,.78944969,.84667188,.1828485,.88954163,24,22,26,6,.70833331,.77272725,.1923077,.83333331
Sweden - Swedish International Development Cooperation Agency (SIDA),East Asia and Pacific,.57797253,.52123237,.36452642,.5075233,25,24,25,13,.60000002,.625,.40000001,.53846157
Sweden - Swedish International Development Cooperation Agency (SIDA),Europe and Central Asia,.56717718,.67113322,.39322227,.83289295,55,53,55,21,.58181816,.66037738,.36363637,.80952382
Sweden - Swedish International Development Cooperation Agency (SIDA),Latin America and the Caribbean,.79116672,.8485927,.498826,1,15,15,15,6,.73333335,.86666667,.40000001,1
Sweden - Swedish International Development Cooperation Agency (SIDA),Middle East and North Africa,.84740108,.89723879,.23843199,1,7,5,7,2,.71428573,.80000001,.2857143,1
Sweden - Swedish International Development Cooperation Agency (SIDA),South Asia,.43854466,.64460659,.20467222,.70222896,14,12,14,4,.42857143,.66666669,.21428572,.75
Sweden - Swedish International Development Cooperation Agency (SIDA),Sub-Saharan Africa,.67467052,.74968761,.26143122,.96948624,73,67,75,15,.68493152,.77611941,.22666667,.93333334
The Guardian,East Asia and Pacific,1,0,1,1,1,1,1,1,1,0,1,1
The Guardian,Europe and Central Asia,0,.18479808,.51356322,0,3,4,4,2,0,.25,.5,0
The Guardian,Latin America and the Caribbean,1,1,0,,1,1,1,0,1,1,0,
The Guardian,Middle East and North Africa,1,,0,,1,0,1,0,1,,0,
The Guardian,Sub-Saharan Africa,.21340504,.21340504,.21340504,1,2,2,2,1,.5,.5,.5,1
Transparency International,East Asia and Pacific,.64816695,.60191554,.32835311,.82041049,26,20,26,9,.69230771,.60000002,.34615386,.77777779
Transparency International,Europe and Central Asia,.54177457,.66605073,.61252385,.80209243,40,37,40,27,.55000001,.64864862,.625,.77777779
Transparency International,Latin America and the Caribbean,.5934484,.79215634,.52037716,1,13,13,14,6,.69230771,.76923078,.5,1
Transparency International,Middle East and North Africa,.73406792,.6383248,.75528431,.69441324,9,9,9,8,.77777779,.66666669,.77777779,.75
Transparency International,South Asia,.77135861,.50852567,.2259977,.91221488,18,16,18,5,.72222221,.5,.27777779,.80000001
Transparency International,Sub-Saharan Africa,.52322155,.65566152,.47677734,.88769221,51,48,52,29,.52941179,.6875,.53846157,.89655173
United Arab Emirates - Abu Dhabi Fund for Development (ADFD),East Asia and Pacific,0,0,1,1,1,1,1,1,0,0,1,1
United Arab Emirates - Abu Dhabi Fund for Development (ADFD),Middle East and North Africa,.41114151,.13529199,.27584952,0,5,5,5,1,.40000001,.2,.2,0
United Arab Emirates - Abu Dhabi Fund for Development (ADFD),South Asia,.26864696,.53729391,.26864696,1,3,3,3,1,.33333334,.66666669,.33333334,1
United Arab Emirates - Abu Dhabi Fund for Development (ADFD),Sub-Saharan Africa,.64184052,.58844042,.1356176,.51139939,9,7,10,2,.44444445,.5714286,.2,.5
United Arab Emirates - Embassy (or Consulate-General) of the United Arab Emirates,East Asia and Pacific,.34361729,1,0,,2,1,2,0,.5,1,0,
United Arab Emirates - Embassy (or Consulate-General) of the United Arab Emirates,Middle East and North Africa,.50465196,0,0,,2,2,2,0,.5,0,0,
United Arab Emirates - Embassy (or Consulate-General) of the United Arab Emirates,Sub-Saharan Africa,.56736571,1,0,,3,1,3,0,.33333334,1,0,
United Kingdom - British High Commission,East Asia and Pacific,.67701977,.56541419,.53310484,.51354653,9,9,9,5,.66666669,.55555558,.55555558,.60000002
United Kingdom - British High Commission,Europe and Central Asia,.57221621,.77683437,0,1,7,6,7,1,.5714286,.83333331,0,1
United Kingdom - British High Commission,Latin America and the Caribbean,.83592302,.61782455,.2373073,1,5,5,5,1,.80000001,.60000002,.2,1
United Kingdom - British High Commission,Middle East and North Africa,0,.34593043,0,,2,2,2,0,0,.5,0,
United Kingdom - British High Commission,South Asia,0,0,0,,2,1,2,0,0,0,0,
United Kingdom - British High Commission,Sub-Saharan Africa,.84756809,.7538144,.30265942,.88422942,34,31,34,10,.7647059,.77419353,.2647059,.89999998
United Kingdom - Department for International Development (DFID),East Asia and Pacific,.68931103,.77548331,.31516129,.87311655,30,29,30,13,.76666665,.86206895,.40000001,.84615386
United Kingdom - Department for International Development (DFID),Europe and Central Asia,.57017964,.45779026,.29875827,.8606894,23,20,23,10,.52173913,.55000001,.30434781,.80000001
United Kingdom - Department for International Development (DFID),Latin America and the Caribbean,.48036993,.82599723,.39250788,1,11,11,11,3,.63636363,.81818181,.27272728,1
United Kingdom - Department for International Development (DFID),Middle East and North Africa,.51278353,.5893054,.27511075,1,9,9,9,3,.55555558,.66666669,.33333334,1
United Kingdom - Department for International Development (DFID),South Asia,.71366376,.76745075,.36959797,.48692223,32,29,32,9,.71875,.7241379,.3125,.55555558
United Kingdom - Department for International Development (DFID),Sub-Saharan Africa,.8738187,.90926743,.40796974,.88873458,118,113,122,45,.82203388,.89380533,.40163934,.86666667
United Kingdom - Embassy (or Consulate-General) of the United Kingdom,East Asia and Pacific,.6724329,.75829798,.63072062,.85891795,11,10,11,6,.63636363,.69999999,.54545456,.83333331
United Kingdom - Embassy (or Consulate-General) of the United Kingdom,Europe and Central Asia,.66329473,.73779207,.31589258,.96271044,38,35,38,13,.60526317,.80000001,.28947368,.92307693
United Kingdom - Embassy (or Consulate-General) of the United Kingdom,Latin America and the Caribbean,.54698545,.71740419,.27581242,1,10,9,10,2,.60000002,.66666669,.30000001,1
United Kingdom - Embassy (or Consulate-General) of the United Kingdom,Middle East and North Africa,.38765964,.42481789,0,,8,8,8,0,.5,.5,0,
United Kingdom - Embassy (or Consulate-General) of the United Kingdom,South Asia,.84288913,1,.15711085,.35648909,6,6,6,2,.83333331,1,.16666667,.5
United Kingdom - Embassy (or Consulate-General) of the United Kingdom,Sub-Saharan Africa,.60068524,.61434513,.18375158,.59397864,21,19,23,4,.61904764,.63157892,.13043478,.5
United Nations Children's Fund (UNICEF),East Asia and Pacific,.69783551,.72236204,.49582976,.8465035,56,52,58,30,.75,.76923078,.51724136,.86666667
United Nations Children's Fund (UNICEF),Europe and Central Asia,.75842899,.83337277,.65777469,.84880114,52,50,52,34,.71153843,.77999997,.63461536,.79411763
United Nations Children's Fund (UNICEF),Latin America and the Caribbean,.53224784,.64340544,.41600731,.92168862,25,24,25,12,.51999998,.70833331,.44,.91666669
United Nations Children's Fund (UNICEF),Middle East and North Africa,.73697507,.86728305,.66232288,1,14,13,14,9,.78571427,.84615386,.64285713,1
United Nations Children's Fund (UNICEF),South Asia,.80862206,.80044699,.24247606,.49175751,28,24,28,7,.71428573,.79166669,.21428572,.5714286
United Nations Children's Fund (UNICEF),Sub-Saharan Africa,.80419517,.91268778,.54626733,.96133578,151,146,156,79,.80132449,.9041096,.54487181,.96202534
United Nations Development Program (UNDP),East Asia and Pacific,.73652488,.6995585,.39426816,.83839291,93,86,94,41,.73118281,.72093022,.42553192,.82926828
United Nations Development Program (UNDP),Europe and Central Asia,.71166825,.77853423,.54496771,.92012221,125,119,127,74,.69599998,.77310926,.55118108,.8918919
United Nations Development Program (UNDP),Latin America and the Caribbean,.65969783,.66505557,.40821818,.90374041,78,76,78,34,.66666669,.7368421,.42307693,.91176468
United Nations Development Program (UNDP),Middle East and North Africa,.77852803,.77798849,.57585573,.85419983,53,50,53,28,.7735849,.77999997,.52830189,.85714287
United Nations Development Program (UNDP),South Asia,.66940093,.70043057,.33890244,.84560782,61,56,61,17,.63934427,.6964286,.27868852,.82352942
United Nations Development Program (UNDP),Sub-Saharan Africa,.76567721,.85004026,.46358719,.92132711,253,245,260,124,.79446638,.86938775,.46923077,.9596774
United Nations Foundation,East Asia and Pacific,.76425982,.6108247,.16617033,.33599171,15,11,15,4,.73333335,.54545456,.2,.5
United Nations Foundation,Europe and Central Asia,.61992705,.68582499,.54884118,.8279748,18,18,18,9,.55555558,.66666669,.55555558,.77777779
United Nations Foundation,Latin America and the Caribbean,.76348597,.70361757,.3921085,.60000008,6,5,6,2,.66666669,.60000002,.33333334,.5
United Nations Foundation,Middle East and North Africa,.35661724,.28340551,.44525543,.69694424,12,10,12,6,.5,.40000001,.5,.83333331
United Nations Foundation,South Asia,.22609131,.44986346,.081632972,1,6,5,6,1,.33333334,.60000002,.16666667,1
United Nations Foundation,Sub-Saharan Africa,.80835754,.76818204,.27598849,.95702976,26,23,27,10,.84615386,.73913044,.33333334,.89999998
United States - Millennium Challenge Corporation (MCC),East Asia and Pacific,.69757664,.63485211,.24553046,1,8,7,8,2,.75,.71428573,.25,1
United States - Millennium Challenge Corporation (MCC),Europe and Central Asia,.92850029,.96572149,.65078831,.94976437,16,16,16,10,.875,.9375,.5625,.89999998
United States - Millennium Challenge Corporation (MCC),Latin America and the Caribbean,.53333968,1,.35774082,1,7,7,7,2,.42857143,1,.2857143,1
United States - Millennium Challenge Corporation (MCC),Middle East and North Africa,.7378943,.45985264,.19774693,1,4,4,4,1,.75,.5,.25,1
United States - Millennium Challenge Corporation (MCC),South Asia,.42152104,.46574363,0,,5,2,5,0,.40000001,.5,0,
United States - Millennium Challenge Corporation (MCC),Sub-Saharan Africa,.86595094,.89095241,.34955373,.92956358,46,44,47,15,.78260869,.81818181,.31914893,.93333334
United States - U.S. Agency for International Development (USAID),East Asia and Pacific,.75174844,.78093451,.43659484,.87864411,77,72,78,39,.74025977,.80555558,.46153846,.87179488
United States - U.S. Agency for International Development (USAID),Europe and Central Asia,.80625921,.89912152,.54659975,.95003593,122,117,122,71,.80327868,.88034189,.54098362,.92957747
United States - U.S. Agency for International Development (USAID),Latin America and the Caribbean,.86010963,.7768718,.29387078,.95368898,59,59,60,24,.84745765,.81355929,.38333333,.95833331
United States - U.S. Agency for International Development (USAID),Middle East and North Africa,.74618936,.55908704,.4085137,.76408827,28,24,28,14,.75,.625,.5,.85714287
United States - U.S. Agency for International Development (USAID),South Asia,.77179158,.78374505,.41332871,.89147288,43,39,44,15,.76744187,.79487181,.34090909,.86666667
United States - U.S. Agency for International Development (USAID),Sub-Saharan Africa,.81733042,.87018156,.43784124,.95558029,181,172,185,76,.81767958,.89534885,.44864866,.96052629
United States - U.S. Embassy (or Consulate-General),East Asia and Pacific,.8478297,.87958533,.32069108,.89145297,32,29,32,10,.8125,.86206895,.28125,.89999998
United States - U.S. Embassy (or Consulate-General),Europe and Central Asia,.76443666,.79896599,.37858748,.89298517,76,74,78,34,.77631581,.82432431,.38461539,.88235295
United States - U.S. Embassy (or Consulate-General),Latin America and the Caribbean,.77720147,.80996835,.26094645,1,26,26,27,7,.76923078,.80769229,.25925925,1
United States - U.S. Embassy (or Consulate-General),Middle East and North Africa,.9819144,.59888077,.26456639,.80762279,15,13,15,6,.93333334,.61538464,.26666668,.83333331
United States - U.S. Embassy (or Consulate-General),South Asia,.84550291,.71916616,.12121809,.35648909,15,13,15,2,.86666667,.69230771,.13333334,.5
United States - U.S. Embassy (or Consulate-General),Sub-Saharan Africa,.78294599,.77431697,.3302885,.85614508,87,81,90,33,.74712646,.79012346,.36666667,.87878788
William and Flora Hewlett Foundation,East Asia and Pacific,0,,0,,1,0,1,0,0,,0,
Woodrow Wilson International Center for Scholars,East Asia and Pacific,0,0,.70317328,1,3,3,3,1,0,0,.33333334,1
Woodrow Wilson International Center for Scholars,Europe and Central Asia,.61409992,.61409992,0,,2,2,2,0,.5,.5,0,
Woodrow Wilson International Center for Scholars,Latin America and the Caribbean,0,1,0,,1,1,1,0,0,1,0,
Woodrow Wilson International Center for Scholars,Sub-Saharan Africa,0,1,0,,1,1,1,0,0,1,0,
World Bank,East Asia and Pacific,.7878924,.77996379,.49291578,.88846958,101,96,105,57,.78217822,.76041669,.52380955,.89473683
World Bank,Europe and Central Asia,.79168057,.79063642,.55859518,.92252886,127,120,128,74,.78740156,.80000001,.578125,.9054054
World Bank,Latin America and the Caribbean,.68159151,.75561941,.47828349,.94126391,64,62,65,31,.71875,.77419353,.50769234,.90322578
World Bank,Middle East and North Africa,.82476151,.81300843,.62509501,.97691196,43,40,43,26,.81395346,.80000001,.60465115,.96153843
World Bank,South Asia,.82572693,.89203465,.32880491,.83144063,67,61,68,22,.80597013,.90163934,.29411766,.81818181
World Bank,Sub-Saharan Africa,.85455215,.88319051,.49751091,.93101287,307,298,311,152,.85016286,.89932889,.51446944,.95394737
World Vision,East Asia and Pacific,.44019112,.54005587,.47261688,.8074466,24,21,26,11,.41666666,.47619048,.34615386,.72727275
World Vision,Europe and Central Asia,.54289454,.69767982,.54973257,.83675224,14,14,14,8,.42857143,.64285713,.5714286,.75
World Vision,Latin America and the Caribbean,.1440925,.73841578,.24224384,.84287798,9,9,9,4,.22222222,.66666669,.33333334,.75
World Vision,Middle East and North Africa,0,1,0,1,1,1,1,1,0,1,0,1
World Vision,South Asia,0,.10905974,0,,5,5,5,0,0,.2,0,
World Vision,Sub-Saharan Africa,.58539617,.7506513,.46936926,.97957563,38,36,38,15,.52631581,.66666669,.44736841,.93333334
