org_name,stakeholder,influence_weighted,helpfulness_weighted,data_uptake_weighted,helpful_info_weighted,influence_n,helpfulness_n,data_uptake_n,helpful_info_n,influence_unweighted,helpfulness_unweighted,data_uptake_unweighted,helpful_info_unweighted
Action Aid,Development Partner,.16868401,.32827002,.11124702,1,6,5,6,1,.16666667,.40000001,.16666667,1
Action Aid,Government,.37030569,.65873587,.2419267,1,30,29,30,9,.43333334,.7241379,.30000001,1
Action Aid,Non-Governmental Organization or Civil Society Organization,.43576702,.47170538,.34522584,1,17,17,17,8,.58823532,.64705884,.47058824,1
Action Aid,Private Sector,.75289321,.94974822,.56584132,1,4,4,4,3,.5,.75,.75,1
African Development Bank (AfDB),Development Partner,.56215614,.58982337,.31745499,1,43,38,44,14,.58139533,.65789473,.34090909,1
African Development Bank (AfDB),Government,.70363259,.84322947,.4057793,.91918045,145,137,149,61,.7034483,.85401458,.42281878,.93442625
African Development Bank (AfDB),Non-Governmental Organization or Civil Society Organization,.69592494,.7741341,.68470675,.79551333,15,15,15,9,.66666669,.80000001,.60000002,.8888889
African Development Bank (AfDB),Private Sector,.89517188,.84868389,.40837228,1,15,15,15,6,.80000001,.80000001,.40000001,1
Aga Khan Foundation,Development Partner,.42000109,.8328855,.34263003,.83833057,10,8,10,4,.40000001,.75,.40000001,.75
Aga Khan Foundation,Government,.25533801,.51584995,.26163247,.75265926,30,24,31,9,.30000001,.54166669,.29032257,.66666669
Aga Khan Foundation,Non-Governmental Organization or Civil Society Organization,.51766807,.33492121,.28667051,.3625195,11,11,11,2,.45454547,.36363637,.18181819,.5
Aga Khan Foundation,Private Sector,.44853196,1,.44853196,1,2,2,2,1,.5,1,.5,1
Amnesty International,Development Partner,.57695073,.3715567,.51613098,.64768475,9,8,9,5,.55555558,.375,.55555558,.60000002
Amnesty International,Government,.6643905,.53657007,.41793001,.75979275,43,38,44,19,.58139533,.47368422,.40909091,.7368421
Amnesty International,Non-Governmental Organization or Civil Society Organization,.62744641,.60228187,.48649007,.91441303,20,18,20,13,.69999999,.72222221,.55000001,.92307693
Amnesty International,Private Sector,.53880578,.53880578,0,,2,2,2,0,.5,.5,0,
Arab Bank for Economic Development in Africa (BADEA),Development Partner,.42749119,1,0,,3,2,3,0,.33333334,1,0,
Arab Bank for Economic Development in Africa (BADEA),Government,.46032396,.7338329,.10279862,1,31,28,32,5,.48387095,.71428573,.125,1
Arab Bank for Economic Development in Africa (BADEA),Private Sector,1,1,1,1,1,1,1,1,1,1,1,1
Arab Monetary Fund (AMF),Government,.68029904,.53149164,.4489201,.6242919,10,9,10,4,.60000002,.44444445,.40000001,.75
Arab Monetary Fund (AMF),Non-Governmental Organization or Civil Society Organization,0,0,0,,1,1,1,0,0,0,0,
Ashoka,Development Partner,1,1,0,,1,1,1,0,1,1,0,
Ashoka,Government,1,1,0,,1,1,1,0,1,1,0,
Ashoka,Non-Governmental Organization or Civil Society Organization,0,0,0,,1,1,1,0,0,0,0,
Asian Development Bank (ADB),Development Partner,.79595,.78528655,.42672175,.9696399,35,33,35,15,.71428573,.72727275,.45714286,.93333334
Asian Development Bank (ADB),Government,.73972785,.76100445,.45665506,.84863639,105,98,108,52,.6857143,.70408165,.44444445,.84615386
Asian Development Bank (ADB),Non-Governmental Organization or Civil Society Organization,.41589743,.40717664,.48043856,.66095316,21,19,21,10,.42857143,.47368422,.42857143,.69999999
Asian Development Bank (ADB),Private Sector,.80085206,.91030937,.17005745,.79586887,10,9,10,2,.80000001,.8888889,.2,.5
Australia - Australian Agency for International Development (AusAID),Development Partner,.65654659,.76829529,.14947039,1,28,27,29,4,.60714287,.77777779,.1724138,1
Australia - Australian Agency for International Development (AusAID),Government,.56105047,.68496001,.32303396,.77520788,107,100,110,38,.53271025,.67000002,.31818181,.7631579
Australia - Australian Agency for International Development (AusAID),Non-Governmental Organization or Civil Society Organization,.57720059,.70581949,.3424513,.93916321,40,38,40,17,.67500001,.78947371,.375,.94117647
Australia - Australian Agency for International Development (AusAID),Private Sector,.72572017,.77921474,.049661424,0,6,5,6,1,.66666669,.80000001,.16666667,0
Australia - Australian High Commission,Development Partner,.67502886,.69087082,.080833346,1,7,6,7,1,.5714286,.66666669,.14285715,1
Australia - Australian High Commission,Government,.62795621,.54672563,.4138836,.75457186,28,28,28,12,.5714286,.5,.39285713,.83333331
Australia - Australian High Commission,Non-Governmental Organization or Civil Society Organization,.30285016,.62470967,.39612925,1,9,9,9,3,.44444445,.77777779,.33333334,1
Australia - Australian High Commission,Private Sector,1,1,0,,1,1,2,0,1,1,0,
Australia - Embassy (or Consulate-General) of Australia,Development Partner,.45286128,1,.10637034,1,6,6,6,1,.33333334,1,.16666667,1
Australia - Embassy (or Consulate-General) of Australia,Government,.69837469,.71301967,.27348027,.81834882,26,25,26,9,.69230771,.68000001,.30769232,.77777779
Australia - Embassy (or Consulate-General) of Australia,Non-Governmental Organization or Civil Society Organization,.55830503,.71796316,.47947943,.66743374,15,14,15,6,.60000002,.71428573,.40000001,.66666669
Australia - Embassy (or Consulate-General) of Australia,Private Sector,.52552414,.72653663,.091888867,1,4,4,4,1,.5,.75,.25,1
BRAC,Development Partner,.19796264,.19796264,.41342977,.47883019,4,4,4,2,.25,.25,.5,.5
BRAC,Government,.63394994,.7464413,.55032694,.47483724,14,14,14,8,.5714286,.78571427,.64285713,.625
BRAC,Non-Governmental Organization or Civil Society Organization,.32869864,.48609027,0,,3,3,3,0,.33333334,.66666669,0,
BRAC,Private Sector,0,0,0,,1,1,1,0,0,0,0,
Belgium - Belgian Development Agency (BTC),Development Partner,.25907344,.8179096,.10427497,.23087488,15,15,17,3,.26666668,.86666667,.11764706,.33333334
Belgium - Belgian Development Agency (BTC),Government,.68060309,.78169566,.34283072,.78732771,48,46,50,18,.66666669,.78260869,.36000001,.77777779
Belgium - Belgian Development Agency (BTC),Non-Governmental Organization or Civil Society Organization,.20794962,.40406916,.52765155,1,11,12,12,7,.27272728,.5,.5,1
Belgium - Belgian Development Agency (BTC),Private Sector,0,1,0,,1,1,1,0,0,1,0,
Belgium - Embassy (or Consulate-General) of Belgium,Development Partner,.37910748,.31390476,.1999774,.4068248,11,9,11,5,.27272728,.44444445,.27272728,.60000002
Belgium - Embassy (or Consulate-General) of Belgium,Government,.55742043,.56131834,.33714455,.56435138,31,29,31,14,.54838711,.58620691,.38709676,.5714286
Belgium - Embassy (or Consulate-General) of Belgium,Non-Governmental Organization or Civil Society Organization,.50953168,.46841931,.55231869,1,8,7,8,3,.5,.42857143,.375,1
Belgium - Embassy (or Consulate-General) of Belgium,Private Sector,0,.42365173,0,,2,2,2,0,0,.5,0,
Bill & Melinda Gates Foundation,Development Partner,.65968329,.69804162,.31220868,1,19,19,21,3,.63157892,.63157892,.23809524,1
Bill & Melinda Gates Foundation,Government,.4437589,.64299685,.2554777,.83489221,64,57,66,21,.46875,.64912283,.30303031,.76190478
Bill & Melinda Gates Foundation,Non-Governmental Organization or Civil Society Organization,.83836597,.87710541,.2824184,.8774513,15,12,15,6,.86666667,.91666669,.33333334,.83333331
Bill & Melinda Gates Foundation,Private Sector,.9573164,1,.04268362,1,5,4,5,1,.80000001,1,.2,1
Brazil - Brazilian Cooperation Agency (ABC),Development Partner,1,1,0,,1,1,1,0,1,1,0,
Brazil - Brazilian Cooperation Agency (ABC),Government,.42338067,.43508494,.13270238,0,11,11,11,2,.36363637,.36363637,.18181819,0
Brazil - Brazilian Cooperation Agency (ABC),Non-Governmental Organization or Civil Society Organization,0,1,1,1,1,1,1,1,0,1,1,1
Brazil - Brazilian Cooperation Agency (ABC),Private Sector,1,1,1,1,1,1,1,1,1,1,1,1
Brazil - Brazilian Development Bank (BNDES),Development Partner,0,1,0,,2,1,2,0,0,1,0,
Brazil - Brazilian Development Bank (BNDES),Government,.76161861,.70178813,.17412603,0,6,6,6,2,.5,.5,.16666667,0
Brazil - Brazilian Development Bank (BNDES),Non-Governmental Organization or Civil Society Organization,0,0,0,,1,1,1,0,0,0,0,
Brazil - Embassy (or Consulate-General) of Brazil,Development Partner,.098725602,.68624139,.25644189,1,5,5,5,1,.2,.80000001,.2,1
Brazil - Embassy (or Consulate-General) of Brazil,Government,.22671288,.50964993,.087405443,1,17,15,18,2,.35294119,.60000002,.11111111,1
Brazil - Embassy (or Consulate-General) of Brazil,Non-Governmental Organization or Civil Society Organization,0,1,1,1,1,1,1,1,0,1,1,1
Brazil - Embassy (or Consulate-General) of Brazil,Private Sector,.74524379,1,.07844054,1,3,3,3,1,.66666669,1,.33333334,1
Brookings Institution,Development Partner,.02609273,.02609273,.17620696,.11982168,7,7,8,2,.14285715,.14285715,.25,.5
Brookings Institution,Government,.21072537,.41444635,.42896634,.39365187,12,11,13,7,.25,.36363637,.46153846,.42857143
Brookings Institution,Non-Governmental Organization or Civil Society Organization,.31824777,.28421095,.6723572,.90278155,9,9,9,6,.44444445,.33333334,.66666669,.83333331
Brookings Institution,Private Sector,0,1,0,,1,1,1,0,0,1,0,
Bruegel,Government,0,0,0,,2,2,2,0,0,0,0,
Canada - Canada Representative Office,Development Partner,.27383199,.86860055,.43876958,1,5,6,7,2,.40000001,.83333331,.2857143,1
Canada - Canada Representative Office,Government,.37580115,.39552575,.11369829,.27133116,26,24,27,5,.42307693,.41666666,.14814815,.40000001
Canada - Canada Representative Office,Non-Governmental Organization or Civil Society Organization,.69066465,.65677738,.22495484,1,9,9,10,2,.66666669,.66666669,.2,1
Canada - Canada Representative Office,Private Sector,.70196885,.7954514,.70196885,1,4,4,4,2,.5,.75,.5,1
Canada - Canadian High Commission,Development Partner,1,1,0,1,4,3,4,1,1,1,0,1
Canada - Canadian High Commission,Government,.50128424,.71038765,.22166874,.46809149,18,18,18,5,.44444445,.66666669,.22222222,.40000001
Canada - Canadian High Commission,Non-Governmental Organization or Civil Society Organization,.87064928,.87064928,.22414295,1,8,8,8,2,.75,.75,.25,1
Canada - Canadian High Commission,Private Sector,.82702267,.82702267,0,,4,4,4,0,.75,.75,0,
Canada - Canadian International Development Agency (CIDA),Development Partner,.50021219,.55247313,.36889914,.75151563,39,38,40,11,.46153846,.55263156,.32499999,.72727275
Canada - Canadian International Development Agency (CIDA),Government,.50654638,.66030622,.2831769,.77981031,80,79,86,29,.48750001,.69620252,.30232558,.75862068
Canada - Canadian International Development Agency (CIDA),Non-Governmental Organization or Civil Society Organization,.46744797,.73725253,.44038418,.84769905,33,31,33,14,.54545456,.74193549,.42424244,.85714287
Canada - Canadian International Development Agency (CIDA),Private Sector,.96200413,.96200413,.32428309,1,9,9,9,3,.8888889,.8888889,.33333334,1
Canada - Embassy (or Consulate-General) of Canada,Development Partner,.22734524,.63089323,.16678822,1,15,13,15,2,.26666668,.61538464,.13333334,1
Canada - Embassy (or Consulate-General) of Canada,Government,.54122287,.69925058,.16399834,.49160638,22,21,24,8,.54545456,.76190478,.25,.5
Canada - Embassy (or Consulate-General) of Canada,Non-Governmental Organization or Civil Society Organization,.51736474,.63052714,.16695432,1,21,19,21,2,.52380955,.68421054,.14285715,1
Canada - Embassy (or Consulate-General) of Canada,Private Sector,.8804239,1,.67239672,1,5,4,5,3,.80000001,1,.60000002,1
Care,Development Partner,.15219426,.51693088,.2430782,1,12,10,12,2,.25,.60000002,.16666667,1
Care,Government,.46625653,.51784754,.28760067,.88874257,47,43,50,15,.44680852,.53488374,.31999999,.86666667
Care,Non-Governmental Organization or Civil Society Organization,.21651256,.68935144,.44224516,1,21,22,22,7,.23809524,.68181819,.36363637,1
Care,Private Sector,.6990301,.91909063,.30096987,.26882887,3,3,3,2,.33333334,.66666669,.66666669,.5
Caribbean Development Bank (CDB),Development Partner,0,0,0,,1,1,1,0,0,0,0,
Caribbean Development Bank (CDB),Government,.40903541,.76894701,.12980996,1,8,9,9,1,.375,.77777779,.11111111,1
Caribbean Development Bank (CDB),Private Sector,0,1,0,,1,1,1,0,0,1,0,
Carnegie Corporation of New York,Development Partner,0,1,0,,1,1,1,0,0,1,0,
Carnegie Corporation of New York,Government,.64205682,1,0,,2,2,2,0,.5,1,0,
Carnegie Endowment for International Peace,Development Partner,0,0,0,,2,2,2,0,0,0,0,
Carnegie Endowment for International Peace,Government,.11074018,.50719494,.3332153,.48265174,13,11,13,6,.15384616,.54545456,.38461539,.5
Carnegie Endowment for International Peace,Non-Governmental Organization or Civil Society Organization,.6549527,0,.5570392,0,4,4,4,3,.5,0,.75,0
Cato Institute,Development Partner,1,1,1,1,1,1,1,1,1,1,1,1
Cato Institute,Government,0,0,1,1,1,1,1,1,0,0,1,1
Cato Institute,Non-Governmental Organization or Civil Society Organization,0,0,1,.51666498,2,2,2,2,0,0,1,.5
Cato Institute,Private Sector,0,,.31293043,0,1,0,2,1,0,,.5,0
Center for American Progress,Government,.72937703,1,.27348724,1,4,3,4,1,.75,1,.25,1
Center for American Progress,Non-Governmental Organization or Civil Society Organization,0,0,0,,1,1,1,0,0,0,0,
Center for Strategic and International Studies,Development Partner,.22435224,.20989946,.44173384,.86475617,6,5,6,3,.33333334,.2,.33333334,.66666669
Center for Strategic and International Studies,Government,.28273064,.43202972,.30965868,.52085614,27,26,28,10,.33333334,.5,.2857143,.69999999
Center for Strategic and International Studies,Non-Governmental Organization or Civil Society Organization,.69601369,.42951378,.085836723,1,8,6,8,1,.625,.66666669,.125,1
Center for Strategic and International Studies,Private Sector,1,1,0,,1,1,1,0,1,1,0,
Central American Bank for Economic Integration (CABEI),Development Partner,0,0,0,,1,1,1,0,0,0,0,
Central American Bank for Economic Integration (CABEI),Government,.65415764,.66014487,.19811639,1,6,6,6,2,.66666669,.66666669,.16666667,1
Central American Bank for Economic Integration (CABEI),Non-Governmental Organization or Civil Society Organization,1,1,1,1,1,1,1,1,1,1,1,1
Centre for European Policy Studies,Development Partner,.38660359,.83664113,.51849681,1,6,5,6,3,.5,.80000001,.5,1
Centre for European Policy Studies,Government,.41144505,.47526151,.20417276,.3645463,31,26,31,10,.38709676,.46153846,.25806451,.5
Centre for European Policy Studies,Non-Governmental Organization or Civil Society Organization,.68767482,.52145147,.65265095,.74275577,7,5,7,5,.5714286,.40000001,.71428573,.60000002
Centre for European Policy Studies,Private Sector,.79341471,.54034269,.79341471,1,4,3,4,3,.75,.66666669,.75,1
Chatham House,Development Partner,.076784059,.64242524,0,,4,3,4,0,.25,.66666669,0,
Chatham House,Government,0,.19795668,.1916925,.34803641,14,14,14,7,0,.14285715,.2857143,.2857143
Chatham House,Non-Governmental Organization or Civil Society Organization,.59555501,.17997241,.44771513,1,5,5,5,3,.40000001,.2,.60000002,1
Chatham House,Private Sector,0,1,0,,1,1,1,0,0,1,0,
Children's Investment Fund Foundation,Development Partner,1,1,1,1,1,1,1,1,1,1,1,1
Children's Investment Fund Foundation,Government,.5589,.5963037,.34783852,.69302577,9,7,9,3,.55555558,.5714286,.22222222,.66666669
Children's Investment Fund Foundation,Non-Governmental Organization or Civil Society Organization,.48502976,.43491703,.17862555,1,4,4,4,1,.5,.5,.25,1
China - China Development Bank (CDB),Development Partner,1,0,.25737637,0,2,3,3,1,1,0,.33333334,0
China - China Development Bank (CDB),Government,.44598916,.58470172,.27254212,.66758263,20,21,21,6,.44999999,.5714286,.23809524,.5
China - China Development Bank (CDB),Non-Governmental Organization or Civil Society Organization,.85913491,.77954775,.40084547,.52823341,5,4,5,2,.80000001,.75,.40000001,.5
China - China Development Bank (CDB),Private Sector,1,1,0,,1,1,1,0,1,1,0,
China - Embassy (or Consulate-General) of China,Development Partner,.54010296,.35020396,.13585177,1,10,10,11,2,.69999999,.60000002,.18181819,1
China - Embassy (or Consulate-General) of China,Government,.65828496,.70059097,.27820879,.79738796,50,42,53,14,.62,.66666669,.26415095,.78571427
China - Embassy (or Consulate-General) of China,Non-Governmental Organization or Civil Society Organization,.78381342,.78381342,.10617127,1,6,6,6,1,.66666669,.66666669,.16666667,1
China - Embassy (or Consulate-General) of China,Private Sector,.77256966,1,.18497856,0,3,3,3,1,.66666669,1,.33333334,0
China - Export-Import Bank of China (China Exim Bank),Development Partner,1,.4793067,0,,2,2,2,0,1,.5,0,
China - Export-Import Bank of China (China Exim Bank),Government,.56691772,.60956508,.3142525,.82005703,35,33,36,11,.62857145,.63636363,.3611111,.81818181
China - Export-Import Bank of China (China Exim Bank),Non-Governmental Organization or Civil Society Organization,1,1,0,,2,1,2,0,1,1,0,
China - Export-Import Bank of China (China Exim Bank),Private Sector,1,.75943106,0,,3,3,3,0,1,.66666669,0,
Clinton Foundation,Development Partner,.72027987,.83620512,.34900376,.80148166,8,7,8,3,.75,.71428573,.375,.66666669
Clinton Foundation,Government,.48622125,.47587469,.25363159,.79998475,22,20,24,7,.59090906,.55000001,.29166666,.71428573
Clinton Foundation,Non-Governmental Organization or Civil Society Organization,.39283937,.15699916,0,,4,4,4,0,.5,.25,0,
Clinton Foundation,Private Sector,.90615624,.90462261,.093843773,1,3,3,3,1,.66666669,.66666669,.33333334,1
Cordaid,Development Partner,.53913093,1,0,,2,1,2,0,.5,1,0,
Cordaid,Government,.61325091,.63258469,.53491122,.81375241,11,10,11,6,.54545456,.60000002,.54545456,.83333331
Cordaid,Non-Governmental Organization or Civil Society Organization,.29738635,.63482964,.095170952,1,12,11,12,1,.33333334,.72727275,.16666667,1
Council on Foreign Relations,Development Partner,0,0,0,,1,1,1,0,0,0,0,
Council on Foreign Relations,Government,.28255332,.34746793,.22697988,.27044946,16,13,17,7,.25,.38461539,.29411766,.2857143
Council on Foreign Relations,Non-Governmental Organization or Civil Society Organization,.37796843,.37796843,.81548667,.46348819,4,4,4,3,.25,.25,.75,.33333334
Council on Foreign Relations,Private Sector,1,1,1,1,1,1,1,1,1,1,1,1
Danish Refugee Council,Development Partner,.37818548,.80577517,.17424208,.33541331,7,5,7,2,.42857143,.60000002,.14285715,.5
Danish Refugee Council,Government,.27676919,.41567627,.21995972,.35023236,15,15,16,6,.33333334,.40000001,.3125,.5
Danish Refugee Council,Non-Governmental Organization or Civil Society Organization,.60266453,.60762703,.053188823,1,12,12,12,3,.58333331,.75,.083333336,1
Danish Refugee Council,Private Sector,0,,0,,1,0,1,0,0,,0,
David and Lucile Packard Foundation,Government,1,1,1,1,1,1,1,1,1,1,1,1
David and Lucile Packard Foundation,Non-Governmental Organization or Civil Society Organization,1,.85045183,.36732218,1,7,7,7,3,1,.85714287,.42857143,1
Denmark - Danish International Development Agency (Danida),Development Partner,.6174137,.6644426,.32802904,1,29,30,31,7,.55172414,.69999999,.29032257,1
Denmark - Danish International Development Agency (Danida),Government,.77880871,.80711162,.37392956,.81114239,54,55,56,19,.66666669,.72727275,.3392857,.78947371
Denmark - Danish International Development Agency (Danida),Non-Governmental Organization or Civil Society Organization,.6257838,.68783903,.3240568,.74399459,24,23,24,10,.625,.69565219,.33333334,.69999999
Denmark - Danish International Development Agency (Danida),Private Sector,.96723396,.96256834,.31671116,1,11,9,11,4,.90909094,.8888889,.36363637,1
Denmark - Embassy (or Consulate-General) of Denmark,Development Partner,.60649401,.69544137,.20001577,1,16,16,17,3,.5625,.75,.17647059,1
Denmark - Embassy (or Consulate-General) of Denmark,Government,.62572932,.71073759,.22789502,.70755154,26,24,27,6,.61538464,.70833331,.2962963,.83333331
Denmark - Embassy (or Consulate-General) of Denmark,Non-Governmental Organization or Civil Society Organization,.9120838,.59598845,.23074296,1,10,10,10,2,.89999998,.60000002,.2,1
Denmark - Embassy (or Consulate-General) of Denmark,Private Sector,.83629465,.8019464,.28062174,1,4,3,4,1,.75,.66666669,.25,1
Denmark - Representation Office of Denmark,Development Partner,.85580277,.83568925,.41939637,.46060216,6,5,6,2,.83333331,.80000001,.33333334,.5
Denmark - Representation Office of Denmark,Government,.65220565,.44880658,.37469617,.55121595,7,6,8,2,.71428573,.5,.375,.5
Denmark - Representation Office of Denmark,Non-Governmental Organization or Civil Society Organization,1,1,.72974104,1,3,3,3,1,1,1,.66666669,1
Development Bank of Latin America (CAF),Development Partner,1,1,0,,2,2,2,0,1,1,0,
Development Bank of Latin America (CAF),Government,.23823977,.55155414,.20823155,.87245959,8,8,8,3,.25,.625,.375,.66666669
Development Bank of Latin America (CAF),Non-Governmental Organization or Civil Society Organization,1,1,1,1,1,1,1,1,1,1,1,1
Doctors Without Borders/MâÃÂ¬Â©decins Sans FrontiâÃÂ¬Â®res,Development Partner,.39744431,.73816162,.33686918,1,8,7,8,2,.375,.71428573,.375,1
Doctors Without Borders/MâÃÂ¬Â©decins Sans FrontiâÃÂ¬Â®res,Government,.47507375,.62852168,.2759355,.57263041,39,32,40,12,.46153846,.59375,.27500001,.58333331
Doctors Without Borders/MâÃÂ¬Â©decins Sans FrontiâÃÂ¬Â®res,Non-Governmental Organization or Civil Society Organization,.4264037,.59596318,.36224014,1,14,13,14,5,.35714287,.61538464,.2857143,1
Doctors Without Borders/MâÃÂ¬Â©decins Sans FrontiâÃÂ¬Â®res,Private Sector,0,.46821749,.46821749,0,3,3,3,1,0,.33333334,.33333334,0
European Bank for Reconstruction and Development (EBRD),Development Partner,.50910527,.72751057,.55087268,.83889347,12,10,12,7,.58333331,.80000001,.66666669,.85714287
European Bank for Reconstruction and Development (EBRD),Government,.73017663,.62716049,.55574644,.86727124,40,36,41,23,.64999998,.66666669,.53658539,.86956519
European Bank for Reconstruction and Development (EBRD),Non-Governmental Organization or Civil Society Organization,.88519961,.70244199,.46660727,.42883793,10,8,10,5,.80000001,.625,.40000001,.60000002
European Bank for Reconstruction and Development (EBRD),Private Sector,.48156384,.71676934,.27938062,.66034967,8,7,8,3,.5,.71428573,.375,.66666669
European Union,Development Partner,.8144747,.82342643,.44559988,.90387517,141,137,145,64,.80141842,.83941609,.45517242,.921875
European Union,Government,.82121652,.82664984,.39605179,.94943732,390,373,402,170,.80000001,.83646113,.42537314,.94117647
European Union,Non-Governmental Organization or Civil Society Organization,.72350377,.8295632,.431532,.82113737,187,182,188,84,.72192514,.82417583,.43085107,.83333331
European Union,Private Sector,.80973554,.88524151,.38693142,.95944214,26,24,27,11,.69230771,.83333331,.4074074,.90909094
Ford Foundation,Development Partner,.16794643,.84996152,0,,4,3,4,0,.25,.66666669,0,
Ford Foundation,Government,.50324875,.42207599,.20156574,.48978436,9,8,9,3,.55555558,.375,.33333334,.66666669
Ford Foundation,Non-Governmental Organization or Civil Society Organization,.52219242,.8562541,.31518069,1,10,10,11,4,.60000002,.89999998,.36363637,1
France - Agence FranâÃÂ¬Ãaise de DâÃÂ¬Â©veloppement (AFD),Development Partner,.58407974,.65387529,.41167936,.91460919,32,32,33,13,.5625,.65625,.42424244,.84615386
France - Agence FranâÃÂ¬Ãaise de DâÃÂ¬Â©veloppement (AFD),Government,.64800316,.85567856,.41218328,.82637781,96,89,100,45,.63541669,.84269661,.44999999,.86666667
France - Agence FranâÃÂ¬Ãaise de DâÃÂ¬Â©veloppement (AFD),Non-Governmental Organization or Civil Society Organization,.59561998,.91867363,.41384143,.64524931,17,16,17,9,.52941179,.875,.41176471,.77777779
France - Agence FranâÃÂ¬Ãaise de DâÃÂ¬Â©veloppement (AFD),Private Sector,.75586534,.66941857,.659428,.77914089,9,9,9,6,.77777779,.66666669,.66666669,.66666669
France - Embassy (or Consulate-General) of France,Development Partner,.55797261,.60085702,.209695,.95743799,22,19,22,7,.59090906,.57894737,.31818181,.85714287
France - Embassy (or Consulate-General) of France,Government,.64031446,.73462313,.3219066,.80895853,68,64,73,24,.61764705,.734375,.32876712,.83333331
France - Embassy (or Consulate-General) of France,Non-Governmental Organization or Civil Society Organization,.48609093,.59730119,.2077758,.86969876,21,19,21,5,.47619048,.57894737,.23809524,.80000001
France - Embassy (or Consulate-General) of France,Private Sector,.31593072,.43540612,.31593072,1,5,4,5,2,.40000001,.5,.40000001,1
Fraser Institute,Government,0,0,1,0,1,1,1,1,0,0,1,0
Fraser Institute,Non-Governmental Organization or Civil Society Organization,0,1,1,1,1,1,1,1,0,1,1,1
French Institute of International Relations,Development Partner,0,.40928134,.063394956,0,3,3,3,1,0,.33333334,.33333334,0
French Institute of International Relations,Government,.23319785,.47562787,.36912924,.45609218,14,12,14,5,.2857143,.33333334,.35714287,.40000001
French Institute of International Relations,Non-Governmental Organization or Civil Society Organization,.45496684,.42973942,.69407386,.82334596,7,7,7,4,.42857143,.5714286,.5714286,.75
Fundacao Getulio Vargas,Development Partner,1,1,1,1,1,1,1,1,1,1,1,1
Fundacao Getulio Vargas,Government,.35915974,.40878424,.3915849,.70302469,6,5,6,3,.5,.2,.33333334,.33333334
Fundacao Getulio Vargas,Non-Governmental Organization or Civil Society Organization,0,0,0,,1,1,1,0,0,0,0,
German Institute for International and Security Affairs,Development Partner,0,0,.15936713,0,3,3,3,1,0,0,.33333334,0
German Institute for International and Security Affairs,Government,.35612515,.70437419,.46576479,.48651034,10,8,10,3,.30000001,.5,.30000001,.33333334
German Institute for International and Security Affairs,Non-Governmental Organization or Civil Society Organization,1,0,1,1,1,1,1,1,1,0,1,1
German Institute for International and Security Affairs,Private Sector,0,0,0,,1,1,1,0,0,0,0,
Germany - Embassy (or Consulate-General) of Germany,Development Partner,.61288613,.63240486,.14097343,1,30,29,31,5,.60000002,.62068963,.12903225,1
Germany - Embassy (or Consulate-General) of Germany,Government,.69188505,.63227093,.31090522,.78138804,71,69,74,29,.69014084,.68115944,.3918919,.82758623
Germany - Embassy (or Consulate-General) of Germany,Non-Governmental Organization or Civil Society Organization,.64868158,.79363751,.32830885,.92603016,39,37,39,10,.61538464,.8108108,.30769232,.89999998
Germany - Embassy (or Consulate-General) of Germany,Private Sector,.78285384,.76559699,.31965044,1,6,5,6,2,.66666669,.60000002,.33333334,1
Germany - Gesellschaft fâÃÂ¬Âºr Internationale Zusammenarbeit (GIZ),Development Partner,.59682786,.69501996,.33651647,.93049359,83,80,85,32,.61445785,.75,.3764706,.90625
Germany - Gesellschaft fâÃÂ¬Âºr Internationale Zusammenarbeit (GIZ),Government,.67269355,.80310488,.39839941,.94998699,194,180,199,91,.65979379,.80555558,.44221106,.92307693
Germany - Gesellschaft fâÃÂ¬Âºr Internationale Zusammenarbeit (GIZ),Non-Governmental Organization or Civil Society Organization,.45183864,.75742543,.48589128,.80097544,55,54,55,23,.5090909,.81481481,.43636364,.86956519
Germany - Gesellschaft fâÃÂ¬Âºr Internationale Zusammenarbeit (GIZ),Private Sector,.79183429,.61106509,.42840227,.83345145,14,13,14,6,.78571427,.53846157,.42857143,.83333331
Germany - KfW,Development Partner,.51503146,.70835811,.3637037,.75226563,31,30,32,11,.48387095,.69999999,.3125,.72727275
Germany - KfW,Government,.68114662,.79645425,.45568275,.91789323,100,95,102,49,.66000003,.75789475,.46078432,.87755102
Germany - KfW,Non-Governmental Organization or Civil Society Organization,.76684076,.92126983,.29691124,1,13,12,14,5,.76923078,.91666669,.35714287,1
Germany - KfW,Private Sector,.74626034,.81762123,.43370527,1,11,10,11,5,.72727275,.69999999,.45454547,1
Germany - Representative Office of Germany,Development Partner,.39725974,.25552306,0,0,7,6,7,1,.42857143,.33333334,0,0
Germany - Representative Office of Germany,Government,.52780306,.52082545,.25744924,.88128769,21,19,21,6,.52380955,.52631581,.23809524,.83333331
Germany - Representative Office of Germany,Non-Governmental Organization or Civil Society Organization,.64777333,.55642462,.38946688,.5234769,9,8,9,5,.55555558,.625,.44444445,.60000002
Germany - Representative Office of Germany,Private Sector,1,,1,1,1,0,1,1,1,,1,1
Global Alliance for Improved Nutrition (GAIN),Government,1,1,0,,2,2,2,0,1,1,0,
Global Alliance for Vaccines and Immunization (GAVI Alliance),Development Partner,.51679307,.89630198,.60260642,1,11,10,11,7,.45454547,.89999998,.63636363,1
Global Alliance for Vaccines and Immunization (GAVI Alliance),Government,.78493446,.8744542,.32087427,.95092922,44,40,45,17,.72727275,.82499999,.40000001,.94117647
Global Alliance for Vaccines and Immunization (GAVI Alliance),Non-Governmental Organization or Civil Society Organization,.69631875,.57960135,.41474545,1,5,5,5,2,.80000001,.60000002,.40000001,1
Global Alliance for Vaccines and Immunization (GAVI Alliance),Private Sector,.49594763,1,.49594763,1,2,2,2,1,.5,1,.5,1
Global Environment Facility (GEF),Development Partner,.78997433,.59511822,.17830136,.793347,29,26,30,6,.75862068,.69230771,.2,.83333331
Global Environment Facility (GEF),Government,.6610949,.75782669,.29932776,.74480593,100,87,103,33,.63999999,.75862068,.31067961,.75757575
Global Environment Facility (GEF),Non-Governmental Organization or Civil Society Organization,.64746493,.67822295,.43690291,.97103608,38,35,38,17,.63157892,.74285716,.44736841,.94117647
Global Environment Facility (GEF),Private Sector,.51114529,.78557986,1,1,3,3,3,3,.33333334,.66666669,1,1
"Global Fund to Fight AIDS, Tuberculosis and Malaria",Development Partner,.70303863,.84121877,.45280847,1,28,26,29,10,.75,.84615386,.41379312,1
"Global Fund to Fight AIDS, Tuberculosis and Malaria",Government,.76700693,.80800945,.39955294,.9043383,90,84,93,45,.74444443,.79761904,.47311828,.8888889
"Global Fund to Fight AIDS, Tuberculosis and Malaria",Non-Governmental Organization or Civil Society Organization,.7860986,.84571129,.50090235,.86977893,31,29,31,14,.74193549,.86206895,.45161289,.85714287
"Global Fund to Fight AIDS, Tuberculosis and Malaria",Private Sector,.33578202,1,.15501647,1,4,3,4,2,.75,1,.5,1
Gordon and Betty Moore Foundation,Non-Governmental Organization or Civil Society Organization,.20952657,.20952657,.20952657,1,2,2,2,1,.5,.5,.5,1
Handicap International,Development Partner,.40078598,.6295442,.22875822,1,5,5,5,1,.40000001,.60000002,.2,1
Handicap International,Government,.30193537,.39717126,.21539745,.80744672,26,22,28,9,.30769232,.45454547,.25,.8888889
Handicap International,Non-Governmental Organization or Civil Society Organization,.21092217,.27653509,.32568946,1,9,9,9,2,.22222222,.44444445,.22222222,1
Handicap International,Private Sector,1,0,.47568285,1,1,1,2,1,1,0,.5,1
Help Age International,Government,0,0,0,,1,1,1,0,0,0,0,
Heritage Foundation,Government,.16529913,.20755486,.30274063,.55963463,12,11,12,5,.25,.27272728,.33333334,.60000002
Heritage Foundation,Non-Governmental Organization or Civil Society Organization,0,.46157113,.48173028,.5730685,3,3,4,2,0,.33333334,.5,.5
Human Rights Watch,Development Partner,.28602982,.5560053,.43513581,.6113044,9,8,9,4,.33333334,.625,.44444445,.75
Human Rights Watch,Government,.50277936,.6271621,.47929776,.73258716,53,45,54,24,.49056605,.62222224,.46296296,.70833331
Human Rights Watch,Non-Governmental Organization or Civil Society Organization,.61841995,.59583348,.42397961,.81283373,32,29,32,16,.6875,.7241379,.4375,.8125
Human Rights Watch,Private Sector,1,1,0,,1,1,1,0,1,1,0,
India - Embassy (or Consulate-General) of India,Development Partner,.49947184,.31255287,0,,4,2,5,0,.5,.5,0,
India - Embassy (or Consulate-General) of India,Government,.56991822,.63228184,.22312312,.56626356,31,28,33,9,.58064514,.64285713,.27272728,.55555558
India - Embassy (or Consulate-General) of India,Non-Governmental Organization or Civil Society Organization,.23893036,.58173037,.23893036,1,3,2,3,1,.33333334,.5,.33333334,1
India - Embassy (or Consulate-General) of India,Private Sector,1,1,0,,3,3,3,0,1,1,0,
India - Export-Import Bank of India (Exim Bank),Development Partner,1,1,0,,1,1,1,0,1,1,0,
India - Export-Import Bank of India (Exim Bank),Government,.65363902,.72882909,.20346089,.87126631,21,18,21,5,.5714286,.66666669,.23809524,.80000001
India - Export-Import Bank of India (Exim Bank),Non-Governmental Organization or Civil Society Organization,0,0,0,,1,1,1,0,0,0,0,
Inter-American Development Bank (IDB),Development Partner,.72945178,.78941846,.60276043,1,17,17,17,12,.88235295,.82352942,.70588237,1
Inter-American Development Bank (IDB),Government,.73610514,.87280768,.25162613,.9562037,62,60,63,19,.74193549,.86666667,.2857143,.94736844
Inter-American Development Bank (IDB),Non-Governmental Organization or Civil Society Organization,.71325302,.67908609,.48331872,.92498255,17,17,17,9,.7647059,.70588237,.52941179,.8888889
Inter-American Development Bank (IDB),Private Sector,.61097401,.79212755,.7631492,1,6,6,6,4,.66666669,.83333331,.66666669,1
International Finance Corporation (IFC),Development Partner,.54666895,.73228699,.46580395,.90932506,32,31,33,14,.65625,.80645162,.45454547,.9285714
International Finance Corporation (IFC),Government,.61879587,.76040012,.47119218,.89859289,96,85,101,51,.60416669,.75294119,.50495052,.88235295
International Finance Corporation (IFC),Non-Governmental Organization or Civil Society Organization,.80827242,.76202887,.44005579,1,11,9,11,4,.81818181,.77777779,.36363637,1
International Finance Corporation (IFC),Private Sector,1,1,.40789545,.95226318,15,13,15,7,1,1,.46666667,.85714287
International Fund for Agricultural Development (IFAD),Development Partner,.67922127,.64492571,.27590775,1,22,22,24,7,.68181819,.63636363,.29166666,1
International Fund for Agricultural Development (IFAD),Government,.47271755,.7110253,.35724428,.90953404,83,79,87,38,.48192772,.6708861,.37931034,.86842108
International Fund for Agricultural Development (IFAD),Non-Governmental Organization or Civil Society Organization,.21035764,.67674786,.596264,1,15,14,15,7,.33333334,.71428573,.46666667,1
International Fund for Agricultural Development (IFAD),Private Sector,1,.91570264,.5579794,1,6,6,6,3,1,.83333331,.5,1
International Institute for Strategic Studies,Development Partner,.30311471,.36654356,.44316766,.68397301,5,4,5,2,.2,.25,.40000001,.5
International Institute for Strategic Studies,Government,.34345722,.58231694,.48390639,.6251877,22,19,23,10,.27272728,.52631581,.43478259,.69999999
International Institute for Strategic Studies,Non-Governmental Organization or Civil Society Organization,1,1,.70103574,1,4,2,4,2,1,1,.5,1
International Institute for Strategic Studies,Private Sector,1,1,0,,1,1,1,0,1,1,0,
International Monetary Fund (IMF),Development Partner,.94660389,.85326034,.58599502,.98248529,47,44,48,26,.91489363,.84090906,.58333331,.96153843
International Monetary Fund (IMF),Government,.84025395,.85771972,.47584653,.87804687,187,176,193,98,.8449198,.85795456,.49222797,.8877551
International Monetary Fund (IMF),Non-Governmental Organization or Civil Society Organization,.60247225,.64252424,.47306445,1,16,14,16,7,.75,.71428573,.4375,1
International Monetary Fund (IMF),Private Sector,.9244718,.87253809,.35769284,.89206338,18,16,18,8,.94444442,.8125,.44444445,.75
International Rescue Committee,Development Partner,.10031882,.12422222,0,,5,4,5,0,.2,.25,0,
International Rescue Committee,Government,.73226881,.80904591,.56368375,.9055118,24,23,24,12,.66666669,.73913044,.5,.83333331
International Rescue Committee,Non-Governmental Organization or Civil Society Organization,.46145511,.31796694,.17342499,1,10,10,10,1,.5,.5,.1,1
Islamic Development Bank (ISDB),Development Partner,.40050173,.50450903,.3791396,.47730216,10,10,10,4,.30000001,.40000001,.40000001,.5
Islamic Development Bank (ISDB),Government,.5690338,.6572994,.33517009,.83239579,56,52,58,19,.5714286,.67307693,.3275862,.84210527
Islamic Development Bank (ISDB),Non-Governmental Organization or Civil Society Organization,.22164226,1,.22164226,1,4,4,4,1,.25,1,.25,1
Islamic Development Bank (ISDB),Private Sector,0,,0,,1,0,1,0,0,,0,
Islamic Relief Worldwide,Government,.44005364,.73464185,.18307413,1,12,9,13,2,.33333334,.55555558,.07692308,1
Islamic Relief Worldwide,Non-Governmental Organization or Civil Society Organization,0,0,0,,1,2,2,0,0,0,0,
Japan - Embassy (or Consulate-General) of Japan,Development Partner,.52541369,.6668576,.13998243,.77290106,17,15,17,3,.52941179,.66666669,.17647059,.66666669
Japan - Embassy (or Consulate-General) of Japan,Government,.58905488,.54256046,.32407847,.77970827,42,34,42,16,.54761904,.58823532,.35714287,.8125
Japan - Embassy (or Consulate-General) of Japan,Non-Governmental Organization or Civil Society Organization,.72643936,.53587943,.18516792,1,11,10,11,2,.72727275,.60000002,.18181819,1
Japan - Embassy (or Consulate-General) of Japan,Private Sector,.71197993,.49848956,0,,4,4,4,0,.5,.25,0,
Japan - Japan Bank for International Cooperation (JBIC),Development Partner,.57369113,.68334866,0,,3,4,4,0,.33333334,.5,0,
Japan - Japan Bank for International Cooperation (JBIC),Government,.56595331,.65906304,.27192074,.52350163,26,21,26,5,.61538464,.5714286,.23076923,.60000002
Japan - Japan Bank for International Cooperation (JBIC),Non-Governmental Organization or Civil Society Organization,.35203096,.70887142,0,,4,3,4,0,.5,.66666669,0,
Japan - Japan Bank for International Cooperation (JBIC),Private Sector,.84538567,.82892019,.057486057,1,5,5,5,1,.80000001,.80000001,.2,1
Japan - Japan International Cooperation Agency (JICA),Development Partner,.50903553,.69920248,.25695726,.85289854,67,64,70,20,.49253732,.75,.2857143,.80000001
Japan - Japan International Cooperation Agency (JICA),Government,.64885485,.72350574,.3185873,.84727585,240,223,244,80,.60416669,.70403588,.34016395,.85000002
Japan - Japan International Cooperation Agency (JICA),Non-Governmental Organization or Civil Society Organization,.61719233,.65884048,.38020414,.68072855,27,25,27,6,.5925926,.63999999,.25925925,.66666669
Japan - Japan International Cooperation Agency (JICA),Private Sector,.91993839,.80055308,.39305884,.9565888,15,15,15,6,.80000001,.73333335,.40000001,.83333331
Japan - Representative Office of Japan,Development Partner,.33354181,.90655684,0,,5,5,7,0,.40000001,.80000001,0,
Japan - Representative Office of Japan,Government,.38772464,.52940691,.10345009,.86296123,41,37,42,5,.43902439,.51351351,.11904762,.80000001
Japan - Representative Office of Japan,Non-Governmental Organization or Civil Society Organization,.66203856,.39232296,.49811366,.74494892,7,6,7,3,.71428573,.5,.42857143,.66666669
Japan - Representative Office of Japan,Private Sector,1,1,.26524773,1,2,2,2,1,1,1,.5,1
Japan Institute of International Affairs,Development Partner,.4459365,.70783228,.5540635,1,3,2,3,1,.66666669,.5,.33333334,1
Japan Institute of International Affairs,Government,.28671628,.41055822,.31357342,.35723332,12,10,13,4,.33333334,.40000001,.30769232,.5
Japan Institute of International Affairs,Non-Governmental Organization or Civil Society Organization,.43545118,.13866033,.38937637,.13866033,4,3,4,3,.5,.33333334,.5,.33333334
Japan Institute of International Affairs,Private Sector,0,1,0,,1,1,1,0,0,1,0,
John D. and Catherine T. MacArthur Foundation,Development Partner,0,1,0,,1,1,1,0,0,1,0,
John D. and Catherine T. MacArthur Foundation,Government,.5285179,.70340002,.44931531,.50400513,4,3,4,2,.5,.66666669,.5,.5
John D. and Catherine T. MacArthur Foundation,Non-Governmental Organization or Civil Society Organization,.65050608,.62724018,.10116322,1,10,10,10,1,.69999999,.69999999,.1,1
John D. and Catherine T. MacArthur Foundation,Private Sector,0,,0,,1,0,1,0,0,,0,
Kuwait - Embassy (or Consulate-General) of Kuwait,Government,.24046311,.2533623,0,,12,11,13,0,.33333334,.36363637,0,
Kuwait - Kuwait Fund for Arab Economic Development,Government,.68737775,.61412221,.40272838,.69367164,26,23,26,10,.61538464,.56521738,.38461539,.60000002
Kuwait - Kuwait Fund for Arab Economic Development,Non-Governmental Organization or Civil Society Organization,0,0,0,,2,1,2,0,0,0,0,
Le Monde,Development Partner,.12661879,.15316774,.12661879,1,5,4,5,1,.2,.25,.2,1
Le Monde,Government,.37593487,.62004071,.36650577,.61847562,21,19,23,10,.38095239,.57894737,.34782609,.60000002
Le Monde,Non-Governmental Organization or Civil Society Organization,.49880552,.47094321,.18024863,.572712,12,11,12,4,.5,.63636363,.25,.75
MasterCard Foundation,Government,.21307996,.31444344,.25767389,0,7,5,7,2,.2857143,.40000001,.2857143,0
MasterCard Foundation,Private Sector,1,1,0,,1,1,1,0,1,1,0,
Mercy Corps,Development Partner,.57245821,.86131918,0,1,7,5,7,1,.5714286,.80000001,0,1
Mercy Corps,Government,.4450036,.43207496,.14389122,.58022153,18,16,18,4,.5,.5,.22222222,.75
Mercy Corps,Non-Governmental Organization or Civil Society Organization,.79847145,.43634176,.1464342,0,10,8,10,1,.60000002,.5,.1,0
MuItilateral Investment Guarantee Agency (MIGA),Development Partner,.82668954,.82668954,.59768701,1,4,4,4,2,.75,.75,.5,1
MuItilateral Investment Guarantee Agency (MIGA),Government,.65831542,.57394046,.3129831,.79705918,26,22,27,7,.61538464,.68181819,.25925925,.85714287
MuItilateral Investment Guarantee Agency (MIGA),Non-Governmental Organization or Civil Society Organization,0,1,0,,1,1,2,0,0,1,0,
MuItilateral Investment Guarantee Agency (MIGA),Private Sector,.86120594,1,.36458829,1,3,3,3,1,.66666669,1,.33333334,1
Netherlands - Embassy (or Consulate-General) of the Netherlands,Development Partner,.45658508,.57152289,.21478839,.79201853,39,38,41,9,.46153846,.63157892,.21951219,.77777779
Netherlands - Embassy (or Consulate-General) of the Netherlands,Government,.70162642,.64007056,.28578359,.88914472,73,71,77,23,.67123288,.63380283,.29870129,.82608694
Netherlands - Embassy (or Consulate-General) of the Netherlands,Non-Governmental Organization or Civil Society Organization,.59248108,.63557005,.29313883,.7356444,64,61,64,16,.609375,.6885246,.265625,.75
Netherlands - Embassy (or Consulate-General) of the Netherlands,Private Sector,.81245142,.76260859,0,,8,6,8,0,.75,.66666669,0,
New York Times,Development Partner,.052912381,.24959399,0,,10,9,10,0,.1,.22222222,0,
New York Times,Government,.56896651,.5480898,.24264517,.83854347,41,35,42,16,.48780489,.48571429,.26190478,.8125
New York Times,Non-Governmental Organization or Civil Society Organization,.38889527,.45044079,.47594744,.86015159,22,22,22,10,.45454547,.40909091,.5,.80000001
New York Times,Private Sector,.13244691,.13244691,.13244691,1,3,3,3,1,.33333334,.33333334,.33333334,1
Norway - Embassy (or Consulate-General) of Norway,Development Partner,.65863645,.66630602,.070633754,.38699666,29,30,31,3,.65517241,.69999999,.096774191,.66666669
Norway - Embassy (or Consulate-General) of Norway,Government,.74626672,.7457208,.20188466,.55179918,50,47,53,12,.68000001,.74468082,.26415095,.66666669
Norway - Embassy (or Consulate-General) of Norway,Non-Governmental Organization or Civil Society Organization,.59102267,.52242553,.28807473,.78887057,33,32,33,7,.57575756,.5625,.21212122,.71428573
Norway - Embassy (or Consulate-General) of Norway,Private Sector,.67613888,.67613888,.55515873,1,3,3,3,1,.66666669,.66666669,.33333334,1
Norway - Norwegian Agency for Development Cooperation (NORAD),Development Partner,.23619387,.49344185,.33899796,.63731414,18,18,18,6,.27777779,.6111111,.27777779,.5
Norway - Norwegian Agency for Development Cooperation (NORAD),Government,.67135119,.6554988,.35707003,.96128875,49,49,51,16,.63265306,.6122449,.3137255,.9375
Norway - Norwegian Agency for Development Cooperation (NORAD),Non-Governmental Organization or Civil Society Organization,.61468714,.61804199,.35974401,.76923716,28,26,28,10,.6785714,.65384614,.35714287,.80000001
Norway - Norwegian Agency for Development Cooperation (NORAD),Private Sector,.83367455,.9105857,.35293299,1,4,4,4,1,.5,.75,.25,1
Norway - Representative Office of Norway,Development Partner,0,.60821766,0,,3,3,3,0,0,.66666669,0,
Norway - Representative Office of Norway,Government,.72765303,.71565956,.30327287,.25852257,12,11,12,3,.66666669,.63636363,.33333334,.33333334
Norway - Representative Office of Norway,Non-Governmental Organization or Civil Society Organization,.36807227,.10701276,0,0,5,5,5,1,.40000001,.2,0,0
Norway - Representative Office of Norway,Private Sector,.92436808,.70794576,.26768771,1,4,4,4,1,.75,.75,.25,1
OPEC Fund for International Development (OFID),Development Partner,.45376152,.66607589,.45376152,0,3,3,3,1,.33333334,.66666669,.33333334,0
OPEC Fund for International Development (OFID),Government,.47554845,.47334087,.1695728,.5709129,29,28,31,7,.48275861,.53571427,.19354838,.5714286
OPEC Fund for International Development (OFID),Non-Governmental Organization or Civil Society Organization,.26892379,1,.21705203,1,5,3,5,1,.40000001,1,.2,1
OPEC Fund for International Development (OFID),Private Sector,0,0,0,,1,1,1,0,0,0,0,
Open Society Foundations,Development Partner,.42532274,.63679957,.38575706,1,13,13,13,5,.30769232,.53846157,.38461539,1
Open Society Foundations,Government,.68274593,.5491519,.40066612,.85126549,31,28,33,15,.67741936,.53571427,.42424244,.86666667
Open Society Foundations,Non-Governmental Organization or Civil Society Organization,.65798289,.8226077,.43773854,.94591343,76,73,77,31,.67105263,.86301368,.41558442,.93548387
Open Society Foundations,Private Sector,.67045653,.67045653,.67045653,1,4,4,4,2,.5,.5,.5,1
Oxfam,Development Partner,.36502433,.41639477,.20151979,.78921479,27,24,27,7,.33333334,.45833334,.25925925,.85714287
Oxfam,Government,.43887791,.56616366,.41391727,.81072104,74,67,78,34,.43243244,.53731346,.3974359,.7352941
Oxfam,Non-Governmental Organization or Civil Society Organization,.50234264,.84762073,.4699465,.72891229,45,42,45,21,.55555558,.85714287,.42222223,.85714287
Oxfam,Private Sector,.67378992,.94949365,.24835843,1,5,5,5,2,.40000001,.80000001,.40000001,1
Peterson Institute for International Economics,Government,.10354991,0,.18781084,0,5,3,5,1,.2,0,.2,0
Peterson Institute for International Economics,Non-Governmental Organization or Civil Society Organization,0,0,0,,1,1,1,0,0,0,0,
Plan International,Development Partner,.41940126,.56420559,0,,11,10,11,0,.36363637,.60000002,0,
Plan International,Government,.64480907,.71879715,.37707433,.7281788,40,37,40,15,.625,.7027027,.375,.73333335
Plan International,Non-Governmental Organization or Civil Society Organization,.65461379,.78129196,.4344061,1,14,13,14,6,.71428573,.84615386,.42857143,1
Plan International,Private Sector,.94522971,.68775254,.26932588,1,4,4,4,2,.75,.5,.5,1
Qatar - Embassy (or Consulate-General) of Qatar,Development Partner,0,,0,,1,0,1,0,0,,0,
Qatar - Embassy (or Consulate-General) of Qatar,Government,.74744606,.58004403,.045125365,1,14,10,14,1,.64285713,.5,.071428575,1
RAND Corporation,Development Partner,0,1,0,,1,1,1,0,0,1,0,
RAND Corporation,Government,.17077306,.15335719,.30950457,.86787695,7,6,7,3,.2857143,.16666667,.42857143,.66666669
RAND Corporation,Non-Governmental Organization or Civil Society Organization,.84844083,0,.15319589,1,4,3,4,1,.75,0,.25,1
RAND Corporation,Private Sector,1,1,0,,1,1,1,0,1,1,0,
Rockefeller Foundation,Development Partner,0,.25065044,0,,2,2,2,0,0,.5,0,
Rockefeller Foundation,Government,.2651127,.38698959,.32378393,.47787046,14,13,14,4,.35714287,.30769232,.2857143,.5
Rockefeller Foundation,Non-Governmental Organization or Civil Society Organization,.24314833,1,.43152663,1,8,7,8,3,.25,1,.375,1
Russia - Embassy (or Consulate-General) of Russia,Development Partner,.61002266,1,.61002266,1,3,2,3,2,.66666669,1,.66666669,1
Russia - Embassy (or Consulate-General) of Russia,Government,.25277543,.49597952,.13015418,.33001196,9,9,10,2,.33333334,.55555558,.2,.5
Russia - Embassy (or Consulate-General) of Russia,Non-Governmental Organization or Civil Society Organization,.60074764,1,.29091382,.47176659,4,3,4,2,.5,1,.5,.5
Russia - Embassy (or Consulate-General) of Russia,Private Sector,0,1,0,,1,1,1,0,0,1,0,
Saudi Arabia - Saudi Fund for Development (SFD),Development Partner,0,.35268545,.24784493,1,3,2,3,1,0,.5,.33333334,1
Saudi Arabia - Saudi Fund for Development (SFD),Government,.52665669,.66148126,.35477418,.85386503,24,19,25,8,.45833334,.57894737,.31999999,.75
Saudi Arabia - Saudi Fund for Development (SFD),Non-Governmental Organization or Civil Society Organization,.59201926,.73146915,.13944989,1,6,6,6,1,.66666669,.83333331,.16666667,1
Save the Children,Development Partner,.38114178,.46931314,.070308216,1,28,26,28,4,.35714287,.53846157,.10714286,1
Save the Children,Government,.61009347,.62813079,.38710022,.85821533,62,54,64,23,.56451613,.5925926,.359375,.78260869
Save the Children,Non-Governmental Organization or Civil Society Organization,.57853663,.636114,.46108159,.75836682,31,28,31,14,.58064514,.6785714,.45161289,.71428573
Save the Children,Private Sector,.90986454,1,0,,3,3,3,0,.66666669,1,0,
Spain - Embassy (or Consulate-General) of Spain,Development Partner,.3718707,.81423312,0,,6,5,6,0,.33333334,.80000001,0,
Spain - Embassy (or Consulate-General) of Spain,Government,.38541272,.46808994,.15949021,.70993853,16,15,17,2,.3125,.40000001,.11764706,.5
Spain - Embassy (or Consulate-General) of Spain,Non-Governmental Organization or Civil Society Organization,.58904088,1,1,.73171926,5,5,5,4,.40000001,1,1,.75
Spain - Embassy (or Consulate-General) of Spain,Private Sector,1,1,0,,1,1,1,0,1,1,0,
Spain - Spanish Agency for International Development Cooperation (AECID),Development Partner,.30783921,.5882377,.22186783,.7577042,15,14,15,4,.33333334,.64285713,.26666668,.75
Spain - Spanish Agency for International Development Cooperation (AECID),Government,.39480448,.65742999,.34858519,.96993595,27,26,27,8,.37037036,.65384614,.2962963,.875
Spain - Spanish Agency for International Development Cooperation (AECID),Non-Governmental Organization or Civil Society Organization,.52864712,.77598065,.31453863,1,14,13,14,6,.5714286,.76923078,.2857143,1
Spain - Spanish Agency for International Development Cooperation (AECID),Private Sector,1,.65997446,.65997446,1,2,2,2,1,1,.5,.5,1
Stockholm International Peace Research Institute,Development Partner,.16298731,.73555309,.16298731,1,3,3,3,1,.33333334,.66666669,.33333334,1
Stockholm International Peace Research Institute,Government,.53835422,.37041533,.60087103,.70146358,6,5,6,3,.5,.40000001,.5,.66666669
Stockholm International Peace Research Institute,Non-Governmental Organization or Civil Society Organization,1,1,.77843422,1,3,2,3,2,1,1,.66666669,1
Stockholm International Peace Research Institute,Private Sector,.42334625,1,.42334625,1,2,2,2,1,.5,1,.5,1
Sweden - Embassy (or Consulate-General) of Sweden,Development Partner,.74107295,.84062111,.2409537,1,21,19,22,6,.66666669,.78947371,.22727273,1
Sweden - Embassy (or Consulate-General) of Sweden,Government,.67124575,.72740191,.27466473,.81296235,28,26,29,10,.5714286,.69230771,.31034482,.80000001
Sweden - Embassy (or Consulate-General) of Sweden,Non-Governmental Organization or Civil Society Organization,.87810075,.75330973,.44552428,1,16,16,16,6,.875,.75,.375,1
Sweden - Embassy (or Consulate-General) of Sweden,Private Sector,.70014554,.70014554,0,,2,2,2,0,.5,.5,0,
Sweden - Swedish International Development Cooperation Agency (SIDA),Development Partner,.62046337,.73589486,.26976255,.73580545,44,40,44,13,.61363637,.75,.25,.61538464
Sweden - Swedish International Development Cooperation Agency (SIDA),Government,.63981831,.68409371,.32655954,.86328477,86,80,88,28,.60465115,.67500001,.31818181,.78571427
Sweden - Swedish International Development Cooperation Agency (SIDA),Non-Governmental Organization or Civil Society Organization,.67319566,.74348736,.37453309,.96133518,56,53,56,19,.6785714,.7735849,.32142857,.94736844
Sweden - Swedish International Development Cooperation Agency (SIDA),Private Sector,.86652052,.86652052,.14885949,1,3,3,3,1,.66666669,.66666669,.33333334,1
The Guardian,Development Partner,,0,0,,0,1,1,0,,0,0,
The Guardian,Government,1,,0,,1,0,1,0,1,,0,
The Guardian,Non-Governmental Organization or Civil Society Organization,.4856829,.50411344,.66678393,.43276948,6,6,6,4,.5,.5,.66666669,.5
The Guardian,Private Sector,0,0,0,,1,1,1,0,0,0,0,
Transparency International,Development Partner,.53336954,.59787929,.40449947,.8979739,23,20,23,11,.60869563,.60000002,.47826087,.90909094
Transparency International,Government,.58528817,.59003878,.44149491,.86929369,79,70,80,37,.56962025,.55714285,.42500001,.78378379
Transparency International,Non-Governmental Organization or Civil Society Organization,.71411979,.77547145,.61173433,.86955613,48,46,49,31,.70833331,.82608694,.63265306,.93548387
Transparency International,Private Sector,.55315012,.76272386,.66427702,.40382424,7,7,7,5,.42857143,.5714286,.71428573,.40000001
United Arab Emirates - Abu Dhabi Fund for Development (ADFD),Development Partner,0,0,0,,1,1,1,0,0,0,0,
United Arab Emirates - Abu Dhabi Fund for Development (ADFD),Government,.54198694,.41459432,.22954655,.40775782,17,15,18,5,.41176471,.46666667,.27777779,.60000002
United Arab Emirates - Embassy (or Consulate-General) of the United Arab Emirates,Development Partner,0,0,0,,3,1,3,0,0,0,0,
United Arab Emirates - Embassy (or Consulate-General) of the United Arab Emirates,Government,1,.68408984,0,,3,3,3,0,1,.66666669,0,
United Arab Emirates - Embassy (or Consulate-General) of the United Arab Emirates,Non-Governmental Organization or Civil Society Organization,0,,0,,1,0,1,0,0,,0,
United Kingdom - British High Commission,Development Partner,.52799636,.42202204,.090084992,1,15,12,15,3,.53333336,.5,.13333334,1
United Kingdom - British High Commission,Government,.80222148,.75217927,.43228051,.74825859,32,30,32,11,.71875,.73333335,.34375,.72727275
United Kingdom - British High Commission,Non-Governmental Organization or Civil Society Organization,.60563141,.83930838,.18147856,1,8,8,8,3,.625,.875,.25,1
United Kingdom - British High Commission,Private Sector,1,.80385613,0,,4,4,4,0,1,.75,0,
United Kingdom - Department for International Development (DFID),Development Partner,.73675615,.81167293,.32780254,.77470762,65,61,66,21,.69230771,.75409836,.30303031,.71428573
United Kingdom - Department for International Development (DFID),Government,.77519774,.82377124,.44797313,.8913762,111,104,114,48,.74774772,.83653843,.44736841,.85416669
United Kingdom - Department for International Development (DFID),Non-Governmental Organization or Civil Society Organization,.78724033,.83027536,.25007468,.84558851,36,35,36,10,.80555558,.85714287,.25,.89999998
United Kingdom - Department for International Development (DFID),Private Sector,.91296715,.91296715,.30244073,1,11,11,11,4,.90909094,.90909094,.36363637,1
United Kingdom - Embassy (or Consulate-General) of the United Kingdom,Development Partner,.43971261,.53047532,.15310726,1,18,14,18,3,.44444445,.64285713,.16666667,1
United Kingdom - Embassy (or Consulate-General) of the United Kingdom,Government,.64651084,.6732896,.28226051,.80374312,47,47,49,19,.70212764,.72340423,.2857143,.7368421
United Kingdom - Embassy (or Consulate-General) of the United Kingdom,Non-Governmental Organization or Civil Society Organization,.65583515,.83677232,.36680657,1,27,24,27,5,.5925926,.79166669,.25925925,1
United Kingdom - Embassy (or Consulate-General) of the United Kingdom,Private Sector,.47156206,.47156206,0,,2,2,2,0,.5,.5,0,
United Nations Children's Fund (UNICEF),Development Partner,.79118651,.86490071,.48087594,.95839244,69,66,71,38,.76811594,.86363637,.50704223,.94736844
United Nations Children's Fund (UNICEF),Government,.7751357,.83311588,.53768289,.89081979,190,179,195,98,.7842105,.82122904,.51794875,.86734694
United Nations Children's Fund (UNICEF),Non-Governmental Organization or Civil Society Organization,.58418149,.81443065,.58761269,.90109694,59,57,59,31,.62711865,.84210527,.55932206,.90322578
United Nations Children's Fund (UNICEF),Private Sector,.73883909,.87798351,.32490164,1,8,7,8,4,.625,.85714287,.5,1
United Nations Development Program (UNDP),Development Partner,.73027551,.74121994,.46526682,.90104753,137,134,139,69,.7518248,.77611941,.47482014,.92753625
United Nations Development Program (UNDP),Government,.74542248,.79038286,.46279752,.91270995,366,345,373,179,.75136614,.79710144,.47184986,.91620111
United Nations Development Program (UNDP),Non-Governmental Organization or Civil Society Organization,.68542618,.74413675,.41225851,.79141343,137,130,138,57,.68613136,.79230767,.39855072,.84210527
United Nations Development Program (UNDP),Private Sector,.76832575,.89228302,.5676803,.97963202,23,23,23,13,.69565219,.82608694,.56521738,.92307693
United Nations Foundation,Development Partner,.67902315,.67887372,.57554322,1,6,5,6,2,.5,.40000001,.33333334,1
United Nations Foundation,Government,.61126453,.52914459,.2340695,.71749043,55,48,56,16,.65454543,.54166669,.2857143,.75
United Nations Foundation,Non-Governmental Organization or Civil Society Organization,.74924695,.81878883,.44256106,.74019545,20,17,20,12,.75,.88235295,.55000001,.75
United Nations Foundation,Private Sector,.21995378,1,1,1,2,2,2,2,.5,1,1,1
United States - Millennium Challenge Corporation (MCC),Development Partner,.80927539,.80615342,.34136891,1,9,9,9,3,.77777779,.8888889,.33333334,1
United States - Millennium Challenge Corporation (MCC),Government,.814188,.8040542,.33434564,.92347491,59,54,60,21,.76271188,.81481481,.33333334,.90476191
United States - Millennium Challenge Corporation (MCC),Non-Governmental Organization or Civil Society Organization,.74800092,.84916276,.37616637,1,11,10,11,3,.63636363,.80000001,.27272728,1
United States - Millennium Challenge Corporation (MCC),Private Sector,.74633986,.96290439,.39465171,1,7,7,7,3,.71428573,.85714287,.42857143,1
United States - U.S. Agency for International Development (USAID),Development Partner,.75234908,.76143062,.44564393,.91067845,97,92,97,48,.79381442,.82608694,.49484536,.91666669
United States - U.S. Agency for International Development (USAID),Government,.82657212,.83357555,.44443113,.92393249,270,253,276,130,.80740738,.84980237,.47826087,.92307693
United States - U.S. Agency for International Development (USAID),Non-Governmental Organization or Civil Society Organization,.75926644,.84799683,.40468258,.94391668,123,118,124,53,.7723577,.85593218,.40322581,.94339621
United States - U.S. Agency for International Development (USAID),Private Sector,.91731036,.90432525,.34031972,.90438563,20,20,20,8,.85000002,.85000002,.34999999,.875
United States - U.S. Embassy (or Consulate-General),Development Partner,.88982624,.80004251,.29783365,.74615371,39,36,39,15,.8974359,.8611111,.35897437,.80000001
United States - U.S. Embassy (or Consulate-General),Government,.83391124,.77572405,.30322337,.91406757,114,107,119,43,.82456142,.78504676,.31092438,.88372093
United States - U.S. Embassy (or Consulate-General),Non-Governmental Organization or Civil Society Organization,.70219487,.77530879,.39222264,.86258483,85,81,86,32,.69411767,.79012346,.37209302,.90625
United States - U.S. Embassy (or Consulate-General),Private Sector,.80142468,.77620447,.13221152,1,13,12,13,2,.69230771,.75,.15384616,1
William and Flora Hewlett Foundation,Government,0,,0,,1,0,1,0,0,,0,
Woodrow Wilson International Center for Scholars,Government,0,0,0,,1,1,1,0,0,0,0,
Woodrow Wilson International Center for Scholars,Non-Governmental Organization or Civil Society Organization,.12133554,.22013217,.54838222,1,5,5,5,1,.2,.40000001,.2,1
Woodrow Wilson International Center for Scholars,Private Sector,0,1,0,,1,1,1,0,0,1,0,
World Bank,Development Partner,.755418,.81622297,.54207629,.90373594,126,118,126,68,.76984125,.83050847,.55555558,.91176468
World Bank,Government,.83979064,.84371293,.48608881,.92696756,454,432,463,226,.8325991,.85416669,.49676025,.93362832
World Bank,Non-Governmental Organization or Civil Society Organization,.72182024,.78396213,.52037358,.89792752,88,86,90,47,.73863637,.80232561,.52222222,.87234044
World Bank,Private Sector,.86769336,.91351718,.51937288,.98626214,41,41,41,21,.85365856,.87804878,.51219511,.95238096
World Vision,Development Partner,.3413668,.62853354,.23463309,1,17,14,17,5,.35294119,.71428573,.23529412,1
World Vision,Government,.44410187,.66558695,.48513666,.89700645,54,53,56,24,.4074074,.5471698,.42857143,.79166669
World Vision,Non-Governmental Organization or Civil Society Organization,.43242258,.59540111,.45103168,.64862376,13,12,13,6,.38461539,.58333331,.38461539,.66666669
World Vision,Private Sector,.85826838,.85826838,.44115812,1,7,7,7,4,.71428573,.71428573,.5714286,1
