"wbg_region","stakeholder","sdg_code","sdg_name","p_weighted","p_unweighted"
"East Asia and Pacific","Government",4,"Education",0.693149176066017,0.679558011049724
"East Asia and Pacific","Government",8,"Employment",0.508396792902041,0.524861878453039
"East Asia and Pacific","Government",3,"Health",0.491139720952153,0.502762430939227
"East Asia and Pacific","Government",16,"Peace and justice",0.475464798009316,0.453038674033149
"East Asia and Pacific","Government",9,"Industry",0.426728523215012,0.425414364640884
"East Asia and Pacific","Government",11,"Cities",0.339825140678838,0.314917127071823
"East Asia and Pacific","Government",13,"Climate",0.330642719851549,0.353591160220994
"East Asia and Pacific","Government",6,"Water",0.322608516691796,0.348066298342541
"East Asia and Pacific","Government",15,"Life on land",0.294576836282127,0.331491712707182
"East Asia and Pacific","Government",10,"Inequality",0.286885648242282,0.248618784530387
"East Asia and Pacific","Government",5,"Gender equality",0.28603922718101,0.25414364640884
"East Asia and Pacific","Government",7,"Clean Energy",0.254470685098227,0.276243093922652
"East Asia and Pacific","Government",1,"Poverty",0.243069021893387,0.243093922651934
"East Asia and Pacific","Government",12,"Consumption",0.16897977277468,0.165745856353591
"East Asia and Pacific","Government",14,"Life below water",0.142486848614142,0.143646408839779
"East Asia and Pacific","Government",2,"Hunger",0.135320680637776,0.121546961325967
"East Asia and Pacific","Development Partner",4,"Education",0.671262478171192,0.65625
"East Asia and Pacific","Development Partner",16,"Peace and justice",0.626052323878052,0.625
"East Asia and Pacific","Development Partner",8,"Employment",0.616039107262771,0.59375
"East Asia and Pacific","Development Partner",10,"Inequality",0.443359806483202,0.4375
"East Asia and Pacific","Development Partner",3,"Health",0.437674722068401,0.4375
"East Asia and Pacific","Development Partner",9,"Industry",0.398654822893068,0.40625
"East Asia and Pacific","Development Partner",15,"Life on land",0.339144978759792,0.328125
"East Asia and Pacific","Development Partner",13,"Climate",0.328231648220013,0.34375
"East Asia and Pacific","Development Partner",6,"Water",0.310018437797619,0.296875
"East Asia and Pacific","Development Partner",5,"Gender equality",0.296416515772404,0.34375
"East Asia and Pacific","Development Partner",1,"Poverty",0.29619301534734,0.328125
"East Asia and Pacific","Development Partner",2,"Hunger",0.235831095204671,0.25
"East Asia and Pacific","Development Partner",7,"Clean Energy",0.187408282689238,0.21875
"East Asia and Pacific","Development Partner",11,"Cities",0.176419154086215,0.1875
"East Asia and Pacific","Development Partner",14,"Life below water",0.099821470681528,0.109375
"East Asia and Pacific","Development Partner",12,"Consumption",0.0772868311312385,0.09375
"East Asia and Pacific","NGO or CSO",16,"Peace and justice",0.660824052913093,0.679012345679012
"East Asia and Pacific","NGO or CSO",4,"Education",0.621201442207611,0.62962962962963
"East Asia and Pacific","NGO or CSO",8,"Employment",0.535302995911584,0.506172839506173
"East Asia and Pacific","NGO or CSO",3,"Health",0.416317857232384,0.432098765432099
"East Asia and Pacific","NGO or CSO",13,"Climate",0.402293195667051,0.407407407407407
"East Asia and Pacific","NGO or CSO",15,"Life on land",0.384501353981412,0.419753086419753
"East Asia and Pacific","NGO or CSO",5,"Gender equality",0.377419823790258,0.37037037037037
"East Asia and Pacific","NGO or CSO",10,"Inequality",0.311341377171653,0.37037037037037
"East Asia and Pacific","NGO or CSO",11,"Cities",0.274177951327565,0.283950617283951
"East Asia and Pacific","NGO or CSO",1,"Poverty",0.238945639388349,0.259259259259259
"East Asia and Pacific","NGO or CSO",9,"Industry",0.237125149454861,0.222222222222222
"East Asia and Pacific","NGO or CSO",6,"Water",0.220552020518335,0.222222222222222
"East Asia and Pacific","NGO or CSO",14,"Life below water",0.168147367924817,0.160493827160494
"East Asia and Pacific","NGO or CSO",7,"Clean Energy",0.103499859048314,0.123456790123457
"East Asia and Pacific","NGO or CSO",12,"Consumption",0.0805817331127701,0.0987654320987654
"East Asia and Pacific","NGO or CSO",2,"Hunger",0.0580560342905129,0.0864197530864197
"East Asia and Pacific","Private Sector",9,"Industry",0.803448735253015,0.777777777777778
"East Asia and Pacific","Private Sector",4,"Education",0.782437181022951,0.722222222222222
"East Asia and Pacific","Private Sector",16,"Peace and justice",0.65271976557858,0.611111111111111
"East Asia and Pacific","Private Sector",8,"Employment",0.548590221939983,0.555555555555556
"East Asia and Pacific","Private Sector",7,"Clean Energy",0.487027686772591,0.388888888888889
"East Asia and Pacific","Private Sector",3,"Health",0.425298744758745,0.555555555555556
"East Asia and Pacific","Private Sector",6,"Water",0.296834774246873,0.444444444444444
"East Asia and Pacific","Private Sector",11,"Cities",0.237923268785339,0.277777777777778
"East Asia and Pacific","Private Sector",5,"Gender equality",0.203320785400048,0.111111111111111
"East Asia and Pacific","Private Sector",13,"Climate",0.173050576072186,0.277777777777778
"East Asia and Pacific","Private Sector",10,"Inequality",0.141482761841999,0.222222222222222
"East Asia and Pacific","Private Sector",1,"Poverty",0.126316843789106,0.111111111111111
"East Asia and Pacific","Private Sector",14,"Life below water",0.106464556879431,0.0555555555555556
"East Asia and Pacific","Private Sector",15,"Life on land",0.0955038658098441,0.111111111111111
"East Asia and Pacific","Private Sector",12,"Consumption",0.0817929548062445,0.111111111111111
"East Asia and Pacific","Private Sector",2,"Hunger",0,0
"Europe and Central Asia","Government",16,"Peace and justice",0.643561072324482,0.643835616438356
"Europe and Central Asia","Government",8,"Employment",0.634764295698537,0.65296803652968
"Europe and Central Asia","Government",4,"Education",0.591832617791234,0.616438356164384
"Europe and Central Asia","Government",9,"Industry",0.497193294900994,0.515981735159817
"Europe and Central Asia","Government",3,"Health",0.346109523244586,0.378995433789954
"Europe and Central Asia","Government",11,"Cities",0.285475006992846,0.296803652968037
"Europe and Central Asia","Government",7,"Clean Energy",0.244364768817152,0.237442922374429
"Europe and Central Asia","Government",10,"Inequality",0.200262202204731,0.178082191780822
"Europe and Central Asia","Government",1,"Poverty",0.19693391857073,0.187214611872146
"Europe and Central Asia","Government",5,"Gender equality",0.167450757678428,0.168949771689498
"Europe and Central Asia","Government",12,"Consumption",0.159047328712536,0.168949771689498
"Europe and Central Asia","Government",6,"Water",0.145998094359514,0.155251141552511
"Europe and Central Asia","Government",15,"Life on land",0.117278977405511,0.132420091324201
"Europe and Central Asia","Government",13,"Climate",0.105573135874441,0.123287671232877
"Europe and Central Asia","Government",2,"Hunger",0.0588578980069685,0.0639269406392694
"Europe and Central Asia","Government",14,"Life below water",0.0217323558204292,0.0273972602739726
"Europe and Central Asia","Development Partner",8,"Employment",0.786775880224576,0.810810810810811
"Europe and Central Asia","Development Partner",4,"Education",0.700237368855974,0.72972972972973
"Europe and Central Asia","Development Partner",16,"Peace and justice",0.663882793579786,0.689189189189189
"Europe and Central Asia","Development Partner",9,"Industry",0.376318518518344,0.405405405405405
"Europe and Central Asia","Development Partner",3,"Health",0.361506032839088,0.391891891891892
"Europe and Central Asia","Development Partner",11,"Cities",0.36048795918182,0.351351351351351
"Europe and Central Asia","Development Partner",10,"Inequality",0.309936297681749,0.310810810810811
"Europe and Central Asia","Development Partner",1,"Poverty",0.23996590501116,0.27027027027027
"Europe and Central Asia","Development Partner",7,"Clean Energy",0.218425086576242,0.256756756756757
"Europe and Central Asia","Development Partner",6,"Water",0.194121450674376,0.202702702702703
"Europe and Central Asia","Development Partner",5,"Gender equality",0.163088481162244,0.202702702702703
"Europe and Central Asia","Development Partner",15,"Life on land",0.129858697370815,0.162162162162162
"Europe and Central Asia","Development Partner",13,"Climate",0.123565331031059,0.108108108108108
"Europe and Central Asia","Development Partner",12,"Consumption",0.0899352185047684,0.0810810810810811
"Europe and Central Asia","Development Partner",14,"Life below water",0.00960168715745005,0.0135135135135135
"Europe and Central Asia","Development Partner",2,"Hunger",0.00735942661037181,0.0135135135135135
"Europe and Central Asia","NGO or CSO",16,"Peace and justice",0.759890230512612,0.751677852348993
"Europe and Central Asia","NGO or CSO",8,"Employment",0.658834329710636,0.671140939597315
"Europe and Central Asia","NGO or CSO",4,"Education",0.650064423142397,0.644295302013423
"Europe and Central Asia","NGO or CSO",9,"Industry",0.425833894400626,0.429530201342282
"Europe and Central Asia","NGO or CSO",3,"Health",0.368502847842956,0.409395973154362
"Europe and Central Asia","NGO or CSO",11,"Cities",0.295878407300386,0.328859060402685
"Europe and Central Asia","NGO or CSO",1,"Poverty",0.295461986856059,0.302013422818792
"Europe and Central Asia","NGO or CSO",5,"Gender equality",0.265437847004473,0.261744966442953
"Europe and Central Asia","NGO or CSO",7,"Clean Energy",0.233268592674359,0.214765100671141
"Europe and Central Asia","NGO or CSO",10,"Inequality",0.213748306324416,0.214765100671141
"Europe and Central Asia","NGO or CSO",13,"Climate",0.123317300302266,0.120805369127517
"Europe and Central Asia","NGO or CSO",6,"Water",0.122917684702559,0.140939597315436
"Europe and Central Asia","NGO or CSO",12,"Consumption",0.121480952125401,0.134228187919463
"Europe and Central Asia","NGO or CSO",15,"Life on land",0.107215665767835,0.10738255033557
"Europe and Central Asia","NGO or CSO",2,"Hunger",0.0462681338648279,0.0469798657718121
"Europe and Central Asia","NGO or CSO",14,"Life below water",0,0
"Europe and Central Asia","Private Sector",8,"Employment",0.734675217265285,0.714285714285714
"Europe and Central Asia","Private Sector",4,"Education",0.733903592536001,0.678571428571429
"Europe and Central Asia","Private Sector",16,"Peace and justice",0.728956895293513,0.714285714285714
"Europe and Central Asia","Private Sector",9,"Industry",0.689232285798844,0.678571428571429
"Europe and Central Asia","Private Sector",3,"Health",0.474269730732681,0.357142857142857
"Europe and Central Asia","Private Sector",5,"Gender equality",0.311563041025535,0.178571428571429
"Europe and Central Asia","Private Sector",10,"Inequality",0.298223262939983,0.25
"Europe and Central Asia","Private Sector",1,"Poverty",0.264012962475081,0.178571428571429
"Europe and Central Asia","Private Sector",7,"Clean Energy",0.251922764982491,0.214285714285714
"Europe and Central Asia","Private Sector",11,"Cities",0.201864522340121,0.25
"Europe and Central Asia","Private Sector",15,"Life on land",0.158043769248372,0.178571428571429
"Europe and Central Asia","Private Sector",6,"Water",0.151121062489039,0.107142857142857
"Europe and Central Asia","Private Sector",13,"Climate",0.121072297098893,0.107142857142857
"Europe and Central Asia","Private Sector",2,"Hunger",0.109369760451203,0.0714285714285714
"Europe and Central Asia","Private Sector",12,"Consumption",0.0551035682813467,0.0714285714285714
"Europe and Central Asia","Private Sector",14,"Life below water",0.0411492293917033,0.0357142857142857
"Latin America and the Caribbean","Government",8,"Employment",0.634281219935497,0.66
"Latin America and the Caribbean","Government",4,"Education",0.628889874759917,0.64
"Latin America and the Caribbean","Government",16,"Peace and justice",0.609994579334589,0.606666666666667
"Latin America and the Caribbean","Government",3,"Health",0.471520438175332,0.493333333333333
"Latin America and the Caribbean","Government",10,"Inequality",0.418660583674299,0.406666666666667
"Latin America and the Caribbean","Government",9,"Industry",0.376761583578683,0.36
"Latin America and the Caribbean","Government",1,"Poverty",0.369211827795986,0.346666666666667
"Latin America and the Caribbean","Government",11,"Cities",0.249361432588344,0.253333333333333
"Latin America and the Caribbean","Government",6,"Water",0.231679091360949,0.246666666666667
"Latin America and the Caribbean","Government",5,"Gender equality",0.214195771594933,0.22
"Latin America and the Caribbean","Government",2,"Hunger",0.194287686787615,0.18
"Latin America and the Caribbean","Government",13,"Climate",0.193352122227254,0.206666666666667
"Latin America and the Caribbean","Government",12,"Consumption",0.173542009737338,0.166666666666667
"Latin America and the Caribbean","Government",15,"Life on land",0.17038918274405,0.166666666666667
"Latin America and the Caribbean","Government",7,"Clean Energy",0.151128824195642,0.146666666666667
"Latin America and the Caribbean","Government",14,"Life below water",0.0199012395421686,0.02
"Latin America and the Caribbean","Development Partner",4,"Education",0.699535888076571,0.652173913043478
"Latin America and the Caribbean","Development Partner",8,"Employment",0.662867024070273,0.652173913043478
"Latin America and the Caribbean","Development Partner",16,"Peace and justice",0.658977500576671,0.652173913043478
"Latin America and the Caribbean","Development Partner",10,"Inequality",0.570535473126387,0.565217391304348
"Latin America and the Caribbean","Development Partner",11,"Cities",0.478441506665943,0.478260869565217
"Latin America and the Caribbean","Development Partner",5,"Gender equality",0.436022076801612,0.456521739130435
"Latin America and the Caribbean","Development Partner",13,"Climate",0.401740733345192,0.369565217391304
"Latin America and the Caribbean","Development Partner",6,"Water",0.36884647244637,0.304347826086957
"Latin America and the Caribbean","Development Partner",1,"Poverty",0.240202640101643,0.239130434782609
"Latin America and the Caribbean","Development Partner",15,"Life on land",0.235368528199386,0.282608695652174
"Latin America and the Caribbean","Development Partner",3,"Health",0.225417886126462,0.260869565217391
"Latin America and the Caribbean","Development Partner",9,"Industry",0.217515634735062,0.239130434782609
"Latin America and the Caribbean","Development Partner",7,"Clean Energy",0.164642172763963,0.130434782608696
"Latin America and the Caribbean","Development Partner",12,"Consumption",0.149886204909501,0.108695652173913
"Latin America and the Caribbean","Development Partner",2,"Hunger",0.147445214600956,0.152173913043478
"Latin America and the Caribbean","Development Partner",14,"Life below water",0.0569788799952574,0.0434782608695652
"Latin America and the Caribbean","NGO or CSO",4,"Education",0.652875009729713,0.6375
"Latin America and the Caribbean","NGO or CSO",8,"Employment",0.537544015135768,0.475
"Latin America and the Caribbean","NGO or CSO",16,"Peace and justice",0.533184678711025,0.525
"Latin America and the Caribbean","NGO or CSO",3,"Health",0.416559326538902,0.375
"Latin America and the Caribbean","NGO or CSO",5,"Gender equality",0.411745022486936,0.4625
"Latin America and the Caribbean","NGO or CSO",10,"Inequality",0.389669125200599,0.4625
"Latin America and the Caribbean","NGO or CSO",1,"Poverty",0.337868592217159,0.3375
"Latin America and the Caribbean","NGO or CSO",15,"Life on land",0.323293420573064,0.3
"Latin America and the Caribbean","NGO or CSO",9,"Industry",0.293233952641123,0.2375
"Latin America and the Caribbean","NGO or CSO",6,"Water",0.281220131338971,0.3
"Latin America and the Caribbean","NGO or CSO",11,"Cities",0.258660170039299,0.275
"Latin America and the Caribbean","NGO or CSO",13,"Climate",0.235048584717638,0.3125
"Latin America and the Caribbean","NGO or CSO",2,"Hunger",0.2280481817116,0.2125
"Latin America and the Caribbean","NGO or CSO",7,"Clean Energy",0.215705016297769,0.175
"Latin America and the Caribbean","NGO or CSO",12,"Consumption",0.160988568142516,0.175
"Latin America and the Caribbean","NGO or CSO",14,"Life below water",0.0295045280798398,0.0375
"Latin America and the Caribbean","Private Sector",8,"Employment",0.826100670844381,0.777777777777778
"Latin America and the Caribbean","Private Sector",4,"Education",0.81706511483567,0.777777777777778
"Latin America and the Caribbean","Private Sector",9,"Industry",0.740194829236135,0.638888888888889
"Latin America and the Caribbean","Private Sector",16,"Peace and justice",0.738004090174119,0.694444444444444
"Latin America and the Caribbean","Private Sector",3,"Health",0.305651848722629,0.277777777777778
"Latin America and the Caribbean","Private Sector",7,"Clean Energy",0.294680637077516,0.277777777777778
"Latin America and the Caribbean","Private Sector",11,"Cities",0.267906313897379,0.333333333333333
"Latin America and the Caribbean","Private Sector",15,"Life on land",0.24838291604182,0.25
"Latin America and the Caribbean","Private Sector",10,"Inequality",0.225237783853953,0.25
"Latin America and the Caribbean","Private Sector",12,"Consumption",0.195548210793406,0.222222222222222
"Latin America and the Caribbean","Private Sector",13,"Climate",0.187222652889697,0.194444444444444
"Latin America and the Caribbean","Private Sector",5,"Gender equality",0.17992469431844,0.166666666666667
"Latin America and the Caribbean","Private Sector",6,"Water",0.157902993592567,0.194444444444444
"Latin America and the Caribbean","Private Sector",2,"Hunger",0.118694618059927,0.138888888888889
"Latin America and the Caribbean","Private Sector",1,"Poverty",0.116506996681133,0.166666666666667
"Latin America and the Caribbean","Private Sector",14,"Life below water",0.0365699911305529,0.0555555555555556
"Middle East and North Africa","Government",4,"Education",0.709848453848587,0.702127659574468
"Middle East and North Africa","Government",8,"Employment",0.65223277831831,0.617021276595745
"Middle East and North Africa","Government",16,"Peace and justice",0.606154355586869,0.606382978723404
"Middle East and North Africa","Government",9,"Industry",0.452418691946855,0.468085106382979
"Middle East and North Africa","Government",3,"Health",0.406215809567891,0.436170212765957
"Middle East and North Africa","Government",1,"Poverty",0.386294695277444,0.425531914893617
"Middle East and North Africa","Government",6,"Water",0.35184988748598,0.404255319148936
"Middle East and North Africa","Government",11,"Cities",0.228530999887405,0.276595744680851
"Middle East and North Africa","Government",7,"Clean Energy",0.213277944536251,0.234042553191489
"Middle East and North Africa","Government",5,"Gender equality",0.211976340772168,0.234042553191489
"Middle East and North Africa","Government",10,"Inequality",0.199861639992954,0.191489361702128
"Middle East and North Africa","Government",12,"Consumption",0.19024855699863,0.212765957446809
"Middle East and North Africa","Government",2,"Hunger",0.167641360977001,0.191489361702128
"Middle East and North Africa","Government",15,"Life on land",0.135458546738606,0.138297872340426
"Middle East and North Africa","Government",13,"Climate",0.0757580939503774,0.0957446808510638
"Middle East and North Africa","Government",14,"Life below water",0.0333784468835557,0.0319148936170213
"Middle East and North Africa","Development Partner",8,"Employment",0.729434860686854,0.703703703703704
"Middle East and North Africa","Development Partner",4,"Education",0.632595264824167,0.62962962962963
"Middle East and North Africa","Development Partner",16,"Peace and justice",0.510667724392631,0.592592592592593
"Middle East and North Africa","Development Partner",6,"Water",0.430930910355035,0.444444444444444
"Middle East and North Africa","Development Partner",10,"Inequality",0.373920881378748,0.333333333333333
"Middle East and North Africa","Development Partner",7,"Clean Energy",0.302132947703943,0.296296296296296
"Middle East and North Africa","Development Partner",5,"Gender equality",0.28543281596401,0.333333333333333
"Middle East and North Africa","Development Partner",1,"Poverty",0.275813293966843,0.333333333333333
"Middle East and North Africa","Development Partner",9,"Industry",0.271118197257566,0.296296296296296
"Middle East and North Africa","Development Partner",11,"Cities",0.270648160119016,0.296296296296296
"Middle East and North Africa","Development Partner",12,"Consumption",0.159642858643112,0.148148148148148
"Middle East and North Africa","Development Partner",3,"Health",0.151828904242163,0.222222222222222
"Middle East and North Africa","Development Partner",2,"Hunger",0.130379743463459,0.148148148148148
"Middle East and North Africa","Development Partner",13,"Climate",0.126711313175344,0.111111111111111
"Middle East and North Africa","Development Partner",15,"Life on land",0.12281361834388,0.111111111111111
"Middle East and North Africa","Development Partner",14,"Life below water",0.104575372353355,0.0740740740740741
"Middle East and North Africa","NGO or CSO",16,"Peace and justice",0.768016936635216,0.78
"Middle East and North Africa","NGO or CSO",4,"Education",0.646985356143994,0.68
"Middle East and North Africa","NGO or CSO",8,"Employment",0.618224578322375,0.64
"Middle East and North Africa","NGO or CSO",5,"Gender equality",0.40313849981643,0.44
"Middle East and North Africa","NGO or CSO",9,"Industry",0.344495160427684,0.36
"Middle East and North Africa","NGO or CSO",3,"Health",0.341361801140576,0.34
"Middle East and North Africa","NGO or CSO",1,"Poverty",0.334049052141248,0.4
"Middle East and North Africa","NGO or CSO",12,"Consumption",0.221646287315239,0.2
"Middle East and North Africa","NGO or CSO",2,"Hunger",0.210951112648166,0.24
"Middle East and North Africa","NGO or CSO",11,"Cities",0.206743491453518,0.24
"Middle East and North Africa","NGO or CSO",10,"Inequality",0.189992393600319,0.2
"Middle East and North Africa","NGO or CSO",7,"Clean Energy",0.181012263729784,0.18
"Middle East and North Africa","NGO or CSO",6,"Water",0.176165815343029,0.22
"Middle East and North Africa","NGO or CSO",15,"Life on land",0.149016899749975,0.18
"Middle East and North Africa","NGO or CSO",13,"Climate",0.116237083396331,0.14
"Middle East and North Africa","NGO or CSO",14,"Life below water",0,0
"Middle East and North Africa","Private Sector",16,"Peace and justice",1,1
"Middle East and North Africa","Private Sector",4,"Education",1,1
"Middle East and North Africa","Private Sector",8,"Employment",0.876276360909655,0.833333333333333
"Middle East and North Africa","Private Sector",5,"Gender equality",0.829188942637176,0.666666666666667
"Middle East and North Africa","Private Sector",1,"Poverty",0.67880827822146,0.5
"Middle East and North Africa","Private Sector",9,"Industry",0.574334608634874,0.666666666666667
"Middle East and North Africa","Private Sector",7,"Clean Energy",0.527247190362395,0.5
"Middle East and North Africa","Private Sector",11,"Cities",0.276578062296868,0.166666666666667
"Middle East and North Africa","Private Sector",3,"Health",0.272810968158604,0.333333333333333
"Middle East and North Africa","Private Sector",13,"Climate",0.253142886856333,0.166666666666667
"Middle East and North Africa","Private Sector",2,"Hunger",0.253142886856333,0.166666666666667
"Middle East and North Africa","Private Sector",10,"Inequality",0.123723639090345,0.166666666666667
"Middle East and North Africa","Private Sector",12,"Consumption",0.047087418272479,0.166666666666667
"Middle East and North Africa","Private Sector",14,"Life below water",0,0
"Middle East and North Africa","Private Sector",15,"Life on land",0,0
"Middle East and North Africa","Private Sector",6,"Water",0,0
"South Asia","Government",8,"Employment",0.522290522515423,0.561151079136691
"South Asia","Government",4,"Education",0.515192016529417,0.568345323741007
"South Asia","Government",9,"Industry",0.477109890631614,0.482014388489209
"South Asia","Government",16,"Peace and justice",0.466955321468003,0.532374100719424
"South Asia","Government",11,"Cities",0.445357093202457,0.388489208633094
"South Asia","Government",6,"Water",0.397965822968791,0.37410071942446
"South Asia","Government",3,"Health",0.347853497074054,0.402877697841727
"South Asia","Government",13,"Climate",0.314165803767826,0.287769784172662
"South Asia","Government",7,"Clean Energy",0.303090342400201,0.280575539568345
"South Asia","Government",5,"Gender equality",0.286377351322113,0.294964028776978
"South Asia","Government",1,"Poverty",0.263586661489693,0.294964028776978
"South Asia","Government",10,"Inequality",0.218744719656941,0.215827338129496
"South Asia","Government",15,"Life on land",0.215232853636647,0.194244604316547
"South Asia","Government",2,"Hunger",0.197421949655859,0.194244604316547
"South Asia","Government",12,"Consumption",0.161205388372726,0.151079136690647
"South Asia","Government",14,"Life below water",0.0600182131274679,0.0431654676258993
"South Asia","Development Partner",16,"Peace and justice",0.798873059606139,0.775510204081633
"South Asia","Development Partner",1,"Poverty",0.551229335361166,0.530612244897959
"South Asia","Development Partner",4,"Education",0.537524538351707,0.530612244897959
"South Asia","Development Partner",8,"Employment",0.482285894030639,0.489795918367347
"South Asia","Development Partner",11,"Cities",0.478226990640703,0.428571428571429
"South Asia","Development Partner",10,"Inequality",0.475522876350125,0.469387755102041
"South Asia","Development Partner",5,"Gender equality",0.471281939734196,0.428571428571429
"South Asia","Development Partner",9,"Industry",0.447424326938608,0.428571428571429
"South Asia","Development Partner",3,"Health",0.411112722090291,0.408163265306122
"South Asia","Development Partner",7,"Clean Energy",0.347223497297626,0.326530612244898
"South Asia","Development Partner",6,"Water",0.319867464170503,0.285714285714286
"South Asia","Development Partner",13,"Climate",0.280765022848799,0.285714285714286
"South Asia","Development Partner",15,"Life on land",0.24286608501305,0.244897959183673
"South Asia","Development Partner",2,"Hunger",0.208144850340685,0.224489795918367
"South Asia","Development Partner",12,"Consumption",0.178439914756195,0.183673469387755
"South Asia","Development Partner",14,"Life below water",0.0383491938963479,0.0204081632653061
"South Asia","NGO or CSO",16,"Peace and justice",0.663106847326301,0.714285714285714
"South Asia","NGO or CSO",4,"Education",0.52405010721516,0.619047619047619
"South Asia","NGO or CSO",8,"Employment",0.496516487384601,0.523809523809524
"South Asia","NGO or CSO",5,"Gender equality",0.434935399181243,0.452380952380952
"South Asia","NGO or CSO",1,"Poverty",0.348324103256876,0.357142857142857
"South Asia","NGO or CSO",3,"Health",0.334234809846617,0.357142857142857
"South Asia","NGO or CSO",6,"Water",0.315272203646295,0.333333333333333
"South Asia","NGO or CSO",10,"Inequality",0.289083624259931,0.30952380952381
"South Asia","NGO or CSO",2,"Hunger",0.287252099754929,0.285714285714286
"South Asia","NGO or CSO",13,"Climate",0.271793178864065,0.261904761904762
"South Asia","NGO or CSO",7,"Clean Energy",0.26221872894617,0.30952380952381
"South Asia","NGO or CSO",12,"Consumption",0.247979021684384,0.238095238095238
"South Asia","NGO or CSO",9,"Industry",0.235262064476283,0.261904761904762
"South Asia","NGO or CSO",11,"Cities",0.18906361140957,0.238095238095238
"South Asia","NGO or CSO",15,"Life on land",0.130127927082083,0.119047619047619
"South Asia","NGO or CSO",14,"Life below water",0.0290609752934047,0.0238095238095238
"South Asia","Private Sector",9,"Industry",0.714525981867888,0.7
"South Asia","Private Sector",16,"Peace and justice",0.703130516700306,0.7
"South Asia","Private Sector",7,"Clean Energy",0.542650892930144,0.5
"South Asia","Private Sector",4,"Education",0.485668890235833,0.5
"South Asia","Private Sector",6,"Water",0.435519090845902,0.3
"South Asia","Private Sector",10,"Inequality",0.34442506998205,0.4
"South Asia","Private Sector",3,"Health",0.304956010229585,0.3
"South Asia","Private Sector",5,"Gender equality",0.254260503979043,0.3
"South Asia","Private Sector",8,"Employment",0.254260503979043,0.3
"South Asia","Private Sector",11,"Cities",0.227835506618279,0.3
"South Asia","Private Sector",12,"Consumption",0.0797900910015096,0.1
"South Asia","Private Sector",2,"Hunger",0.0312129193053772,0.1
"South Asia","Private Sector",1,"Poverty",0,0
"South Asia","Private Sector",13,"Climate",0,0
"South Asia","Private Sector",14,"Life below water",0,0
"South Asia","Private Sector",15,"Life on land",0,0
"Sub-Saharan Africa","Government",4,"Education",0.655076693652617,0.6751269035533
"Sub-Saharan Africa","Government",16,"Peace and justice",0.619882084878723,0.609137055837564
"Sub-Saharan Africa","Government",8,"Employment",0.575095061956402,0.588832487309645
"Sub-Saharan Africa","Government",9,"Industry",0.478412507730644,0.487309644670051
"Sub-Saharan Africa","Government",3,"Health",0.477623267463991,0.50507614213198
"Sub-Saharan Africa","Government",6,"Water",0.400288766560343,0.408629441624365
"Sub-Saharan Africa","Government",1,"Poverty",0.363077410979112,0.373096446700508
"Sub-Saharan Africa","Government",2,"Hunger",0.3609205785001,0.357868020304569
"Sub-Saharan Africa","Government",7,"Clean Energy",0.360112522412929,0.378172588832487
"Sub-Saharan Africa","Government",5,"Gender equality",0.294741379279713,0.284263959390863
"Sub-Saharan Africa","Government",10,"Inequality",0.281912022476371,0.266497461928934
"Sub-Saharan Africa","Government",15,"Life on land",0.253359411063116,0.258883248730964
"Sub-Saharan Africa","Government",13,"Climate",0.236996286417156,0.238578680203046
"Sub-Saharan Africa","Government",11,"Cities",0.220322495100513,0.208121827411168
"Sub-Saharan Africa","Government",12,"Consumption",0.154070995475648,0.15989847715736
"Sub-Saharan Africa","Government",14,"Life below water",0.0674642697609063,0.0609137055837563
"Sub-Saharan Africa","Development Partner",4,"Education",0.636726567914778,0.640718562874252
"Sub-Saharan Africa","Development Partner",8,"Employment",0.61586568256363,0.598802395209581
"Sub-Saharan Africa","Development Partner",16,"Peace and justice",0.576278223331903,0.604790419161677
"Sub-Saharan Africa","Development Partner",3,"Health",0.44201559434626,0.431137724550898
"Sub-Saharan Africa","Development Partner",10,"Inequality",0.369765514957936,0.37125748502994
"Sub-Saharan Africa","Development Partner",6,"Water",0.346219122942024,0.37125748502994
"Sub-Saharan Africa","Development Partner",1,"Poverty",0.343547652570823,0.389221556886228
"Sub-Saharan Africa","Development Partner",9,"Industry",0.336518963958196,0.365269461077844
"Sub-Saharan Africa","Development Partner",5,"Gender equality",0.331180914153007,0.37125748502994
"Sub-Saharan Africa","Development Partner",7,"Clean Energy",0.282565522345698,0.305389221556886
"Sub-Saharan Africa","Development Partner",2,"Hunger",0.261159311068732,0.269461077844311
"Sub-Saharan Africa","Development Partner",15,"Life on land",0.242278499962884,0.269461077844311
"Sub-Saharan Africa","Development Partner",11,"Cities",0.222890730950759,0.215568862275449
"Sub-Saharan Africa","Development Partner",13,"Climate",0.17768426728893,0.215568862275449
"Sub-Saharan Africa","Development Partner",12,"Consumption",0.126789270455643,0.11377245508982
"Sub-Saharan Africa","Development Partner",14,"Life below water",0.0266664506593221,0.029940119760479
"Sub-Saharan Africa","NGO or CSO",16,"Peace and justice",0.66684630438368,0.71957671957672
"Sub-Saharan Africa","NGO or CSO",4,"Education",0.659729912502621,0.677248677248677
"Sub-Saharan Africa","NGO or CSO",3,"Health",0.513876260793764,0.507936507936508
"Sub-Saharan Africa","NGO or CSO",8,"Employment",0.457673685100848,0.497354497354497
"Sub-Saharan Africa","NGO or CSO",1,"Poverty",0.399469155730484,0.423280423280423
"Sub-Saharan Africa","NGO or CSO",5,"Gender equality",0.369660960698865,0.396825396825397
"Sub-Saharan Africa","NGO or CSO",2,"Hunger",0.360026667457938,0.37037037037037
"Sub-Saharan Africa","NGO or CSO",10,"Inequality",0.306210464457092,0.317460317460317
"Sub-Saharan Africa","NGO or CSO",6,"Water",0.306011125487094,0.338624338624339
"Sub-Saharan Africa","NGO or CSO",7,"Clean Energy",0.297519169135648,0.317460317460317
"Sub-Saharan Africa","NGO or CSO",9,"Industry",0.285807833163821,0.301587301587302
"Sub-Saharan Africa","NGO or CSO",15,"Life on land",0.242027965938928,0.291005291005291
"Sub-Saharan Africa","NGO or CSO",13,"Climate",0.226587329269721,0.26984126984127
"Sub-Saharan Africa","NGO or CSO",11,"Cities",0.212684881084798,0.222222222222222
"Sub-Saharan Africa","NGO or CSO",12,"Consumption",0.116491097022137,0.132275132275132
"Sub-Saharan Africa","NGO or CSO",14,"Life below water",0.0336821336188157,0.037037037037037
"Sub-Saharan Africa","Private Sector",8,"Employment",0.818744559072015,0.780487804878049
"Sub-Saharan Africa","Private Sector",9,"Industry",0.765683789537122,0.780487804878049
"Sub-Saharan Africa","Private Sector",4,"Education",0.741901126284192,0.75609756097561
"Sub-Saharan Africa","Private Sector",16,"Peace and justice",0.676840951611437,0.658536585365854
"Sub-Saharan Africa","Private Sector",3,"Health",0.513127616057413,0.536585365853659
"Sub-Saharan Africa","Private Sector",2,"Hunger",0.417026896011255,0.341463414634146
"Sub-Saharan Africa","Private Sector",7,"Clean Energy",0.384948967902591,0.341463414634146
"Sub-Saharan Africa","Private Sector",6,"Water",0.363394309346563,0.390243902439024
"Sub-Saharan Africa","Private Sector",1,"Poverty",0.346732499215902,0.317073170731707
"Sub-Saharan Africa","Private Sector",5,"Gender equality",0.304571490433812,0.292682926829268
"Sub-Saharan Africa","Private Sector",15,"Life on land",0.260706661566851,0.219512195121951
"Sub-Saharan Africa","Private Sector",12,"Consumption",0.259432311381081,0.24390243902439
"Sub-Saharan Africa","Private Sector",10,"Inequality",0.243503616805016,0.292682926829268
"Sub-Saharan Africa","Private Sector",13,"Climate",0.202149261849925,0.195121951219512
"Sub-Saharan Africa","Private Sector",11,"Cities",0.0747588227312737,0.0975609756097561
"Sub-Saharan Africa","Private Sector",14,"Life below water",0.0192885611538021,0.024390243902439
