"wbg_region","policy_cluster","sdg_code","sdg_name","p_weighted","p_unweighted"
"East Asia and Pacific","Economic",4,"Poverty",0.768180491277405,0.75
"East Asia and Pacific","Economic",9,"Inequality",0.701722594708183,0.696428571428571
"East Asia and Pacific","Economic",16,"Cities",0.612535897393115,0.589285714285714
"East Asia and Pacific","Economic",8,"Consumption",0.602078090808574,0.642857142857143
"East Asia and Pacific","Economic",10,"Climate",0.351560643551388,0.339285714285714
"East Asia and Pacific","Economic",3,"Life below water",0.322046391592032,0.375
"East Asia and Pacific","Economic",11,"Life on land",0.229508335283734,0.285714285714286
"East Asia and Pacific","Economic",7,"Peace and justice",0.2271756752109,0.232142857142857
"East Asia and Pacific","Economic",5,"Hunger",0.192503803254239,0.178571428571429
"East Asia and Pacific","Economic",13,"Health",0.186755083032397,0.232142857142857
"East Asia and Pacific","Economic",15,"Education",0.184903385083214,0.214285714285714
"East Asia and Pacific","Economic",12,"Gender equality",0.183379208195302,0.196428571428571
"East Asia and Pacific","Economic",14,"Water",0.173370111523121,0.160714285714286
"East Asia and Pacific","Economic",6,"Clean Energy",0.159094089050277,0.232142857142857
"East Asia and Pacific","Economic",1,"Employment",0.132480643979003,0.142857142857143
"East Asia and Pacific","Economic",2,"Industry",0.091450933342193,0.0714285714285714
"East Asia and Pacific","Social/Health",4,"Poverty",0.746833556895152,0.742268041237113
"East Asia and Pacific","Social/Health",3,"Inequality",0.697446483782383,0.670103092783505
"East Asia and Pacific","Social/Health",8,"Cities",0.543798057514515,0.525773195876289
"East Asia and Pacific","Social/Health",16,"Consumption",0.453253002630112,0.484536082474227
"East Asia and Pacific","Social/Health",10,"Climate",0.435570448579915,0.402061855670103
"East Asia and Pacific","Social/Health",5,"Life below water",0.370552262504788,0.391752577319588
"East Asia and Pacific","Social/Health",13,"Life on land",0.369243153910219,0.350515463917526
"East Asia and Pacific","Social/Health",11,"Peace and justice",0.318414393844777,0.278350515463918
"East Asia and Pacific","Social/Health",1,"Hunger",0.295815976298165,0.257731958762887
"East Asia and Pacific","Social/Health",6,"Health",0.292985823530438,0.319587628865979
"East Asia and Pacific","Social/Health",9,"Education",0.260742558304283,0.247422680412371
"East Asia and Pacific","Social/Health",15,"Gender equality",0.2494731392408,0.288659793814433
"East Asia and Pacific","Social/Health",7,"Water",0.160862669693275,0.175257731958763
"East Asia and Pacific","Social/Health",2,"Clean Energy",0.134379546615681,0.11340206185567
"East Asia and Pacific","Social/Health",14,"Employment",0.0730570053155084,0.0721649484536082
"East Asia and Pacific","Social/Health",12,"Industry",0.0648580490281846,0.0824742268041237
"East Asia and Pacific","Rural Development",15,"Poverty",0.664860500108076,0.652173913043478
"East Asia and Pacific","Rural Development",16,"Inequality",0.563239862912777,0.565217391304348
"East Asia and Pacific","Rural Development",3,"Cities",0.539980102117018,0.565217391304348
"East Asia and Pacific","Rural Development",1,"Consumption",0.537902906487033,0.565217391304348
"East Asia and Pacific","Rural Development",8,"Climate",0.508381657191362,0.608695652173913
"East Asia and Pacific","Rural Development",2,"Life below water",0.473084021028242,0.434782608695652
"East Asia and Pacific","Rural Development",4,"Life on land",0.420001123621,0.434782608695652
"East Asia and Pacific","Rural Development",6,"Peace and justice",0.393430510476108,0.347826086956522
"East Asia and Pacific","Rural Development",13,"Hunger",0.370555136871895,0.391304347826087
"East Asia and Pacific","Rural Development",5,"Health",0.368896093778843,0.304347826086957
"East Asia and Pacific","Rural Development",11,"Education",0.338192137082571,0.304347826086957
"East Asia and Pacific","Rural Development",12,"Gender equality",0.330238770959178,0.347826086956522
"East Asia and Pacific","Rural Development",9,"Water",0.304334497915005,0.347826086956522
"East Asia and Pacific","Rural Development",10,"Clean Energy",0.253260842707322,0.217391304347826
"East Asia and Pacific","Rural Development",7,"Employment",0.184467113498194,0.260869565217391
"East Asia and Pacific","Rural Development",14,"Industry",0.182950298667996,0.173913043478261
"East Asia and Pacific","Infrastructure",16,"Poverty",0.513404526611297,0.5
"East Asia and Pacific","Infrastructure",6,"Inequality",0.465140810848608,0.5
"East Asia and Pacific","Infrastructure",13,"Cities",0.454400708827011,0.545454545454545
"East Asia and Pacific","Infrastructure",4,"Consumption",0.430536824603629,0.409090909090909
"East Asia and Pacific","Infrastructure",11,"Climate",0.429747213171364,0.409090909090909
"East Asia and Pacific","Infrastructure",9,"Life below water",0.412894086319358,0.318181818181818
"East Asia and Pacific","Infrastructure",15,"Life on land",0.41086528135254,0.363636363636364
"East Asia and Pacific","Infrastructure",3,"Peace and justice",0.367869151201707,0.363636363636364
"East Asia and Pacific","Infrastructure",7,"Hunger",0.367492362596089,0.363636363636364
"East Asia and Pacific","Infrastructure",8,"Health",0.3535364305329,0.318181818181818
"East Asia and Pacific","Infrastructure",2,"Education",0.234794310384929,0.181818181818182
"East Asia and Pacific","Infrastructure",14,"Gender equality",0.201356678773239,0.181818181818182
"East Asia and Pacific","Infrastructure",12,"Water",0.17591022735319,0.136363636363636
"East Asia and Pacific","Infrastructure",1,"Clean Energy",0.153597108664958,0.181818181818182
"East Asia and Pacific","Infrastructure",5,"Employment",0.108808612295743,0.136363636363636
"East Asia and Pacific","Infrastructure",10,"Industry",0.0995781832327,0.136363636363636
"East Asia and Pacific","Environment",4,"Poverty",0.588669273855122,0.590909090909091
"East Asia and Pacific","Environment",13,"Inequality",0.56511811949225,0.545454545454545
"East Asia and Pacific","Environment",15,"Cities",0.52942737627386,0.613636363636364
"East Asia and Pacific","Environment",6,"Consumption",0.48946620997228,0.477272727272727
"East Asia and Pacific","Environment",11,"Climate",0.487808370619279,0.454545454545455
"East Asia and Pacific","Environment",8,"Life below water",0.390776674339618,0.386363636363636
"East Asia and Pacific","Environment",7,"Life on land",0.383114691999663,0.409090909090909
"East Asia and Pacific","Environment",16,"Peace and justice",0.370008045093235,0.363636363636364
"East Asia and Pacific","Environment",9,"Hunger",0.33191625698903,0.295454545454545
"East Asia and Pacific","Environment",14,"Health",0.30308961136,0.340909090909091
"East Asia and Pacific","Environment",5,"Education",0.299492148364204,0.272727272727273
"East Asia and Pacific","Environment",3,"Gender equality",0.292308723414063,0.318181818181818
"East Asia and Pacific","Environment",12,"Water",0.247332890432997,0.227272727272727
"East Asia and Pacific","Environment",2,"Clean Energy",0.0998341248123053,0.113636363636364
"East Asia and Pacific","Environment",1,"Employment",0.0917747895895772,0.136363636363636
"East Asia and Pacific","Environment",10,"Industry",0.059525955081596,0.113636363636364
"East Asia and Pacific","Governance",16,"Poverty",0.801621532429995,0.791666666666667
"East Asia and Pacific","Governance",4,"Inequality",0.71799136294615,0.6875
"East Asia and Pacific","Governance",8,"Cities",0.620370076109481,0.541666666666667
"East Asia and Pacific","Governance",9,"Consumption",0.45051461041266,0.458333333333333
"East Asia and Pacific","Governance",10,"Climate",0.364859258449861,0.354166666666667
"East Asia and Pacific","Governance",1,"Life below water",0.363947502025001,0.395833333333333
"East Asia and Pacific","Governance",13,"Life on land",0.259502589431665,0.3125
"East Asia and Pacific","Governance",7,"Peace and justice",0.22485296492968,0.229166666666667
"East Asia and Pacific","Governance",5,"Hunger",0.222155895605224,0.229166666666667
"East Asia and Pacific","Governance",6,"Health",0.202960708767326,0.208333333333333
"East Asia and Pacific","Governance",11,"Education",0.148402297985397,0.166666666666667
"East Asia and Pacific","Governance",3,"Gender equality",0.122022969696553,0.166666666666667
"East Asia and Pacific","Governance",15,"Water",0.118648385388714,0.166666666666667
"East Asia and Pacific","Governance",2,"Clean Energy",0.0535152261832101,0.0625
"East Asia and Pacific","Governance",12,"Employment",0.0520808554069985,0.0416666666666667
"East Asia and Pacific","Governance",14,"Industry",0.0169953631767008,0.0416666666666667
"East Asia and Pacific","Others",4,"Poverty",0.744564669823524,0.685185185185185
"East Asia and Pacific","Others",3,"Inequality",0.67986013395076,0.648148148148148
"East Asia and Pacific","Others",8,"Cities",0.595611159125059,0.611111111111111
"East Asia and Pacific","Others",16,"Consumption",0.551751480146609,0.555555555555556
"East Asia and Pacific","Others",9,"Climate",0.422304841390752,0.407407407407407
"East Asia and Pacific","Others",5,"Life below water",0.406343931751707,0.351851851851852
"East Asia and Pacific","Others",10,"Life on land",0.374547539745752,0.351851851851852
"East Asia and Pacific","Others",15,"Peace and justice",0.325952179259791,0.351851851851852
"East Asia and Pacific","Others",6,"Hunger",0.275269056684867,0.259259259259259
"East Asia and Pacific","Others",13,"Health",0.229773281000279,0.314814814814815
"East Asia and Pacific","Others",1,"Education",0.21855436323499,0.240740740740741
"East Asia and Pacific","Others",11,"Gender equality",0.19060360479986,0.185185185185185
"East Asia and Pacific","Others",7,"Water",0.153628329120669,0.148148148148148
"East Asia and Pacific","Others",14,"Clean Energy",0.129540636302289,0.111111111111111
"East Asia and Pacific","Others",2,"Employment",0.103672484850426,0.148148148148148
"East Asia and Pacific","Others",12,"Industry",0.0646917118286408,0.0740740740740741
"Europe and Central Asia","Economic",8,"Poverty",0.828787109873527,0.807228915662651
"Europe and Central Asia","Economic",4,"Inequality",0.743748527324854,0.72289156626506
"Europe and Central Asia","Economic",9,"Cities",0.682020879747876,0.710843373493976
"Europe and Central Asia","Economic",16,"Consumption",0.66949321955142,0.674698795180723
"Europe and Central Asia","Economic",3,"Climate",0.36562254473824,0.385542168674699
"Europe and Central Asia","Economic",10,"Life below water",0.334921859848139,0.289156626506024
"Europe and Central Asia","Economic",11,"Life on land",0.308166546099672,0.27710843373494
"Europe and Central Asia","Economic",7,"Peace and justice",0.262118986990159,0.265060240963855
"Europe and Central Asia","Economic",12,"Hunger",0.195806116770826,0.168674698795181
"Europe and Central Asia","Economic",5,"Health",0.174685619415664,0.144578313253012
"Europe and Central Asia","Economic",1,"Education",0.169037646163116,0.180722891566265
"Europe and Central Asia","Economic",15,"Gender equality",0.137568283975037,0.168674698795181
"Europe and Central Asia","Economic",13,"Water",0.0985960846159664,0.0963855421686747
"Europe and Central Asia","Economic",2,"Clean Energy",0.0585341612078239,0.0481927710843374
"Europe and Central Asia","Economic",6,"Employment",0.0558654690944735,0.072289156626506
"Europe and Central Asia","Economic",14,"Industry",0.0360191075040035,0.0240963855421687
"Europe and Central Asia","Social/Health",4,"Poverty",0.650057530189817,0.705882352941177
"Europe and Central Asia","Social/Health",16,"Inequality",0.646825932468772,0.647058823529412
"Europe and Central Asia","Social/Health",8,"Cities",0.574309718499618,0.617647058823529
"Europe and Central Asia","Social/Health",3,"Consumption",0.532743113738776,0.588235294117647
"Europe and Central Asia","Social/Health",1,"Climate",0.325228016503672,0.313725490196078
"Europe and Central Asia","Social/Health",5,"Life below water",0.269847852139908,0.274509803921569
"Europe and Central Asia","Social/Health",9,"Life on land",0.269156234702931,0.284313725490196
"Europe and Central Asia","Social/Health",11,"Peace and justice",0.246518210498787,0.254901960784314
"Europe and Central Asia","Social/Health",10,"Hunger",0.218926863875871,0.225490196078431
"Europe and Central Asia","Social/Health",7,"Health",0.165213229426033,0.147058823529412
"Europe and Central Asia","Social/Health",6,"Education",0.124901006069661,0.156862745098039
"Europe and Central Asia","Social/Health",13,"Gender equality",0.108876140474692,0.107843137254902
"Europe and Central Asia","Social/Health",12,"Water",0.089626918741838,0.127450980392157
"Europe and Central Asia","Social/Health",15,"Clean Energy",0.0777512926850807,0.0686274509803922
"Europe and Central Asia","Social/Health",2,"Employment",0.0525921465495923,0.0686274509803922
"Europe and Central Asia","Social/Health",14,"Industry",0,0
"Europe and Central Asia","Rural Development",8,"Poverty",0.849490897421745,0.826086956521739
"Europe and Central Asia","Rural Development",9,"Inequality",0.630021606211975,0.695652173913043
"Europe and Central Asia","Rural Development",4,"Cities",0.486674143250795,0.565217391304348
"Europe and Central Asia","Rural Development",1,"Consumption",0.471159307181754,0.478260869565217
"Europe and Central Asia","Rural Development",16,"Climate",0.338267528322193,0.391304347826087
"Europe and Central Asia","Rural Development",3,"Life below water",0.271626063694184,0.260869565217391
"Europe and Central Asia","Rural Development",15,"Life on land",0.20884864060398,0.304347826086957
"Europe and Central Asia","Rural Development",12,"Peace and justice",0.199961743382041,0.217391304347826
"Europe and Central Asia","Rural Development",2,"Hunger",0.199810884442189,0.217391304347826
"Europe and Central Asia","Rural Development",6,"Health",0.193398734016833,0.173913043478261
"Europe and Central Asia","Rural Development",7,"Education",0.190632066419731,0.217391304347826
"Europe and Central Asia","Rural Development",10,"Gender equality",0.166265646258488,0.173913043478261
"Europe and Central Asia","Rural Development",11,"Water",0.155017420946837,0.173913043478261
"Europe and Central Asia","Rural Development",13,"Clean Energy",0.109613853246385,0.130434782608696
"Europe and Central Asia","Rural Development",14,"Employment",0.0397679742001305,0.0869565217391304
"Europe and Central Asia","Rural Development",5,"Industry",0.0282684612728908,0.0869565217391304
"Europe and Central Asia","Infrastructure",4,"Poverty",0.599352752850713,0.62962962962963
"Europe and Central Asia","Infrastructure",9,"Inequality",0.591901149906856,0.555555555555556
"Europe and Central Asia","Infrastructure",16,"Cities",0.536904968760294,0.555555555555556
"Europe and Central Asia","Infrastructure",8,"Consumption",0.472707324149874,0.518518518518518
"Europe and Central Asia","Infrastructure",11,"Climate",0.392531849671933,0.444444444444444
"Europe and Central Asia","Infrastructure",7,"Life below water",0.349994373954906,0.333333333333333
"Europe and Central Asia","Infrastructure",6,"Life on land",0.271000694497465,0.296296296296296
"Europe and Central Asia","Infrastructure",3,"Peace and justice",0.261724387116804,0.296296296296296
"Europe and Central Asia","Infrastructure",15,"Hunger",0.205951616986709,0.148148148148148
"Europe and Central Asia","Infrastructure",10,"Health",0.173332612932852,0.185185185185185
"Europe and Central Asia","Infrastructure",13,"Education",0.172292770886741,0.222222222222222
"Europe and Central Asia","Infrastructure",1,"Gender equality",0.142294513516756,0.148148148148148
"Europe and Central Asia","Infrastructure",12,"Water",0.135714071709662,0.185185185185185
"Europe and Central Asia","Infrastructure",2,"Clean Energy",0.060924877361841,0.0740740740740741
"Europe and Central Asia","Infrastructure",14,"Employment",0,0
"Europe and Central Asia","Infrastructure",5,"Industry",0,0
"Europe and Central Asia","Environment",7,"Poverty",0.47376221562777,0.473684210526316
"Europe and Central Asia","Environment",6,"Inequality",0.444617031725483,0.421052631578947
"Europe and Central Asia","Environment",15,"Cities",0.4395933116356,0.473684210526316
"Europe and Central Asia","Environment",4,"Consumption",0.378970572302531,0.447368421052632
"Europe and Central Asia","Environment",9,"Climate",0.365410055396864,0.394736842105263
"Europe and Central Asia","Environment",16,"Life below water",0.340600436782607,0.368421052631579
"Europe and Central Asia","Environment",8,"Life on land",0.321429738393919,0.394736842105263
"Europe and Central Asia","Environment",13,"Peace and justice",0.28330855869406,0.342105263157895
"Europe and Central Asia","Environment",12,"Hunger",0.282457976403284,0.263157894736842
"Europe and Central Asia","Environment",11,"Health",0.273778928486501,0.315789473684211
"Europe and Central Asia","Environment",3,"Education",0.224096114198618,0.289473684210526
"Europe and Central Asia","Environment",5,"Gender equality",0.126526745303756,0.157894736842105
"Europe and Central Asia","Environment",1,"Water",0.123768201804439,0.131578947368421
"Europe and Central Asia","Environment",10,"Clean Energy",0.106572327912843,0.105263157894737
"Europe and Central Asia","Environment",14,"Employment",0.078885855874075,0.0789473684210526
"Europe and Central Asia","Environment",2,"Industry",0.0490978276625995,0.0526315789473684
"Europe and Central Asia","Governance",16,"Poverty",0.795564535178193,0.811320754716981
"Europe and Central Asia","Governance",8,"Inequality",0.660936599990531,0.669811320754717
"Europe and Central Asia","Governance",4,"Cities",0.599859592058036,0.584905660377358
"Europe and Central Asia","Governance",9,"Consumption",0.454696574692629,0.481132075471698
"Europe and Central Asia","Governance",11,"Climate",0.360089924885452,0.415094339622642
"Europe and Central Asia","Governance",3,"Life below water",0.315743445846748,0.349056603773585
"Europe and Central Asia","Governance",5,"Life on land",0.210292153015121,0.264150943396226
"Europe and Central Asia","Governance",7,"Peace and justice",0.191298446771626,0.19811320754717
"Europe and Central Asia","Governance",1,"Hunger",0.163968839847657,0.179245283018868
"Europe and Central Asia","Governance",10,"Health",0.153014096904885,0.150943396226415
"Europe and Central Asia","Governance",6,"Education",0.0898126827831367,0.0754716981132075
"Europe and Central Asia","Governance",12,"Gender equality",0.0664784661428136,0.0660377358490566
"Europe and Central Asia","Governance",15,"Water",0.0532474687944031,0.0566037735849057
"Europe and Central Asia","Governance",13,"Clean Energy",0.0381305726532457,0.0471698113207547
"Europe and Central Asia","Governance",2,"Employment",0.0215952444543312,0.0188679245283019
"Europe and Central Asia","Governance",14,"Industry",0.0077273028883436,0.00943396226415094
"Europe and Central Asia","Others",16,"Poverty",0.824147952146913,0.857142857142857
"Europe and Central Asia","Others",8,"Inequality",0.788099876362838,0.813186813186813
"Europe and Central Asia","Others",4,"Cities",0.670026595267679,0.692307692307692
"Europe and Central Asia","Others",9,"Consumption",0.469018279468153,0.450549450549451
"Europe and Central Asia","Others",3,"Climate",0.323507033276125,0.318681318681319
"Europe and Central Asia","Others",10,"Life below water",0.288327114455127,0.274725274725275
"Europe and Central Asia","Others",1,"Life on land",0.287894909341918,0.274725274725275
"Europe and Central Asia","Others",11,"Peace and justice",0.270133032741901,0.285714285714286
"Europe and Central Asia","Others",5,"Hunger",0.253067275949225,0.21978021978022
"Europe and Central Asia","Others",7,"Health",0.235216426630157,0.208791208791209
"Europe and Central Asia","Others",6,"Education",0.186149880333127,0.164835164835165
"Europe and Central Asia","Others",13,"Gender equality",0.141687324948033,0.10989010989011
"Europe and Central Asia","Others",12,"Water",0.116223188365333,0.120879120879121
"Europe and Central Asia","Others",15,"Clean Energy",0.0670283447677662,0.0659340659340659
"Europe and Central Asia","Others",2,"Employment",0.0393593178438813,0.021978021978022
"Europe and Central Asia","Others",14,"Industry",0,0
"Latin America and the Caribbean","Economic",8,"Poverty",0.885221666044713,0.87037037037037
"Latin America and the Caribbean","Economic",4,"Inequality",0.746169663762513,0.759259259259259
"Latin America and the Caribbean","Economic",9,"Cities",0.621450247031988,0.62962962962963
"Latin America and the Caribbean","Economic",16,"Consumption",0.541972916769985,0.537037037037037
"Latin America and the Caribbean","Economic",3,"Climate",0.408864660018208,0.388888888888889
"Latin America and the Caribbean","Economic",10,"Life below water",0.311325118153062,0.351851851851852
"Latin America and the Caribbean","Economic",7,"Life on land",0.257036761683015,0.222222222222222
"Latin America and the Caribbean","Economic",15,"Peace and justice",0.228446901882621,0.259259259259259
"Latin America and the Caribbean","Economic",1,"Hunger",0.193130509377231,0.185185185185185
"Latin America and the Caribbean","Economic",6,"Health",0.178711241964315,0.222222222222222
"Latin America and the Caribbean","Economic",5,"Education",0.1731113125598,0.185185185185185
"Latin America and the Caribbean","Economic",11,"Gender equality",0.164942781352809,0.185185185185185
"Latin America and the Caribbean","Economic",12,"Water",0.156483426361957,0.185185185185185
"Latin America and the Caribbean","Economic",2,"Clean Energy",0.131988872140329,0.148148148148148
"Latin America and the Caribbean","Economic",13,"Employment",0.122418979953131,0.12962962962963
"Latin America and the Caribbean","Economic",14,"Industry",0.0279685082911369,0.037037037037037
"Latin America and the Caribbean","Social/Health",4,"Poverty",0.788123471245348,0.736842105263158
"Latin America and the Caribbean","Social/Health",8,"Inequality",0.707766327244585,0.697368421052632
"Latin America and the Caribbean","Social/Health",10,"Cities",0.558789209481614,0.526315789473684
"Latin America and the Caribbean","Social/Health",16,"Consumption",0.551919636797841,0.539473684210526
"Latin America and the Caribbean","Social/Health",3,"Climate",0.492800057539654,0.539473684210526
"Latin America and the Caribbean","Social/Health",1,"Life below water",0.451247488610282,0.447368421052632
"Latin America and the Caribbean","Social/Health",5,"Life on land",0.399851049935559,0.460526315789474
"Latin America and the Caribbean","Social/Health",11,"Peace and justice",0.337753679574697,0.342105263157895
"Latin America and the Caribbean","Social/Health",6,"Hunger",0.277784240468934,0.263157894736842
"Latin America and the Caribbean","Social/Health",12,"Health",0.272822374873914,0.223684210526316
"Latin America and the Caribbean","Social/Health",9,"Education",0.244973674426026,0.210526315789474
"Latin America and the Caribbean","Social/Health",2,"Gender equality",0.243332743919678,0.197368421052632
"Latin America and the Caribbean","Social/Health",13,"Water",0.191846881161481,0.210526315789474
"Latin America and the Caribbean","Social/Health",15,"Clean Energy",0.176896183669349,0.171052631578947
"Latin America and the Caribbean","Social/Health",7,"Employment",0.115039056539521,0.118421052631579
"Latin America and the Caribbean","Social/Health",14,"Industry",0.0487852111092944,0.0394736842105263
"Latin America and the Caribbean","Rural Development",13,"Poverty",0.656668158164692,0.588235294117647
"Latin America and the Caribbean","Rural Development",6,"Inequality",0.516087120512239,0.470588235294118
"Latin America and the Caribbean","Rural Development",4,"Cities",0.458676360278771,0.470588235294118
"Latin America and the Caribbean","Rural Development",16,"Consumption",0.441081196819733,0.411764705882353
"Latin America and the Caribbean","Rural Development",15,"Climate",0.423035078749236,0.470588235294118
"Latin America and the Caribbean","Rural Development",5,"Life below water",0.408713313245883,0.411764705882353
"Latin America and the Caribbean","Rural Development",10,"Life on land",0.374371949695876,0.411764705882353
"Latin America and the Caribbean","Rural Development",8,"Peace and justice",0.372653144055466,0.352941176470588
"Latin America and the Caribbean","Rural Development",12,"Hunger",0.367433847081869,0.352941176470588
"Latin America and the Caribbean","Rural Development",11,"Health",0.297680721345041,0.352941176470588
"Latin America and the Caribbean","Rural Development",3,"Education",0.252103559357769,0.176470588235294
"Latin America and the Caribbean","Rural Development",7,"Gender equality",0.239716848473472,0.235294117647059
"Latin America and the Caribbean","Rural Development",2,"Water",0.21361933823581,0.294117647058824
"Latin America and the Caribbean","Rural Development",1,"Clean Energy",0.205158472490224,0.235294117647059
"Latin America and the Caribbean","Rural Development",9,"Employment",0.0979920462408585,0.0588235294117647
"Latin America and the Caribbean","Rural Development",14,"Industry",0,0
"Latin America and the Caribbean","Infrastructure",9,"Poverty",0.542857146003379,0.434782608695652
"Latin America and the Caribbean","Infrastructure",16,"Inequality",0.541893995215871,0.478260869565217
"Latin America and the Caribbean","Infrastructure",4,"Cities",0.467369296449376,0.478260869565217
"Latin America and the Caribbean","Infrastructure",8,"Consumption",0.413372554339562,0.478260869565217
"Latin America and the Caribbean","Infrastructure",13,"Climate",0.389529470775951,0.347826086956522
"Latin America and the Caribbean","Infrastructure",3,"Life below water",0.381137845019539,0.347826086956522
"Latin America and the Caribbean","Infrastructure",10,"Life on land",0.381125441573385,0.347826086956522
"Latin America and the Caribbean","Infrastructure",6,"Peace and justice",0.344551533004898,0.391304347826087
"Latin America and the Caribbean","Infrastructure",1,"Hunger",0.197227531777052,0.217391304347826
"Latin America and the Caribbean","Infrastructure",11,"Health",0.191028726834154,0.173913043478261
"Latin America and the Caribbean","Infrastructure",7,"Education",0.175443176638322,0.173913043478261
"Latin America and the Caribbean","Infrastructure",2,"Gender equality",0.16809910319065,0.173913043478261
"Latin America and the Caribbean","Infrastructure",12,"Water",0.132604761063701,0.130434782608696
"Latin America and the Caribbean","Infrastructure",15,"Clean Energy",0.117010397277177,0.173913043478261
"Latin America and the Caribbean","Infrastructure",5,"Employment",0.0761820061949921,0.130434782608696
"Latin America and the Caribbean","Infrastructure",14,"Industry",0.0124542368274586,0.0434782608695652
"Latin America and the Caribbean","Environment",4,"Poverty",0.598015699454322,0.5625
"Latin America and the Caribbean","Environment",6,"Inequality",0.511131863191022,0.5
"Latin America and the Caribbean","Environment",16,"Cities",0.510747812109037,0.46875
"Latin America and the Caribbean","Environment",1,"Consumption",0.425974317432398,0.375
"Latin America and the Caribbean","Environment",13,"Climate",0.387138313276645,0.5
"Latin America and the Caribbean","Environment",8,"Life below water",0.382376493255159,0.40625
"Latin America and the Caribbean","Environment",10,"Life on land",0.381977216438558,0.3125
"Latin America and the Caribbean","Environment",15,"Peace and justice",0.356802613300398,0.46875
"Latin America and the Caribbean","Environment",9,"Hunger",0.340516004264766,0.25
"Latin America and the Caribbean","Environment",3,"Health",0.327638571941064,0.34375
"Latin America and the Caribbean","Environment",11,"Education",0.283948575109813,0.3125
"Latin America and the Caribbean","Environment",5,"Gender equality",0.250890290327331,0.28125
"Latin America and the Caribbean","Environment",12,"Water",0.240581933448257,0.25
"Latin America and the Caribbean","Environment",7,"Clean Energy",0.214503656671576,0.21875
"Latin America and the Caribbean","Environment",2,"Employment",0.190739869007594,0.1875
"Latin America and the Caribbean","Environment",14,"Industry",0.036933032693061,0.0625
"Latin America and the Caribbean","Governance",16,"Poverty",0.768933737557646,0.787234042553192
"Latin America and the Caribbean","Governance",4,"Inequality",0.70474455485138,0.680851063829787
"Latin America and the Caribbean","Governance",8,"Cities",0.66018602075372,0.638297872340426
"Latin America and the Caribbean","Governance",1,"Consumption",0.412331103474934,0.361702127659574
"Latin America and the Caribbean","Governance",3,"Climate",0.410719866197055,0.425531914893617
"Latin America and the Caribbean","Governance",9,"Life below water",0.400110321258572,0.382978723404255
"Latin America and the Caribbean","Governance",10,"Life on land",0.375491216272514,0.446808510638298
"Latin America and the Caribbean","Governance",11,"Peace and justice",0.301481845945326,0.297872340425532
"Latin America and the Caribbean","Governance",5,"Hunger",0.295882567738668,0.319148936170213
"Latin America and the Caribbean","Governance",13,"Health",0.239833790914732,0.276595744680851
"Latin America and the Caribbean","Governance",2,"Education",0.175631679355985,0.191489361702128
"Latin America and the Caribbean","Governance",6,"Gender equality",0.130996161415413,0.148936170212766
"Latin America and the Caribbean","Governance",7,"Water",0.116539033726545,0.127659574468085
"Latin America and the Caribbean","Governance",12,"Clean Energy",0.0838927618415617,0.0638297872340425
"Latin America and the Caribbean","Governance",15,"Employment",0.0348317682900511,0.0638297872340425
"Latin America and the Caribbean","Governance",14,"Industry",0,0
"Latin America and the Caribbean","Others",16,"Poverty",0.743997803320243,0.761904761904762
"Latin America and the Caribbean","Others",8,"Inequality",0.606283289712093,0.555555555555556
"Latin America and the Caribbean","Others",4,"Cities",0.575479078585669,0.619047619047619
"Latin America and the Caribbean","Others",10,"Consumption",0.394460836041532,0.444444444444444
"Latin America and the Caribbean","Others",3,"Climate",0.394436834914266,0.349206349206349
"Latin America and the Caribbean","Others",9,"Life below water",0.346451026507924,0.317460317460317
"Latin America and the Caribbean","Others",11,"Life on land",0.336279495686269,0.380952380952381
"Latin America and the Caribbean","Others",15,"Peace and justice",0.29625841640645,0.222222222222222
"Latin America and the Caribbean","Others",5,"Hunger",0.263911644385062,0.285714285714286
"Latin America and the Caribbean","Others",1,"Health",0.231442484392602,0.222222222222222
"Latin America and the Caribbean","Others",7,"Education",0.208536156757101,0.158730158730159
"Latin America and the Caribbean","Others",6,"Gender equality",0.16980380120199,0.158730158730159
"Latin America and the Caribbean","Others",2,"Water",0.169491006789082,0.142857142857143
"Latin America and the Caribbean","Others",13,"Clean Energy",0.135938711994949,0.158730158730159
"Latin America and the Caribbean","Others",12,"Employment",0.065568931836501,0.0793650793650794
"Latin America and the Caribbean","Others",14,"Industry",0.034904476532413,0.0317460317460317
"Middle East and North Africa","Economic",8,"Poverty",0.709867896986451,0.645161290322581
"Middle East and North Africa","Economic",4,"Inequality",0.646938471361801,0.645161290322581
"Middle East and North Africa","Economic",9,"Cities",0.471843276892906,0.548387096774194
"Middle East and North Africa","Economic",1,"Consumption",0.330508977566313,0.387096774193548
"Middle East and North Africa","Economic",16,"Climate",0.322862493252388,0.451612903225806
"Middle East and North Africa","Economic",12,"Life below water",0.301153396943867,0.32258064516129
"Middle East and North Africa","Economic",6,"Life on land",0.290788017578001,0.290322580645161
"Middle East and North Africa","Economic",7,"Peace and justice",0.275140649382507,0.32258064516129
"Middle East and North Africa","Economic",3,"Hunger",0.262226308734381,0.32258064516129
"Middle East and North Africa","Economic",10,"Health",0.250310170889123,0.193548387096774
"Middle East and North Africa","Economic",5,"Education",0.176155539863131,0.193548387096774
"Middle East and North Africa","Economic",11,"Gender equality",0.118932913555161,0.193548387096774
"Middle East and North Africa","Economic",2,"Water",0.117831072452502,0.193548387096774
"Middle East and North Africa","Economic",13,"Clean Energy",0.0235781675733836,0.0645161290322581
"Middle East and North Africa","Economic",15,"Employment",0.0235781675733836,0.0645161290322581
"Middle East and North Africa","Economic",14,"Industry",0.0101941799735951,0.032258064516129
"Middle East and North Africa","Social/Health",16,"Poverty",0.796183140952647,0.72972972972973
"Middle East and North Africa","Social/Health",4,"Inequality",0.739096960327092,0.702702702702703
"Middle East and North Africa","Social/Health",8,"Cities",0.662294527552839,0.594594594594595
"Middle East and North Africa","Social/Health",9,"Consumption",0.487046868471533,0.459459459459459
"Middle East and North Africa","Social/Health",3,"Climate",0.45711020248398,0.513513513513513
"Middle East and North Africa","Social/Health",5,"Life below water",0.441971045775545,0.513513513513513
"Middle East and North Africa","Social/Health",1,"Life on land",0.402605732105544,0.432432432432432
"Middle East and North Africa","Social/Health",10,"Peace and justice",0.344052702446771,0.297297297297297
"Middle East and North Africa","Social/Health",11,"Hunger",0.268442171510481,0.324324324324324
"Middle East and North Africa","Social/Health",6,"Health",0.268405265620487,0.297297297297297
"Middle East and North Africa","Social/Health",7,"Education",0.223229899818743,0.162162162162162
"Middle East and North Africa","Social/Health",12,"Gender equality",0.103042481800374,0.108108108108108
"Middle East and North Africa","Social/Health",2,"Water",0.0830973575220985,0.0810810810810811
"Middle East and North Africa","Social/Health",13,"Clean Energy",0.069612890715748,0.0810810810810811
"Middle East and North Africa","Social/Health",15,"Employment",0.0643163528670625,0.0810810810810811
"Middle East and North Africa","Social/Health",14,"Industry",0.0304557380617164,0.027027027027027
"Middle East and North Africa","Rural Development",8,"Poverty",0.964344657435648,0.9
"Middle East and North Africa","Rural Development",16,"Inequality",0.570356921560233,0.5
"Middle East and North Africa","Rural Development",6,"Cities",0.485191997264013,0.4
"Middle East and North Africa","Rural Development",12,"Consumption",0.475751456414366,0.6
"Middle East and North Africa","Rural Development",2,"Climate",0.438324180029671,0.5
"Middle East and North Africa","Rural Development",9,"Life below water",0.373683336427573,0.4
"Middle East and North Africa","Rural Development",13,"Life on land",0.365681706925079,0.4
"Middle East and North Africa","Rural Development",15,"Peace and justice",0.344822290421708,0.3
"Middle East and North Africa","Rural Development",4,"Hunger",0.340330207955121,0.4
"Middle East and North Africa","Rural Development",1,"Health",0.330026364360727,0.3
"Middle East and North Africa","Rural Development",5,"Education",0.288092358461043,0.4
"Middle East and North Africa","Rural Development",10,"Gender equality",0.278409512999268,0.2
"Middle East and North Africa","Rural Development",11,"Water",0.17025445505277,0.2
"Middle East and North Africa","Rural Development",7,"Clean Energy",0.0969030933652314,0.1
"Middle East and North Africa","Rural Development",14,"Employment",0,0
"Middle East and North Africa","Rural Development",3,"Industry",0,0
"Middle East and North Africa","Infrastructure",11,"Poverty",0.574064180286978,0.6
"Middle East and North Africa","Infrastructure",4,"Inequality",0.52564845779695,0.4
"Middle East and North Africa","Infrastructure",9,"Cities",0.461799593546029,0.4
"Middle East and North Africa","Infrastructure",10,"Consumption",0.416633862125864,0.4
"Middle East and North Africa","Infrastructure",8,"Climate",0.412543722968817,0.5
"Middle East and North Africa","Infrastructure",3,"Life below water",0.387780426361044,0.4
"Middle East and North Africa","Infrastructure",13,"Life on land",0.385116021701547,0.4
"Middle East and North Africa","Infrastructure",16,"Peace and justice",0.375569078410291,0.5
"Middle East and North Africa","Infrastructure",6,"Hunger",0.370281269691875,0.5
"Middle East and North Africa","Infrastructure",14,"Health",0.361237308588878,0.2
"Middle East and North Africa","Infrastructure",12,"Education",0.339864605828251,0.4
"Middle East and North Africa","Infrastructure",15,"Gender equality",0.273480730741658,0.2
"Middle East and North Africa","Infrastructure",2,"Water",0.219524123700023,0.2
"Middle East and North Africa","Infrastructure",7,"Clean Energy",0.135612699305751,0.2
"Middle East and North Africa","Infrastructure",1,"Employment",0.0606270704407806,0.1
"Middle East and North Africa","Infrastructure",5,"Industry",0.0606270704407806,0.1
"Middle East and North Africa","Environment",16,"Poverty",0.612006877727439,0.625
"Middle East and North Africa","Environment",4,"Inequality",0.526117273928716,0.625
"Middle East and North Africa","Environment",8,"Cities",0.501036108630896,0.4375
"Middle East and North Africa","Environment",7,"Consumption",0.478568320690541,0.4375
"Middle East and North Africa","Environment",1,"Climate",0.459301565673648,0.5
"Middle East and North Africa","Environment",15,"Life below water",0.381141769562293,0.5
"Middle East and North Africa","Environment",13,"Life on land",0.380786724835342,0.3125
"Middle East and North Africa","Environment",3,"Peace and justice",0.355243190904534,0.375
"Middle East and North Africa","Environment",6,"Hunger",0.341091921843675,0.4375
"Middle East and North Africa","Environment",12,"Health",0.321444938796714,0.25
"Middle East and North Africa","Environment",11,"Education",0.320469723352908,0.25
"Middle East and North Africa","Environment",9,"Gender equality",0.268254064965164,0.3125
"Middle East and North Africa","Environment",2,"Water",0.158431080693976,0.25
"Middle East and North Africa","Environment",5,"Clean Energy",0.134900415905239,0.125
"Middle East and North Africa","Environment",10,"Employment",0.134252914132043,0.125
"Middle East and North Africa","Environment",14,"Industry",0.0965112157615935,0.0625
"Middle East and North Africa","Governance",4,"Poverty",0.771504137887364,0.805555555555556
"Middle East and North Africa","Governance",8,"Inequality",0.714387828537821,0.75
"Middle East and North Africa","Governance",16,"Cities",0.713189586895351,0.75
"Middle East and North Africa","Governance",3,"Consumption",0.380381705156586,0.333333333333333
"Middle East and North Africa","Governance",5,"Climate",0.349596051396694,0.388888888888889
"Middle East and North Africa","Governance",1,"Life below water",0.340229902976476,0.361111111111111
"Middle East and North Africa","Governance",9,"Life on land",0.312238251435889,0.333333333333333
"Middle East and North Africa","Governance",10,"Peace and justice",0.255900431116545,0.277777777777778
"Middle East and North Africa","Governance",6,"Hunger",0.199283650070344,0.25
"Middle East and North Africa","Governance",7,"Health",0.16941353330402,0.166666666666667
"Middle East and North Africa","Governance",12,"Education",0.11424012479632,0.111111111111111
"Middle East and North Africa","Governance",11,"Gender equality",0.112247750505711,0.138888888888889
"Middle East and North Africa","Governance",2,"Water",0.110100914755151,0.138888888888889
"Middle East and North Africa","Governance",15,"Clean Energy",0.030655366219141,0.0277777777777778
"Middle East and North Africa","Governance",13,"Employment",0.0223254425331239,0.0277777777777778
"Middle East and North Africa","Governance",14,"Industry",0,0
"Middle East and North Africa","Others",4,"Poverty",0.782661442586923,0.810810810810811
"Middle East and North Africa","Others",16,"Inequality",0.758738437325734,0.810810810810811
"Middle East and North Africa","Others",8,"Cities",0.668642815073877,0.648648648648649
"Middle East and North Africa","Others",1,"Consumption",0.457238408943567,0.513513513513513
"Middle East and North Africa","Others",6,"Climate",0.441194454736781,0.432432432432432
"Middle East and North Africa","Others",9,"Life below water",0.419418210198598,0.405405405405405
"Middle East and North Africa","Others",3,"Life on land",0.331880037252715,0.405405405405405
"Middle East and North Africa","Others",11,"Peace and justice",0.296373090537943,0.324324324324324
"Middle East and North Africa","Others",2,"Hunger",0.291802355754219,0.27027027027027
"Middle East and North Africa","Others",5,"Health",0.288266847127425,0.297297297297297
"Middle East and North Africa","Others",7,"Education",0.24119207312656,0.27027027027027
"Middle East and North Africa","Others",15,"Gender equality",0.203246598279694,0.162162162162162
"Middle East and North Africa","Others",12,"Water",0.101475769591494,0.0810810810810811
"Middle East and North Africa","Others",10,"Clean Energy",0.0533138402459442,0.0810810810810811
"Middle East and North Africa","Others",13,"Employment",0.039903142706181,0.027027027027027
"Middle East and North Africa","Others",14,"Industry",0,0
"South Asia","Economic",8,"Poverty",0.707814739345811,0.722222222222222
"South Asia","Economic",9,"Inequality",0.669415830600338,0.666666666666667
"South Asia","Economic",16,"Cities",0.664972303708983,0.685185185185185
"South Asia","Economic",4,"Consumption",0.613933123416637,0.592592592592593
"South Asia","Economic",11,"Climate",0.460392008748295,0.425925925925926
"South Asia","Economic",7,"Life below water",0.325898980504952,0.37037037037037
"South Asia","Economic",1,"Life on land",0.319381967123702,0.333333333333333
"South Asia","Economic",10,"Peace and justice",0.316065903246646,0.333333333333333
"South Asia","Economic",3,"Hunger",0.281553423091378,0.296296296296296
"South Asia","Economic",5,"Health",0.273199333260453,0.277777777777778
"South Asia","Economic",12,"Education",0.186272027308532,0.185185185185185
"South Asia","Economic",6,"Gender equality",0.169927933889678,0.185185185185185
"South Asia","Economic",13,"Water",0.166417494291684,0.148148148148148
"South Asia","Economic",2,"Clean Energy",0.121348579955587,0.166666666666667
"South Asia","Economic",15,"Employment",0.0934938069175429,0.111111111111111
"South Asia","Economic",14,"Industry",0.0409691262947262,0.0185185185185185
"South Asia","Social/Health",4,"Poverty",0.660559612402663,0.666666666666667
"South Asia","Social/Health",16,"Inequality",0.604179689216062,0.616666666666667
"South Asia","Social/Health",8,"Cities",0.529030979082362,0.55
"South Asia","Social/Health",3,"Consumption",0.522273751924472,0.533333333333333
"South Asia","Social/Health",10,"Climate",0.474089192999482,0.433333333333333
"South Asia","Social/Health",1,"Life below water",0.417367691551498,0.4
"South Asia","Social/Health",11,"Life on land",0.393867170831747,0.35
"South Asia","Social/Health",5,"Peace and justice",0.373552962911247,0.383333333333333
"South Asia","Social/Health",6,"Hunger",0.371175673983892,0.383333333333333
"South Asia","Social/Health",13,"Health",0.307080079043209,0.3
"South Asia","Social/Health",9,"Education",0.26695641417028,0.283333333333333
"South Asia","Social/Health",2,"Gender equality",0.261267245419626,0.3
"South Asia","Social/Health",7,"Water",0.241680597154491,0.216666666666667
"South Asia","Social/Health",15,"Clean Energy",0.200118375829915,0.15
"South Asia","Social/Health",12,"Employment",0.0936071311761728,0.116666666666667
"South Asia","Social/Health",14,"Industry",0.0587908644390049,0.0333333333333333
"South Asia","Rural Development",15,"Poverty",0.61675471973136,0.533333333333333
"South Asia","Rural Development",12,"Inequality",0.543242939195685,0.466666666666667
"South Asia","Rural Development",8,"Cities",0.534174329377219,0.6
"South Asia","Rural Development",2,"Consumption",0.498788454133684,0.4
"South Asia","Rural Development",6,"Climate",0.488741008962817,0.466666666666667
"South Asia","Rural Development",3,"Life below water",0.484044753291832,0.466666666666667
"South Asia","Rural Development",13,"Life on land",0.443124602716925,0.533333333333333
"South Asia","Rural Development",16,"Peace and justice",0.422397974780662,0.466666666666667
"South Asia","Rural Development",1,"Hunger",0.397950198489168,0.466666666666667
"South Asia","Rural Development",4,"Health",0.376508751562086,0.4
"South Asia","Rural Development",9,"Education",0.373587546029695,0.4
"South Asia","Rural Development",11,"Gender equality",0.32076075810191,0.333333333333333
"South Asia","Rural Development",5,"Water",0.276035711420967,0.333333333333333
"South Asia","Rural Development",10,"Clean Energy",0.261786696004613,0.266666666666667
"South Asia","Rural Development",7,"Employment",0.0432352455610917,0.0666666666666667
"South Asia","Rural Development",14,"Industry",0,0
"South Asia","Infrastructure",6,"Poverty",0.762092045238055,0.714285714285714
"South Asia","Infrastructure",11,"Inequality",0.601697596802828,0.642857142857143
"South Asia","Infrastructure",9,"Cities",0.553887105891708,0.571428571428571
"South Asia","Infrastructure",7,"Consumption",0.500186082047295,0.5
"South Asia","Infrastructure",10,"Climate",0.456246542600535,0.428571428571429
"South Asia","Infrastructure",1,"Life below water",0.438915380103462,0.428571428571429
"South Asia","Infrastructure",15,"Life on land",0.351783219913504,0.428571428571429
"South Asia","Infrastructure",8,"Peace and justice",0.343067223483033,0.5
"South Asia","Infrastructure",13,"Hunger",0.287910872326457,0.285714285714286
"South Asia","Infrastructure",16,"Health",0.241810353887516,0.214285714285714
"South Asia","Infrastructure",12,"Education",0.237017887487942,0.214285714285714
"South Asia","Infrastructure",4,"Gender equality",0.206918354184085,0.357142857142857
"South Asia","Infrastructure",3,"Water",0.174132472258187,0.285714285714286
"South Asia","Infrastructure",5,"Clean Energy",0.0621684085541466,0.142857142857143
"South Asia","Infrastructure",14,"Employment",0.0609336909999775,0.0714285714285714
"South Asia","Infrastructure",2,"Industry",0.0158350563096885,0.0714285714285714
"South Asia","Environment",13,"Poverty",0.619200934857503,0.535714285714286
"South Asia","Environment",11,"Inequality",0.537243054448641,0.535714285714286
"South Asia","Environment",9,"Cities",0.45949547713878,0.464285714285714
"South Asia","Environment",7,"Consumption",0.437341294988508,0.357142857142857
"South Asia","Environment",6,"Climate",0.415584949852377,0.357142857142857
"South Asia","Environment",16,"Life below water",0.347885670189353,0.464285714285714
"South Asia","Environment",5,"Life on land",0.307481742690182,0.285714285714286
"South Asia","Environment",4,"Peace and justice",0.290740140261852,0.357142857142857
"South Asia","Environment",12,"Hunger",0.287468156949271,0.321428571428571
"South Asia","Environment",15,"Health",0.218157137951422,0.285714285714286
"South Asia","Environment",8,"Education",0.198346092458947,0.214285714285714
"South Asia","Environment",1,"Gender equality",0.184803421278211,0.178571428571429
"South Asia","Environment",14,"Water",0.182209400797594,0.142857142857143
"South Asia","Environment",3,"Clean Energy",0.165396012993363,0.214285714285714
"South Asia","Environment",2,"Employment",0.13052361088783,0.107142857142857
"South Asia","Environment",10,"Industry",0,0
"South Asia","Governance",16,"Poverty",0.734939835959871,0.8
"South Asia","Governance",5,"Inequality",0.556918521075778,0.466666666666667
"South Asia","Governance",4,"Cities",0.502394831640625,0.533333333333333
"South Asia","Governance",8,"Consumption",0.49675659113403,0.5
"South Asia","Governance",3,"Climate",0.392366863252229,0.333333333333333
"South Asia","Governance",7,"Life below water",0.362905313151999,0.333333333333333
"South Asia","Governance",9,"Life on land",0.355491871450563,0.366666666666667
"South Asia","Governance",6,"Peace and justice",0.347193705954969,0.266666666666667
"South Asia","Governance",11,"Hunger",0.323366579228991,0.266666666666667
"South Asia","Governance",1,"Health",0.254530964996475,0.266666666666667
"South Asia","Governance",10,"Education",0.217830845926266,0.266666666666667
"South Asia","Governance",13,"Gender equality",0.143574385474342,0.166666666666667
"South Asia","Governance",15,"Water",0.0928168296264653,0.0666666666666667
"South Asia","Governance",12,"Clean Energy",0.0859935250146949,0.1
"South Asia","Governance",2,"Employment",0.049333875976685,0.0333333333333333
"South Asia","Governance",14,"Industry",0,0
"South Asia","Others",16,"Poverty",0.671264591760979,0.717948717948718
"South Asia","Others",4,"Inequality",0.621559433152834,0.692307692307692
"South Asia","Others",8,"Cities",0.488842232656112,0.461538461538462
"South Asia","Others",9,"Consumption",0.454949124974199,0.384615384615385
"South Asia","Others",5,"Climate",0.413385281326653,0.435897435897436
"South Asia","Others",3,"Life below water",0.395729157207105,0.487179487179487
"South Asia","Others",6,"Life on land",0.384391062128738,0.384615384615385
"South Asia","Others",2,"Peace and justice",0.370667287650277,0.333333333333333
"South Asia","Others",7,"Hunger",0.308759025120739,0.307692307692308
"South Asia","Others",11,"Health",0.290801980506576,0.179487179487179
"South Asia","Others",1,"Education",0.27858060460217,0.358974358974359
"South Asia","Others",13,"Gender equality",0.214035675555151,0.179487179487179
"South Asia","Others",10,"Water",0.210322725422617,0.205128205128205
"South Asia","Others",15,"Clean Energy",0.155115484609287,0.128205128205128
"South Asia","Others",12,"Employment",0.0372596139366322,0.0512820512820513
"South Asia","Others",14,"Industry",0,0
"Sub-Saharan Africa","Economic",8,"Poverty",0.674125882259121,0.701863354037267
"Sub-Saharan Africa","Economic",4,"Inequality",0.672002910911041,0.695652173913043
"Sub-Saharan Africa","Economic",9,"Cities",0.652973749426521,0.639751552795031
"Sub-Saharan Africa","Economic",16,"Consumption",0.635437654124256,0.645962732919255
"Sub-Saharan Africa","Economic",3,"Climate",0.414912003248374,0.428571428571429
"Sub-Saharan Africa","Economic",7,"Life below water",0.382377024017969,0.37888198757764
"Sub-Saharan Africa","Economic",1,"Life on land",0.365366907973751,0.366459627329193
"Sub-Saharan Africa","Economic",2,"Peace and justice",0.288380629340665,0.279503105590062
"Sub-Saharan Africa","Economic",6,"Hunger",0.273109115094609,0.304347826086957
"Sub-Saharan Africa","Economic",10,"Health",0.204297855641162,0.236024844720497
"Sub-Saharan Africa","Economic",12,"Education",0.203946037555813,0.186335403726708
"Sub-Saharan Africa","Economic",5,"Gender equality",0.203722080281368,0.211180124223602
"Sub-Saharan Africa","Economic",15,"Water",0.189398294389899,0.173913043478261
"Sub-Saharan Africa","Economic",11,"Clean Energy",0.182543869412946,0.173913043478261
"Sub-Saharan Africa","Economic",13,"Employment",0.17725640088885,0.173913043478261
"Sub-Saharan Africa","Economic",14,"Industry",0.0556310206490746,0.0434782608695652
"Sub-Saharan Africa","Social/Health",4,"Poverty",0.733272759117461,0.733644859813084
"Sub-Saharan Africa","Social/Health",3,"Inequality",0.66345860205428,0.663551401869159
"Sub-Saharan Africa","Social/Health",8,"Cities",0.526822296534455,0.523364485981308
"Sub-Saharan Africa","Social/Health",16,"Consumption",0.515431468267833,0.55607476635514
"Sub-Saharan Africa","Social/Health",5,"Climate",0.432277240290676,0.429906542056075
"Sub-Saharan Africa","Social/Health",6,"Life below water",0.425702834717241,0.425233644859813
"Sub-Saharan Africa","Social/Health",1,"Life on land",0.378740784180077,0.392523364485981
"Sub-Saharan Africa","Social/Health",2,"Peace and justice",0.378553953160064,0.38785046728972
"Sub-Saharan Africa","Social/Health",9,"Hunger",0.328468534746935,0.350467289719626
"Sub-Saharan Africa","Social/Health",10,"Health",0.318816091171112,0.331775700934579
"Sub-Saharan Africa","Social/Health",7,"Education",0.242749255096876,0.266355140186916
"Sub-Saharan Africa","Social/Health",11,"Gender equality",0.201551854271901,0.182242990654206
"Sub-Saharan Africa","Social/Health",15,"Water",0.19951212233837,0.205607476635514
"Sub-Saharan Africa","Social/Health",13,"Clean Energy",0.135494339125919,0.149532710280374
"Sub-Saharan Africa","Social/Health",12,"Employment",0.101433080941273,0.102803738317757
"Sub-Saharan Africa","Social/Health",14,"Industry",0.0447273341194574,0.0373831775700935
"Sub-Saharan Africa","Rural Development",8,"Poverty",0.612190639582983,0.575757575757576
"Sub-Saharan Africa","Rural Development",4,"Inequality",0.544524245794254,0.575757575757576
"Sub-Saharan Africa","Rural Development",2,"Cities",0.536895176606065,0.545454545454545
"Sub-Saharan Africa","Rural Development",1,"Consumption",0.517071509906966,0.53030303030303
"Sub-Saharan Africa","Rural Development",3,"Climate",0.473132652861622,0.439393939393939
"Sub-Saharan Africa","Rural Development",16,"Life below water",0.431368937257252,0.424242424242424
"Sub-Saharan Africa","Rural Development",15,"Life on land",0.421512540085324,0.439393939393939
"Sub-Saharan Africa","Rural Development",7,"Peace and justice",0.411525282957064,0.424242424242424
"Sub-Saharan Africa","Rural Development",9,"Hunger",0.408012830106754,0.393939393939394
"Sub-Saharan Africa","Rural Development",13,"Health",0.299042464349984,0.333333333333333
"Sub-Saharan Africa","Rural Development",5,"Education",0.286279946097345,0.318181818181818
"Sub-Saharan Africa","Rural Development",10,"Gender equality",0.27372530363595,0.272727272727273
"Sub-Saharan Africa","Rural Development",12,"Water",0.250017655048227,0.257575757575758
"Sub-Saharan Africa","Rural Development",6,"Clean Energy",0.237918744947876,0.257575757575758
"Sub-Saharan Africa","Rural Development",11,"Employment",0.136422055143602,0.121212121212121
"Sub-Saharan Africa","Rural Development",14,"Industry",0.0489887180475447,0.0454545454545455
"Sub-Saharan Africa","Infrastructure",6,"Poverty",0.671508728124393,0.717948717948718
"Sub-Saharan Africa","Infrastructure",16,"Inequality",0.594381762942502,0.564102564102564
"Sub-Saharan Africa","Infrastructure",4,"Cities",0.591603555075607,0.666666666666667
"Sub-Saharan Africa","Infrastructure",8,"Consumption",0.540546627927311,0.487179487179487
"Sub-Saharan Africa","Infrastructure",3,"Climate",0.508324121188546,0.512820512820513
"Sub-Saharan Africa","Infrastructure",9,"Life below water",0.487033273439017,0.538461538461538
"Sub-Saharan Africa","Infrastructure",7,"Life on land",0.44172799347368,0.487179487179487
"Sub-Saharan Africa","Infrastructure",2,"Peace and justice",0.391223877177368,0.384615384615385
"Sub-Saharan Africa","Infrastructure",10,"Hunger",0.324108545449034,0.256410256410256
"Sub-Saharan Africa","Infrastructure",1,"Health",0.318702921054024,0.333333333333333
"Sub-Saharan Africa","Infrastructure",11,"Education",0.305694342571397,0.333333333333333
"Sub-Saharan Africa","Infrastructure",13,"Gender equality",0.286135396577927,0.333333333333333
"Sub-Saharan Africa","Infrastructure",15,"Water",0.26099132341563,0.307692307692308
"Sub-Saharan Africa","Infrastructure",5,"Clean Energy",0.236813701057771,0.256410256410256
"Sub-Saharan Africa","Infrastructure",12,"Employment",0.148075580504802,0.128205128205128
"Sub-Saharan Africa","Infrastructure",14,"Industry",0.0157440108083701,0.0256410256410256
"Sub-Saharan Africa","Environment",4,"Poverty",0.564017434627442,0.538461538461538
"Sub-Saharan Africa","Environment",7,"Inequality",0.552243805320938,0.538461538461538
"Sub-Saharan Africa","Environment",16,"Cities",0.49066604989113,0.538461538461538
"Sub-Saharan Africa","Environment",6,"Consumption",0.479362680414494,0.43956043956044
"Sub-Saharan Africa","Environment",13,"Climate",0.469461517088965,0.505494505494505
"Sub-Saharan Africa","Environment",15,"Life below water",0.438872002375826,0.494505494505495
"Sub-Saharan Africa","Environment",8,"Life on land",0.427117375299961,0.483516483516484
"Sub-Saharan Africa","Environment",9,"Peace and justice",0.395897142872567,0.373626373626374
"Sub-Saharan Africa","Environment",1,"Hunger",0.357317307875863,0.373626373626374
"Sub-Saharan Africa","Environment",3,"Health",0.321810577431656,0.32967032967033
"Sub-Saharan Africa","Environment",2,"Education",0.303962913108224,0.307692307692308
"Sub-Saharan Africa","Environment",11,"Gender equality",0.296871123581509,0.307692307692308
"Sub-Saharan Africa","Environment",5,"Water",0.272807347469716,0.285714285714286
"Sub-Saharan Africa","Environment",12,"Clean Energy",0.263961384747469,0.263736263736264
"Sub-Saharan Africa","Environment",10,"Employment",0.180557402024642,0.186813186813187
"Sub-Saharan Africa","Environment",14,"Industry",0.0882801217289843,0.0879120879120879
"Sub-Saharan Africa","Governance",16,"Poverty",0.887346878917264,0.895652173913044
"Sub-Saharan Africa","Governance",8,"Inequality",0.615740015824727,0.547826086956522
"Sub-Saharan Africa","Governance",4,"Cities",0.585678293546438,0.608695652173913
"Sub-Saharan Africa","Governance",10,"Consumption",0.390229007318266,0.356521739130435
"Sub-Saharan Africa","Governance",3,"Climate",0.377000778084857,0.4
"Sub-Saharan Africa","Governance",9,"Life below water",0.355624267163609,0.347826086956522
"Sub-Saharan Africa","Governance",5,"Life on land",0.317081399833755,0.330434782608696
"Sub-Saharan Africa","Governance",2,"Peace and justice",0.292109725925861,0.269565217391304
"Sub-Saharan Africa","Governance",6,"Hunger",0.291720393192648,0.295652173913043
"Sub-Saharan Africa","Governance",15,"Health",0.258230906805467,0.28695652173913
"Sub-Saharan Africa","Governance",1,"Education",0.241372966945898,0.295652173913043
"Sub-Saharan Africa","Governance",7,"Gender equality",0.237257989077095,0.260869565217391
"Sub-Saharan Africa","Governance",11,"Water",0.196074670888165,0.191304347826087
"Sub-Saharan Africa","Governance",13,"Clean Energy",0.19355439846197,0.208695652173913
"Sub-Saharan Africa","Governance",12,"Employment",0.0610991327222717,0.0695652173913043
"Sub-Saharan Africa","Governance",14,"Industry",0.0366962241840529,0.0434782608695652
"Sub-Saharan Africa","Others",16,"Poverty",0.73008488932616,0.75
"Sub-Saharan Africa","Others",4,"Inequality",0.719546591160536,0.759615384615385
"Sub-Saharan Africa","Others",8,"Cities",0.598650084851437,0.653846153846154
"Sub-Saharan Africa","Others",10,"Consumption",0.430101570662931,0.413461538461538
"Sub-Saharan Africa","Others",3,"Climate",0.419779470550042,0.5
"Sub-Saharan Africa","Others",1,"Life below water",0.396082105886791,0.432692307692308
"Sub-Saharan Africa","Others",9,"Life on land",0.388658711870832,0.413461538461538
"Sub-Saharan Africa","Others",6,"Peace and justice",0.358347405368513,0.413461538461538
"Sub-Saharan Africa","Others",5,"Hunger",0.341843967321898,0.384615384615385
"Sub-Saharan Africa","Others",7,"Health",0.289102949835408,0.288461538461538
"Sub-Saharan Africa","Others",2,"Education",0.282683176194691,0.298076923076923
"Sub-Saharan Africa","Others",11,"Gender equality",0.236969035706813,0.25
"Sub-Saharan Africa","Others",13,"Water",0.214772616476347,0.230769230769231
"Sub-Saharan Africa","Others",15,"Clean Energy",0.175550022867441,0.192307692307692
"Sub-Saharan Africa","Others",12,"Employment",0.099173031493466,0.105769230769231
"Sub-Saharan Africa","Others",14,"Industry",0.0462452669137754,0.0480769230769231
"Sub-Saharan Africa",NA,1,"Poverty",1,1
"Sub-Saharan Africa",NA,10,"Inequality",1,1
"Sub-Saharan Africa",NA,16,"Cities",1,1
"Sub-Saharan Africa",NA,2,"Consumption",1,1
"Sub-Saharan Africa",NA,3,"Climate",1,1
"Sub-Saharan Africa",NA,4,"Life below water",1,1
"Sub-Saharan Africa",NA,6,"Life on land",1,1
"Sub-Saharan Africa",NA,8,"Peace and justice",1,1
"Sub-Saharan Africa",NA,11,"Hunger",0,0
"Sub-Saharan Africa",NA,12,"Health",0,0
"Sub-Saharan Africa",NA,13,"Education",0,0
"Sub-Saharan Africa",NA,14,"Gender equality",0,0
"Sub-Saharan Africa",NA,15,"Water",0,0
"Sub-Saharan Africa",NA,5,"Clean Energy",0,0
"Sub-Saharan Africa",NA,7,"Employment",0,0
"Sub-Saharan Africa",NA,9,"Industry",0,0
