participating_org	donors	donors_iso3	donor_country
Action Aid International Nepal	Action Aid International Nepal	DAC	
Action Contre La Faim	Action Contre La Faim	DAC	
ActionAid International (AAI)	ActionAid International (AAI)	DAC	
AMDA MINDS Nepal	AMDA MINDS Nepal	DAC	
Asian Development Bank	Asian Development Bank	DAC	
Association Planet Finance	Association Planet Finance	DAC	
AusAid	AusAid	AUS 	Australia
Austria	Austria	AUT 	Austria
AWO International	AWO International	DAC	
Canadian International Development Agency	Canadian International Development Agency	CAN	Canada
Care Austria	Care Austria	DAC	
Care International UK	Care International UK	DAC	
CARE Nepal	CARE Nepal	DAC	
Center for Reproductive Rights	Center for Reproductive Rights	DAC	
China	China	CHN	China
Climate Investment Fund	Climate Investment Fund	DAC	
Dan Church Aid	Dan Church Aid	DAC	
Danida HUGOU	Danida HUGOU	DNK	Denmark
Denmark	Denmark	DNK	Denmark
Department for International Development	Department for International Development	GBR	United Kingdom
Deutsche Gesellschaft für Internationale Zusammenarbeit	Deutsche Gesellschaft für Internationale Zusammenarbeit	DEU	Germany
DRF UK	DRF UK	DAC	
Economic Development Cooperation Fund Korea	Economic Development Cooperation Fund Korea	KOR 	Korea
ECPAT Luxembourg Nepal	ECPAT Luxembourg Nepal	DAC	
European Investment Bank	European Investment Bank	DAC	
European Union	European Union	DAC	
Finland	Finland	FIN	Finland
Food and Agriculture Organization	Food and Agriculture Organization	DAC	
Gaja Youth Club	Gaja Youth Club	DAC	
German Nepal Help Association	German Nepal Help Association	DAC	
Global Alliance for Vaccines and Immunisation	Global Alliance for Vaccines and Immunisation	DAC	
Global Environment Facility	Global Environment Facility	DAC	
Global Fund to Fight AIDS, Tuberculosis and Malaria	Global Fund to Fight AIDS, Tuberculosis and Malaria	DAC	
Handicap International Nepal	Handicap International Nepal	DAC	
HELVETAS Switzerland	HELVETAS Switzerland	CHE	Switzerland
Himal Power Ltd	Himal Power Ltd	DAC	
India	India	IND	India
India Exim Bank	India Exim Bank	IND	India
International Center for Transitional Justice	International Center for Transitional Justice	DAC	
International Development Association	International Development Association	DAC	
International Finance Cooperation	International Finance Cooperation	DAC	
International Fund for Agricultural Development	International Fund for Agricultural Development	DAC	
International Labour Organization	International Labour Organization	DAC	
International Organization for Migration	International Organization for Migration	DAC	
Japan	Japan	JPN	Japan
Japan Fund for Poverty Reduction	Japan Fund for Poverty Reduction	JPN	Japan
Japan International Cooperation Agency	Japan International Cooperation Agency	JPN	Japan
JapanKR2	JapanKR2	JPN	Japan
Joint United Nations Programme on HIV/AIDS	Joint United Nations Programme on HIV/AIDS	DAC	
Korea International Cooperation Agency	Korea International Cooperation Agency	KOR 	Korea
Kreditanstalt für Wiederaufbau	Kreditanstalt für Wiederaufbau	DEU	Germany
Kuwait fund for Arab Economic development	Kuwait fund for Arab Economic development	KWT	Kuwait
Margaret A. Cargill Foundation	Margaret A. Cargill Foundation	DAC	
Media Service Nepal	Media Service Nepal	DAC	
Micronutrient Initiative	Micronutrient Initiative	DAC	
Ministry of Agriculture Development	Ministry of Agriculture Development	NPL	Nepal
Ministry of Energy	Ministry of Energy	NPL	Nepal
Ministry of Federal Affairs and Local Development	Ministry of Federal Affairs and Local Development	NPL	Nepal
Ministry of Finance	Ministry of Finance	NPL	Nepal
Ministry of Forest and Soil Conservation	Ministry of Forest and Soil Conservation	NPL	Nepal
Ministry of Industry	Ministry of Industry	NPL	Nepal
Ministry of Labour & Employment	Ministry of Labour & Employment	NPL	Nepal
Ministry of Land Reform and Management	Ministry of Land Reform and Management	NPL	Nepal
Ministry of Science, Technology and Environment	Ministry of Science, Technology and Environment	NPL	Nepal
Mission East	Mission East	DAC	
National Women's Commission	National Women's Commission	NPL	Nepal
Nepal Electricitiy Authority	Nepal Electricitiy Authority	NPL	Nepal
Nepal Youth Foundation	Nepal Youth Foundation	NPL	Nepal
Nordic Development Fund	Nordic Development Fund	DAC	
Norlha-Helping People in the Himalayas	Norlha-Helping People in the Himalayas	DAC	
Norway	Norway	NOR	Norway
OPEC Fund for Inernational Development	OPEC Fund for Inernational Development	DAC	
Organization of the Petroleum Exporting Countries	Organization of the Petroleum Exporting Countries	DAC	
Plan Nepal	Plan Nepal	DAC	
Population Services International Nepal	Population Services International Nepal	DAC	
Practical Action	Practical Action	DAC	
Private Citizen	Private Citizen	DAC	
Reach Out To Asia (ROTA)	Reach Out To Asia (ROTA)	DAC	
Saudi Development Fund	Saudi Development Fund	SAU	Saudi Arabia
Save the Children	Save the Children	DAC	
South Asian Association For Regional Cooperation	South Asian Association For Regional Cooperation	DAC	
Stichting Nederlandse Vrijwilligers	SNV Netherlands Development Organisation	DAC	
Swiss Agency for Development and Cooperation	Swiss Agency for Development and Cooperation	CHE	Switzerland
The ISIS Foundation	The ISIS Foundation	DAC	
The United Nations Economic and Social Commission for Asia and the Pacific	The United Nations Economic and Social Commission for Asia and the Pacific	USA	United States
U.S. Agency for International Development	U.S. Agency for International Development	USA	United States
U.S. Department of States	U.S. Department of States	USA	United States
United Nation Office of High Commissioner for Human Rights	United Nation Office of High Commissioner for Human Rights	DAC	
United Nations Capital Development Fund	United Nations Capital Development Fund	DAC	
United Nations Children's Fund	United Nations Children's Fund	DAC	
United Nations Development Fund for Women	United Nations Development Fund for Women	DAC	
United Nations Development Programme	United Nations Development Programme	DAC	
United Nations Educational, Scientific and Cultural Organization	United Nations Educational, Scientific and Cultural Organization	DAC	
United Nations Environment Programme	United Nations Environment Programme	DAC	
United Nations High Commissioner for Refugees	United Nations High Commissioner for Refugees	DAC	
United Nations Human Settlements Programme	United Nations Human Settlements Programme	DAC	
United Nations International Stragegy for Disaster Reduction	United Nations International Stragegy for Disaster Reduction	DAC	
United Nations Office of Drugs and Crime	United Nations Office of Drugs and Crime	DAC	
United Nations Organization for Industrial Development	United Nations Organization for Industrial Development	DAC	
United Nations Peace Fund	United Nations Peace Fund	DAC	
United Nations Population Fund	United Nations Population Fund	DAC	
UNOPS	UNOPS	DAC	
UNWOMEN	UNWOMEN	DAC	
Women For Human Rights Single Womengroup Association	Women For Human Rights Single Womengroup Association	DAC	
World Bank Trust Funds	World Bank Trust Funds	DAC	
World Food Programme	World Food Programme	DAC	
World Health Organization	World Health Organization	DAC	
World Trade Organization	World Trade Organization	DAC	
World Vision International	World Vision International	DAC	
World Wildlife Fund, Inc., Nepal Program	World Wildlife Fund, Inc., Nepal Program	DAC	
Unspecified	Unspecified	Unspecified	
