"transaction_id","project_id","transaction_isodate","transaction_year","transaction_value_code","transaction_currency","transaction_value"
"dSBSwgXoaxMimbmsk9ZQdi","76","","2005","C","USD","3241976.167"
"m7HuQbHk2ZA77UW9zEkqSF","91","","2004","C","USD","16306747.58"
"W843wtem4HwnWsVLqR5C2E","115","","2000","C","USD","31611793.91"
"rGUTvFfgHz87DLxcFo4KH6","134","","2008","C","USD","48636070.55"
"GF2ebyDm37iUgamSzAM3mD","277","","2001","C","USD","103987249.2"
"XHSNhGziaHjNAwY9qMwDGh","280","","2001","C","USD","5495444.934"
"fKsPY7H42YouPaRyzqv6ma","290","","2003","C","USD","7988680.059"
"mWkYpX5bvBVT46ADKP5AUd","316","","2007","C","USD","45584956.64"
"hWaMCwXZbUdjwTTtGboKkZ","319","","2007","C","USD","1760203.36"
"4aBGAKDvG37bR2hkLDw2XG","345","","2008","C","USD","2758818.57"
"jtzNtGhG7rvkZTsW7D9LFA","355","","2008","C","USD","794058.2947"
"MNiXSqFqf42NyoWtuWSq26","357","","2010","C","USD","7433386.739"
"ny53u9tfyokp2xqj5T3kiN","382","","2000","C","USD","22432231.03"
"UWATg6FnvSe4xopsbTxkhH","407","","2006","C","USD","8280327.702"
"5kuvWXym2TiiekZRkvhbiK","413","","2006","C","USD","2392094.669"
"h6wsBjzjXEZvQjxbWrnuPL","432","","2003","C","USD","5325786.706"
"GrYNzxaE4HAFor5XMVBo27","438","","2004","C","USD","14944325.32"
"w2Pt26izTbp3YLp5B9BhYj","449","","2008","C","USD","48279324.98"
"sEUzp6576sNjU7Rxjb4vUi","450","","2007","C","USD","9768704686.0"
"vKrBT2gqC3CeQnKjFHSTqA","453","","2009","C","USD","794908.2106"
"qoKuyT5nT5yoruECrUpXxk","454","","2010","C","USD","12581.50695"
"aVJfrb3jcD2jHgU5DULx6T","459","","2011","C","USD","8592381.215"
"bWd9mEone7bXCQF5PDjgM9","460","","2011","C","USD","399739220.0"
"gnwAHSFpuhQ4hsFKqTe9gW","680","","2010","C","USD","89386475.54"
"DwsWvL42TJ6o59eNjTyaZE","824","","2008","C","USD","2336144.115"
"innN6HscL7u76iisNM3CnL","825","","2007","C","USD","6420416.428"
"iGmkqK6ryb7ggnGw7UeyQ6","845","","2009","C","USD","54167727.97"
"Ts3mEs7qLag7whKyNrgP8G","955","","2008","C","USD","42472011.89"
"EbGcvNvuPGsQS7StqWR3x9","1357","","2000","C","USD","4350246.868"
"6zzzqqTs6Q9ezJVnrAkqP4","1359","","2000","C","USD","10646897.65"
"toyYKtaBXTmQXHTLR9iBG2","1360","","2000","C","USD","46426.32858"
"cJMN6c4Qs25TVbeMYys8S4","1361","","2001","C","USD","43666724.55"
"VrQm4xGsQUXzBWFvjfWAqN","1364","","2001","C","USD","27247743.15"
"aqH9KjV9HJRGFk4kR48LvP","1373","","2002","C","USD","23391.57531"
"BWTGZwZqksMTwGGUSqaYmZ","1374","","2002","C","USD","113049.47"
"SB9fHsR6of4CMrGfyXCfmd","1428","","2005","C","USD","18665.92338"
"PbCn224vq7oUMWnZkwGN6B","1493","","2003","C","USD","440817.3362"
"a8gi4fWZzcTz8vo25cuTJA","1515","","2005","C","USD","25542.84253"
"iQVE3rkidpHYKhYA6Gc7y2","1518","","2005","C","USD","245401.0206"
"ZcQsPCYaMP6JuxQdWNMhsG","1521","","2005","C","USD","241920.1551"
"uSrFZVHw7FSiNnv6oAb4WC","1522","","2006","C","USD","18462026.77"
"vbhmQVZhyHNeTVM2mLRnbH","1772","","2006","C","USD","1807883.713"
"iS5CqJPjJLcMTEVqFgmkrY","1773","","2006","C","USD","920036.4113"
"2hYGgLd2shZhpLBxtcG9rR","1783","","2000","C","USD","84104772.79"
"uU8yQQrqMwYD8jWyWgP9D2","1800","","2008","C","USD","2069113.928"
"SBXpXkb2u6uPRpcXgoDaDY","1802","","2003","C","USD","8198888.668"
"G7z4xJQyeXeSSG4MvfNKDD","1837","","2000","C","USD","5608057.757"
"To5jK6SwQbJSVf5guCDxYg","1843","","2000","C","USD","5608057.757"
"TotXBDGFiMfbu9iZsVGBxY","1867","","2001","C","USD","6140633.14"
"88nrVs7Lr99NPx6cDY8meE","1874","","2001","C","USD","8214357.375"
"3cGHquWLLN6iZKMnNpF89b","1876","","2001","C","USD","31098722.88"
"9tGXc2AZTvELjKZgYivf9b","1877","","2001","C","USD","8243167.401"
"m4cRNesfFmLiZfe7Ywtbib","1880","","2005","C","USD","105669.8257"
"q7KdHfCUDeP7L3aeBCZrkJ","1881","","2005","C","USD","2947251.061"
"TsuyC8Vk2VQ5dawyrwr7tn","1885","","2006","C","USD","9200.364113"
"cMEeHRH8goJP6hjkvpFdPB","1886","","2006","C","USD","14094957.82"
"pJYC6rxB5AD3z4Xj5GMrP6","1890","","2006","C","USD","461550.6693"
"iZU5DGnafVqnUEu7ZQfa33","1895","","2006","C","USD","4615506.693"
"6JEJo52hRhYzz7xfMDUoZD","1898","","2007","C","USD","2381354.88"
"M6pNFsELLzQ6ZLaFGHCrej","1899","","2007","C","USD","260498791.6"
"ZkyAC5VLU3qbatgLDUhRYe","1903","","2009","C","USD","29809057.9"
"QM2f6rvS24WUEoWRQzWixM","1905","","2009","C","USD","678793583.6"
"hbnVFmVQh7oKtPCBso8R9E","1907","","2009","C","USD","298090.579"
"5pLSTiBdJsnbXPQEWWC6xH","1910","","2009","C","USD","5973383.535"
"i6x6peMBPLpJWtGGNWYKTR","1917","","2010","C","USD","12581506.95"
"dexzU6peb3Qzs8zqVCZUq7","1919","","2010","C","USD","6249.363889"
"mHoDttTseJZtZcgSXTf7n7","1923","","2010","C","USD","57137.04127"
"dzysLM2avyWTM9QbhyrrAY","1924","","2011","C","USD","72175136.95"
"bcJMqLuzFGFG3KMuCYWVhk","1925","","2011","C","USD","11103867.22"
"UtStNFYwvcga76jLCVMR3K","1926","","2011","C","USD","6329204.317"
"v22HMoArfw5m27ThHNFZFg","1931","","2011","C","USD","83279004.17"
"JHkyp6Vnnw6jH6VmYG5EFf","1978","","2008","C","USD","151348.1959"
"u7xFQLjC5jPYPsy7J4aEm7","1980","","2008","C","USD","68970.46425"
"XFrcGXNrmaBcaG86M9JT9e","1984","","2008","C","USD","1985145.737"
"RKHVbFFZEkBvjKibo88oPn","1992","","2009","C","USD","95031.1017"
"rorFRTWNnAF8P3G5qYstZL","2009","","2009","C","USD","67879358.36"
"UBQRzhK2uDoEieRwooMEcn","2014","","2009","C","USD","43521224.53"
"pcHV3U4PURqbXGV8VU4xC5","2015","","2009","C","USD","7949082.106"
"kS56EUFaSmTF5FazoAPePN","2018","","2010","C","USD","5535863.058"
"HKr5FmuUrpzLn7eMQMqBa5","2020","","2010","C","USD","7548904.171"
"tQxqyPbY6iZnCFoPQLMe7k","2021","","2011","C","USD","8592381.215"
"jXakhs3thqk2coCGuYG9k5","2022","","2011","C","USD","8592381.215"
"Ljwm2H2buKkG8LN84oyztS","2276","","2006","C","USD","9200364.113"
"2iVtFhJeLi7m7ZF6gVF5Z3","2302","","2005","C","USD","12181971.05"
"kthe3jBAYrgBVj8Lzbh2i3","2489","","2000","C","USD","7428212.572"
"SSibKjwjrrQvXqp4KT3M2H","2495","","2001","C","USD","113715428.5"
"ntTK84Asmw3eDCKRMkcp39","2496","","2001","C","USD","19066190.57"
"ChfpfWtr8yckjGeGyStpGj","2497","","2003","C","USD","22040.86681"
"3VcTZB4mL2vi6gv8MXeLBg","2498","","2002","C","USD","10722597.52"
"DtR3Bqz8Yh37Ye4Evg5g3C","2499","","2001","C","USD","22743085.71"
"bbe9DuRbXryiVH7xjmvJ48","2501","","2001","C","USD","85238.37787"
"ypVKy2u2LZc5FWVztqTaWK","2502","","2003","C","USD","3195472.024"
"4NmMFYAQRK64UPjYGW3yw4","2507","","2003","C","USD","551021.6703"
"ko6LSabFuUW4agRyVbkW9k","2509","","2003","C","USD","7988680.059"
"3bZSuJLU8TLU85ZBsHAFhR","2510","","2004","C","USD","10307678.62"
"NuFvvGMfT6CVK2G2oGMe6W","2511","","2004","C","USD","5359992.882"
"2qwdEMqCjqUs5mFr36rx36","2514","","2006","C","USD","24112951.84"
"fX86VSBkBV84Bcu4A7y54d","2517","","2006","C","USD","18400728.23"
"iGfQshdwY4C3Apvn4Niwy5","2518","","2007","C","USD","27677996.61"
"HAJvkdeD4EbXQNqypjZKRF","11347","","2007","C","USD","1889324.306"
"goRxkpoAGGNdPXJtmogXij","11357","","2007","C","USD","1889324.306"
"G82QnUG4cFPUxuxHgsFpFa","11413","","2006","C","USD","3362199.462"
"EtkAa89CuDyMJnL82zieEY","11465","","2007","C","USD","162811.7448"
"wJPUuGzw94SJ5PUq8rdpAS","11543","","2008","C","USD","6897046.425"
"sBgwr6DdwbBSmPtmzG79h4","11563","","2008","C","USD","2084615.59"
"z78R8nMg4sE452jvJaEoAR","11579","","2008","C","USD","14003229.23"
"9yzPmE4A4fQsLB5qRvHaqS","12127","","2007","C","USD","43959171.09"
"AxpPXNuh8h3RVc8FnVqjak","12177","","2007","C","USD","661263.507"
"NGEUtUojx9jnijoErQB7Vh","12253","","2009","C","USD","137116303.9"
"r7vTEwuM75YqYjAtQpCZ33","12292","","2008","C","USD","2977718.605"
"KMfbii6624M2a5rByVQBqn","12298","","2008","C","USD","11566726.19"
"Teiqfrn84ZMv3F4gmdD72c","12324","","2007","C","USD","328982.2958"
"uRTAVNmSYRyYnhotjWPeBa","12353","","2007","C","USD","29420488.21"
"V5YSDe4QbtjrU2U2QSUG5N","12360","","2009","C","USD","543034.8669"
"ibmXjhhmKoUvShYZXaAHd2","12448","","2009","C","USD","407276.1501"
"JLPkdD7QRKCXiTCcKik42C","12479","","2009","C","USD","6787935.836"
"vDJXWy7EMNwbbWMPyapUQB","12513","","2009","C","USD","1018190.375"
"L8WYqdxnVkPZuV9Esk9AxF","13059","","2003","C","USD","1597699.998"
"LAEh8TdQWxYGK3ceiQiHDG","14235","","2011","C","USD","388635352.8"
"8osHD5QfqGuHEmdJwfkN9C","14342","","2010","C","USD","3774452.085"
"5b9v3JGoP33gRHUsX3dvq2","14359","","2010","C","USD","503260.278"
"w3TGfJDLSKCcDBJhWfevvJ","14393","","2006","C","USD","20769780.12"
"AvZMpSKZ3tqHGonG2N6AkB","14502","","2001","C","USD","519004.6315"
"8D7H4B7U7eUsKDCmJwaZHi","14612","","2010","C","USD","577780.6974"
"sUUGwbkRzNv2iBkvX5zMLj","14681","","2011","C","USD","111038672.2"
"wyyeGFhF54es7Y9F3tT9cP","14883","","2009","C","USD","7949082.106"
"oK5uu3JEKFHriRA4mFRxGN","14902","","2006","C","USD","692326.0039"
"A7SVAnsXRFaFKtnM2SnqwD","14910","","2006","C","USD","1153876.673"
"z4Wr6ESmGj8eR5m2RhXQKP","15102","","2001","C","USD","90972342.82"
"HpXnPpd72RVSR6XWW6qiRA","15400","","2007","C","USD","11071198.64"
"sbALR2V8wwtJWMpGfdmysB","16801","","2006","C","USD","8280327.702"
"wDnj2HVa88hSDLjTqevFF5","17068","","2002","C","USD","12435441.7"
"GfZs5N29dLK2ci9b3YAqzb","17115","","2010","C","USD","14866773.48"
"qL9gCnvCSiNhWkCiMEjLoW","18606","","2001","C","USD","78171326.53"
"ZKFrd9sxPjdTdrbkcRpq5Q","18617","","2001","C","USD","972094.0665"
"WnhnfefbbsTqUXswjFHdSJ","18629","","2004","C","USD","9176631.476"
"fX5rRNdbkTZvZqyXuCkXEE","18654","","2002","C","USD","816217.1733"
"w9XhKiXNLZQrM8mPrkGNVj","19149","","2008","C","USD","304849452.0"
"yrMSHKYCjSS6rwZwZXE2qd","19663","","2006","C","USD","4042635.273"
"ReXbxDaZNo2VynFeaHYFLc","23098","","2006","C","USD","23083404.6"
"yHEGQTjQ5tXNKWk2dD4xHC","23150","","2010","C","USD","130084267.9"
"FmeKwrdhiVfcgQtWV6JSvf","23220","","2010","C","USD","232119.2302"
"HQ6yxDaDWCEqtaYymnurLb","23426","","2006","C","USD","184007.2823"
"4Zevq6keWaag6ZNa9hFrH8","23467","","2008","C","USD","8276455.71"
"kxDA42Rvw5GjZSAtPt9PmA","30011","","2009","C","USD","1967397.821"
"qEmfMdpwdrDy35WsCRGv5f","30017","","2002","C","USD","5146146.569"
"ojEjGzYHNJyfgZ6ANz93AH","30058","","2012","C","USD","1426578.885"
"LfaaghxLrDw3NpoRe4hJWb","30064","","2007","C","USD","2140138.809"
"tZCDoYzmQss7zHp3hKnnKP","30065","","2011","C","USD","1554541.411"
"aMZN6hh9R749EUURQzpsSe","30096","","2012","C","USD","211883.3171"
"KA9oTcchUfDtYvSifSGi3g","30108","","2007","C","USD","172580449.5"
"9iSubHPsMhPrpT7NDgn4fG","30175","","2012","C","USD","20139937.21"
"KDNRY4EigtGqdhe6XcBaMg","30183","","2012","C","USD","1297785317.0"
"H5Enuf8S3Uj8srH8qp5w6D","30240","","2012","C","USD","95347.49268"
"cQAGDG7v6knwam2BAp8KKh","30256","","2012","C","USD","8459891.425"
"XiMf6PaFv5jaAoqzmBeaDk","30257","","2012","C","USD","10997858.85"
"uBgLbnSrWMqPgQ2wc5AT2T","30287","","2012","C","USD","24896289.76"
"dJgaMAUCR7XE3Psom3Df5P","30293","","2012","C","USD","554213674.6"
"qFNuitRLNVJGZqpkbfMYY5","30307","","2012","C","USD","317824.9756"
"q5VqwWZb8cn2wkGTmpdJsB","30309","","2012","C","USD","10038.67391"
"TMpXVfb7uzRH3vTv9LHu7k","30311","","2013","C","USD","5084.184217"
"JwhAj3ZYFwjugsSoHMot6H","30353","","2012","C","USD","120147619.9"
"Sx7jgQs9YCvoiiSr9obcq8","30356","","2007","C","USD","814058.7238"
"gU4NacvS28U8eBpBbTi7dA","30392","","2013","C","USD","1651801.608"
"h54iAZiR8MLrXVAbXGW3Ca","30437","","2010","C","USD","42022233.22"
"zLvYntPRHhkaRqJgxmUXG5","30442","","2010","C","USD","25112687.87"
"WjEShpa9jvoYn6cvucxx6E","30445","","2011","C","USD","17184762.43"
"CKdJqqUL2KN7bTRwPGpfxd","30476","","2011","C","USD","8592381.215"
"QVK5L73DN2wDCV4oVTt7KN","30480","","2011","C","USD","17184762.43"
"CxGZ7p4MprUcUcFiWF3oxh","30586","","2013","C","USD","289878976.9"
"piWFva6i5TsMGcmnsGuwEH","30599","","2014","C","USD","2000000000.0"
"nyEuipfkDtFk82jkDdYpqE","30602","","2013","C","USD","813469474.7"
"Awimmnpei32KM5Ey94mQcD","30603","","2013","C","USD","409899044.5"
"VzyVwh4Lmj225356bXSjmg","30615","","2013","C","USD","3661629.181"
"KSrLcbeKP8sfu2bfr2HAad","30637","","2013","C","USD","8276299.069"
"6b4mMs3QfSKVy5zdZf7Esj","30640","","2012","C","USD","26485414.63"
"fbrSHAjtmguQZRGHoidQxA","30641","","2012","C","USD","9534749.268"
"sGfWmdnQQj9AbawvpiTEZi","30642","","2013","C","USD","8136953.736"
"qDdisZAyQWc2CrPbBtnTL3","30699","","2012","C","USD","8391640.503"
"UcBAHAYu3gZRTnFt8sFf4n","30704","","2009","C","USD","950311.017"
"NEpAQvkumCFAztRqK9sD6W","30729","","2012","C","USD","8391640.503"
"MZuX8gdHVDcP7kEAHRt9Te","30937","","2013","C","USD","203423843.4"
"oP8ktreaku8jCimUYsaCPb","30938","","2011","C","USD","77727070.56"
"zuKADabmnDJ8NgNeCcWd39","30966","","2013","C","USD","138328213.5"
"oe5jXwx8nTLXGXKsqArs63","30977","","2009","C","USD","112788.3418"
"rqPwjhR6C9RNLwEiw3VAk4","30981","","2009","C","USD","5993312.915"
"cJiL6ZUkB6DFfL8PJNHKFK","30985","","2012","C","USD","138275.0527"
"LN5reKB6Ke2eiC8LFeQjEM","30986","","2007","C","USD","107276.6586"
"w9faG2z7Bj9PW5LYqo7ATH","31116","","2013","C","USD","8208190.322"
"NYiVRjJhzbRfGdtfY36P9i","31196","","2008","C","USD","362784.642"
"sJpbyS7B5PYndwvYJHN5qS","31415","","2008","C","USD","3101630.345"
"bnskin4Ct6g4VHqVkb3N64","31508","","2000","C","USD","1401894.037"
"JmWnPT34AZiXScYNjdqrSN","31652","","2006","C","USD","5520218.468"
"uwcs3mjNnAMDobQPjRs8pU","31659","","2001","C","USD","30224389.58"
"a6moRULifzM6548mJkoUCZ","32022","","2000","C","USD","14020144.39"
"BPprzSGkj7Xz7WSbV7efz7","32025","","2001","C","USD","16761107.05"
"KpKN4EwsnxunJWRxyxCzNB","32026","","2001","C","USD","41215.83701"
"mpzojkv6vnFrTsFwc9ZSGn","32029","","2001","C","USD","151124.7357"
"8JRGMEZJhhmuuCVnFvoQBK","32031","","2000","C","USD","14020144.39"
"44URCxpzjGgZtQGn8wEk7f","32033","","2001","C","USD","181944.6856"
"ek6uh3RyXbtisXzzEojRh4","32034","","2002","C","USD","273166.7447"
"EC9YacW6y7dtYw6ZjCNh86","32037","","2001","C","USD","12364751.1"
"rA4PLq7SzkFrAWAqqnYS6X","32038","","2001","C","USD","4509012.569"
"Hgiq9bdR5xiA7m9yz9tQBY","32040","","2001","C","USD","4396355.947"
"bYYaNARUTkAMLczJdrvPNW","32042","","2002","C","USD","244186.8552"
"gZH3QQJRhi2b357gb6wUFk","32045","","2002","C","USD","33914.841"
"r6Taq4Q8Jq3NmKhfbNHDHX","32049","","2013","C","USD","30513.57651"
"RYgWWkWSM6bzKw46Yhc8mA","32053","","2011","C","USD","30482798.22"
"noVmGjSKeoLavjGyx6Erwf","32061","","2005","C","USD","11989004.33"
"rXMBKGHaU9hCJ4mwjYEUsB","32062","","2000","C","USD","2804028.879"
"xYqZfV2hiQgdZcoAGQx8SK","32063","","2005","C","USD","11989004.33"
"z5r2oswUQxbKax48bd6hqL","32065","","2000","C","USD","560805.7757"
"D2yKsfx8M4Bkrbhvi4bYNG","32067","","2003","C","USD","44081.73362"
"5ureXyjPxDYDaCBBBwK8df","32070","","2002","C","USD","273166.7447"
"zq6yyJwoGur5jLfgDokpS5","32077","","2003","C","USD","52898080.35"
"XoV42MaqJ9yV4mZMkqJw6G","32078","","2000","C","USD","1402014.439"
"b63ba7sBErkb9dhHgB8VfL","32079","","2002","C","USD","13658337.23"
"jDsX4aPRnBHKnjiPqNoUMM","32080","","2002","C","USD","35045335.7"
"7ZEkdPdLqHLLs9ybMNpVjW","32081","","2003","C","USD","13314466.77"
"TrX9BdUwuemALbzksPwFv6","32083","","2004","C","USD","62268493.71"
"wRjnwrtG4jQ6PxGEnR4kCW","32087","","2002","C","USD","452197879.9"
"erZrLhD4SJanPF7wcVaKjb","32089","","2004","C","USD","103076.7862"
"UaY4AsiuznnK6jKUSy3Yu7","32095","","2002","C","USD","20487505.85"
"xnitLo6s75QPoF2Hf5jGCJ","32102","","2005","C","USD","59945021.67"
"vmzhCMDMt7K2FThezFwS3k","32103","","2006","C","USD","368014564.5"
"pxe2wXwFLJSHNamz3eudph","32104","","2000","C","USD","560805.7757"
"yTBbwXHaGZLeQMgoSmFV8j","32105","","2007","C","USD","68185558.71"
"JT7TZPmXfFMfwkCKXbgRc4","32119","","2009","C","USD","101503816.7"
"HJnzALjy5RCXhQuyNdqHYc","32124","","2009","C","USD","3393967.918"
"XadTJMkwLxeThRpEPbRGmL","32126","","2007","C","USD","2035146.81"
"zPMuhH5Mp3M4jmpMDbnD4f","32128","","2013","C","USD","246416455.6"
"x7TCnrBfP73DPxbmjHiQnQ","32131","","2013","C","USD","508559608.5"
"hrr2RRa4BJDudq5B2mydRC","32133","","2013","C","USD","79530585.82"
"rEd4HNwstLbYTGbG94qAQA","32134","","2013","C","USD","10171.19217"
"8KjKLfgSiMVBSRStMA2Vd4","32135","","2013","C","USD","406847.6868"
"fqFoA7FT54sytD8ANfPR97","32139","","2013","C","USD","32832761.29"
"QSpKLRRTGVr5Q5wJb7rxs7","32140","","2013","C","USD","71198.34519"
"7ADJrFKK25Kq6spJJzkY5F","32146","","2007","C","USD","28891873.93"
"8vNrS4RkX2D7xoBsNVZYdN","32147","","2006","C","USD","27601.09234"
"Zj26qooiJEUteDftHVDJkJ","32149","","2009","C","USD","94477742.25"
"3P6CcS3yAGYtfr5un4ZZp4","32153","","2007","C","USD","84499295.53"
"SLHbFNL9q8JzzRoXotKEtP","32155","","2012","C","USD","94577720.59"
"u3FaspsnyH3HKC4pFTCTij","32156","","2009","C","USD","10453421.19"
"Ebhk3zVm6EfxWitmVmdDs3","32160","","2012","C","USD","319943808.8"
"Eieyr5gu54xqsy4jdYQJ45","32161","","2009","C","USD","7949082.106"
"UMTLNHs4P9TxbUPGraFf2A","32162","","2007","C","USD","17121110.47"
"hQSnuJHyTKgNNNhwpTQAXb","32164","","2011","C","USD","75942234.95"
"GvENUDcY6uoY9BSfiQ8XB2","32166","","2006","C","USD","59802366.74"
"gyGyuBeL82JY6kjrDHXcA7","32167","","2012","C","USD","211883.3171"
"YXVHRaHFovXgMhuTPuRpCZ","32168","","2009","C","USD","125017556.7"
"mrNJvWbeHasJLMMx6sw7VP","32169","","2011","C","USD","87572468.59"
"JHnDtpC6nLG6QDuLszHKdB","32174","","2012","C","USD","426944.8839"
"FqrMZPaXVJtZhoeSS2dSHo","32176","","2009","C","USD","42104845.11"
"f5Dq44TzjG7VT2maKUuSk9","32180","","2009","C","USD","20673598.04"
"UvCK6cHZGsiAFKjbVjP8A6","32187","","2010","C","USD","59133082.67"
"QjkyiMCdkKXeo6iCYCjVp8","32189","","2012","C","USD","120182203.9"
"kHgZ5n2wme6DvdYACAjeAN","32190","","2010","C","USD","12581.50695"
"6MqnFXjgtsFR7x3AN6f36o","32191","","2012","C","USD","2710120.052"
"fSRG7vtciJnjr6f5mADAMW","32192","","2010","C","USD","702048087.9"
"QGPz4qxuUpkx6bJSayH5tk","32195","","2010","C","USD","67390476.66"
"zxRUUAcPSqf2tks6fNML8E","32198","","2011","C","USD","85923.81215"
"2kvMsSPhzYf2SCz2kDfL8T","32202","","2007","C","USD","76684331.78"
"YrDEu3LCRnYHw9ftAifsNT","32209","","2011","C","USD","8592381.215"
"5Whw3EjrTh9n8shHziYnjc","32212","","2011","C","USD","1718.476243"
"fHJT4CbCVg8BbtxqHSScBm","32216","","2010","C","USD","64019236.71"
"e8iS2uBQxrPv5RTotRQdiB","32217","","2010","C","USD","25163013.9"
"XMyLeZagsn3afRwS2tVeEZ","32230","","2012","C","USD","84753326.83"
"i7NUNwmWEJWreVA7DkwUsi","32232","","2012","C","USD","25425998.05"
"trkSPjBK9iqL35GebRq7Un","32234","","2010","C","USD","62907.53476"
"oNYTxEVRQhV3ePW83SKKED","32235","","2012","C","USD","52970829.27"
"4k5ZVr6DsbgbUBsw9sdLFb","32239","","2007","C","USD","116431102.3"
"8tLw5YfJqXpY2Cs7iS6Lze","32241","","2011","C","USD","8592381.215"
"wzKUWpvqgagtpaZTiCtwBd","32247","","2012","C","USD","492628.7122"
"zXd7iwSLoNx4MvGkTJySoc","32248","","2011","C","USD","515542.8729"
"aXiLHYzNHg66RsZrXM8ZZT","32249","","2011","C","USD","29705065.6"
"Lcf4a6H8YduY6gPtNDadyJ","32252","","2011","C","USD","71064.75023"
"VNp9DN9jjxJTFoWikutx4j","32454","","2008","C","USD","827645.571"
"2XWxW4faifiwmJvySutSXL","32456","","2008","C","USD","19311.72999"
"8yVp2VNHo4WLKKpXCnPzFY","32963","","2006","C","USD","18400728.23"
"sTdPCckfrPrMbkMkGdikVJ","32996","","2008","C","USD","96558649.95"
"jLbSFmQZjgZKwzdUPD4Zzh","33036","","2009","C","USD","198727.0527"
"VX8pehu3g7LCkNjfhuKfH6","33052","","2011","C","USD","26375618.81"
"jjHbFXS7k3hhWVoju5YJBS","33057","","2007","C","USD","46863185.57"
"uFmUsTDNBWBZW6JRDivNPW","33058","","2007","C","USD","70829001.13"
"scwRLe8t2roKsu6f9NWWVj","33060","","2013","C","USD","984.9828386"
"EaRZ87LAyWfEV5KFR7C3dC","33061","","2013","C","USD","14036245.2"
"xhcN968W7bL7KHB9nRsk5a","33064","","2012","C","USD","60174862.05"
"smgxVNm4M3esg4sA6e88ke","33071","","2009","C","USD","67879358.36"
"cacPMX6TVKcfVmQEMqTGTZ","33077","","2011","C","USD","1665580.083"
"iicV7FiAf9hFws9BAFCUxa","33078","","2013","C","USD","50855.96085"
"pEqM427rg8dYhCY3TQd5gQ","33092","","2011","C","USD","49880792.34"
"V8CsQ3mFrsaq8BeQFjDTE9","33098","","2010","C","USD","629075.3476"
"sokCSQGqKXgNfmoVJvmTqH","33105","","2008","C","USD","100007.1732"
"rybAGbLpefwqVJMuEwLS6o","33123","","2010","C","USD","518358086.4"
"xaHkmrMXULes8x3ZafQ5N9","33156","","2006","C","USD","23077533.46"
"hTbsg27yPeMH6puoXYAB5n","33158","","2014","C","USD","400000.0"
"6myogF6tmNooC94gcTaMhb","33160","","2005","C","USD","479560.1733"
"kEs39zeHvi3rt9zi2zVKCQ","33163","","2005","C","USD","19844823.81"
"DcHQKwS32UnxfPg9RTUbaE","33187","","2012","C","USD","444954965.9"
"MRQzMDSyCM53bULNJ4qGoV","33215","","2006","C","USD","69232.60039"
"rDsS37MzLDfU8aPn3BvNyJ","33399","","2002","C","USD","13658337.23"
"n44bMdjh3wSinbrSwnEevN","33522","","2013","C","USD","49249141.93"
"vrDRgo5GzdAu6PUzeRMYsD","33726","","2012","C","USD","5297082927.0"
"YCgeUZj8j6Yo7cnBvWD6sk","33729","","2004","C","USD","3237961.673"
"RSXPYQh3mBinSUrYb32fCW","33736","","2013","C","USD","78798627.09"
"uqeQmkVSVQN3TA6a4T64ES","33755","","2004","C","USD","2490739.748"
"Z2MbzB6prn2NkNmoTmkXH7","33757","","2004","C","USD","473240.5522"
"MyZFPaUtH26fvWeFzQZZuE","33762","","2011","C","USD","33311.60167"
"ueVqyGhj98UH6Mp6g2oSrm","33768","","2005","C","USD","170231.2564"
"MxeryZY77irR4JrQRCGtH3","33769","","2011","C","USD","1110386722.0"
"ZbWGXtQQVqr75BCJazoAse","33773","","2006","C","USD","2944116.516"
"6zBFWENB6rEkLyQtY6ibbF","33782","","2013","C","USD","12205430.6"
"YGz4kxRTFVPSLgQQidNoj7","33792","","2009","C","USD","54838785.83"
"mSxUx4ktRPEp8Z4fk78TNb","33793","","2009","C","USD","59733.83535"
"AdPoWWLeKRRjeEzADSMX5R","33794","","2007","C","USD","96637660.48"
"E9uRbagrE9rJPqgV92Hd7U","33800","","2007","C","USD","146530570.3"
"DwDefRt7wPqFvAFe8W9WnS","33809","","2009","C","USD","418136847.5"
"Bo6DcJQAbX5VjGX86AJEEW","33810","","2013","C","USD","16416380.64"
"EK5etzyfqMEAkaSxtfHq9b","33811","","2013","C","USD","49249141.93"
"ox3TbG6zFBGNWmgqsJZVSC","33812","","2013","C","USD","32832761.29"
"uPJ6sxTm2VAUE47FKi2T6K","33815","","2007","C","USD","107006.9405"
"BY3xaT8tJ8LUdefUi6LHhT","33818","","2007","C","USD","81405.87238"
"RY3zLrtQfRrSEkqk6Z48Fb","33822","","2010","C","USD","129589521.6"
"tojHYwzTMyJaXQA9nZ76x5","33824","","2011","C","USD","101600385.1"
"HEC5MyaRQTEsNxBxtYhYsg","33828","","2013","C","USD","93816607.2"
"UZ8xxdFe6af4ewETYEKYdN","34079","","2000","C","USD","40624770.39"
"jkTDeo7h3DrkKWVjCZvUh8","34105","","2003","C","USD","1331446.677"
"hWbPbNtNNi3Jcigsd9Npe3","34111","","2000","C","USD","278557971.5"
"yokyUyqKAybpt3ptQLPDbQ","34120","","2000","C","USD","280402887.9"
"hvJS92VtnPuNFfgke5dP4m","34128","","2000","C","USD","348197.4643"
"SqwKMqyyTrVDKChsWJXryk","34135","","2005","C","USD","719340.26"
"VRZvbJt8MmCyhjQ9GnZnLn","34136","","2005","C","USD","2069939.513"
"JxSZzUEAeXAJFsz4HDRarQ","34152","","2002","C","USD","680807.331"
"9zTatZsZX4rB5frJr94bEc","34187","","2000","C","USD","49444039.93"
"HA6wUGLwSzmh9bdMyLCbjg","34188","","2000","C","USD","25302349.07"
"vC2W9mWq2av6TuFDi8aVo9","34192","","2003","C","USD","26449.04017"
"2bj4W9Enj2e2zQ2BbpNPGf","34203","","2000","C","USD","46426.32858"
"32BykVGNwVeFxP78xJBJri","34204","","2000","C","USD","69639.49286"
"UpfRVKQWPS4N84M65a4phW","34205","","2003","C","USD","440817336.2"
"ebL5jq7yHgNehJXuZiCp2P","34207","","2000","C","USD","49676171.58"
"SeX6mgndNcTJQpCjoAUtYX","34211","","2008","C","USD","689704.6425"
"GcaezZDgiNUT69GzKqxRPi","34212","","2008","C","USD","689704.6425"
"LjNz2YMtGguKcLzn5LhoTS","34214","","2008","C","USD","5955437.211"
"DmLWgMW6UJDBLdyts7w5sH","34215","","2002","C","USD","162791236.8"
"rN3czEAzn4BA6cVBYPKpoW","34218","","2008","C","USD","344852.3213"
"tFEnyD2yWhQk2Z5gwhfGih","34268","","2001","C","USD","68229.25712"
"sBxNCUpuAUhkHcDswurLUi","34269","","2006","C","USD","368014564.5"
"STomShV58tge2V9HmstmWA","34271","","2006","C","USD","154566117.1"
"6az4Dv5ZyM9Ar4BD5wpffK","34275","","2006","C","USD","115387.6673"
"3WAhDu6qYDa88za4XWLoaT","34278","","2006","C","USD","55386080.31"
"f4sPzXJBfqsHCkVBM9yAKX","34279","","2006","C","USD","69232600.39"
"Hd3wZEaijE8MMxQEUqhrtn","34281","","2013","C","USD","101711921.7"
"mmHEdkeheU75ioAS5irW5o","34282","","2013","C","USD","93320688.16"
"v7SPDt2DLFUNKFZ27ZhHuS","34283","","2007","C","USD","1712111.047"
"pCzBrQTbHrcJa8cYFf4coJ","34291","","2008","C","USD","13794092.85"
"h4A4J9vYNdbuMwu8YDnLp6","34309","","2002","C","USD","9043957599.0"
"2Js5DaZVdvfrMZWQTRr6gW","34328","","2002","C","USD","193314593.7"
"c8Aiu2fm9HRMTGgjXDmREo","34332","","2002","C","USD","5463334.894"
"7W3v8jvCTSfb9X9APMweHE","34448","","2003","C","USD","13314466.77"
"vb3bBueDFydcSPybyQaMXo","34449","","2004","C","USD","3736109.623"
"9BaKSRrnVygDuvDC75Ad6H","34450","","2004","C","USD","6974071.295"
"xQ8JpgVi5SkVqKkeLP8qqN","34451","","2008","C","USD","6897046.425"
"yqtAW9LBR4SZQ2oLo74CgR","34474","","2003","C","USD","141061547.6"
"SLmcQNx5AsNQRnyBJzX28S","34475","","2003","C","USD","39943400.3"
"BqKwgHmGQHnXkk4yYbRLTi","34478","","2004","C","USD","515383931.0"
"YweaXeUqfYWRxucoiYSrcG","34480","","2004","C","USD","205741265.3"
"ntFeVVqDA9uzCiAuANkLLV","34481","","2004","C","USD","206153.5724"
"r2vrWTvEW7r4bR6VtWNveE","34482","","2004","C","USD","49814.79497"
"gH8eRrgpoYWRWGzRw3qRdf","34590","","2009","C","USD","158384.8931"
"Ug8tUMJyuri9dNruqFdjZW","34606","","2010","C","USD","1245092.279"
"eNTycWro7dMCRVfVJcWZZ8","34613","","2005","C","USD","14386805.2"
"LgsXuqw54UvEaa4Vp6FQAe","34616","","2005","C","USD","332056952.8"
"4EKSwSxM7Tcjatq7tFcSt6","34618","","2010","C","USD","1858346.685"
"5JHaKVgUZJmmGBQiGN99LZ","34637","","2011","C","USD","2853693.876"
"SBFynn2LL3F4EEEjoEKiNo","34663","","2005","C","USD","62874689.3"
"Wse8qGUTg2UHSpJDUFRCdB","34676","","2006","C","USD","414016385.1"
"nJKsWAp3RCAE9oEyMueSik","34682","","2006","C","USD","11538766.73"
"gLTgdgtPL8d6wkwUz3A9Gg","34683","","2006","C","USD","112169748.6"
"2oiMUqcMspLXbr5fE4gDe6","34692","","2012","C","USD","85208.43073"
"zBCTKVUkdRZgVsGQs36opX","34727","","2003","C","USD","89265510.58"
"VLx9emGPC9q4cZLL4sfUVd","34762","","2004","C","USD","205013.6202"
"zqJDNXV9vanPJNhS5nXe3C","34862","","2005","C","USD","1778174.807"
"72f7miSQLHpziG4dGzur42","34897","","2005","C","USD","359670.13"
"86HPkr4ptF2ov89STka2YQ","34990","","2006","C","USD","5828858.997"
"bPb8TURQ8sgkZwt4YpSLyn","35050","","2008","C","USD","551763714.0"
"bC6UNUwR4dTbYfU6jrq8cd","35226","","2010","C","USD","6083.60122"
"oTFYEXXSRroauVTk6nKh32","35233","","2010","C","USD","12581.50695"
"SAga7RdqEM82MLTSN3fXQ5","35234","","2010","C","USD","62907.53476"
"zmkREN36pabQPXGvH8Zc7S","35236","","2010","C","USD","377445208.5"
"ZAtGqAff7JNLjcrSdHG2t6","35268","","2011","C","USD","222077344.5"
"zA8Xy3BjbJMHQa4ZFaXcuR","35269","","2011","C","USD","51077789.23"
"KMmE7ChA4f6YStGB3YtaCm","35270","","2011","C","USD","158785301.3"
"ikREX5uHEpukMBtPArFpTZ","35271","","2011","C","USD","33311.60167"
"mFH2mKSGtERtCGC9LHFSY9","35272","","2008","C","USD","689704642.5"
"QW5vDbKfgwFzSQmdcHmWL2","35290","","2012","C","USD","10594.16585"
"fvJENBTPtAQqQvdTZZYHMe","35302","","2013","C","USD","30513.57651"
"9XkZo2AuK5rxRbNToiGiTX","35383","","2011","C","USD","33311.60167"
"M5L9NKCJSrFeDrU9gENNGb","35568","","2011","C","USD","57790076.96"
"Dj8foyBoPkDknrqCMDzB5j","35569","","2013","C","USD","46540439.13"
"CuKassFKbCpmrnZB7TH3th","35570","","2014","C","USD","119751775.0"
"Sx4Z75gVoRcRzsZaR5LeK9","35571","","2014","C","USD","8068199.479"
"geWYdN2WdMDmAByCgbbHhN","35577","","2012","C","USD","167387.8205"
"CJkaK8SE2j76YkRUZiLqAo","35590","","2008","C","USD","3998217.813"
"8c5qQwtFZxzRwccRycLAb3","35591","","2012","C","USD","35077057.3"
"ePvVWddSuPCht29pJRJkiJ","35595","","2011","C","USD","50007658.67"
"eWCWbPvxkHzed94Vix7gaf","35618","","2014","C","USD","1627754.119"
"nCk4BxaEyaGfYszPusaKTT","35622","","2010","C","USD","18583.46685"
"mj9UF2HDgaGGSDLCLffBkN","35662","","2005","C","USD","53967304.11"
"u4MipTU3832nVioY24JtG3","35685","","2010","C","USD","629075.3476"
"wRcvNzn724bZ6XoYrhoXHi","35687","","2011","C","USD","35527258.45"
"ntmQdxbis7oHRF4JVJ4SRb","35711","","2012","C","USD","31199818.44"
"zAYzRfttVktpWQZ582crKd","35713","","2010","C","USD","62907534.76"
"9VGzXmgNC8nMxudnyrpX6F","35714","","2012","C","USD","699214946.3"
"bMiftZmzCcDZfKgYwGJUL7","35721","","2003","C","USD","66122.60043"
"BTNo6NGVhNmF5eVcDcPBuh","35722","","2002","C","USD","90439575.99"
"mh7zFkvUV38NjuFse4wTfd","35728","","2003","C","USD","5510216.703"
"czjBK3YJUbnggFiRUVniHV","35733","","2003","C","USD","5510216.703"
"XLLWKQgRE4vzYFSWBkrdGm","35756","","2011","C","USD","41760210.88"
"FRsH5jNKKxKuKnrnkoHrSB","35757","","2011","C","USD","77331430.93"
"GoSPcv4kET52QxZHagofDD","35759","","2010","C","USD","20413716.74"
"8eyWfnQHGYBBHwcfWUJCHc","35762","","2012","C","USD","335665.6201"
"8GnVFgeAgLaQZppHL8UQvH","35764","","2011","C","USD","383083419.2"
"3e53dy8kPX95zdhakbNQrM","35767","","2006","C","USD","149965935.0"
"d8V2DxWzu6Hm4SxV5b2osY","35772","","2005","C","USD","58945021.21"
"GVg4K4Z2xBYVLN96KftpJm","35773","","2003","C","USD","2204086.681"
"EtMz2SYjAku4pEasb73gLi","35784","","2002","C","USD","2713187.28"
"fzJv2fqNxcA7J7w2PgFnRW","35802","","2006","C","USD","2208087.387"
"neycYVgeL4GGqLRy56anUS","35815","","2006","C","USD","2208087.387"
"MiSnDKH9Rvw5g9ro6tsWh5","35818","","2010","C","USD","718404046.9"
"MrVvjUUV8GfvrYZieYkmN6","35820","","2009","C","USD","1629104601.0"
"rYRe9yqSfLreCE6L9yPTNR","35826","","2006","C","USD","57962293.91"
"ptkPLuSGK56eDSATLqHQ7E","35833","","2001","C","USD","45486171.41"
"FGWdPoZ3PinkGjF3CyV25F","35836","","2003","C","USD","2644904.017"
"C5XRRSo7Vw39mAoqrKGYbe","35841","","2008","C","USD","137940.9285"
"ZNsYfUTT8VENkAVmuS9xwP","35844","","2009","C","USD","1900622.034"
"bsAf9qfXRmqH9zELvTCqwH","35845","","2009","C","USD","3937002.785"
"WyMFbH2u29n7aKcr68ozdR","35848","","2010","C","USD","2117146791.0"
"HaSFWFHtt5YkQmnmDfE87k","35851","","2009","C","USD","5837624.819"
"6GGKnjZVMEDUhbRjjzbKq4","35856","","2014","C","USD","344250000.0"
"mXqD8WGNU46QKdKkMW59L4","35865","","2010","C","USD","1258150695.0"
"VzbLTuw3SvP4uZM3CzMAba","35867","","2009","C","USD","24436569.01"
"FBftnQormMqb5roQTQAdXZ","35872","","2008","C","USD","342225.4242"
"BSa38wFjp8UvPp8tPz3oBE","35877","","2004","C","USD","1247229.113"
"dCx6sn3wLy3SAXCeAjoMz5","35885","","2004","C","USD","82461428.96"
"2bWjuUQAw3BmkP5NXdHAyK","35888","","2008","C","USD","82764557.1"
"RCWHx3ZKkS7MyCtatptjkA","35917","","2009","C","USD","814552300.3"
"YC7RYjbGvCY9htu3TttRmX","35927","","2009","C","USD","81455230.03"
"oVjcnLZHybu6Q3ZX9q2VE9","35943","","2010","C","USD","3716693.37"
"oMw9d4wVFY93XUicuLNUQ2","35945","","2006","C","USD","1140.13895"
"sW9GGtbc8aDb5nXb88CxpF","35950","","2011","C","USD","2220773445.0"
"4EsNCQXrFLeCQJX4cLLVYn","35958","","2010","C","USD","50326027.8"
"KdHRz4CGivLZeN7BrWf7Qj","35960","","2010","C","USD","84296096.57"
"6kCyvTzY83C9vN7BVndKMX","35977","","2013","C","USD","81369537.36"
"NURsArnEUj4gbeNbxmrPvF","35982","","2011","C","USD","347551044.1"
"zNanpXjdJGbdRBdFXXQAck","35985","","2007","C","USD","6512469791.0"
"cMcKUb4nvMeqVGmGQeNLkU","36000","","2008","C","USD","103455696.4"
"6bgeqKqWALgQzghWkDevVj","36002","","2013","C","USD","1423966904.0"
"iBELn5XyvRtXfgrtU8Y3ch","36003","","2011","C","USD","11103867.22"
"NkHVGGNnRHbL8khuL3W5RE","36005","","2011","C","USD","66623203.34"
"fLuGw9zX8tnvAm9bTgjxoD","36006","","2011","C","USD","213194250.7"
"T4hSYbXFPNvwcJJ8mzQq9D","36008","","2006","C","USD","2307753.346"
"Gkpm4RytYeTshCAUeHjFYH","36009","","2011","C","USD","3886353.528"
"qqU9CimgL7rnTvpRGjNbHW","36012","","2006","C","USD","2576101.952"
"kYHDezcLhUKJ6bmyfULzM8","36021","","2014","C","USD","100000.0"
"4eXoHAHyCcszxpHZRtDZk6","36023","","2014","C","USD","14980000.0"
"znFabU3dcMLJkKXKmjzyLi","36027","","2012","C","USD","25214114.73"
"AVrUjD6VspMzHQFe9drZM9","36031","","2012","C","USD","4767374.634"
"6cBR9Qk677QUjMwUPySeGK","36038","","2008","C","USD","413822.7855"
"Ec4cS3oHa8oiGhV3gUaYWg","36061","","2007","C","USD","488435.2343"
"4WzUqFmcP9M7kq5DPTN88k","36063","","2009","C","USD","397454.1053"
"324yYoXeoeJkwGfpDarvCd","36064","","2007","C","USD","3500452512.0"
"PaHHyzKM68JLh6b4iMScXS","36065","","2014","C","USD","5000000.0"
"47APsdN79Znei2cm6vyUT5","36071","","2014","C","USD","15719425.08"
"A7gMiZXU2SonDSTA964jff","36072","","2013","C","USD","826179.9352"
"pqAyoqYusj6NPxaX3ZCsK8","36075","","2014","C","USD","18137.79817"
"XUMUVkTNrWf6uLbjjdLw3F","36076","","2014","C","USD","3000.0"
"vkQdkYXzrL3ifrNdhsUQWf","36082","","2014","C","USD","136000000.0"
"pvptRFvP47j4ViKGwLufnE","36090","","2014","C","USD","642304.0"
"xGsnbsjSLtx78X2hmhhGcc","36101","","2014","C","USD","8138770.596"
"Jh9ouPXXp8GxsfuoSaBAVe","36118","","2013","C","USD","8136953.736"
"X484eD3Kok4zT9qkVPM3V7","36121","","2013","C","USD","4577036.477"
"VXugC7AkuMBdFEjEm6W7z9","36125","","2012","C","USD","211883317.1"
"khrtWTFyJWoRFnygmfYxTf","36216","","2014","C","USD","482500000.0"
"AgLwhMTAyZHm2r4XtKeHKn","36217","","2014","C","USD","620000000.0"
"rHBytHrbCfB6yzCwddhVcD","36258","","2012","C","USD","5034984.302"
"c8fyDCjZDmDQwq5oE2Vpv4","36267","","2014","C","USD","80000000.0"
"wenosjZ6briscCG588vRM5","36269","","2014","C","USD","10000000.0"
"yBmRjLdkWExwD9UftuSbuG","36270","","2014","C","USD","295000000.0"
"Atyd5gjK5ZSguxfsfUBfAK","36347","","2008","C","USD","33645.44373"
"AWqwTVLSvxDD3mDfSWxf8Q","36351","","2014","C","USD","3255508.239"
"tPcJTpWfLUwTS5Xm3PXg2M","36352","","2011","C","USD","33311601.67"
"aXNjVptpZ6drqVBBxf898K","36353","","2010","C","USD","251630.139"
"ZYzjK3awLz3KF4vgkxkEjY","36363","","2011","C","USD","166558008.3"
"gsGGBW5AD4LNonacyge4z5","36364","","2011","C","USD","55519336.12"
"KqAqmQdeiY66CTZdJDxzZC","36417","","2014","C","USD","84535.49446"
"ZR27YHWRQZaudgyaJv8ZHj","36419","","2014","C","USD","11394278.83"
"nBJPGwybdzNygJFdyEK9X3","36420","","2014","C","USD","50000000.0"
"ieZCF97qV737LDGqgcDPoh","36653","","2009","C","USD","5238928.878"
"7j6jmyGkBjcumSQwFajYqX","37289","","2008","C","USD","482793249.8"
"ec95MQW8LY4hFfinZAbLgS","37290","","2008","C","USD","215187848.5"
"DqwN5RLamRLLR6jxC6h628","37408","","2009","C","USD","407276.1501"
"rGHDEQshovN6nFMLpDdYmk","37471","","2009","C","USD","701872.5654"
"aXuJk5wXQHTEnp2tCK8fth","37478","","2009","C","USD","381556.0902"
"rncjFYjKNT3cA9zuGcivd6","37496","","2009","C","USD","407276150.1"
"mZzhkga66Kyd4ajFWgg9dK","37518","","2014","C","USD","4378125000.0"
"2tT3pJoSKtdDhAQkyae8kY","37528","","2009","C","USD","5430348669.0"
"nw6jTKPVDm4rfrRBKkyNS3","37541","","2009","C","USD","1357587167.0"
"zYyeSnWWfK9PrS9vopzH5V","37808","","2010","C","USD","12833137.09"
"RkGkNZdAFPvPGaNofyskm4","37838","","2011","C","USD","4441546889.0"
"j5wbxzuQoyrC7yPyfj9aH7","37929","","2014","C","USD","800000.0"
"iiFY8w8gvjRLVZZeEyppri","37940","","2011","C","USD","124363312.9"
"58vjMQWNx2Wn4NoSWYiiAm","37942","","2014","C","USD","763000.0"
"eJbf9MsYqjv2EwKXSXxbTC","38025","","2013","C","USD","194103.3252"
"Pq64w678xxF2WGRzdwFyBH","38053","","2011","C","USD","4463754624.0"
"6UcBfnSVG2q9BWM8PRLoCi","38056","","2011","C","USD","555193361.2"
"EfAUuXp2MbwqVvgDaCY6R2","38163","","2012","C","USD","4237666341.0"
"UVhttARh65HMqqA928wvdi","38169","","2009","C","USD","67879358.36"
"h5kZL3BiSap7jfgajtSUzi","38177","","2010","C","USD","315951835.2"
"HVCeEv3UfNknuZqVyS3ndg","38178","","2013","C","USD","52890199.29"
"H46AhFNJhXUTxkJNMSMvfe","38290","","2013","C","USD","5085596085.0"
"aX4Xzw3CzgpHPR8JVqWL3i","38293","","2013","C","USD","711983451.9"
"JC2ibjKnTjKDYvXwC4AkZQ","38297","","2013","C","USD","172910266.9"
"tDDZxe38joqyqktCPBh3RR","38313","","2014","C","USD","127000000.0"
"Arfi8rX56BkdY7ML8nQoQe","38316","","2013","C","USD","5085596085.0"
"2DTtifT2JjPaYmWofFaLk6","38364","","2011","C","USD","1665580083.0"
"YafssMthiLcVTvNtzdcFHW","38380","","2014","C","USD","4000000000.0"
"xU69bNmJDehzywXQnShZmK","38383","","2009","C","USD","242329309.3"
"a2jdKjLy9Zpvfo9QqK9nzU","38436","","2008","C","USD","344852.3213"
"UehD9ZDZmcCbESffhUskXb","38438","","2005","C","USD","5065600.662"
"kavy7bETGXWAxW33hVUpEo","38453","","2008","C","USD","137940.9285"
"4vwezqnpwvvLqAo8PHnQzh","38461","","2008","C","USD","137940.9285"
"ENjeVTrayzuSo68xhZkHgh","38530","","2014","C","USD","455000.0"
"TRGjVQGKHRQ5ojnFQGRpRe","38531","","2014","C","USD","3000.0"
"fLXgNESWWqunS5scJPgvV4","38532","","2012","C","USD","6727295.317"
"bMmgBXZGrm9VRfuhm7ARoP","38533","","2013","C","USD","30513.57651"
"7JnCTGJYYuQiMJmNj3LddJ","38534","","2014","C","USD","212000.0"
"jYUGWTHnMZqFgsGwcafMcc","38535","","2013","C","USD","8075926.583"
"AuhoYDr3hC42DsmRdHCRKM","38536","","2014","C","USD","1000000.0"
"uLKQxsmue57ft6WdGfW7TX","38537","","2012","C","USD","5034984.302"
"wZEZ6itXbBVwQ5QxbV8RwM","38538","","2014","C","USD","307000.0"
"GCX96nrmiarpN8fYCB9iNF","38541","","2014","C","USD","500000.0"
"RUoxKx2T2g6v3mz9CjgjRG","38597","","2014","C","USD","82500000.0"
"j7dS2zmnEuHZLsAKyXs6tA","38647","","2009","C","USD","20092290.07"
"4Tk9PbmUqXh5Wi4XPRTUQR","38660","","2006","C","USD","3606606.504"
"YEESPE8Dp6QBs8z69WvARE","38674","","2004","C","USD","83665977.54"
"XCoUFdAJmbepyNpn74Kdo4","38675","","2001","C","USD","245625325.6"
"ZrBN9yBR24ZjtDDMsKi8QW","38715","","2007","C","USD","2767799661.0"
"6hjmaDwRMSQHCQkRFdzyq4","38722","","2010","C","USD","11945547.0"
"wU5ZKpA2dx8NDrQ7e5KZ2d","38743","","2012","C","USD","105182692.5"
"oFHJeWNyyCZ38bUdCCdzj9","38749","","2008","C","USD","893315.5816"
"Gw799hCdRhFjrnsLgoJnMk","38771","","2013","C","USD","46113613.23"
"ZpA5RkVjuspbuVRFvU7V3J","38772","","2008","C","USD","200014.3463"
"7ER2sVFPDX5JP8mB7NbxNi","38774","","2008","C","USD","111470.0643"
"nCwvGpHBqkTh9heNatUtuE","38780","","2013","C","USD","20684639.61"
"pD4W4UEUSTsRvhvEsYBUN8","38785","","2008","C","USD","79729856.67"
"hjSBtDMct2H9W6XmtKLhHT","38795","","2014","C","USD","36301400.0"
"bct3h3pmXVWMQ67VevPunJ","38800","","2006","C","USD","82803277.02"
"E3UDzR4idKMAfHEK2tK6FU","38815","","2013","C","USD","54133015.17"
"5sxLPKKWMHA5if6fGTxetY","38824","","2010","C","USD","185834.6685"
"MUZ92QL2jqSjurDptDBLL7","38832","","2014","C","USD","492000000.0"
"WE8VFoAEMiukQYUPX8iNSm","38846","","2008","C","USD","99257.28684"
"SYQ5hYESUNW2aXjVbNbawT","38884","","2001","C","USD","274772.2467"
"yhgiHrWv4UQ2HAL4BM2xMa","38889","","2004","C","USD","498147.9497"
"6SdGZWzp8noGbGPd2u2xvD","38918","","2011","C","USD","5551.933612"
"br8iP7gerqfJd8ovSPFfyd","38955","","2014","C","USD","121908.3905"
"jmu3VqYgPW3GB4T2HtkLUm","38958","","2013","C","USD","130739.249"
"uRv999qYDFZVSdacUpWaTN","38960","","2011","C","USD","14990.22075"
"BUN5AWzi8uWGcobEpVaSCW","38966","","2012","C","USD","116535.8244"
"LQf5oEv2JY9PjDNzrYLEiD","38968","","2013","C","USD","50855.96085"
"FfbTJQUQDRksxJSzvfTASf","38976","","2012","C","USD","63564.99512"
"LqSLXcPvvg8Xfj5agQ5k6i","38978","","2012","C","USD","52970.82927"
"AtdCXDq87DCXKpmFtjre8Z","38982","","2011","C","USD","55519.33612"
"7V2EYF9BH2k4J2gNqfGbU8","38986","","2009","C","USD","11128714.95"
"HUKZuPx7yZNRgSeqrRWx6A","38987","","2009","C","USD","14933.45884"
"jvgZd7u7WAmqgP59HYiFQn","39145","","2005","C","USD","589450.2121"
"x5kSjtwepcHjdNFbr3qrXj","39147","","2000","C","USD","116065.8214"
"5WhBYKZRkcj7nqag25rCdS","39170","","2014","C","USD","11500000.0"
"3QcxnWerBdo9VtxytswVw2","39178","","2013","C","USD","203423843.4"
"ZYjAHd9iEdPjaDh8CMiTdK","39186","","2005","C","USD","629958.0983"
"2hTmhPEFM9ZuW42obSRvCQ","39187","","2005","C","USD","392966.8081"
"RaQJBPgEJcHWj2UHWTAtmM","39281","","2012","C","USD","254259980.5"
"eDT47HE8NT3kvKTwDcYB3X","39421","","2008","C","USD","68970.46425"
"S7zN85J32TDpafBDkCd2m3","39424","","2002","C","USD","6782968.199"
"KLtNDPydm77CMq4fVZ7nTe","39428","","2004","C","USD","62268493.71"
"4Q9pd6ECrD7uHT4szpnNWA","39431","","2009","C","USD","81455230.03"
"QwUqQxoayabaV9y8bVAZ2N","39437","","2014","C","USD","8138770.596"
"PN6b8PsPR8Deycuh6xsGY2","40801","","2014","C","USD","41000000.0"
"2vjAnx6ozEqhMzkFwzeFQd","40893","","2014","C","USD","360000000.0"
"LErrAGvH8FiNLR9RsBpJiN","40890","","2014","C","USD","32000000.0"
"wqrFddgkMQLdkKuAEi54TY","40889","","2014","C","USD","32000000.0"
"7BUo6urtSdkJYFWxDcrHwC","40730","","2014","C","USD","133000000.0"
"9eV6GY62UTj5CdoR8pRDNn","31294","","2013","C","USD","33068260.65"
"NufuCYVhQMYvp3D2uTUuGK","31295","","2013","C","USD","139359098.5"
"7RJUu2n7ABXTcijSraxNum","30805","","2013","C","USD","944807.4473"
"NubeVcT7q6psAtwfrM7FLk","31293","","2013","C","USD","16770332.19"
"YNV3ucx8x8bru8SdNHGqqK","31002","","2013","C","USD","1118831139.0"
"xHyRejgiFBHxhYW3dqLikn","31298","","2013","C","USD","3814197064.0"
"3PoweaSEcqzcnfdse9Fc8k","31066","","2013","C","USD","423630153.9"
"MDXgLHdqQUTTaUJcPhBhn7","31065","","2013","C","USD","23393741.99"
"HcU9jH6qeqAC8yxD9JyQPK","30391","","2013","C","USD","1627390.747"
"4LW6wVSsMGaQ2yfnkHx9RZ","31064","","2013","C","USD","23393741.99"
"8KNvyGrPK9ztiQnazVrtC9","31137","","2013","C","USD","122054306.0"
"bjKFqVijUFPk3rgvCWm3qK","31133","","2013","C","USD","199355366.5"
"DpsATAvpxqQF2YHGGcVtP8","31138","","2013","C","USD","120020067.6"
"sWGZXKzFv39rt5CckrDTNk","31135","","2013","C","USD","183081459.1"
"RHiJYWzopRCntHGQhwaTYm","31136","","2013","C","USD","141379571.2"
"sE8si3QrkXHAWNdrTSuPt4","31224","","2013","C","USD","19833824.73"
"RwaQ4ni4NiySQFryHi83xQ","31329","","2013","C","USD","305135765.1"
"4fFMdegda4Fs3qhtiMDJi2","1011","","2002","C","USD","6782968.199"
"xSx4xunyomtELb2RwyXExM","1019","","2001","C","USD","30930596.56"
"XMkwLLGGVQAq6RrP9KaGQm","1025","","2003","C","USD","113200.4161"
"3od3vCBy3YCspdTLRSKzGC","1029","","2002","C","USD","143556.4472"
"Zoz6BMyb4XTCPyjsLhWTC6","1032","","2003","C","USD","51176.68865"
"RDy3AxigC7UUHijkDw24YN","1033","","2002","C","USD","2260989.4"
"v4EjLoSJFiN99jy79nkiJN","1039","","2004","C","USD","130190.4003"
"FT9YgtXzyfdorQGkVkfdkD","1040","","2004","C","USD","51538.3931"
"UnGZ5xnGiFkdxs2MDqxBmC","1042","","2004","C","USD","781142.402"
"nvNC5bPgD5LhB6s2sMNGRj","1043","","2005","C","USD","49120851.01"
"FVSsVwnsJrVjh2SAULPwgQ","1065","","2005","C","USD","47156016.97"
"m7g2kJEvLBpYStEc9Qbp5G","1066","","2005","C","USD","5201130.831"
"24ip4Jv6AysNGdp5WEF7Bf","108","","2001","C","USD","43423168.52"
"suta8zGXTamq9kSdBdxRq9","1102","","2004","C","USD","7421528.606"
"6bP87xUadVEXgzAkP5ruTk","1108","","2005","C","USD","14736255.3"
"peFEx6qmjiRoWPEa5B2gQa","1111","","2005","C","USD","1964834.04"
"ERTWZp5ooUoRF8YBFp4APL","1112","","2007","C","USD","134614731.1"
"rhqrbDXyyv8yaVkW9jM7rj","1119","","2005","C","USD","5894502.121"
"TcGTpF3FitabRcqQt2ZZHi","1133","","2008","C","USD","9970386.032"
"cwiodb4UykLdoVK95da9ME","1134","","2009","C","USD","4072761.501"
"vQdtomThksojZ2EKubgoES","1140","","2008","C","USD","148091872.0"
"TfupbK2pPZ9DQNV22ijRkB","1154","","2009","C","USD","10530460.37"
"NxVsk7f6GFJX6pJnhNF3LL","1176","","2006","C","USD","36801.45645"
"RPNYyjZerybBe5vdWjwRgK","1181","","2007","C","USD","48843523.43"
"FJLqQe9PYXrGHibbphmcii","1184","","2007","C","USD","65124697.91"
"fAFVfYpNWQX7o2ci4nNvAY","1186","","2007","C","USD","252195392.6"
"xzcmvwbhuvfupcTq7SLApa","1197","","2008","C","USD","24829367.13"
"tCSg48jM4Yb2gWnpF5BNMo","1198","","2008","C","USD","4138227.855"
"7XSbkfHckCqDPj6qsV9Qmm","1202","","2008","C","USD","34485232.13"
"t59rC266Ay7RQQ536NhYrZ","1206","","2006","C","USD","128805097.6"
"hSTGtWwtiME8fYiptqppeN","1218","","2010","C","USD","6164938.406"
"pw4vhGPqyBWUs9rC57LtHS","1219","","2010","C","USD","2767931.529"
"LtUcwVBTfkcwwz8FUkwMUK","1220","","2009","C","USD","1018190.375"
"Tm7reWvtew2hwdN5A7DkH3","1221","","2010","C","USD","100652055.6"
"8WwQjPXfgU5AM3xbWGXka4","1222","","2010","C","USD","81779795.18"
"4RqVJWLMQtunbNL7EoPvXD","1223","","2010","C","USD","25163013.9"
"ZcXP3mqcYdqSSRPY5ASBMf","1231","","2010","C","USD","98890.64464"
"MLNeAM9ehfwCzbJyXyAFNg","1240","","2011","C","USD","756839589.9"
"c3d9PNeAbQMrWBZ8uS4qG4","125","","2006","C","USD","52147663.79"
"4rk5zTY3PcaAqwHwnqVXs5","1264","","2010","C","USD","63939218.33"
"VpqCDh6FnbTrcZsPyjne9E","1265","","2010","C","USD","1587909.44"
"JtbWpbfk9TnnphNE2gAL3h","1267","","2009","C","USD","9547617.405"
"ACcLFBZ9GareMxSFeSCNzc","1271","","2010","C","USD","15243930.62"
"bXbVVVF63EhvGsdd7XfMdk","1272","","2010","C","USD","8574710.974"
"cBAknFjg4Mxe9UNLGiVRyD","1275","","2010","C","USD","13839657.65"
"gswgiCyCLp2hm9JNazJsoV","1278","","2006","C","USD","109739549.3"
"mto2p2d5YWiBWzTjtGT8zm","1286","","2010","C","USD","19054913.27"
"DobbxG72oF9G6fmnY7qJiR","1290","","2011","C","USD","128026480.1"
"V2TNCuiPZ9xeJ4Bc4YWS5j","1291","","2011","C","USD","25005677.19"
"oa97sDYdFbekC7uMNV5MjA","14511","","2001","C","USD","5495444.934"
"Bmm4oCeWN5tdYqDLYQyhp9","14529","","2001","C","USD","1137154.285"
"YJdtUXbUWh3u544whu8WM9","14994","","2006","C","USD","18462026.77"
"kpYobKJ5Kat83ppDGr5XMP","15233","","2007","C","USD","244217.6171"
"6skFpXcWpQZzFEHGJQnNq2","15411","","2010","C","USD","5575040.054"
"tepL4FLJpnHb78dsqZFxBc","15469","","2010","C","USD","8392677402.0"
"ZDqtxaAKU4AGjUs4Dj7K7Y","15507","","2011","C","USD","342665026.5"
"zC2q3TJvQpCEMUaTRYZX5j","16379","","2007","C","USD","34242220.95"
"mJcGHyaKVhfiW2RWF5ZiDa","16911","","2009","C","USD","1192362.316"
"JUcFTK29Xr7Rx8C6iqLbJQ","17709","","2008","C","USD","413822.7855"
"q9dYff2rEsM9ifMZh7FuBQ","17832","","2011","C","USD","18754257.89"
"oPK99fUV5iboUKqkqftFp8","18464","","2005","C","USD","1076729.054"
"NYJpTYiPVUHQumcPMKGxKU","19014","","2008","C","USD","3988154.413"
"ib7XTm4f9of4SXPU7nqe5a","19844","","2006","C","USD","1840072.823"
"eCKCRC6hmJen7z9eWGHPj7","202","","2000","C","USD","250702174.3"
"UhzRNqXh6CyJ6xwphwcVCV","2111","","2000","C","USD","5571159.429"
"F7mvAfmVL2FHh6sqUho6nU","2113","","2001","C","USD","1373861.234"
"ebunAWDFPim2oFQo5ap9ej","2115","","2001","C","USD","3104431.199"
"wB4gFZcVDTBjHVzkgDJuVi","2116","","2001","C","USD","5685771.426"
"HgPufCk7Z6vEitNML6wT9A","2117","","2001","C","USD","90972342.82"
"ou6e5qEyqmdgVAj6ohjf3Z","2126","","2002","C","USD","18992310.96"
"pniFwzfebFxfWwGH7Z5thd","2128","","2002","C","USD","5463334.894"
"xAKJyFMwnjTJPfyawAPWUF","21389","","2007","C","USD","122108808.6"
"ZZCKUKqUZkPPifmmincCpi","21904","","2004","C","USD","24738428.69"
"GVU9FtGNmN5t6Lty43tzPP","21951","","2010","C","USD","50326027.8"
"n66t4FA3NiShQ9B68wh5EN","2198","","2003","C","USD","13224520.09"
"ydsGGKBwN3rb5Fm92byVmQ","21987","","2004","C","USD","8039989.324"
"33uMUakuRBMUkWun2McKVg","2201","","2003","C","USD","132245.2009"
"9KQBjPa4WPsam9NARYmRnA","2218","","2004","C","USD","4947685.738"
"8Brqn2gcAdpZfadVk8DqUH","2220","","2004","C","USD","1030767.862"
"ZiYUjSFAGk92hpULbk8X5i","2222","","2004","C","USD","2267689.296"
"zDCeGLHFWuC587C2Xkz9sn","2234","","2005","C","USD","982417.0202"
"2B9vM6QUgNi4VKLAXWxyv3","2244","","2005","C","USD","1002065361.0"
"MRCjUCRjhJqZsD3gU4x22d","2246","","2003","C","USD","17632693.45"
"ih9qJCiW4NwWX5FqQcFq7b","2247","","2005","C","USD","911164.3294"
"er2vTaBpqLAednbN5b7dpG","2272","","2006","C","USD","388255365.6"
"uv5oZjnP536dfD2VXKKdH8","2291","","2006","C","USD","1472058.258"
"EnUtkjwXXQKtis6eVxpjeM","2297","","2006","C","USD","2307753.346"
"9AZi2UcK7VD5RVqpr7tJta","2303","","2007","C","USD","64960258.04"
"SNrp8zpddjQUHYRULMjnX7","23049","","2011","C","USD","35532375.11"
"MDJgXDNQqSqYvDze9Fp2xi","2305","","2007","C","USD","12905037.02"
"UPfwgehbZt6YEQEBPUMD84","2324","","2010","C","USD","67086315.32"
"XyHhgrFN7b9rSvfh2Enatj","2334","","2011","C","USD","9891597099.0"
"o9r3pCMjjsnX9m6bPCBUD5","2337","","2011","C","USD","1804702473.0"
"WpxB2RFuw4gCphXjKtCFzb","2338","","2011","C","USD","199869610.0"
"kHcFKyyyZTCHdvo3DeYBcb","2339","","2011","C","USD","104376351.9"
"kicaktN6Agfz6cA5m4cNwi","2342","","2007","C","USD","9768704.686"
"tsUMX9NRydF5jEnu48H3SA","25046","","2005","C","USD","15718672.32"
"8N9shnaYromaNbHC5z4X5N","25103","","2006","C","USD","18400728.23"
"X4F6NATZadXW85vF4UnMz5","30140","","2011","C","USD","137531.2245"
"fWBk4sHxoQguNZDrzpDBMF","30160","","2012","C","USD","6356499.512"
"RC8xFduP7FAdicQu6b5fEb","30364","","2012","C","USD","106531212.6"
"ky62X3MNdCW2gNqzdPUn6A","30376","","2012","C","USD","317824975.6"
"pxyRmJhButJWdqoTBCMPxD","30377","","2012","C","USD","2118833.171"
"FpkGur6GsRQbQyF4jdYAgX","30379","","2012","C","USD","9958515.902"
"EF9PhxBrdYJEoVbsPwRNjP","30381","","2012","C","USD","15149657.17"
"2UeRJyAu8y3JdxBM3x7PTL","30384","","2012","C","USD","76702473.07"
"AyEzAzBPvkEaRybWypnvq5","30401","","2012","C","USD","50132.33534"
"oTV4dSqhTuByaqmQsFaKqL","30467","","2010","C","USD","39568839.36"
"9ar6xnQcDphoLEH2G8ZUgJ","30469","","2009","C","USD","62177492.25"
"7GR4VAFHfj8gd2Yc9CVv8H","30471","","2009","C","USD","15748011.14"
"PE776udSjR6BUAvXbiFjYL","30472","","2009","C","USD","33939679.18"
"9Zmb6mNJy7rC6EcS6uiyfC","30692","","2010","C","USD","635163.7758"
"A5WFsMBKV3x9aRkE3LNcnK","354","","2007","C","USD","512856996.0"
"BJBqYmbivLbdQqBkALShWn","606","","2010","C","USD","117008014.6"
"NWLS57rGQGVJhrFY4HYrEF","750","","2002","C","USD","271318.728"
"9zL23WQd9RnacyWaPik34n","766","","2003","C","USD","11902068.08"
"Rz7z4ap2ErLn4QcozsnVza","808","","2005","C","USD","52011308.31"
"L3Z7XCBExQskg8ukxkKqJa","810","","2006","C","USD","31281237.98"
"QENtFVrSzSnDV3RQMwByBa","811","","2006","C","USD","77283058.55"
"ja7dw7TBS2N95GuL8cx5a2","820","","2006","C","USD","13015620.96"
"Z4zGnnoB8U4q5fGKyUGma7","821","","2006","C","USD","1153876.673"
"cKL9hCnbQyGvHUixTR5Eja","822","","2006","C","USD","1153876.673"
"hKZJzBnpUYG5w8DCorFKED","935","","2000","C","USD","464263.2858"
"YBJV5VBFnKjHVMHAv89JoE","940","","2001","C","USD","341146.2856"
"2zjKq77dJmDRzBdyS474AX","942","","2005","C","USD","36407915.82"
"XxqCJfWin5ui7cUSANkVvJ","947","","2009","C","USD","212240492.2"
"GrdWypkMnJFrmMLLpcnA6g","977","","2010","C","USD","1258150695.0"
"Ay9Tav4BcrpVthj2dw9UXS","996","","2001","C","USD","50034788.55"
"DdAhLP5g7h3JzKRForXCaV","35021","","2013","C","USD","418674.0712"
"ZAAgjMyWdMYgntEPuZCA7B","36392","","2014","C","USD","17000000.0"
"bSXCdLGQPQmiJLtsPzHgkc","41521","","2013","C","USD","77946.6144"
"f6wM9vKoiNvoJcQYaAzyK6","36391","","2014","C","USD","8000000.0"
"DBSHsiyzEzYzhZohGnemch","35420","","2014","C","USD","10400000.0"
"Ppoj8qSB7McqzdSMQ7nKU5","778","","2009","C","USD","61091422.52"
"hoPHiE359nLLSKgSw27jDX","828","","2011","C","USD","88830937.79"
"34nAs2WpGMK8uxm7Py8dQU","30333","","2012","C","USD","28068.97812"
"xmuN9RsuH35cxmuSYFX5uC","17983","","2011","C","USD","14188.8448"
"hwpSchVykHt4Phy2iCMTeR","30048","","2011","C","USD","177360.56"
"ycsydRjdCAmugbgijS9Eom","23358","","2009","C","USD","1357587.167"
"nZrc6Mo8JYunHkZXBYZBQP","23366","","2009","C","USD","407276.1501"
"hpQdRYoFKjcGgndtwZrGAX","25657","","2010","C","USD","75489041.71"
"R9uSrxAZWdHDo9EwXWvhZm","774","","2008","C","USD","96558649.95"
"npPYBtRCgEBEXLKi7UejGo","777","","2009","C","USD","88243165.86"
"XWRNBGrHgLeuNHsUE9K26m","23431","","2005","C","USD","491208.5101"
"dhZUwZKN8g4xFTep4QN3Qd","829","","2009","C","USD","1987270.527"
"d8YGKT7PpRSUFsXpRfTGmC","776","","2009","C","USD","125305295.5"
