{
  "name": "drc-aims_geocodedresearchrelease_level1_v1_3", 
  "title": "DRC-AIMS GeocodedResearchRelease", 
  "description": "Locations of projects in DRC’s AMP were geocoded using information gathered from in-country donor offices. The files projects.csv, locations.csv, and transactions.csv are structured so as to be combinable with other v1.0 geocoded dataset releases. All tables in the data folder can be joined by AMP project ids.", 
  "version": "1.3.1", 
  "resources": [
    {
      "name": "projects.csv", 
      "path": "data/projects.csv", 
      "bytes": 1643091, 
      "schema": {
        "fields": [
          {
            "type": "int", 
            "name": "is_geocoded"
          }, 
          {
            "type": "string", 
            "name": "end_actual_type"
          }, 
          {
            "type": "string", 
            "name": "start_actual_isodate"
          }, 
          {
            "type": "string", 
            "name": "start_actual_type"
          }, 
          {
            "type": "string", 
            "name": "recipients"
          }, 
          {
            "type": "string", 
            "name": "donors"
          }, 
          {
            "type": "string", 
            "name": "ad_sector_names"
          }, 
          {
            "type": "string", 
            "name": "transactions_start_year"
          }, 
          {
            "type": "float", 
            "name": "total_disbursements"
          }, 
          {
            "type": "string", 
            "name": "status"
          }, 
          {
            "type": "string", 
            "name": "donors_iso3"
          }, 
          {
            "type": "string", 
            "name": "ad_sector_codes"
          }, 
          {
            "type": "float", 
            "name": "total_commitments"
          }, 
          {
            "type": "string", 
            "name": "recipients_iso3"
          }, 
          {
            "type": "string", 
            "name": "project_id"
          }, 
          {
            "type": "string", 
            "name": "end_actual_isodate"
          }, 
          {
            "type": "string", 
            "name": "transactions_end_year"
          }, 
          {
            "type": "string", 
            "name": "project_title"
          }
        ]
      }
    }, 
    {
      "name": "locations.csv", 
      "path": "data/locations.csv", 
      "bytes": 381410, 
      "schema": {
        "fields": [
          {
            "type": "string", 
            "name": "gazetteer_adm_code"
          }, 
          {
            "type": "string", 
            "name": "location_type_name"
          }, 
          {
            "type": "float", 
            "name": "longitude"
          }, 
          {
            "type": "int", 
            "name": "geoname_id"
          }, 
          {
            "type": "string", 
            "name": "gazetteer_adm_name"
          }, 
          {
            "type": "string", 
            "name": "project_location_id"
          }, 
          {
            "type": "string", 
            "name": "location_class"
          }, 
          {
            "type": "string", 
            "name": "location_type_code"
          }, 
          {
            "type": "float", 
            "name": "latitude"
          }, 
          {
            "type": "string", 
            "name": "project_id"
          }, 
          {
            "type": "string", 
            "name": "geographic_exactness"
          }, 
          {
            "type": "int", 
            "name": "precision_code"
          }, 
          {
            "type": "string", 
            "name": "place_name"
          }
        ]
      }
    }, 
    {
      "name": "transactions.csv", 
      "path": "data/transactions.csv", 
      "bytes": 982418, 
      "schema": {
        "fields": [
          {
            "type": "int", 
            "name": "transaction_year"
          }, 
          {
            "type": "string", 
            "name": "transaction_isodate"
          }, 
          {
            "type": "float", 
            "name": "transaction_value"
          }, 
          {
            "type": "string", 
            "name": "transaction_currency"
          }, 
          {
            "type": "string", 
            "name": "project_id"
          }, 
          {
            "type": "string", 
            "name": "transaction_value_code"
          }, 
          {
            "type": "string", 
            "name": "transaction_id"
          }
        ]
      }
    }, 
    {
      "name": "level_1a.csv", 
      "path": "data/level_1a.csv", 
      "bytes": 834889, 
      "schema": {
        "fields": [
          {
            "type": "string", 
            "name": "end_actual_type"
          }, 
          {
            "type": "string", 
            "name": "gazetteer_adm_name"
          }, 
          {
            "type": "string", 
            "name": "project_location_id"
          }, 
          {
            "type": "string", 
            "name": "location_class"
          }, 
          {
            "type": "string", 
            "name": "location_type_code"
          }, 
          {
            "type": "string", 
            "name": "ad_sector_codes"
          }, 
          {
            "type": "string", 
            "name": "place_name"
          }, 
          {
            "type": "string", 
            "name": "is_geocoded"
          }, 
          {
            "type": "string", 
            "name": "location_type_name"
          }, 
          {
            "type": "string", 
            "name": "even_split_disbursements"
          }, 
          {
            "type": "string", 
            "name": "latitude"
          }, 
          {
            "type": "string", 
            "name": "project_id"
          }, 
          {
            "type": "string", 
            "name": "geographic_exactness"
          }, 
          {
            "type": "string", 
            "name": "status"
          }, 
          {
            "type": "string", 
            "name": "donors"
          }, 
          {
            "type": "string", 
            "name": "recipients"
          }, 
          {
            "type": "string", 
            "name": "ad_sector_names"
          }, 
          {
            "type": "string", 
            "name": "transactions_end_year"
          }, 
          {
            "type": "string", 
            "name": "start_actual_type"
          }, 
          {
            "type": "string", 
            "name": "even_split_commitments"
          }, 
          {
            "type": "string", 
            "name": "transactions_start_year"
          }, 
          {
            "type": "string", 
            "name": "start_actual_isodate"
          }, 
          {
            "type": "string", 
            "name": "project_title"
          }, 
          {
            "type": "string", 
            "name": "recipients_iso3"
          }, 
          {
            "type": "string", 
            "name": "longitude"
          }, 
          {
            "type": "string", 
            "name": "geoname_id"
          }, 
          {
            "type": "string", 
            "name": "total_disbursements"
          }, 
          {
            "type": "string", 
            "name": "total_commitments"
          }, 
          {
            "type": "string", 
            "name": "gazetteer_adm_code"
          }, 
          {
            "type": "string", 
            "name": "end_actual_isodate"
          }, 
          {
            "type": "string", 
            "name": "precision_code"
          }, 
          {
            "type": "string", 
            "name": "donors_iso3"
          }
        ]
      }
    }
  ], 
  "extras": [
    {
      "value": "1.0-beta.10", 
      "key": "Datapackage Version"
    }, 
    {
      "value": "AidData. 2016. DRC-AIMS_GeocodedResearchRelease_Level1_v1.3.1 geocoded dataset. Williamsburg, VA and Washington, DC: AidData. Accessed on [date]. http://aiddata.org/research-datasets.", 
      "key": "Citation"
    }, 
    {
      "value": "http://opendatacommons.org/licenses/by/", 
      "key": "Licenses Url"
    }, 
    {
      "value": "1.0", 
      "key": "Licenses Version"
    }, 
    {
      "value": "Open Data Commons Attribution", 
      "key": "Licenses Name"
    }, 
    {
      "value": "odc-pddl", 
      "key": "Licenses Id"
    }, 
    {
      "value": "", 
      "key": "Sources Web"
    }, 
    {
      "value": "DRC AMP", 
      "key": "Sources Name"
    }, 
    {
      "value": "http://aiddata.org", 
      "key": "Maintainers Web"
    }, 
    {
      "value": "AidData Data Team", 
      "key": "Maintainers Name"
    }, 
    {
      "value": "data@aiddata.org", 
      "key": "Maintainers Email"
    }, 
    {
      "value": "http://aiddata.org", 
      "key": "Publishers Web"
    }, 
    {
      "value": "AidData", 
      "key": "Publishers Name"
    }, 
    {
      "value": "info@aiddata.org", 
      "key": "Publishers Email"
    }, 
    {
      "value": "1998", 
      "key": "Temporal Start"
    }, 
    {
      "value": "2014", 
      "key": "Temporal End"
    }, 
    {
      "value": "Project Start Date Coverage", 
      "key": "Temporal Name"
    }, 
    {
      "value": "DRC-AIMS", 
      "key": "Data Set Preamble"
    }, 
    {
      "value": "GeocodedResearchRelease", 
      "key": "Data Type"
    }, 
    {
      "value": "Level1", 
      "key": "Processing Level"
    }, 
    {
      "value": "Recipient System", 
      "key": "Source Type"
    }, 
    {
      "value": "Aid Management Platform", 
      "key": "Source Subtype"
    }, 
    {
      "value": "", 
      "key": "Source Link"
    }, 
    {
      "value": "04/18/16", 
      "key": "Date Updated"
    }
  ]
}