"transaction_id","project_id","transaction_isodate","transaction_year","transaction_value_code","transaction_currency","transaction_value"
"DYPmGwQWSX93EFKih9LUWc","NGA/000266","","2013","E","USD","431"
"YgTF5ULMiVv9MGqmdnntS8","NGA/000542","","2009","C","USD","768"
"Qg3uqGifAjA27ZAto836NF","NGA/000192","","2012","E","USD","1963"
"ECaLrpk4AitfVSbkkiRnrK","NGA/000114","","2009","E","USD","3394"
"ZScMtknM3DBEhdNJw5C8aG","NGA/000193","","2012","E","USD","3272"
"uPDvCFHJ5yt63iV35JQRsX","NGA/000191","","1990","E","USD","7850"
"QtNSFrdfp4qyJuAApMBxgW","NGA/000194","","2012","E","USD","6545"
"dZb7mkHWc3WcX2SNiYMN8j","NGA/000110","","1999","D","USD","21536"
"hF9tpsjTX8ckvkvmxm4Pve","NGA/000110","","1999","E","USD","21537"
"rkpKVCjoLznVGFw9QZ8zU5","NGA/000110","","1999","C","USD","21537"
"SYAckjafiKRBGnwEBAtWsJ","NGA/000667","","2013","C","USD","26397"
"8e5pNK7R7BusLPLeBayaGW","NGA/000450","","2010","C","USD","37217"
"hWCAjrrUM4Nw6CoU9de7o9","NGA/000537","","2013","C","USD","41574"
"9qnGbQf4yTz6adGPUzVAF5","NGA/000116","","1995","E","USD","60868"
"ibzJkMvT5B4u8ddS7Kte9R","NGA/000118","","1994","E","USD","62999"
"xjG6WraqCskGzzMwkzHGGc","NGA/000360","","2013","E","USD","51645"
"gzcH5jMuUZRFVzyguJWM5T","NGA/000360","","2013","C","USD","51645"
"xT3oWi9kbnGaKaaTqdSX5A","NGA/000360","","2013","D","USD","51645"
"5otxXd49wGPdMr6jqznbGV","NGA/000117","","1994","E","USD","89832"
"zn6ftbC2GEavaLxKHY5qXR","NGA/000117","","1994","C","USD","89832"
"rcq9hi8YGNATjTSZaergX9","NGA/000117","","1994","D","USD","89832"
"BXHU8WBcLUcEdNHwNo3TBT","NGA/000624","","2010","C","USD","85546"
"jvijXk8oCnm66sCrBw4Rna","NGA/000273","","2011","D","USD","92710"
"4pYFmv2DaX57dh2cizkx8T","NGA/000356","","2013","E","USD","103291"
"JB5rZMzuqfevTK2WUrmPbQ","NGA/000359","","2013","E","USD","103291"
"mtqwTLQHVHJbf7sxtQ5kuY","NGA/000356","","2013","C","USD","103291"
"C2CYMyh9AgARF6wrJtpELc","NGA/000359","","2013","C","USD","103291"
"2V9MHWUiPRtXrWDkdnHmvK","NGA/000487","","2012","C","USD","98184"
"F64hi8reFNbhN6uyXjWtRB","NGA/000371","","2013","D","USD","103291"
"zUkwmownzo7uS4CRPsSFqU","NGA/000356","","2013","D","USD","103291"
"tmGsMR7SR2DXcKHmqUFc35","NGA/000359","","2013","D","USD","103291"
"z6Hq5XmZcmHkxaTcZpxy5K","NGA/000262","","2012","D","USD","109966"
"TCFxDE8M3DBK9PpbvsnvVi","NGA/000392","","2011","C","USD","120000"
"X2PGqLhQNRfjbEAs6y74cd","NGA/000712","","2012","E","USD","122730"
"Apoxy36BTXiGUd9Rdk4f7L","NGA/000120","","2000","E","USD","166007"
"Foe2CRoASDB5Z6X5uH2cTo","NGA/000704","","2011","E","USD","149526"
"oMNKNV8ufiLeqonD7jvYTg","NGA/000371","","2013","E","USD","154937"
"3pPUPcAzUuDTDdMsw2iKdA","NGA/000371","","2013","C","USD","154937"
"3kFnZjqjPa9ZoZFmCGohDm","NGA/000315","","2010","C","USD","153197"
"V5rikJLUmRHY2xtEMxMV3F","NGA/000274","","2012","D","USD","151692"
"aUpUzXL2FWomz2GcFkarSe","NGA/000488","","2013","C","USD","159969"
"VtuLbZLvt2Wzv2wvggsVvW","NGA/000273","","2011","E","USD","159430"
"Fd53baXiW27ncarrkvMhzL","NGA/000273","","2011","C","USD","159430"
"ZjEXVJGkTP9UB8unhBrE38","NGA/000270","","2013","D","USD","168217"
"5MMZHCLvnJuTPWSh5mCfGm","NGA/000093","","2011","E","USD","164000"
"jk7D3ZBZL2WsESePnEZnPe","NGA/000623","","2011","C","USD","173893"
"dGymYmFejDWGECWebEYKpR","NGA/000537","","2013","E","USD","180759"
"6WRE83dHxH7SLFJLaPwQLM","NGA/000537","","2013","D","USD","180759"
"vDLWXY8WkWNEV2wKZj8x2H","NGA/000259","","2012","D","USD","176731"
"GkuR6JJJMzfMJgqcmGPXJR","NGA/000450","","2010","E","USD","186089"
"VGHohi24r6q4nZRkSm3N6S","NGA/000450","","2010","D","USD","186089"
"No6eVbELRmyvyQKvwhBEcL","NGA/000270","","2013","E","USD","205819"
"74DjZorDtoWYH9mfJ4aVn5","NGA/000270","","2013","C","USD","205819"
"FgGB4UBAPztuSKFACGZ6CV","NGA/000703","","2010","E","USD","204263"
"obJ3kbXKFfpBjcRVYboALQ","NGA/000258","","2011","E","USD","200000"
"9t5dtFSpWrrTxvut7X3WtK","NGA/000257","","2010","E","USD","204263"
"suhD5Ca5BYZMUmQ2QeuUaG","NGA/000262","","2012","E","USD","196368"
"vHkRBqHX7DmBaqag3PQAiH","NGA/000262","","2012","C","USD","196368"
"ELTe8kH79UThBmtxHbvSJ4","NGA/000667","","2013","E","USD","237570"
"NwQfVbcngzcrpcuPTVSuQc","NGA/000667","","2013","D","USD","237570"
"2zezmtMytuVX3DvG7aYmFd","NGA/000480","","2012","C","USD","235372"
"WhBtboWKAwyvMUa9nt4Dph","NGA/000391","","2011","C","USD","263934"
"6Rc95am6SzKGhwfCtVLFHG","NGA/000123","","2003","C","USD","340293"
"7DrYXfGWugC43J2k9rg4bG","NGA/000520","","2013","C","USD","292558"
"aosjfyrum55UExuA97KoGm","NGA/000272","","2011","D","USD","284517"
"NiiHbKa2KLinmBJPZ9PGYb","NGA/000123","","2003","E","USD","346779"
"uAiZfaVpKn4gRcBWRuR4wd","NGA/000708","","2012","E","USD","292589"
"L8sznrPjNijKFBTarmYdhR","NGA/000311","","2011","C","USD","298944"
"iaenD3g8m4V2omya52f7YW","NGA/000121","","1988","E","USD","519189"
"bNeNpvqz4DWAc2ALHHP6Fe","NGA/000121","","1988","C","USD","519189"
"vNR7PKT4KkkbmLLXXr2UpM","NGA/000121","","1988","D","USD","519189"
"baUXFJqhKjkJwcybhv2vk8","NGA/000163","","2008","E","USD","326262"
"37hVVBQJzAx55eiuLEjLWY","NGA/000163","","2008","C","USD","326262"
"UN3J4k42P37ZQpGnYM4jTj","NGA/000274","","2012","E","USD","307169"
"k8f3E5TBJr5EBFNYv7Ut2a","NGA/000274","","2012","C","USD","307169"
"JKmbpEXhqgQ5MXfjmDQouc","NGA/000095","","2010","D","USD","350059"
"EF9HGFe5NRiZQRgnymCU9N","NGA/000504","","2013","C","USD","358544"
"q6EnSaXxcDZMo9g6ud6zan","NGA/000722","","2003","E","USD","419536"
"R3Wxya9sxdTAkJGs8Kzage","NGA/000722","","2003","C","USD","419540"
"m7gHYypXYUNRF3uBDoJhza","NGA/000095","","2010","E","USD","355829"
"dpuAL7x9ZQWNGp4KkT2XYB","NGA/000095","","2010","C","USD","355829"
"woUUdsFPc7ToTgCkrtEzeX","NGA/000271","","2012","E","USD","343645"
"wtZZgWD2hz333MVhde3tvY","NGA/000503","","2013","C","USD","370816"
"njZwvm5iAVnxsM9aJS5dTb","NGA/000115","","2010","E","USD","367806"
"apjurTkaGC2curayfSYwcJ","NGA/000272","","2011","E","USD","379356"
"fsHXbrk4zLVegguj8R5ViZ","NGA/000272","","2011","C","USD","379356"
"cjwuQS9LNPY6aqVkvLTX8V","NGA/000427","","2011","C","USD","400000"
"gosBRkXAJBem4jGQ3SRdMV","NGA/000157","","2011","E","USD","412855"
"8pFRQA7Wf3gxhhoZhWCGLg","NGA/000157","","2011","C","USD","412855"
"Sbtj7LCJhMDgpRFBaReVr9","NGA/000157","","2011","D","USD","412855"
"9kQzKfKxq3TujeWVBnJgEQ","NGA/000088","","2005","D","USD","493679"
"gNy4bBBaddr3ShLtjqQhaX","NGA/000259","","2012","E","USD","432011"
"taaoh5Z87PqvmN7rquZgk3","NGA/000259","","2012","C","USD","432011"
"5GMnJTyZzoZrnodxqd7yoN","NGA/000700","","2009","E","USD","465734"
"YZN2VADhT6639pZwntN2Wj","NGA/000109","","2002","C","USD","566019"
"sxJSLExtUJbdh7MEqacJAB","NGA/000109","","2002","D","USD","566019"
"AzENJ3ehbx2cE7Fghy53h3","NGA/000263","","2012","E","USD","462448"
"YURWAXhCjasBF2yFrQEtwY","NGA/000119","","1990","E","USD","747851"
"VZTTVVDPpRhzsJhmZuuibV","NGA/000119","","1990","C","USD","747851"
"QvZaBXygTeaaa8p2qLun4X","NGA/000119","","1990","D","USD","747851"
"gkRPAuRkhZwSLfUkkPUaZ9","NGA/000148","","2009","E","USD","496487"
"XPp7qPNgWxFasoqGUH6jv7","NGA/000172","","2009","E","USD","517482"
"tS5vtR6pCFtps4eeYE4KJj","NGA/000168","","2012","E","USD","491903"
"4NyVwAUi2K9tGQFNnG8zEh","NGA/000101","","2009","C","USD","540538"
"8BrVimWEsipBrnNgJMUUKZ","NGA/000480","","2012","D","USD","518965"
"kXq7EavP38XyyMBCyu8bZS","NGA/000101","","2009","E","USD","549561"
"JwEpYD5os3GTUr68qhAnxH","NGA/000170","","2011","E","USD","554000"
"keZ5HCfBQrwyVcsoSQeJBZ","NGA/000529","","2013","D","USD","573267"
"4STnDdiSwhipeoFkmpvs7m","NGA/000280","","2009","D","USD","592081"
"tHiLUV9Ff48envPVb9DStL","NGA/000280","","2009","E","USD","596131"
"tYiAEyG2Bmrcaf66FRNEQW","NGA/000280","","2009","C","USD","596131"
"bqQvNdWKWC7b2eaEPdyHYH","NGA/000124","","2007","E","USD","640284"
"ffBYJWpmBNDVgEQVYjdpvH","NGA/000608","","2012","C","USD","589106"
"tXKP2DrE9RtuN5gDRvyBJC","NGA/000501","","2013","C","USD","633396"
"JaRPKWmqnfcnT6VvJk6caP","NGA/000179","","2005","E","USD","698256"
"cdfWEQePnDchR3Y2R7P3ob","NGA/000179","","2005","C","USD","698256"
"EbQivHVxP5otFmgmEMmXTR","NGA/000179","","2005","D","USD","698256"
"NMH3B3wtau24hyyaq7tso8","NGA/000519","","2013","C","USD","637788"
"Y9HzhWeCvMGQ7rkJAgKTSS","NGA/000570","","2008","C","USD","657587"
"j9QSsQFmj3NjiXTQRZZR54","NGA/000519","","2013","D","USD","666270"
"MFuSmzZHYtEXqKNT3yMeHS","NGA/000094","","2008","C","USD","730236"
"LXRmASVU6xWPSfpXkWaTue","NGA/000094","","2008","D","USD","730236"
"wTtJKAUV7Yr76ruc4aRwXM","NGA/000094","","2008","E","USD","730268"
"Ux45Mfd9v6AfZWhSgmZUME","NGA/000479","","2012","C","USD","700516"
"UPGUF8Ax9dDdT5MoiCAj95","NGA/000104","","2011","D","USD","722036"
"ve4sCEawLJCsZ3A23JemqQ","NGA/000310","","2010","C","USD","766990"
"j2SdvhF9LSLJqGuxTRwsQQ","NGA/000261","","2013","D","USD","787426"
"ytNtZdGKYK8czvicVL32JW","NGA/000530","","2013","D","USD","789712"
"rvEn9pPuDZPTcEpYLpRKPE","NGA/000311","","2011","E","USD","797888"
"hdc24mryDKe26S7rhx7XXL","NGA/000311","","2011","D","USD","797888"
"KgyNYQNoyuhqGm9Gkyq2gG","NGA/000122","","1991","C","USD","1209966"
"7NgmeUymKvqufDxf23PQ6E","NGA/000122","","1991","D","USD","1209966"
"FJFBTFJpJETpmTjXvFoDcL","NGA/000128","","2005","C","USD","944093"
"nAJTXkTwb8XxUeEgyobGcg","NGA/000149","","2005","E","USD","960649"
"mZ8Vsf9y8MpVEkBEsuH9Bm","NGA/000695","","2013","E","USD","889419"
"bvsP8WvWcnMDvPQRxiA8eH","NGA/000151","","2009","E","USD","893304"
"jMvAFfT3eDYGZfGBrmXC7D","NGA/000264","","2013","E","USD","895536"
"Q6GH8QTQC93sEsHq5z9K3G","NGA/000147","","2008","E","USD","936247"
"euckvjtNBavhQE3zLQqP66","NGA/000545","","2007","C","USD","957985"
"JHFgk5BZigHriVNm2zRwVN","NGA/000106","","2005","E","USD","1019407"
"vpF8BF92ZGngH8Y7eM2CWC","NGA/000150","","2009","E","USD","930912"
"dGfBCrGj3xhZG8LwWY9eNH","NGA/000391","","2011","E","USD","910120"
"sCPDWJDp3wNsMpN4piJ3ib","NGA/000104","","2011","C","USD","919824"
"sQMqXpWU9HCDibmxAZBdUR","NGA/000109","","2002","E","USD","1133691"
"5fnMAwKfi6PWewMzdhumeC","NGA/000152","","2007","E","USD","998606"
"y97SmcXmGC2dXe7Wzqn6Yk","NGA/000261","","2013","E","USD","1028141"
"zyMpQLAdY3X7B22rc2tiri","NGA/000261","","2013","C","USD","1028141"
"JoxMdzRovt69HTCR24GQF9","NGA/000488","","2013","D","USD","1032913"
"ybFzNVnEKKbtDtahvVem3W","NGA/000348","","2013","D","USD","1041132"
"3zUZadzHvZuJUpNYeFAhBJ","NGA/000145","","2009","E","USD","1046254"
"gTQJpiXxo974hMgTjNStuX","NGA/000105","","2003","C","USD","1264667"
"qYFirdssaCtwuSPRq2AHUJ","NGA/000105","","2003","D","USD","1264667"
"vHmajZExWsE7wKmZVjzkBC","NGA/000687","","2010","E","USD","1119364"
"69YNf8fLtjvCzkkeKqcxAn","NGA/000687","","2010","C","USD","1119364"
"et9UYJ6cCwkSHh7MXp7hw8","NGA/000687","","2010","D","USD","1119364"
"Bq3ova8dzCQUFDSsJHzUje","NGA/000142","","2010","E","USD","1131207"
"EHcxm25Tr2AS5JhsHL2fX5","NGA/000138","","2008","E","USD","1168613"
"6mmhoD4gCaaCkxc6UJGdLJ","NGA/000577","","2008","C","USD","1182567"
"vAJD4TczPo9YGnTiiHVTrX","NGA/000503","","2013","E","USD","1177031"
"ESGhgdKEBDjYcAUBgTd58e","NGA/000503","","2013","D","USD","1177031"
"g4wqPuHkC42drwceeu8HfM","NGA/000177","","2011","E","USD","1193646"
"rRfLvujbTukUDUC7ttGxw9","NGA/000485","","2012","D","USD","1178212"
"L7ur5gvuh3mPN8mr6jE7SY","NGA/000479","","2012","D","USD","1183360"
"kWHF2oGUKoSS3iSQ3uiuHX","NGA/000519","","2013","E","USD","1275577"
"4tRcbnXUvTiy4hLDYLAjxk","NGA/000520","","2013","D","USD","1296908"
"CqFcgwTsf4hJ3MGxsCt2Gm","NGA/000392","","2011","E","USD","1320000"
"FsCjC8uRYAXFnRmBUSPiKE","NGA/000392","","2011","D","USD","1320000"
"BN34P3zTqjg5dVkdPncQmm","NGA/000099","","2010","C","USD","1366772"
"KcMTnvuSqa66YdMYeRrnvS","NGA/000099","","2010","D","USD","1366772"
"LUiU7PqjojJtmidK7BtZAR","NGA/000268","","2013","D","USD","1405202"
"n9FjeqsSiqPRGhKzJxgcae","NGA/000488","","2013","E","USD","1440027"
"Dw5N6AqT56Mc79peJU4udn","NGA/000219","","2009","E","USD","1456497"
"SyJoycTCAAfxpkL9b3wMy4","NGA/000647","","2013","D","USD","1459010"
"nayVy7Tdn6z5owcXAsWVSQ","NGA/000480","","2012","E","USD","1452588"
"EG7frJSsRCLsqTXgAhuo8H","NGA/000487","","2012","E","USD","1472274"
"5s8qiaTLk4iWxXx98t4nKf","NGA/000487","","2012","D","USD","1472274"
"JypyckTSmzuTwXigCVcci7","NGA/000161","","2011","D","USD","1500000"
"xg9z6Tjj77nhgM7MVugyuL","NGA/000141","","2011","E","USD","1502733"
"qT5RGrNuLdaqUipsNMr5ZX","NGA/000309","","2011","C","USD","1571635"
"3WEdf6gHZ4ePG5Gbx6yfSo","NGA/000308","","2013","C","USD","1623363"
"anK9UYvp2Puote2mQAbGu4","NGA/000122","","1991","E","USD","2419933"
"uLJc28QxwVVzEiYq6cVbxg","NGA/000314","","2010","C","USD","1663676"
"UwCh2jgYy2JkeqRcTjgo8k","NGA/000308","","2013","D","USD","1720306"
"uFeu7Kb86hpWHvX2CEfASn","NGA/000315","","2010","E","USD","1764953"
"FxcsA4stBhoKC3LRGgRTfP","NGA/000315","","2010","D","USD","1764953"
"2XZXBmnc8Ryt9qdzXh3SJc","NGA/000624","","2010","E","USD","1930523"
"a9rhchSncfA7yCxjqCz96f","NGA/000624","","2010","D","USD","1930523"
"ef2WMLCMa7YZew4rBMBAP6","NGA/000125","","2007","E","USD","2128357"
"qWXmiACP9ZeyPJKkKac9cd","NGA/000112","","2009","E","USD","2069929"
"LT6YYoWy5DWMVfrEv8HwEM","NGA/000140","","2010","E","USD","2042635"
"wQTNaHZa9wngnAtgeVqGUP","NGA/000091","","2009","E","USD","2069929"
"4DZ49Z5NBPWDCsiipDgXs4","NGA/000143","","2008","E","USD","2090309"
"494yzCL5kpHT7mhG7BW3U2","NGA/000485","","2012","E","USD","2025699"
"65NeGZjVzWzHRGvdDuaWTh","NGA/000485","","2012","C","USD","2025699"
"sgZTDfMQSB6zGuViDEFo5X","NGA/000718","","2008","D","USD","2255133"
"gMhLTp46PDTqAiR4xrsyTH","NGA/000502","","2013","C","USD","2268723"
"eC5sZHrrHZYzz6ngoZ79TW","NGA/000158","","2005","C","USD","2530788"
"kxw9CY6YfK3gMoasEgwdcY","NGA/000718","","2008","E","USD","2334414"
"RDhDTyHBfUffdrViXLNJzB","NGA/000718","","2008","C","USD","2334414"
"uMnFQYJRzmwGqXYrk4oyiP","NGA/000139","","2009","E","USD","2378092"
"oq5TAdVwTxm6bLLet8n4V4","NGA/000530","","2013","E","USD","2452299"
"oqQRbY8ZqhKnHeCmrqzKuZ","NGA/000530","","2013","C","USD","2452299"
"oHeK4WDFfbxXS2ToT3fwmL","NGA/000158","","2005","D","USD","2718194"
"sYPyRZxJLBb3AFD3nCTcsE","NGA/000504","","2013","D","USD","2532904"
"7phGmyGje2CfxZBybM3BPJ","NGA/000529","","2013","E","USD","2659463"
"oVPQNUZWbMmawDiha5Qkdi","NGA/000529","","2013","C","USD","2659463"
"VWNoVxQ8UucpXFemBsqaA5","NGA/000348","","2013","E","USD","2680807"
"VBBYtjRZ4SWTtYMfiA57CX","NGA/000348","","2013","C","USD","2680807"
"BKjhvpKGZScfKvLEDpdxEY","NGA/000088","","2005","C","USD","2962075"
"2s7ZKhnrz8qoQFqxrJszs7","NGA/000088","","2005","E","USD","3087469"
"EXeT5LRH8mWXw8A3GBDkBC","NGA/000638","","2009","C","USD","2885740"
"ac4bXFWCcGZaq7LqocWEtS","NGA/000658","","2013","E","USD","2889490"
"2PXaXJj3dH88uSuL4sH58T","NGA/000502","","2013","D","USD","2915524"
"gdF5FNhK8xH4npk9YszEtG","NGA/000520","","2013","E","USD","2925582"
"vfLMEmiw9cZSjzd6vDSyDk","NGA/000711","","2010","E","USD","2921448"
"JgcpqY6y3eTex2Q9nCU7fm","NGA/000711","","2010","C","USD","2921448"
"Bhwr4etwkKFUPYkU7W2RU7","NGA/000711","","2010","D","USD","2921448"
"a6xnxcycPZdvCPHcyhq89Q","NGA/000158","","2005","E","USD","3255220"
"irHTygjaLuqoKrTtu9VFGF","NGA/000504","","2013","E","USD","2999828"
"JUtu4AgUMcSivKT4E86ifF","NGA/000310","","2010","D","USD","3067292"
"dCWMwcjTatNeUj6ZgLBQPh","NGA/000717","","2006","E","USD","3298608"
"AYcjbKCtQFrfaiiUefvXmS","NGA/000717","","2006","C","USD","3298608"
"n4yyt4eyCNPzy7XzptsF3N","NGA/000717","","2006","D","USD","3298608"
"fr3zRmpQYAuocA3AnGU2H7","NGA/000702","","2011","E","USD","3098975"
"xcXoxf8TZ3vxxKpLmqdT3T","NGA/000702","","2011","C","USD","3098977"
"w99pQAZR3soWW69sQiAoz5","NGA/000702","","2011","D","USD","3098977"
"rwGocwZGjrNE9YrjY3TKTi","NGA/000105","","2003","E","USD","3794002"
"BBFnUriCxxHYizZRm32LbX","NGA/000099","","2010","E","USD","3676917"
"qPK5KCLwH566yYJe43hrAG","NGA/000427","","2011","D","USD","3733816"
"y89oeRwUFqG9c2LZYVFJam","NGA/000486","","2012","D","USD","3859589"
"MwbcL6SrRP2hAxRiJUoiCo","NGA/000171","","2009","E","USD","4139858"
"29eYuWaP6YjjSJFkbn7UmB","NGA/000173","","2011","E","USD","4000000"
"CjmV9meFUZWBkgC299jn6a","NGA/000129","","2008","E","USD","4175943"
"2Kct32HHEo6WZYkKHa5vxf","NGA/000427","","2011","E","USD","4046276"
"4Y6RoT2rPui8zpEX8kQsz6","NGA/000156","","2007","E","USD","4480956"
"xrvcqFG7ffMNGrKb5NSge6","NGA/000156","","2007","C","USD","4480956"
"j8eHJ7SWRM8L2nWWTmoXaG","NGA/000156","","2007","D","USD","4480956"
"H8eJmQz6EDkcsCS48Nc5o3","NGA/000200","","2009","E","USD","4357775"
"yvb8bK3eaMQyFtu5tKvdHe","NGA/000104","","2011","E","USD","4302360"
"8bKx3VSLs6dNkXeqgZfSoh","NGA/000698","","2012","E","USD","4225228"
"pQDFpAwEZkr8teFv2iTY3m","NGA/000698","","2012","C","USD","4225228"
"UYNmLMxbDJKJ7c9wszYn8W","NGA/000698","","2012","D","USD","4225228"
"sZkkVqR7mtwZxBsLp6q3wb","NGA/000501","","2013","D","USD","4474323"
"XsavfyzyQZPj6YJUvKUsGQ","NGA/000277","","2012","D","USD","4259424"
"A24Q9wea79wtmSCVZv3CHT","NGA/000277","","2012","E","USD","4261377"
"3Evk7yQoWrXasqWbsVcVyn","NGA/000277","","2012","C","USD","4261377"
"YE4SMjqQFWzt3sXcVVDLX2","NGA/000486","","2012","E","USD","4417622"
"e7eLTgVhHzC6FuzcjqTyfD","NGA/000486","","2012","C","USD","4417622"
"JmqUcqq5vGDnD8UPJZopBF","NGA/000100","","2011","E","USD","4500000"
"vRpQ7oRRM5Q2CVkegXMrMZ","NGA/000690","","2010","E","USD","4679487"
"oDdYWmBEpfuwNrjepWgE9k","NGA/000690","","2010","C","USD","4679487"
"JN9qhHKRCCVPVfno55oTLa","NGA/000690","","2010","D","USD","4679487"
"ofAk7CYrApWaTUgkfoAbKb","NGA/000175","","2011","E","USD","4600000"
"PtFGcrbaqTuUzNKncUVp9Z","NGA/000647","","2013","C","USD","4880306"
"twNy5s9MzW7ybHtUFr2svN","NGA/000699","","2010","E","USD","4825991"
"BoM4FoFxKgxvkrZMpLMXvJ","NGA/000699","","2010","C","USD","4825991"
"SpF2aPvdFoorV4RNyfqNwg","NGA/000699","","2010","D","USD","4825991"
"Jr92nH8p2PzbN5rNAJ2Hvg","NGA/000479","","2012","E","USD","4670106"
"wuumsSYKA6BtsMG6wmmR7i","NGA/000203","","2008","C","USD","5056431"
"z92VfjdVeiRRxzU9JArXe8","NGA/000203","","2008","D","USD","5056431"
"7xXZMxx2scZpTQ2hRgifBD","NGA/000249","","2012","D","USD","4808424"
"9VWBStbKcsvcFSt88fmXmi","NGA/000135","","2007","E","USD","5309270"
"8XBkiGkS6Vq67hukPKim5G","NGA/000308","","2013","E","USD","5160918"
"EDZDoLMENgeiFApcWoo5PH","NGA/000310","","2010","E","USD","5113267"
"YirH9Ddz97NJaxwiehHfna","NGA/000252","","2012","D","USD","5006884"
"ggsnm652FPs7YBWUdigNBG","NGA/000250","","2012","D","USD","5297138"
"zWtNk49CcFpPs4b9RUHfrm","NGA/000276","","2009","D","USD","5726655"
"ew5MEXganasM9LVftmqjj7","NGA/000203","","2008","E","USD","5789834"
"NQVKYsdDcWJGHiHM7oNJ5i","NGA/000276","","2009","E","USD","5862413"
"KHzZJtVtgRwqAEKAa2nSxU","NGA/000276","","2009","C","USD","5862413"
"4J8gEgFLvC7metwnQjhyok","NGA/000672","","2011","E","USD","5787659"
"mp44i2Vp2io3GLkw86VrLB","NGA/000716","","2002","E","USD","7366098"
"NFLLo9Yt9HffA73D5cAmN2","NGA/000716","","2002","C","USD","7366098"
"ZX7XbzU4XkosaDUarEWFjY","NGA/000716","","2002","D","USD","7366098"
"DLxZmowUBj7oSdPejZUj4c","NGA/000161","","2011","E","USD","6000000"
"GuSADaxPTfrzePybUcG2TB","NGA/000161","","2011","C","USD","6000000"
"4Li2E4hq66u6B7UH7zLmug","NGA/000160","","2003","C","USD","7504444"
"C6qgoKcwBjw9fB3Gtwr8HM","NGA/000160","","2003","D","USD","7504444"
"JAnpBqRxyX7g7zoFwBvxNG","NGA/000160","","2003","E","USD","7504445"
"ywNndTmLhWrQ8Y6NuNGTpD","NGA/000269","","2013","D","USD","6456566"
"wdUScxRbdDKSYVARGdYaBg","NGA/000623","","2011","D","USD","6273884"
"GMKfWVRxREQVaVyyEq2WFB","NGA/000226","","2009","E","USD","6509211"
"D2EkQrQFNY5x6Nu8Z6qVTj","NGA/000623","","2011","E","USD","6569303"
"yQ2DkWfG9DR2HJbt3RLJge","NGA/000184","","2011","C","USD","6578000"
"nWNpw2SUm5aq6aPeEELR4h","NGA/000697","","2011","D","USD","6712653"
"ngvs7YNSfMdv4FoyHxBwCD","NGA/000251","","2012","D","USD","6663742"
"Von4WVsEnC8ZLgko8vn9PF","NGA/000184","","2011","E","USD","6864000"
"NR3ZbF4RXABpkungtfFYKh","NGA/000111","","2009","C","USD","7244753"
"b996Cpgb97TuQ6dUWgGh4T","NGA/000608","","2012","D","USD","7088289"
"jFHpA8dH7egKpKRNY3WZ9L","NGA/000647","","2013","E","USD","7746853"
"yzcjiyEVUQYVeqtezutiFQ","NGA/000314","","2010","D","USD","7802003"
"RWduNbR4mhNPqUQgMyFVNm","NGA/000714","","2012","D","USD","7696710"
"dENe72RytCZrBaRMNGum3G","NGA/000684","","2010","E","USD","9159313"
"mT4qfwC8EqXfoXMKrskVGZ","NGA/000692","","2010","E","USD","9755395"
"QtJomcwSuL72ymXKxf5JVY","NGA/000692","","2010","C","USD","9755395"
"zarBvcnytWDwNqcHKbeVFg","NGA/000692","","2010","D","USD","9755395"
"LEin7gGEGxLYmqz2jCb9nL","NGA/000153","","2004","E","USD","11386416"
"YJRjw2MUQMjonuGSjRNzva","NGA/000638","","2009","E","USD","10226981"
"NFkcUuKX3ri33U3MWS6emB","NGA/000638","","2009","D","USD","10226981"
"LBbDfr7gJrf7xeohhMZQVP","NGA/000709","","2013","E","USD","10329138"
"AMnPgXYPrsAoRZqQjPpEYD","NGA/000715","","2005","D","USD","11422130"
"jVg27UQ8McgECRH9BbJCDm","NGA/000715","","2005","C","USD","11422131"
"LZExmfCi3YioxQHo8c6nCk","NGA/000715","","2005","E","USD","11422132"
"sWjJqvn6qpcEHwiRJHtt3f","NGA/000281","","2012","D","USD","10279903"
"vXBDRAKi7wCePFRGWzwdyU","NGA/000268","","2013","E","USD","10827188"
"aXZGUmrZjtG67rXhKA9oRe","NGA/000268","","2013","C","USD","10827188"
"bSxsnmtDReETPEtEb3FRvA","NGA/000570","","2008","E","USD","10959792"
"azr5Je6ZAcPjyySJu6ahr2","NGA/000570","","2008","D","USD","10959792"
"itSuc3kdZVAngZPq2Yaov4","NGA/000281","","2012","E","USD","10328995"
"8tBa4AfgQ7FJfgPvB8UGQE","NGA/000281","","2012","C","USD","10328995"
"o6nRyHN4duwrV7VhPDAY6g","NGA/000502","","2013","E","USD","11343621"
"BBD9qp8zqMAuTdwWRPrDNb","NGA/000501","","2013","E","USD","12718287"
"dPAdPHfFYZjNAzLAtfcWoP","NGA/000229","","2012","D","USD","13337573"
"4hLWxFws4xa69sStkgEiJd","NGA/000691","","2005","C","USD","15753816"
"qHMgAuAsisSSYmZUeSz8Dj","NGA/000691","","2005","D","USD","15753816"
"EET8hZYcTyGfjusDKYYsYa","NGA/000691","","2005","E","USD","15753817"
"8gUsWy6DEqCUWmJK4SiZXQ","NGA/000111","","2009","E","USD","14489506"
"BMmrYLU5LsLU3o3Xe3ZVrU","NGA/000279","","2012","D","USD","14002304"
"wGvFdJq5PVGbCf2TxRAc4J","NGA/000279","","2012","E","USD","14047381"
"VPtCqWpK6UNHzVgdd29j8M","NGA/000279","","2012","C","USD","14047381"
"Vw46NkU8ruNJX9GxGf5EvB","NGA/000608","","2012","E","USD","14727655"
"3Y9opeFpXzrJ9QdbYskNpk","NGA/000673","","2009","E","USD","16165372"
"gbHFQpLueit3yJafhNwRyV","NGA/000714","","2012","E","USD","15393420"
"Ev9veVrFzagSqqk95Gz9cB","NGA/000714","","2012","C","USD","15393421"
"MmrEqQW5Ae9bZGiTsj72ad","NGA/000162","","2008","D","USD","16373531"
"PLTZU9QuZzpEXACfeZxrSR","NGA/000577","","2008","E","USD","16386261"
"BGeNZbBnhqKjzW9Y4MfDMW","NGA/000577","","2008","D","USD","16386261"
"DiVy3mTjZQvpvvcqQv92tg","NGA/000159","","2003","D","USD","19004376"
"kf2VUNxgbqgVUqpHtjCcfh","NGA/000689","","2013","E","USD","16409403"
"8m2j5wnieZoZNeYV5GEhhD","NGA/000314","","2010","E","USD","16225391"
"ccpvJSEyaq2LioisUxnnRQ","NGA/000706","","2013","E","USD","16490985"
"kGniJ63i7hrwbJo5Hmkr2L","NGA/000162","","2008","C","USD","16822347"
"ALJVBYQDJr3DiLpQ8c5h98","NGA/000162","","2008","E","USD","16822348"
"q4UA3E5cEE8EEhWcXMuW6K","NGA/000309","","2011","D","USD","16636014"
"Xes4boUCZUr6VbaoPYdL8b","NGA/000159","","2003","E","USD","21125339"
"ngKWFvA5LauTzsyPNwNJvb","NGA/000159","","2003","C","USD","21125339"
"r7vxmCp5QRZsQKYXQrW2fN","NGA/000248","","2011","E","USD","18188000"
"8kgWdcRTeaugsCjkHGG3FN","NGA/000250","","2012","C","USD","18753214"
"vcDHPkqz4BKDwpHbBynVsH","NGA/000134","","2006","E","USD","21656686"
"jHf8N72W2v8f6K8BUfkS7k","NGA/000144","","2010","E","USD","20426351"
"bqY7wotco4PPrJxsTBL67K","NGA/000250","","2012","E","USD","19636874"
"sAskATrtXXbFYcJ9WCpsN2","NGA/000196","","2008","E","USD","21886495"
"4wiggoDBd8udgKXQrruxaY","NGA/000182","","2009","E","USD","25213043"
"MCHAC9FuJR44Zw4y5xUq44","NGA/000202","","2010","E","USD","25174687"
"6W6dgajAhKUawt7Q7Tu95c","NGA/000252","","2012","E","USD","24546092"
"tNLPjsquNMVcqFeKWKgh4X","NGA/000252","","2012","C","USD","24546092"
"Vs2LaN4frHUwNjJyjezN8C","NGA/000131","","2007","E","USD","27226437"
"6ix9DUrZQYExRZNznQLSZY","NGA/000278","","2012","D","USD","27491624"
"iaRD8W8fb7wbP2rTeFDpb7","NGA/000128","","2005","E","USD","33049598"
"nT8pQ8GbgRgoh4WiVu28rj","NGA/000126","","2009","E","USD","30427963"
"6uQpAuAArnkvMSWc6Pb2yN","NGA/000126","","2009","C","USD","30427963"
"QdtAXZJvfWEBF8qkQoarfb","NGA/000228","","2011","E","USD","31446540"
"KTc8DYjszwocpBF8kaoF6m","NGA/000598","","2009","C","USD","33479100"
"zmVkn7qPjYtRihZyvPXNPn","NGA/000222","","2006","E","USD","35981018"
"GQQnnfRXDdkmAcRMu8j5GT","NGA/000598","","2009","D","USD","33949964"
"u6v9AKVWpDHHR5X3NqF27m","NGA/000249","","2012","C","USD","33382686"
"StdXk5PT7Wd7sKZyKgTj3T","NGA/000282","","2012","E","USD","33661229"
"Q2iMzabbi2Ym8YVYTevoiR","NGA/000282","","2012","C","USD","33661229"
"kZ6aea54LxgwwKXsEJrjnW","NGA/000282","","2012","D","USD","33661229"
"YgwT5vzHzBGbWGBDEhzhtf","NGA/000251","","2012","C","USD","33873608"
"PRDhBH3DN434SUUG5MHNYV","NGA/000251","","2012","E","USD","34364530"
"UUEd3QjTcyfR9W6TwHeZu6","NGA/000249","","2012","E","USD","34364530"
"nqfcxDZ8FemiqNSwabvLs8","NGA/000278","","2012","E","USD","36328217"
"iZdD9LFCLTaTBdMmxDBBbc","NGA/000278","","2012","C","USD","36328217"
"YLyGBQtPjnpCqjobBQoeBA","NGA/000545","","2007","E","USD","42467630"
"AYxu3G6tchADHURfix6tdh","NGA/000545","","2007","D","USD","42467630"
"as2fhe9LLCVbEtYsQwu8J6","NGA/000098","","2010","E","USD","40852703"
"apVLmmWtSsNVNLvBce4DQ7","NGA/000309","","2011","E","USD","41222104"
"xjYx9VfmBuvvxnpTYvJ9ib","NGA/000225","","2010","E","USD","44606812"
"ReawfCm6qfZy8m6iAUJWjE","NGA/000598","","2009","E","USD","46055930"
"GRQ5nbGA8Am4VF8uXeyPnC","NGA/000199","","2011","E","USD","46436059"
"oai2dFG7LsntGaodSXRC5a","NGA/000229","","2012","E","USD","47255750"
"jTuuKUcRdndfFSkaTm4Jta","NGA/000229","","2012","C","USD","47255750"
"PKP3fqwfdTEdrZsk5Yqzu5","NGA/000198","","2008","E","USD","52226841"
"Dy3CBrRaqm9XfHRVtWnWVS","NGA/000185","","2008","E","USD","52705537"
"heXZ6aEkBLqrEsjZwoT8mj","NGA/000187","","2010","E","USD","51781708"
"XsyxG7TkUhLiUDdUD3Pggb","NGA/000697","","2011","C","USD","53535255"
"NvaZzDemeLiDnWiH8Cj5SB","NGA/000289","","2009","E","USD","57372552"
"Q2yxPiT9HiAZQpWqti5AVH","NGA/000267","","2009","E","USD","62001724"
"CwQNzwRyWqzBRVscxexA4T","NGA/000239","","2008","E","USD","62639148"
"TFctrfUmPBkhP28ksRWM6f","NGA/000269","","2013","C","USD","67128570"
"iZXA8J5z3yPqhKyVPDEXvJ","NGA/000269","","2013","E","USD","67128571"
"jcqNkCh7psvk5Aw484VmGc","NGA/000220","","2010","E","USD","68547037"
"ZPBG4sttDL8RPCYChkMjZb","NGA/000697","","2011","E","USD","71439169"
"CnuroLvErF8e7E7EnrgCeF","NGA/000254","","2012","E","USD","76318712"
"9xRa9F8kkDVSNNifmc4yHC","NGA/000183","","2008","E","USD","85833055"
"jvEKJRC3zfZ5rjwbLYQGH7","NGA/000227","","2011","E","USD","87351502"
"8ojUAJ2WraGKpwR4hhfHvM","NGA/000208","","2008","E","USD","91193728"
"wd2wKPpKhCEwchkV7WDNNS","NGA/000287","","2009","E","USD","96819023"
"uKdp8kCJW4w8RodxdtFHVQ","NGA/000235","","2009","E","USD","98321649"
"sA9z3pMKcbQBhSgZL2y66H","NGA/000230","","2012","E","USD","93275153"
"m4gj8ou3JJpq9EsXaDfyDS","NGA/000133","","2001","E","USD","118901697"
"Jdx5japhHwT4YRT4TPYs9c","NGA/000253","","2010","E","USD","102131758"
"ix2srB2Vrx9cqxUXzHH5x6","NGA/000181","","2007","E","USD","112534305"
"VXKTbvAPmukdyVQBvDmB3L","NGA/000136","","2004","E","USD","124371371"
"wMHcmkaizYuDAH47fesUZb","NGA/000696","","2011","E","USD","108899790"
"qo6JLyANskB3tDod6NKw2i","NGA/000164","","2011","E","USD","110000000"
"PcRGs5cF2ZNtvwQsiiAFsG","NGA/000238","","2011","E","USD","115000000"
"QcomhJiFxoUMUt4qTUkrP4","NGA/000218","","2008","E","USD","127671220"
"Z7pu9t6SEigCkwAVj3Daw3","NGA/000197","","2008","E","USD","131609995"
"VTFxfhqM2hgf6yS7QTAHzd","NGA/000542","","2009","E","USD","138685273"
"zosfbJ45NwRH5TyrAnYcij","NGA/000542","","2009","D","USD","138685273"
"uuz8KNEy2vq3UHds45pt4U","NGA/000207","","2008","E","USD","153791794"
"J2Zto8oddfiunPtz6cRxnW","NGA/000246","","2009","E","USD","155244709"
"qYqbb4VgbV4CjdAfNa5XpV","NGA/000217","","2012","E","USD","152185776"
"WDTkE4o827mMWDzroJTsXi","NGA/000217","","2012","C","USD","152185776"
"EPEvBJKdQ5JhytjWeqHXqX","NGA/000237","","2013","E","USD","165266214"
"teS6LmhgKWsE6diTRXu2p7","NGA/000180","","2011","E","USD","166361645"
"bSmqqBmaXy7RRdmMxPuRfh","NGA/000224","","2008","E","USD","182387457"
"JnTkF3ELs4wut2xcTUs2UJ","NGA/000234","","2008","E","USD","187917444"
"jCSgDSRzmccgoDLxndWE7A","NGA/000240","","2011","E","USD","190000000"
"4eMLW2suT4NHfV6mTB6eyG","NGA/000206","","2012","E","USD","188684151"
"9Ab64WqTZXxRxXQexBzYuY","NGA/000236","","2009","E","USD","206992946"
"UnU8z6t6ejrwgDr3rTamcJ","NGA/000244","","2007","E","USD","213428043"
"faCTejNt2ceZYnVPjmu7wf","NGA/000242","","2004","E","USD","234247047"
"5ZAVenKYGGFS2C39S7aePH","NGA/000288","","2009","E","USD","225112675"
"GcYG2ARRh5jYJ479jn7YeR","NGA/000232","","2011","E","USD","225000000"
"iNVb9WyZwVhSCYVfyns4kZ","NGA/000245","","2009","E","USD","258741182"
"U5cHBfhMVN6irBhLmETzUi","NGA/000223","","2008","E","USD","269933436"
"qJbqQPWDvepCVWjzsz2Qsm","NGA/000231","","2007","E","USD","298799260"
"hyxQDe366oYsGCDcYBGGCh","NGA/000247","","2010","E","USD","306395275"
"kcYDmBgQeae2F93noDNAFd","NGA/000243","","2005","E","USD","362747553"
"9JzEXar5xFQ5EU9PqAkt8a","NGA/000241","","2009","E","USD","341538361"
"R9qw8ceu7j9fGFdXXTM6Nh","NGA/000132","","2007","E","USD","5445287486"
