sector_value	ad_sector_codes	ad_sector_names	ad_purpose_code	Name
AGRICULTURE	311	Agriculture	31120	Agricultural development
AIR TRANSPORTATION	210	Transport and storage	21050	Air transport
ALTERNATE ENERGY	230	Energy generation and supply	23030	Power generation/renewable sources
COMMERCE	250	Business and other services	25010	Business support services and institutions
COMMUNICATIONS	220	Communications	22005	Communications, purpose unspecified or does not fit under any other applicable codes
CONSTITUTIONAL BODIES	151	Government and civil society, general	15140	Government administration
DEFENCE	152	Conflict prevention and resolution, peace and security	15205	Conflict prevention and resolution, peace and security, purpose unspecified or does not fit under any other applicable codes
DRINKING WATER	140	Water supply and sanitation	14030	Basic drinking water supply and basic sanitation
ECONOMIC	151	Government and civil society, general	15110	Economic and development policy/planning
ECONOMIC REFORM	510	General budget support	51010	General budget support
EDUCATION	111	Education, level unspecified	11100	Education, level unspecified, combinations of purposes
ELECTRICITY	230	Energy generation and supply	23040	Electrical transmission/ distribution
ENERGY	230	Energy generation and supply	23005	Energy generation and supply, purpose unspecified or does not fit under any other applicable codes
ENVIRONMENT,SCIENCE & TECHNOLOGY	410	General environmental protection	41005	General environmental protection, purpose unspecified (includes miscellaneous conservation and protection measures not mentioned below) or does not fit under any other applicable codes
EXTERNAL LOAN PAYMENT	600	Action Relating to Debt	60010	Action relating to debt
FINANCIAL REFORM	240	Banking and financial services	24010	Financial policy and administrative management
FINANCIAL SERVICES	240	Banking and financial services	24081	Education/training in banking and financial services
FOREST	312	Forestry	31205	Forestry, purpose unspecified or does not fit under any other applicable codes
GENERAL ADMINISTRATION	151	Government and civil society, general	15140	Government administration
HEALTH	120	Health	12005	Health, purpose unspecified or does not fit under any other applicable codes
HOUSING	160	Other social infrastructure and services	16030	Housing policy and administrative management
HYDRO ELECTRICITY	230	Energy generation and supply	23030	Power generation/renewable sources
INDUSTRY	321	Industry	32120	Industrial development
IRRIGATION	311	Agriculture	31140	Agricultural water resources
LABOUR	160	Other social infrastructure and services	16020	Employment policy and administrative management
LAND REFORM & SURVEY	311	Agriculture	31110	Agricultural policy and administrative management
LIVELIHOOD	160	Other social infrastructure and services	16010	Social/ welfare services
LOCAL DEVELOPMENT	430	Other	43030	Urban development and management
METEREOLOGY	151	Government and civil society, general	15140	Government administration
MISCELLANEOUS	998	Unallocated/ unspecified	99810	Sectors not specified
OFFICE OF THE PRIME MINISTER	151	Government and civil society, general	15140	Government administration
OTHERS	998	Unallocated/ unspecified	99810	Sectors not specified
OTHERS - SOCIAL	160	Other social infrastructure and services	16010	Social/ welfare services
OTHERS - ECONOMIC	151	Government and civil society, general	15110	Economic and development policy/planning
PEACE AND RECONSTRUCTION	152	Conflict prevention and resolution, peace and security	15205	Conflict prevention and resolution, peace and security, purpose unspecified or does not fit under any other applicable codes
PLANNING & STATISTICS	160	Other social infrastructure and services	16010	Social/ welfare services
POLICE	151	Government and civil society, general	15130	Legal and judicial development
POLICY AND STRATEGIC	151	Government and civil society, general	15110	Economic and development policy/planning
POPULATION	130	Population policies/ programmes and reproductive health	13010	Population policy and administrative management
RENEWABLE ENERGY	230	Energy generation and supply	23030	Power generation/renewable sources
REVENUE & FINANCIAL ADMINISTRATION	151	Government and civil society, general	15120	Public sector financial management
ROAD TRANSPORTATION	210	Transport and storage	21020	Road transport
SOCIAL	160	Other social infrastructure and services	16010	Social/ welfare services
SUPPLY	321	Industry	32105	Industry, purpose unspecified (includes manufacturing of goods not specified below) or does not fit under any other applicable codes
TOURISM	332	Tourism	33210	Tourism policy and administrative management
URBAN DEVELOPMENT	430	Other	43030	Urban development and management
WATER AND ENERGY COMMISSION SECRETARIATS	140	Water supply and sanitation	14005	Water supply and sanitation, purpose unspecified or does not fit under any other applicable codes
WOMEN, CHILDREN & SOCIAL WELFARE	160	Other social infrastructure and services	16010	Social/ welfare services
YOUTH, SPORTS & CULTURE	160	Other social infrastructure and services	16010	Social/ welfare services
Unspecified	998	Unspecified	99810	Unspecified
