{
  "name": "nepal_amp_geocoded_research_release_level_1_v1.1", 
  "datapackage_version": "1.0-beta.10", 
  "title": "Nepal AMPGeocoded Research Release", 
  "version": "1.1", 
  "licenses": [
    {
      "url": "http://opendatacommons.org/licenses/by/", 
      "version": "1.0", 
      "name": "Open Data Commons Attribution", 
      "id": "odc-pddl"
    }
  ], 
  "sources": [
    {
      "web": "http://amis.mof.gov.np/portal/", 
      "name": "Nepal AMP"
    }
  ], 
  "maintainers": [
    {
      "web": "http://aiddata.org", 
      "name": "AidData Data Team", 
      "email": "data@aiddata.org"
    }
  ], 
  "publishers": [
    {
      "web": "http://aiddata.org", 
      "name": "AidData", 
      "email": "info@aiddata.org"
    }
  ], 
  "temporal": [
    {
      "start": 1997, 
      "end": 2014, 
      "name": "Start Date Coverage"
    }
  ], 
  "resources": [
    {
      "name": "projects.tsv", 
      "path": "../../scratch/temp/Level_1/research_release/data/projects.tsv", 
      "bytes": 142814, 
      "schema": {
        "fields": [
          {
            "type": "boolean", 
            "name": "is_geocoded"
          }, 
          {
            "type": "int", 
            "name": "is_geocoded"
          }, 
          {
            "type": "blank", 
            "name": "end_actual_type"
          }, 
          {
            "type": "date", 
            "name": "start_actual_isodate"
          }, 
          {
            "type": "string", 
            "name": "start_actual_type"
          }, 
          {
            "type": "string", 
            "name": "donors"
          }, 
          {
            "type": "string", 
            "name": "ad_sector_names"
          }, 
          {
            "type": "float", 
            "name": "total_disbursements"
          }, 
          {
            "type": "string", 
            "name": "ad_sector_originals"
          }, 
          {
            "type": "string", 
            "name": "status"
          }, 
          {
            "type": "string", 
            "name": "donors_iso3"
          }, 
          {
            "type": "int", 
            "name": "ad_sector_codes"
          }, 
          {
            "type": "float", 
            "name": "total_commitments"
          }, 
          {
            "type": "int", 
            "name": "project_id"
          }, 
          {
            "type": "blank", 
            "name": "end_actual_isodate"
          }, 
          {
            "type": "blank", 
            "name": "project_title"
          }
        ]
      }
    }, 
    {
      "name": "locations.tsv", 
      "path": "../../scratch/temp/Level_1/research_release/data/locations.tsv", 
      "bytes": 2251529, 
      "schema": {
        "fields": [
          {
            "type": "string", 
            "name": "location_type_name"
          }, 
          {
            "type": "float", 
            "name": "longitude"
          }, 
          {
            "type": "int", 
            "name": "geoname_id"
          }, 
          {
            "type": "string", 
            "name": "project_location_id"
          }, 
          {
            "type": "string", 
            "name": "location_type_code"
          }, 
          {
            "type": "float", 
            "name": "latitude"
          }, 
          {
            "type": "int", 
            "name": "project_id"
          }, 
          {
            "type": "boolean", 
            "name": "precision_code"
          }, 
          {
            "type": "int", 
            "name": "precision_code"
          }, 
          {
            "type": "string", 
            "name": "place_name"
          }
        ]
      }
    }, 
    {
      "name": "transactions.tsv", 
      "path": "../../scratch/temp/Level_1/research_release/data/transactions.tsv", 
      "bytes": 143839, 
      "schema": {
        "fields": [
          {
            "type": "int", 
            "name": "transaction_year"
          }, 
          {
            "type": "blank", 
            "name": "transaction_isodate"
          }, 
          {
            "type": "float", 
            "name": "transaction_value"
          }, 
          {
            "type": "string", 
            "name": "transaction_currency"
          }, 
          {
            "type": "int", 
            "name": "project_id"
          }, 
          {
            "type": "string", 
            "name": "transaction_value_code"
          }, 
          {
            "type": "string", 
            "name": "transaction_id"
          }
        ]
      }
    }
  ], 
  "data_set_preamble": "Nepal_AMP", 
  "data_type": "Geocoded_Research_Release", 
  "processing_level": "Level_1", 
  "source_type": "Recipient System", 
  "source_subtype": "Aid Management Platform", 
  "source_link": "http://amis.mof.gov.np/portal/", 
  "date_updated": "03/23/15", 
  "donors_iso": [
    {
      "name": "AUT |DAC"
    }, 
    {
      "name": "DAC|AUS "
    }, 
    {
      "name": "GBR|DAC|DAC|DAC|DAC"
    }, 
    {
      "name": "DAC|NPL|NPL|NPL"
    }, 
    {
      "name": "USA"
    }, 
    {
      "name": "DAC|NPL|DAC"
    }, 
    {
      "name": "CHE|USA"
    }, 
    {
      "name": "DAC|NOR"
    }, 
    {
      "name": "DEU"
    }, 
    {
      "name": "GBR|JPN"
    }, 
    {
      "name": "AUS |CAN|DAC"
    }, 
    {
      "name": "GBR|CHE"
    }, 
    {
      "name": "GBR"
    }, 
    {
      "name": "CAN"
    }, 
    {
      "name": "DAC|DAC|GBR|DAC|CHE"
    }, 
    {
      "name": "AUS "
    }, 
    {
      "name": "NOR|DAC"
    }, 
    {
      "name": "DAC|DEU"
    }, 
    {
      "name": "DAC|GBR|DAC"
    }, 
    {
      "name": "AUS |DNK|GBR|CHE"
    }, 
    {
      "name": "GBR|DAC"
    }, 
    {
      "name": "DNK|NOR"
    }, 
    {
      "name": "DAC|DAC|CHE|DAC"
    }, 
    {
      "name": "AUT |DAC|DAC|DAC"
    }, 
    {
      "name": "AUT |DAC|DAC"
    }, 
    {
      "name": "DAC"
    }, 
    {
      "name": "DNK|GBR|FIN|CHE|DAC|DAC"
    }, 
    {
      "name": "GBR|DAC|DAC"
    }, 
    {
      "name": "DAC|IND"
    }, 
    {
      "name": "DAC|DAC|DAC"
    }, 
    {
      "name": "DNK|GBR|DEU|DAC|FIN|DEU|NOR|CHE"
    }, 
    {
      "name": "DAC|AUS |DNK|GBR|DAC|FIN|DAC|JPN|NOR|DAC|DAC"
    }, 
    {
      "name": "KWT"
    }, 
    {
      "name": "GBR|NPL"
    }, 
    {
      "name": "JPN|JPN"
    }, 
    {
      "name": "SAU"
    }, 
    {
      "name": "DAC|NPL"
    }, 
    {
      "name": "DAC|CAN|DNK|GBR|NOR|CHE"
    }, 
    {
      "name": "CHE"
    }, 
    {
      "name": "DAC|DAC|NOR|DAC"
    }, 
    {
      "name": "AUS |GBR|DAC|DAC"
    }, 
    {
      "name": "DNK"
    }, 
    {
      "name": "IND|IND"
    }, 
    {
      "name": "GBR|NOR|DAC|DAC"
    }, 
    {
      "name": "DNK|GBR|DEU|NOR"
    }, 
    {
      "name": "DAC|DAC"
    }, 
    {
      "name": "AUS |DNK|GBR|DAC|JPN|NOR|DAC"
    }, 
    {
      "name": "CHN"
    }, 
    {
      "name": "AUS |GBR|DAC|DEU"
    }, 
    {
      "name": "DAC|DEU|DAC|DAC"
    }, 
    {
      "name": "FIN"
    }, 
    {
      "name": "NPL"
    }, 
    {
      "name": "CHE|CHE"
    }, 
    {
      "name": "NOR|DAC|DAC"
    }, 
    {
      "name": "DNK|GBR|DAC"
    }, 
    {
      "name": "JPN"
    }, 
    {
      "name": "DNK|DAC"
    }, 
    {
      "name": "AUS |GBR|NOR|CHE|DAC|DAC|DAC"
    }, 
    {
      "name": "KOR "
    }, 
    {
      "name": "NPL|DAC"
    }, 
    {
      "name": "DAC|DAC|JPN|NPL"
    }, 
    {
      "name": "DAC|CHE"
    }, 
    {
      "name": "DNK|GBR|DAC|DAC|DAC|DAC"
    }, 
    {
      "name": "IND"
    }, 
    {
      "name": "DAC|JPN|DAC|DAC"
    }, 
    {
      "name": "GBR|FIN|CHE"
    }, 
    {
      "name": "NOR"
    }, 
    {
      "name": "DNK|GBR|DAC|DAC"
    }
  ], 
  "donors_list": [
    {
      "name": "World Vision International"
    }, 
    {
      "name": "Economic Development Cooperation Fund Korea"
    }, 
    {
      "name": "Ministry of Industry"
    }, 
    {
      "name": "Action Aid International Nepal"
    }, 
    {
      "name": "Denmark|Department for International Development|Finland|Swiss Agency for Development and Cooperation|United Nation Office of High Commissioner for Human Rights|United Nations Development Programme"
    }, 
    {
      "name": "Kuwait fund for Arab Economic development"
    }, 
    {
      "name": "Department for International Development|Ministry of Science, Technology and Environment"
    }, 
    {
      "name": "Asian Development Bank|DRF UK|Department for International Development|OPEC Fund for Inernational Development|Swiss Agency for Development and Cooperation"
    }, 
    {
      "name": "CARE Nepal|Care International UK|European Union"
    }, 
    {
      "name": "Department for International Development|Norway|United Nations Development Programme|United Nations Peace Fund"
    }, 
    {
      "name": "European Union|United Nations Development Programme"
    }, 
    {
      "name": "World Health Organization"
    }, 
    {
      "name": "United Nations Educational, Scientific and Cultural Organization"
    }, 
    {
      "name": "Canadian International Development Agency"
    }, 
    {
      "name": "Norway|United Nations Development Programme|United Nations Peace Fund"
    }, 
    {
      "name": "Mission East"
    }, 
    {
      "name": "Japan International Cooperation Agency"
    }, 
    {
      "name": "International Finance Cooperation|Ministry of Industry"
    }, 
    {
      "name": "United Nations Population Fund"
    }, 
    {
      "name": "Asian Development Bank|Swiss Agency for Development and Cooperation"
    }, 
    {
      "name": "CARE Nepal"
    }, 
    {
      "name": "Asian Development Bank|International Development Association"
    }, 
    {
      "name": "Asian Development Bank|Ministry of Energy"
    }, 
    {
      "name": "Denmark|World Food Programme"
    }, 
    {
      "name": "Swiss Agency for Development and Cooperation|U.S. Agency for International Development"
    }, 
    {
      "name": "Swiss Agency for Development and Cooperation"
    }, 
    {
      "name": "World Trade Organization"
    }, 
    {
      "name": "United Nations High Commissioner for Refugees"
    }, 
    {
      "name": "Global Fund to Fight AIDS, Tuberculosis and Malaria|United Nations Development Programme"
    }, 
    {
      "name": "Asian Development Bank|Canadian International Development Agency|Denmark|Department for International Development|Norway|Swiss Agency for Development and Cooperation"
    }, 
    {
      "name": "National Women's Commission|United Nations Development Fund for Women"
    }, 
    {
      "name": "SNV Netherlands Development Organisation"
    }, 
    {
      "name": "United Nations Environment Programme"
    }, 
    {
      "name": "Micronutrient Initiative"
    }, 
    {
      "name": "Austria|Care Austria|European Union"
    }, 
    {
      "name": "South Asian Association For Regional Cooperation"
    }, 
    {
      "name": "European Union"
    }, 
    {
      "name": "Margaret A. Cargill Foundation"
    }, 
    {
      "name": "Global Environment Facility|Ministry of Agriculture Development|Ministry of Forest and Soil Conservation|Ministry of Land Reform and Management"
    }, 
    {
      "name": "Norway|South Asian Association For Regional Cooperation"
    }, 
    {
      "name": "Dan Church Aid"
    }, 
    {
      "name": "India"
    }, 
    {
      "name": "India Exim Bank"
    }, 
    {
      "name": "Department for International Development|Japan Fund for Poverty Reduction"
    }, 
    {
      "name": "The ISIS Foundation"
    }, 
    {
      "name": "Global Environment Facility"
    }, 
    {
      "name": "AusAid|Department for International Development|International Development Association|Kreditanstalt für Wiederaufbau"
    }, 
    {
      "name": "AusAid|Department for International Development|Norway|Swiss Agency for Development and Cooperation|United Nation Office of High Commissioner for Human Rights|United Nations Development Programme|United Nations Peace Fund"
    }, 
    {
      "name": "Department for International Development|Swiss Agency for Development and Cooperation"
    }, 
    {
      "name": "Denmark|Norway"
    }, 
    {
      "name": "The United Nations Economic and Social Commission for Asia and the Pacific"
    }, 
    {
      "name": "European Union|United Nations Development Programme|United Nations Peace Fund"
    }, 
    {
      "name": "Asian Development Bank|Nordic Development Fund"
    }, 
    {
      "name": "Asian Development Bank|OPEC Fund for Inernational Development"
    }, 
    {
      "name": "Saudi Development Fund"
    }, 
    {
      "name": "International Development Association|World Bank Trust Funds"
    }, 
    {
      "name": "Asian Development Bank|AusAid"
    }, 
    {
      "name": "Nordic Development Fund"
    }, 
    {
      "name": "UNOPS"
    }, 
    {
      "name": "Norway"
    }, 
    {
      "name": "Asian Development Bank|Department for International Development|World Bank Trust Funds"
    }, 
    {
      "name": "CARE Nepal|European Union"
    }, 
    {
      "name": "Austria|CARE Nepal|Care Austria|European Union"
    }, 
    {
      "name": "International Labour Organization"
    }, 
    {
      "name": "China"
    }, 
    {
      "name": "United Nations Children's Fund"
    }, 
    {
      "name": "Department for International Development|Finland|Swiss Agency for Development and Cooperation"
    }, 
    {
      "name": "Norway|United Nations Development Programme"
    }, 
    {
      "name": "Department for International Development|International Development Association"
    }, 
    {
      "name": "Department for International Development|European Union"
    }, 
    {
      "name": "Media Service Nepal"
    }, 
    {
      "name": "HELVETAS Switzerland|Swiss Agency for Development and Cooperation"
    }, 
    {
      "name": "Finland"
    }, 
    {
      "name": "German Nepal Help Association"
    }, 
    {
      "name": "Asian Development Bank|Norway"
    }, 
    {
      "name": "ECPAT Luxembourg Nepal"
    }, 
    {
      "name": "International Development Association"
    }, 
    {
      "name": "AWO International"
    }, 
    {
      "name": "Global Environment Facility|United Nations Development Programme"
    }, 
    {
      "name": "U.S. Agency for International Development"
    }, 
    {
      "name": "Reach Out To Asia (ROTA)"
    }, 
    {
      "name": "Handicap International Nepal"
    }, 
    {
      "name": "Women For Human Rights Single Womengroup Association"
    }, 
    {
      "name": "Nepal Youth Foundation"
    }, 
    {
      "name": "International Center for Transitional Justice"
    }, 
    {
      "name": "United Nations Development Programme"
    }, 
    {
      "name": "Denmark|Department for International Development|United Nations Capital Development Fund|United Nations Children's Fund|United Nations Development Fund for Women|United Nations Development Programme"
    }, 
    {
      "name": "DRF UK|India"
    }, 
    {
      "name": "United Nations Human Settlements Programme"
    }, 
    {
      "name": "International Labour Organization|Joint United Nations Programme on HIV/AIDS|Norway|United Nations Peace Fund"
    }, 
    {
      "name": "Japan"
    }, 
    {
      "name": "Department for International Development|European Union|United Nations Development Programme"
    }, 
    {
      "name": "Department for International Development|World Bank Trust Funds"
    }, 
    {
      "name": "Global Environment Facility|Ministry of Science, Technology and Environment|United Nations Organization for Industrial Development"
    }, 
    {
      "name": "India|India Exim Bank"
    }, 
    {
      "name": "ActionAid International (AAI)"
    }, 
    {
      "name": "World Wildlife Fund, Inc., Nepal Program"
    }, 
    {
      "name": "United Nations Capital Development Fund|United Nations Development Programme"
    }, 
    {
      "name": "Population Services International Nepal"
    }, 
    {
      "name": "European Union|Practical Action"
    }, 
    {
      "name": "International Development Association|Kreditanstalt für Wiederaufbau|SNV Netherlands Development Organisation|World Bank Trust Funds"
    }, 
    {
      "name": "Austria|Care Austria"
    }, 
    {
      "name": "International Fund for Agricultural Development"
    }, 
    {
      "name": "Kreditanstalt für Wiederaufbau"
    }, 
    {
      "name": "International Development Association|International Fund for Agricultural Development|World Bank Trust Funds"
    }, 
    {
      "name": "Denmark|Department for International Development|United Nations Capital Development Fund|United Nations Development Programme"
    }, 
    {
      "name": "AusAid|Canadian International Development Agency|Himal Power Ltd"
    }, 
    {
      "name": "European Investment Bank|Kreditanstalt für Wiederaufbau"
    }, 
    {
      "name": "Global Alliance for Vaccines and Immunisation"
    }, 
    {
      "name": "Center for Reproductive Rights"
    }, 
    {
      "name": "Asian Development Bank"
    }, 
    {
      "name": "United Nations Capital Development Fund"
    }, 
    {
      "name": "Denmark|Department for International Development|Kreditanstalt für Wiederaufbau|Norway"
    }, 
    {
      "name": "United Nations Peace Fund"
    }, 
    {
      "name": "Norlha-Helping People in the Himalayas"
    }, 
    {
      "name": "Practical Action"
    }, 
    {
      "name": "Global Fund to Fight AIDS, Tuberculosis and Malaria"
    }, 
    {
      "name": "Asian Development Bank|Ministry of Finance"
    }, 
    {
      "name": "Department for International Development|European Union|United Nations Development Programme|United Nations International Stragegy for Disaster Reduction|World Bank Trust Funds"
    }, 
    {
      "name": "Denmark"
    }, 
    {
      "name": "Norway|World Bank Trust Funds"
    }, 
    {
      "name": "Asian Development Bank|International Finance Cooperation|World Bank Trust Funds"
    }, 
    {
      "name": "Ministry of Labour & Employment"
    }, 
    {
      "name": "Denmark|Department for International Development|United Nations Development Programme"
    }, 
    {
      "name": "Joint United Nations Programme on HIV/AIDS"
    }, 
    {
      "name": "U.S. Department of States"
    }, 
    {
      "name": "AusAid"
    }, 
    {
      "name": "Asian Development Bank|Organization of the Petroleum Exporting Countries"
    }, 
    {
      "name": "Asian Development Bank|Global Environment Facility"
    }, 
    {
      "name": "Denmark|Department for International Development|Deutsche Gesellschaft für Internationale Zusammenarbeit|European Union|Finland|Kreditanstalt für Wiederaufbau|Norway|Swiss Agency for Development and Cooperation"
    }, 
    {
      "name": "Asian Development Bank|Climate Investment Fund|World Bank Trust Funds"
    }, 
    {
      "name": "Asian Development Bank|OPEC Fund for Inernational Development|Swiss Agency for Development and Cooperation|World Food Programme"
    }, 
    {
      "name": "Deutsche Gesellschaft für Internationale Zusammenarbeit"
    }, 
    {
      "name": "Save the Children"
    }, 
    {
      "name": "Food and Agriculture Organization"
    }, 
    {
      "name": "AusAid|Department for International Development|Global Fund to Fight AIDS, Tuberculosis and Malaria|United Nations Development Programme"
    }, 
    {
      "name": "Gaja Youth Club"
    }, 
    {
      "name": "World Bank Trust Funds"
    }, 
    {
      "name": "Korea International Cooperation Agency"
    }, 
    {
      "name": "European Union|International Labour Organization"
    }, 
    {
      "name": "AusAid|Denmark|Department for International Development|European Union|Japan International Cooperation Agency|Norway|United Nations Development Programme"
    }, 
    {
      "name": "United Nations Development Fund for Women"
    }, 
    {
      "name": "Asian Development Bank|UNOPS|United Nations Development Programme"
    }, 
    {
      "name": "Asian Development Bank|AusAid|Denmark|Department for International Development|European Union|Finland|International Development Association|Japan International Cooperation Agency|Norway|Private Citizen|United Nations Children's Fund"
    }, 
    {
      "name": "Department for International Development"
    }, 
    {
      "name": "AMDA MINDS Nepal"
    }, 
    {
      "name": "World Food Programme"
    }, 
    {
      "name": "Japan Fund for Poverty Reduction"
    }, 
    {
      "name": "Department for International Development|SNV Netherlands Development Organisation"
    }, 
    {
      "name": "Japan|Japan International Cooperation Agency"
    }, 
    {
      "name": "Danida HUGOU"
    }, 
    {
      "name": "Global Fund to Fight AIDS, Tuberculosis and Malaria|Norway"
    }, 
    {
      "name": "Asian Development Bank|European Investment Bank|Japan International Cooperation Agency|Nepal Electricitiy Authority"
    }, 
    {
      "name": "United Nation Office of High Commissioner for Human Rights"
    }, 
    {
      "name": "Association Planet Finance"
    }, 
    {
      "name": "AusAid|Denmark|Department for International Development|Swiss Agency for Development and Cooperation"
    }, 
    {
      "name": "UNWOMEN"
    }, 
    {
      "name": "International Organization for Migration"
    }, 
    {
      "name": "Asian Development Bank|Japan International Cooperation Agency|Nordic Development Fund|Organization of the Petroleum Exporting Countries"
    }, 
    {
      "name": "Action Contre La Faim"
    }, 
    {
      "name": "Ministry of Federal Affairs and Local Development"
    }, 
    {
      "name": "JapanKR2"
    }, 
    {
      "name": "United Nations Office of Drugs and Crime"
    }, 
    {
      "name": "Denmark|International Development Association"
    }, 
    {
      "name": "Plan Nepal"
    }
  ], 
  "sectors_codes_list": [
    {
      "name": "151"
    }, 
    {
      "name": "510|321"
    }, 
    {
      "name": "151|160"
    }, 
    {
      "name": "152"
    }, 
    {
      "name": "998|430"
    }, 
    {
      "name": "600"
    }, 
    {
      "name": "210"
    }, 
    {
      "name": "111|151"
    }, 
    {
      "name": "230|230|230"
    }, 
    {
      "name": "312"
    }, 
    {
      "name": "311"
    }, 
    {
      "name": "151|321|230|230|230"
    }, 
    {
      "name": "160|321|160|160"
    }, 
    {
      "name": "332"
    }, 
    {
      "name": "311|321|510"
    }, 
    {
      "name": "430|160|130"
    }, 
    {
      "name": "120|160"
    }, 
    {
      "name": "111"
    }, 
    {
      "name": "160|430"
    }, 
    {
      "name": "510|151"
    }, 
    {
      "name": "311|160"
    }, 
    {
      "name": "250"
    }, 
    {
      "name": "230"
    }, 
    {
      "name": "430|140|120|510"
    }, 
    {
      "name": "311|311"
    }, 
    {
      "name": "151|430"
    }, 
    {
      "name": "160|152|111|160|160"
    }, 
    {
      "name": "160|120|430|160"
    }, 
    {
      "name": "230|210"
    }, 
    {
      "name": "311|312"
    }, 
    {
      "name": "111|152"
    }, 
    {
      "name": "152|160"
    }, 
    {
      "name": "998|152"
    }, 
    {
      "name": "311|151|160"
    }, 
    {
      "name": "321"
    }, 
    {
      "name": "311|210|311"
    }, 
    {
      "name": "160|160"
    }, 
    {
      "name": "410|321"
    }, 
    {
      "name": "111|160"
    }, 
    {
      "name": "120|151|160"
    }, 
    {
      "name": "240|151"
    }, 
    {
      "name": "312|160|160"
    }, 
    {
      "name": "111|120"
    }, 
    {
      "name": "140"
    }, 
    {
      "name": "160|998|111|160|120"
    }, 
    {
      "name": "998"
    }, 
    {
      "name": "311|160|160"
    }, 
    {
      "name": "120"
    }, 
    {
      "name": "111|998"
    }, 
    {
      "name": "430|430"
    }, 
    {
      "name": "160|311|160|240"
    }, 
    {
      "name": "240"
    }, 
    {
      "name": "160|430|140|120|111"
    }, 
    {
      "name": "160"
    }, 
    {
      "name": "311|151"
    }, 
    {
      "name": "311|152"
    }, 
    {
      "name": "220"
    }, 
    {
      "name": "311|311|230"
    }, 
    {
      "name": "311|430"
    }, 
    {
      "name": "140|120"
    }, 
    {
      "name": "140|430"
    }, 
    {
      "name": "312|160"
    }, 
    {
      "name": "430|210"
    }, 
    {
      "name": "120|430"
    }, 
    {
      "name": "410"
    }, 
    {
      "name": "430|130"
    }, 
    {
      "name": "160|430|111|160|120"
    }, 
    {
      "name": "510"
    }, 
    {
      "name": "120|111|160|311|311|510|140|160"
    }, 
    {
      "name": "160|430|311|311|111"
    }, 
    {
      "name": "430"
    }, 
    {
      "name": "160|151"
    }
  ], 
  "sectors_names_list": [
    {
      "name": "Other social infrastructure and services|Government and civil society, general"
    }, 
    {
      "name": "Other social infrastructure and services"
    }, 
    {
      "name": "Health|Government and civil society, general|Other social infrastructure and services"
    }, 
    {
      "name": "Other social infrastructure and services|Other|Water supply and sanitation|Health|Education, level unspecified"
    }, 
    {
      "name": "Energy generation and supply"
    }, 
    {
      "name": "Water supply and sanitation|Other"
    }, 
    {
      "name": "Forestry|Other social infrastructure and services|Other social infrastructure and services"
    }, 
    {
      "name": "Agriculture|Government and civil society, general|Other social infrastructure and services"
    }, 
    {
      "name": "Agriculture|Other"
    }, 
    {
      "name": "Unallocated/ unspecified|Conflict prevention and resolution, peace and security"
    }, 
    {
      "name": "Conflict prevention and resolution, peace and security|Other social infrastructure and services"
    }, 
    {
      "name": "Forestry"
    }, 
    {
      "name": "Education, level unspecified"
    }, 
    {
      "name": "Other"
    }, 
    {
      "name": "Health"
    }, 
    {
      "name": "Banking and financial services|Government and civil society, general"
    }, 
    {
      "name": "Water supply and sanitation"
    }, 
    {
      "name": "Forestry|Other social infrastructure and services"
    }, 
    {
      "name": "Health|Education, level unspecified|Other social infrastructure and services|Agriculture|Agriculture|General budget support|Water supply and sanitation|Other social infrastructure and services"
    }, 
    {
      "name": "Agriculture|Industry|General budget support"
    }, 
    {
      "name": "Agriculture|Other social infrastructure and services"
    }, 
    {
      "name": "Agriculture|Forestry"
    }, 
    {
      "name": "Other|Water supply and sanitation|Health|General budget support"
    }, 
    {
      "name": "Other|Other"
    }, 
    {
      "name": "Government and civil society, general|Industry|Energy generation and supply|Energy generation and supply|Energy generation and supply"
    }, 
    {
      "name": "General environmental protection|Industry"
    }, 
    {
      "name": "Unallocated/ unspecified"
    }, 
    {
      "name": "Education, level unspecified|Government and civil society, general"
    }, 
    {
      "name": "Other social infrastructure and services|Industry|Other social infrastructure and services|Other social infrastructure and services"
    }, 
    {
      "name": "Government and civil society, general|Other social infrastructure and services"
    }, 
    {
      "name": "Other social infrastructure and services|Other social infrastructure and services"
    }, 
    {
      "name": "Agriculture|Other social infrastructure and services|Other social infrastructure and services"
    }, 
    {
      "name": "General environmental protection"
    }, 
    {
      "name": "Unallocated/ unspecified|Other"
    }, 
    {
      "name": "Education, level unspecified|Other social infrastructure and services"
    }, 
    {
      "name": "Tourism"
    }, 
    {
      "name": "Industry"
    }, 
    {
      "name": "Other social infrastructure and services|Conflict prevention and resolution, peace and security|Education, level unspecified|Other social infrastructure and services|Other social infrastructure and services"
    }, 
    {
      "name": "Other|Population policies/ programmes and reproductive health"
    }, 
    {
      "name": "General budget support"
    }, 
    {
      "name": "Other social infrastructure and services|Other|Education, level unspecified|Other social infrastructure and services|Health"
    }, 
    {
      "name": "Water supply and sanitation|Health"
    }, 
    {
      "name": "Health|Other"
    }, 
    {
      "name": "Business and other services"
    }, 
    {
      "name": "Government and civil society, general"
    }, 
    {
      "name": "Communications"
    }, 
    {
      "name": "Education, level unspecified|Health"
    }, 
    {
      "name": "Education, level unspecified|Unallocated/ unspecified"
    }, 
    {
      "name": "Agriculture|Agriculture|Energy generation and supply"
    }, 
    {
      "name": "General budget support|Industry"
    }, 
    {
      "name": "Health|Other social infrastructure and services"
    }, 
    {
      "name": "Agriculture|Transport and storage|Agriculture"
    }, 
    {
      "name": "Other social infrastructure and services|Other|Agriculture|Agriculture|Education, level unspecified"
    }, 
    {
      "name": "Education, level unspecified|Conflict prevention and resolution, peace and security"
    }, 
    {
      "name": "Agriculture|Agriculture"
    }, 
    {
      "name": "Agriculture|Government and civil society, general"
    }, 
    {
      "name": "Other social infrastructure and services|Health|Other|Other social infrastructure and services"
    }, 
    {
      "name": "Energy generation and supply|Energy generation and supply|Energy generation and supply"
    }, 
    {
      "name": "Government and civil society, general|Other"
    }, 
    {
      "name": "Agriculture|Conflict prevention and resolution, peace and security"
    }, 
    {
      "name": "Other social infrastructure and services|Agriculture|Other social infrastructure and services|Banking and financial services"
    }, 
    {
      "name": "Other|Transport and storage"
    }, 
    {
      "name": "General budget support|Government and civil society, general"
    }, 
    {
      "name": "Banking and financial services"
    }, 
    {
      "name": "Energy generation and supply|Transport and storage"
    }, 
    {
      "name": "Action Relating to Debt"
    }, 
    {
      "name": "Transport and storage"
    }, 
    {
      "name": "Other social infrastructure and services|Unallocated/ unspecified|Education, level unspecified|Other social infrastructure and services|Health"
    }, 
    {
      "name": "Other social infrastructure and services|Other"
    }, 
    {
      "name": "Conflict prevention and resolution, peace and security"
    }, 
    {
      "name": "Other|Other social infrastructure and services|Population policies/ programmes and reproductive health"
    }, 
    {
      "name": "Agriculture"
    }
  ]
}