participating_org	donors	donors_iso3	donor_country
AFD	AFD	DAC	
AFDB	AFDB	DAC	
Austria	Austria	AUT	Austria
Bill & Melinda Gates Foundation	Bill & Melinda Gates Foundation	DAC	
BMZ	BMZ	DEU	Germany
Canada	Canada	CAN	Canada
European Commission	European Commission	DAC	
Food & Agriculture Organisation (FAO)	Food & Agriculture Organisation (FAO)	DAC	
France	France	FRA	France
Italy	Italy	ITA	Italy
JICA - Japan International Cooperation Agency	JICA - Japan International Cooperation Agency	JPN	Japan
Netherlands	Netherlands	NLD	Netherlands
Norway	Norway	NOR	Norway
Oxfam	Oxfam	DAC	
Spain	Spain	ESP	Spain
Sweden	Sweden	SWE	Sweden
Switzerland	Switzerland	CHE	Switzerland
UK Government	UK Government	GBR	United Kingdom
UNDP	UNDP	DAC	
UNFPA	UNFPA	DAC	
UNICEF	UNICEF	DAC	
United Kingdom (DFID)	United Kingdom (DFID)	GBR	United Kingdom
United Nations Office for Project Services (UNOPS)	United Nations Office for Project Services (UNOPS)	DAC	
United Nations Office on Drugs & Crime (UNODC)	United Nations Office on Drugs & Crime (UNODC)	DAC	
Unspecified	Unspecified	DAC	
US Government	US Government	USA	United States
World Bank	World Bank	DAC	
World Health Organisation (WHO)	World Health Organisation (WHO)	DAC	
