sector_value	ad_sector_codes	ad_sector_names
Health	12100	Health, general, combinations of activities 
Agriculture	31100	Agriculture, combinations of purposes in agriculture, agro-industry, agribusiness 
Unspecified	99810	Sectors not specified 
Government	15100	Government and civil society, general, combination of activities 
Poverty Alleviation	51010	General budget support 
Energy and Environment	23000	Energy generation and supply, combinations of activities 
Finance	24000	Banking and financial services, combinations of activities 
Education	11000	Education, combinations of purposes 
Unallocated	99810	Sectors not specified 
Water Sanitation and Hygiene	14000	Water supply and sanitation, combination of purposes 
Public Finance Management	15120	Public sector financial management 
Trade and Investment	33100	Trade policy and regulations, combination of purposes 
Health & Sanitation	12220	Basic health care 
Women's Empowerment	42010	Women in development 
Governance	15140	Government administration 
Human Rights	15150	Strengthening civil society 
Administrative Cost	91010	Administrative costs 
Child Protection	16010	Social/ welfare services 
Civil Society	15150	Strengthening civil society 
Contingency	99810	Sectors not specified 
Judiciary Reform	15130	Legal and judicial development 
Primary Health Care	12220	Basic health care 
Civil Society 	15150	Strengthening civil society 
Migration Management	13010	Population policy and administrative management 
Advocacy and Communication	22000	Communications, combinations of activities 
Combating Human Trafficking	15150	Strengthening civil society 
Electoral Process	15150	Strengthening civil society 
Gender Equality	15150	Strengthening civil society 
Media	22030	Radio/television/print media 
Political System	15150	Strengthening civil society 
Social Policy	16010	Social/ welfare services 
Social Policy, Advocacy and Communication	16010	Social/ welfare services 
