sector_value	sector_trans	ad_sector_codes	ad_sector_names	ad_purpose_codes	ad_purpose_names
Money and Capital Markets	Money and Capital Markets	0	Finance	0	Money and Capital Markets
Waste Management	Waste Management	0	Water supply and other municipal infrastructure and services	0	Waste Management
Economic and Public Affairs Management	Economic and Public Affairs Management	0	Public sector management	0	Economic and Public Affairs Management
Land-Based Natural Resources Management	Land-Based Natural Resources Management	0	Agriculture, natural resources and rural development	0	Land-Based Natural Resources Management
Trade and Services	Trade and Services	0	Industry and trade	0	Trade and Services
Social Protection	Social Protection	0	Health and social protection	0	Social Protection
Water-Based Natural Resources Management	Water-Based Natural Resources Management	0	Agriculture, natural resources and rural development	0	Water-Based Natural Resources Management
Agricultural Production and Markets	Agricultural Production and Markets	0	Agriculture, natural resources and rural development	0	Agricultural Production and Markets
Law and Judiciary	Law and Judiciary	0	Public sector management	0	Law and Judiciary
Small and Medium Enterprise Development	Small and Medium Enterprise Development	0	Industry and trade	0	Small and Medium Enterprise Development
Multisector	Multisector	0	Multisector	0	Multisector
Finance Sector Development	Finance Sector Development	0	Finance	0	Finance Sector Development
Public Expenditure and Fiscal Management	Public Expenditure and Fiscal Management	0	Public sector management	0	Public Expenditure and Fiscal Management
Insurance and Contractual Savings	Insurance and Contractual Savings	0	Finance	0	Insurance and Contractual Savings
Water Supply and Sanitation	Water Supply and Sanitation	0	Water supply and other municipal infrastructure and services	0	Water Supply and Sanitation
Agriculture and Rural Sector Development	Agriculture and Rural Sector Development	0	Agriculture, natural resources and rural development	0	Agriculture and Rural Sector Development
Decentralization	Decentralization	0	Public sector management	0	Decentralization
Fishery	Fishery	0	Agriculture, natural resources and rural development	0	Fishery
Air Transport	Air Transport	0	Transport and ICT	0	Air Transport
Banking Systems	Banking Systems	0	Finance	0	Banking Systems
Transport Management and Policies	Transport Management and Policies	0	Transport and ICT	0	Transport Management and Policies
Nutrition	Nutrition	0	Health and social protection	0	Nutrition
Health Programs	Health Programs	0	Health and social protection	0	Health Programs
Irrigation, Drainage, and Flood Protection	Irrigation, Drainage, and Flood Protection	0	Agriculture, natural resources and rural development	0	Irrigation, Drainage, and Flood Protection
Microfinance	Microfinance	0	Finance	0	Microfinance
Large and Medium Industries	Large and Medium Industries	0	Industry and trade	0	Large and Medium Industries
Education Sector Development	Education Sector Development	0	Education	0	Education Sector Development
Energy Efficiency and Conservation	Energy Efficiency and Conservation	0	Energy	0	Energy Efficiency and Conservation
Energy Sector Development	Energy Sector Development	0	Energy	0	Energy Sector Development
Forestry	Forestry	0	Agriculture, natural resources and rural development	0	Forestry
Public Administration	Public Administration	0	Public sector management	0	Public Administration
Health Systems	Health Systems	0	Health and social protection	0	Health Systems
ICT	ICT	0	Transport and ICT	0	ICT
Electricity Transmission and Distribution	Electricity Transmission and Distribution	0	Energy	0	Electricity Transmission and Distribution
Tertiary and Higher Education	Tertiary and Higher Education	0	Education	0	Tertiary and Higher Education
Road Transport	Road Transport	0	Transport and ICT	0	Road Transport
Urban Transport	Urban Transport	0	Transport and ICT	0	Urban Transport
Renewable Energy	Renewable Energy	0	Energy	0	Renewable Energy
For Classification	For Classification	0	Not yet classified	0	For Classification
Urban Sector Development	Urban Sector Development	0	Water supply and other municipal infrastructure and services	0	Urban Sector Development
Upper Secondary Education	Upper Secondary Education	0	Education	0	Upper Secondary Education
Pipelines	Pipelines	0	Energy	0	Pipelines
Conventional Energy	Conventional Energy	0	Energy	0	Conventional Energy
Agriculture and Natural Resources	Agriculture and Natural Resources	0	Agriculture, natural resources and rural development	0	Agriculture and Natural Resources
Livestock	Livestock	0	Agriculture, natural resources and rural development	0	Livestock
Investment Funds	Investment Funds	0	Finance	0	Investment Funds
Rail Transport	Rail Transport	0	Transport and ICT	0	Rail Transport
Technical Education and Vocational Skills Training	Technical Education and Vocational Skills Training	0	Education	0	Technical Education and Vocational Skills Training
Trade and services	Trade and services	0	Industry and trade	0	Trade and services
Pre-Primary and Basic Education	Pre-Primary and Basic Education	0	Education	0	Pre-Primary and Basic Education
Urban policy, institutional and capacity development	Urban policy, institutional and capacity development	0	Water supply and other municipal infrastructure and services	0	Urban policy, institutional and capacity development
Road transport (non-urban)	Road transport (non-urban)	0	Transport	0	Road transport (non-urban)
Electricity transmission and distribution	Electricity transmission and distribution	0	Energy	0	Electricity transmission and distribution
Finance	Finance	0	Finance	0	Finance
Water-based natural resources management	Water-based natural resources management	0	Agriculture, natural resources and rural development	0	Water-based natural resources management
Large Hydropower	Large Hydropower	0	Energy	0	Large Hydropower
Water and Other Municipal Infrastructure and Services	Water and Other Municipal Infrastructure and Services	0	Water supply and other municipal infrastructure and services	0	Water and Other Municipal Infrastructure and Services
Education sector development	Education sector development	0	Education	0	Education sector development
Early Childhood Development	Early Childhood Development	0	Health and social protection	0	Early Childhood Development
Water Transport	Water Transport	0	Transport and ICT	0	Water Transport
Non-Formal Education	Non-Formal Education	0	Education	0	Non-Formal Education
Health sector development and reform	Health sector development and reform	0	Health and social protection	0	Health sector development and reform
Secondary	Secondary	0	Education	0	Secondary
Water transport (non-urban)	Water transport (non-urban)	0	Transport	0	Water transport (non-urban)
Urban flood protection#Urban sanitation#Urban slum development#Urban solid waste management	Urban flood protection#Urban sanitation#Urban slum development#Urban solid waste management	0	Water supply and other municipal infrastructure and services	0	Urban flood protection#Urban sanitation#Urban slum development#Urban solid waste management
Energy sector development and institutional reform#Oil and gas transmission and distribution	Energy sector development and institutional reform#Oil and gas transmission and distribution	0	Energy	0	Energy sector development and institutional reform#Oil and gas transmission and distribution
Rural water policy, institutional and capacity development#Water-based natural resources management	Rural water policy, institutional and capacity development#Water-based natural resources management	0	Agriculture, natural resources and rural development	0	Rural water policy, institutional and capacity development#Water-based natural resources management
Finance sector development	Finance sector development	0	Finance	0	Finance sector development
Economic affairs management	Economic affairs management	0	Public sector management	0	Economic affairs management
Health Finance	Health Finance	0	Health and social protection	0	Health Finance
Slum Upgrading and Housing	Slum Upgrading and Housing	0	Water supply and other municipal infrastructure and services	0	Slum Upgrading and Housing
Small and Medium Enterprise Finance and Leasing	Small and Medium Enterprise Finance and Leasing	0	Finance	0	Small and Medium Enterprise Finance and Leasing
Large hydropower generation	Large hydropower generation	0	Energy	0	Large hydropower generation
Energy Utility Services	Energy Utility Services	0	Energy	0	Energy Utility Services
Rail transport (non-urban)	Rail transport (non-urban)	0	Transport and ICT	0	Rail transport (non-urban)
Rail transport (non-urban)	Rail transport (non-urban)	0	Transport	0	Rail transport (non-urban)
Urban sewerage#Urban water supply	Urban sewerage#Urban water supply	0	Water supply and other municipal infrastructure and services	0	Urban sewerage#Urban water supply
Conventional energy generation#Urban policy, institutional and capacity development#Urban sewerage#Urban water supply	Conventional energy generation#Urban policy, institutional and capacity development#Urban sewerage#Urban water supply	0	Energy#Water supply and other municipal infrastructure and services	0	Conventional energy generation#Urban policy, institutional and capacity development#Urban sewerage#Urban water supply
Industry and Trade Sector Development	Industry and Trade Sector Development	0	Industry and trade	0	Industry and Trade Sector Development
Renewable energy generation - small hydro	Renewable energy generation - small hydro	0	Energy	0	Renewable energy generation - small hydro
Health system development	Health system development	0	Health and social protection	0	Health system development
Housing Finance	Housing Finance	0	Finance	0	Housing Finance
Public expenditure and fiscal management	Public expenditure and fiscal management	0	Public sector management	0	Public expenditure and fiscal management
Rural sanitation#Rural water supply services#Health sector development and reform	Rural sanitation#Rural water supply services#Health sector development and reform	0	Agriculture, natural resources and rural development#Health and social protection	0	Rural sanitation#Rural water supply services#Health sector development and reform
Urban flood protection#Urban sewerage#Urban slum development#Urban solid waste management#Urban water supply	Urban flood protection#Urban sewerage#Urban slum development#Urban solid waste management#Urban water supply	0	Water supply and other municipal infrastructure and services	0	Urban flood protection#Urban sewerage#Urban slum development#Urban solid waste management#Urban water supply
Urban public transport#Urban roads and traffic management#Urban flood protection#Urban policy, institutional and capacity development#Urban sewerage#Urban solid waste management#Urban water supply	Urban public transport#Urban roads and traffic management#Urban flood protection#Urban policy, institutional and capacity development#Urban sewerage#Urban solid waste management#Urban water supply	0	Transport#Water supply and other municipal infrastructure and services	0	Urban public transport#Urban roads and traffic management#Urban flood protection#Urban policy, institutional and capacity development#Urban sewerage#Urban solid waste management#Urban water supply
Road transport (non-urban)#Urban flood protection#Urban policy, institutional and capacity development#Urban water supply	Road transport (non-urban)#Urban flood protection#Urban policy, institutional and capacity development#Urban water supply	0	Transport#Water supply and other municipal infrastructure and services	0	Road transport (non-urban)#Urban flood protection#Urban policy, institutional and capacity development#Urban water supply
Urban roads and traffic management#Other urban services#Urban flood protection#Urban policy, institutional and capacity development#Urban sewerage#Urban solid waste management#Urban water supply	Urban roads and traffic management#Other urban services#Urban flood protection#Urban policy, institutional and capacity development#Urban sewerage#Urban solid waste management#Urban water supply	0	Transport#Water supply and other municipal infrastructure and services	0	Urban roads and traffic management#Other urban services#Urban flood protection#Urban policy, institutional and capacity development#Urban sewerage#Urban solid waste management#Urban water supply
Agricultural policy, institutional and capacity development#Irrigation	Agricultural policy, institutional and capacity development#Irrigation	0	Agriculture, natural resources and rural development	0	Agricultural policy, institutional and capacity development#Irrigation
Urban roads and traffic management#Urban flood protection#Urban policy, institutional and capacity development#Urban sanitation#Urban water supply	Urban roads and traffic management#Urban flood protection#Urban policy, institutional and capacity development#Urban sanitation#Urban water supply	0	Transport#Water supply and other municipal infrastructure and services	0	Urban roads and traffic management#Urban flood protection#Urban policy, institutional and capacity development#Urban sanitation#Urban water supply
Agriculture, natural resources and rural development	Agriculture, natural resources and rural development	0	Agriculture, natural resources and rural development	0	Agriculture, natural resources and rural development
Inclusive finance#Law and judiciary#Public administration#Road transport (non-urban)#Urban water supply	Inclusive finance#Law and judiciary#Public administration#Road transport (non-urban)#Urban water supply	0	Finance#Public sector management#Transport#Water supply and other municipal infrastructure and services	0	Inclusive finance#Law and judiciary#Public administration#Road transport (non-urban)#Urban water supply
Urban roads and traffic management#Other urban services#Urban flood protection#Urban policy, institutional and capacity development#Urban solid waste management#Urban water supply	Urban roads and traffic management#Other urban services#Urban flood protection#Urban policy, institutional and capacity development#Urban solid waste management#Urban water supply	0	Transport#Water supply and other municipal infrastructure and services	0	Urban roads and traffic management#Other urban services#Urban flood protection#Urban policy, institutional and capacity development#Urban solid waste management#Urban water supply
Road transport (non-urban)#Transport policies and institutional development	Road transport (non-urban)#Transport policies and institutional development	0	Transport	0	Road transport (non-urban)#Transport policies and institutional development
Health and Social Protection	Health and Social Protection	0	Health and social protection	0	Health and Social Protection
Public administration	Public administration	0	Public sector management	0	Public administration
Agricultural production#Irrigation	Agricultural production#Irrigation	0	Agriculture, natural resources and rural development	0	Agricultural production#Irrigation
Agricultural policy, institutional and capacity development	Agricultural policy, institutional and capacity development	0	Agriculture, natural resources and rural development	0	Agricultural policy, institutional and capacity development
Transport and ICT	Transport and ICT	0	Transport and ICT	0	Transport and ICT
Energy sector development and institutional reform	Energy sector development and institutional reform	0	Energy	0	Energy sector development and institutional reform
Conventional energy generation#Renewable energy generation - small hydro#Renewable energy generation - solar#Renewable energy generation - wind	Conventional energy generation#Renewable energy generation - small hydro#Renewable energy generation - solar#Renewable energy generation - wind	0	Energy	0	Conventional energy generation#Renewable energy generation - small hydro#Renewable energy generation - solar#Renewable energy generation - wind
Irrigation	Irrigation	0	Agriculture, natural resources and rural development	0	Irrigation
Public sector management	Public sector management	0	Public sector management	0	Public sector management
Transport	Transport	0	Transport	0	Transport
Urban sanitation#Urban water supply	Urban sanitation#Urban water supply	0	Water supply and other municipal infrastructure and services	0	Urban sanitation#Urban water supply
Irrigation#Rural water policy, institutional and capacity development	Irrigation#Rural water policy, institutional and capacity development	0	Agriculture, natural resources and rural development	0	Irrigation#Rural water policy, institutional and capacity development
Road transport (non-urban)	Road transport (non-urban)	0	Transport and ICT	0	Road transport (non-urban)
Transport policies and institutional development	Transport policies and institutional development	0	Transport	0	Transport policies and institutional development
Energy efficiency and conservation	Energy efficiency and conservation	0	Energy	0	Energy efficiency and conservation
Conventional energy generation	Conventional energy generation	0	Energy	0	Conventional energy generation
