participating_org	donors	donors_iso3	donor_country
Act Alliance	Act Alliance	DAC	
Action Aid Somaliland	Action Aid Somaliland	DAC	
Africa Educational Trust (aet)	Africa Educational Trust (AET)	DAC	
Alexander Bodini Foundation	Alexander Bodini Foundation	DAC	
American Relief Agency For The Horn Of Africa	American Relief Agency For The Horn Of Africa	DAC	
Australia	Australia	AUS	Australia
Austria	Austria	AUT	Austria
Bachman Foundation	Bachman Foundation	DAC	
Belgium	Belgium	BEL	Belgium
Big Lottery Fund	Big Lottery Fund	GBR	United Kingdom
Bureau For Conflict Prevention And Recovery (bcpr)	Bureau For Conflict Prevention And Recovery (BCPR)	DAC	
Bureau Of Population, Refugees, And Migration (prm Usa)	Bureau Of Population, Refugees, And Migration (PRM USA)	USA	United States
Canada	Canada	CAN	Canada
Caritas Luxemburg	Caritas Luxembourg	DAC	
Central Emergency Response Fund (cerf)	Central Emergency Response Fund (CERF)	DAC	
Common Humanitarian Fund (chf)	Common Humanitarian Fund (CHF)	DAC	
Concern Worldwide	Concern Worldwide	DAC	
Czech Republic	Czech Republic	CZE	Czech Republic
Danish Demining Group (ddg)	Danish Demining Group (DDG)	DAC	
Danish Refugee Council / Dansk Flygtningenhjaelp (drc)	Danish Refugee Council / Dansk Flygtningenhjaelp (DRC)	DAC	
Denmark	Denmark	DNK	Denmark
Deutsche Welthungerhilfe	Deutsche Welthungerhilfe	DAC	
Development In Action (dia)	Development In Action (DIA)	DAC	
Diakonia	Diakonia	DAC	
Ec	European Commission	DAC	
Fao	FAO	DAC	
Femto - Trust Fund	Femto - Trust Fund	DAC	
Finland	Finland	FIN	Finland
Finnchurch Aid (fca)	Finnchurch Aid (FCA)	DAC	
France (afd)	France (AFD)	FRA	France
Gavi Alliance	Gavi Alliance	DAC	
German Federal Ministry Of Economic Development And Cooperation (bmz)	German Federal Ministry Of Economic Development And Cooperation (BMZ)	DEU	Germany
German Federal Office	German Federal Office	DEU	Germany
Giz	GIZ	DEU	Germany
Global Environment Fund	Global Environment Fund	DAC	
Global Fund For Hiv & Tb	Global Fund For HIV & TB	DAC	
Government Of Japan	Government Of Japan	JPN	Japan
Greece	Greece	GRC	Greece
Guernsey Overseas Aid Committee (goac)	Guernsey Overseas Aid Committee (GOAZ)	DAC	
International Fund For Agriculture Development (ifad)	International Fund For Agriculture Development (IFAD)	DAC	
International Solidarity Fund	International Solidarity Fund	DAC	
Islamic Relief	Islamic Relief	DAC	
Italy	Italy	ITA	Italy
Japan International Cooperation Agency (jica)	Japan International Cooperation Agency (JICA)	JPN	Japan
Jersey Overseas Aid (joa)	Jersey Overseas Aid (JOA)	DAC	
Local Initiative For Education International (life)	Local Initiative For Education International (LIFE)	DAC	
Luxemburg	Luxembourg	LUX	Luxembourg
March Against Poverty	March Against Poverty	DAC	
National Democratic Institute (ndi)	National Democratic Institute (NDI)	DAC	
Netherlands	Netherlands	NLD	Netherlands
Noolaynta Naruurada Mustaqbalka	Noolaynta Naruurada Mustaqbalka	DAC	
Norway	Norway	NOR	Norway
Not Applicable	Unspecified	DAC	
Ofda (office Of Foreign Disaster Assistance)	OFDA (office Of Foreign Disaster Assistance)	USA	United States
Ohchr	OHCHR	DAC	
Oxfam	Oxfam	DAC	
Poland	Poland	POL	Poland
Qatar Charity	Qatar Charity	DAC	
Republic Of Ireland	Republic Of Ireland	IRL	Ireland
Rotary International	Rotary International	DAC	
Saudi Arabia	Saudi Arabia	SAU	Saudi Arabia
Somali Stability Fund	Somali Stability Fund	DAC	
South Korea	South Korea	KOR	South Korea
Spain	Spain	ESP	Spain
Stichting Oxfam Novib	Stichting Oxfam Novib	DAC	
Sweden	Sweden	SWE	Sweden
Switzerland	Switzerland	CHE	Switzerland
Terre Solidali Onlus	Terre Solidali Onlus	DAC	
Un Ocha	UN OCHA	DAC	
Un Rc Office	UN RC Office	DAC	
Un-habitat	UN-Habitat	DAC	
Uncdf	UNCDF	DAC	
Undp	UNDP	DAC	
Unfpa	UNFPA	DAC	
Unhcr	UNHCR	DAC	
Unicef	UNICEF	DAC	
Unicef National Committee- Estonia	UNICEF National Committee- Estonia	DAC	
Unicef National Committee- Germany	UNICEF National Committee- Germany	DAC	
Unicef National Committee- Italy	UNICEF National Committee- Italy	DAC	
Unicef National Committee- Japan	UNICEF National Committee- Japan	DAC	
Unicef National Committee- Korea	UNICEF National Committee- Korea	DAC	
Unicef National Committee- Netherlands	UNICEF National Committee- Netherlands	DAC	
Unicef National Committee- Switzerland	UNICEF National Committee- Switzerland	DAC	
Unicef National Committee- United Kingdom	UNICEF National Committee- United Kingdom	DAC	
Unicef- Consolidated National Committees	UNICEF- Consolidated National Committees	DAC	
Unisdr	UNISDR	DAC	
United Arab Of Emirates	United Arab Emirates	ARE	United Arab Emirates
United Kingdom	United Kingdom	GBR	United Kingdom
United Nations Peacebuilding Fund	United Nations Peacebuilding Fund	DAC	
United States Institute Of Peace	United States Institute Of Peace	USA	United States
United States Of America	United States Of America	USA	United States
Unodc	UNODC	DAC	
Unops	UNOPS	DAC	
Unpos	UNPOS	DAC	
Unspecified	Unspecified	DAC	
Untited Nations Foundation	Untited Nations Foundation	DAC	
Unwomen	UN Women	DAC	
Wfp	WFP	DAC	
Who	WHO	DAC	
World Bank	World Bank	DAC	
World Vision International	World Vision International	DAC	
