sector_value	ad_sector_codes	ad_sector_names	ad_purpose_codes	ad_purpose_names
Health	121	Health, general	12100	Health, general, combinations of activities 
Agriculture	311	Agriculture	31100	Agriculture, combinations of purposes in agriculture, agro-industry, agribusiness 
Unspecified	998	Unallocated / Unspecified	99810	Sectors not specified 
Government	151	Government and civil society, general	15100	Government and civil society, general, combination of activities 
Poverty Alleviation	510	General budget support	51010	General budget support 
Energy and Environment	230	Energy Generation and Supply	23000	Energy generation and supply, combinations of activities 
Finance	240	Banking and Financial Services	24000	Banking and financial services, combinations of activities 
Education	110	Education	11000	Education, combinations of purposes 
Unallocated	998	Unallocated / Unspecified	99810	Sectors not specified 
Water Sanitation and Hygiene	140	Water Supply and Sanitation	14000	Water supply and sanitation, combination of purposes 
Public Finance Management	151	Government and civil society, general	15120	Public sector financial management 
Trade and Investment	331	Trade Policy and Regulations	33100	Trade policy and regulations, combination of purposes 
Health & Sanitation	122	Basic health	12220	Basic health care 
Women's Empowerment	420	Women	42010	Women in development 
Governance	151	Government and civil society, general	15140	Government administration 
Human Rights	151	Government and civil society, general	15150	Strengthening civil society 
Administrative Cost	910	Administrative Costs of Donors	91010	Administrative costs 
Child Protection	160	Other Social Infrastructure and Services	16010	Social/ welfare services 
Civil Society	151	Government and civil society, general	15150	Strengthening civil society 
Contingency	998	Unallocated / Unspecified	99810	Sectors not specified 
Judiciary Reform	151	Government and civil society, general	15130	Legal and judicial development 
Primary Health Care	122	Basic health	12220	Basic health care 
Civil Society 	151	Government and civil society, general	15150	Strengthening civil society 
Migration Management	130	Population Policies / Programmes and Reproductive Health	13010	Population policy and administrative management 
Advocacy and Communication	220	Communications	22000	Communications, combinations of activities 
Combating Human Trafficking	151	Government and civil society, general	15150	Strengthening civil society 
Electoral Process	151	Government and civil society, general	15150	Strengthening civil society 
Gender Equality	151	Government and civil society, general	15150	Strengthening civil society 
Media	220	Communications	22030	Radio/television/print media 
Political System	151	Government and civil society, general	15150	Strengthening civil society 
Social Policy	160	Other Social Infrastructure and Services	16010	Social/ welfare services 
Social Policy, Advocacy and Communication	160	Other Social Infrastructure and Services	16010	Social/ welfare services 
Water Sanitation And Hygiene	140	Water Supply and Sanitation	14000	Water supply and sanitation, combination of purposes 
Trade And Investment	331	Trade Policy and Regulations	33100	Trade policy and regulations, combination of purposes 
Energy And Environment	230	Energy Generation and Supply	23000	Energy generation and supply, combinations of activities 
Social Policy, Advocacy And Communication	160	Other Social Infrastructure and Services	16010	Social/ welfare services 
