{
  "name": "honduras_geocoded_research_release_level_1_v1.0", 
  "datapackage_version": "1.0-beta.10", 
  "title": "HondurasGeocoded Research Release", 
  "version": "1.0", 
  "licenses": [
    {
      "url": "http://opendatacommons.org/licenses/by/", 
      "version": "1.0", 
      "name": "Open Data Commons Attribution", 
      "id": "odc-pddl"
    }
  ], 
  "sources": [
    {
      "web": "", 
      "name": "HDN"
    }
  ], 
  "maintainers": [
    {
      "web": "http://aiddata.org", 
      "name": "AidData Data Team", 
      "email": "data@aiddata.org"
    }
  ], 
  "publishers": [
    {
      "web": "http://aiddata.org", 
      "name": "AidData", 
      "email": "info@aiddata.org"
    }
  ], 
  "temporal": [
    {
      "start": 1995, 
      "end": 2014, 
      "name": "Start Date Coverage"
    }
  ], 
  "resources": [
    {
      "name": "projects.tsv", 
      "path": "../data/projects.tsv", 
      "bytes": 277535, 
      "schema": {
        "fields": [
          {
            "type": "int", 
            "name": "is_geocoded"
          }, 
          {
            "type": "string", 
            "name": "end_actual_type"
          }, 
          {
            "type": "date", 
            "name": "start_actual_isodate"
          }, 
          {
            "type": "string", 
            "name": "start_actual_type"
          }, 
          {
            "type": "string", 
            "name": "donors"
          }, 
          {
            "type": "string", 
            "name": "ad_sector_names"
          }, 
          {
            "type": "float", 
            "name": "total_disbursements"
          }, 
          {
            "type": "string", 
            "name": "status"
          }, 
          {
            "type": "string", 
            "name": "donors_iso3"
          }, 
          {
            "type": "int", 
            "name": "ad_sector_codes"
          }, 
          {
            "type": "float", 
            "name": "total_commitments"
          }, 
          {
            "type": "int", 
            "name": "project_id"
          }, 
          {
            "type": "date", 
            "name": "end_actual_isodate"
          }, 
          {
            "type": "string", 
            "name": "project_title"
          }
        ]
      }
    }, 
    {
      "name": "locations.tsv", 
      "path": "../data/locations.tsv", 
      "bytes": 628946, 
      "schema": {
        "fields": [
          {
            "type": "string", 
            "name": "gazetteer_adm_code"
          }, 
          {
            "type": "string", 
            "name": "location_type_name"
          }, 
          {
            "type": "float", 
            "name": "longitude"
          }, 
          {
            "type": "int", 
            "name": "geoname_id"
          }, 
          {
            "type": "string", 
            "name": "gazetteer_adm_name"
          }, 
          {
            "type": "string", 
            "name": "project_location_id"
          }, 
          {
            "type": "string", 
            "name": "location_type_code"
          }, 
          {
            "type": "float", 
            "name": "latitude"
          }, 
          {
            "type": "string", 
            "name": "project_id"
          }, 
          {
            "type": "int", 
            "name": "precision_code"
          }, 
          {
            "type": "string", 
            "name": "place_name"
          }
        ]
      }
    }, 
    {
      "name": "transactions.tsv", 
      "path": "../data/transactions.tsv", 
      "bytes": 174040, 
      "schema": {
        "fields": [
          {
            "type": "int", 
            "name": "transaction_year"
          }, 
          {
            "type": "blank", 
            "name": "transaction_isodate"
          }, 
          {
            "type": "float", 
            "name": "transaction_value"
          }, 
          {
            "type": "string", 
            "name": "transaction_currency"
          }, 
          {
            "type": "int", 
            "name": "project_id"
          }, 
          {
            "type": "string", 
            "name": "transaction_value_code"
          }, 
          {
            "type": "string", 
            "name": "transaction_id"
          }
        ]
      }
    }
  ], 
  "data_set_preamble": "Honduras", 
  "data_type": "Geocoded_Research_Release", 
  "processing_level": "Level_1", 
  "source_type": "Recipient System", 
  "source_subtype": "Aid Management Platform", 
  "source_link": "", 
  "date_updated": "07/17/15", 
  "donors_iso": [
    {
      "name": "SWE|DAC|DAC"
    }, 
    {
      "name": "CHE|DAC"
    }, 
    {
      "name": "USA"
    }, 
    {
      "name": "ITA|DAC"
    }, 
    {
      "name": "TWN"
    }, 
    {
      "name": "DEU"
    }, 
    {
      "name": "DEU|HND|DAC"
    }, 
    {
      "name": "CAN|DAC|DAC"
    }, 
    {
      "name": "CAN"
    }, 
    {
      "name": "KWT"
    }, 
    {
      "name": "KOR"
    }, 
    {
      "name": "SWE|USA|DAC|ESP|DAC"
    }, 
    {
      "name": "HND"
    }, 
    {
      "name": "ESP|CAN"
    }, 
    {
      "name": "DAC|DAC|DAC|DAC"
    }, 
    {
      "name": "DAC|HND|DNK|DAC|DAC"
    }, 
    {
      "name": "DAC"
    }, 
    {
      "name": "SWE|DAC"
    }, 
    {
      "name": "DAC|DAC|DAC"
    }, 
    {
      "name": "ESP|DAC"
    }, 
    {
      "name": "NLD"
    }, 
    {
      "name": "PER|DAC"
    }, 
    {
      "name": "SWE|USA|CHE|DAC|DAC|DAC"
    }, 
    {
      "name": "TWN|CHN"
    }, 
    {
      "name": "CHE"
    }, 
    {
      "name": "ESP"
    }, 
    {
      "name": "KOR|KOR"
    }, 
    {
      "name": "SWE|ESP|DAC|DAC"
    }, 
    {
      "name": "DNK"
    }, 
    {
      "name": "SWE|ESP|DAC"
    }, 
    {
      "name": "DAC|DAC"
    }, 
    {
      "name": "USA|CHE|DAC|DAC"
    }, 
    {
      "name": "DAC|BEL|DNK"
    }, 
    {
      "name": "FIN"
    }, 
    {
      "name": "SWE|DAC|DAC|ESP|DAC"
    }, 
    {
      "name": "DAC|NLD"
    }, 
    {
      "name": "JPN"
    }, 
    {
      "name": "TWN|TWN|CHN"
    }, 
    {
      "name": "ITA"
    }, 
    {
      "name": "DAC|JPN"
    }, 
    {
      "name": "IND"
    }, 
    {
      "name": "CHE|DAC|DAC"
    }
  ], 
  "donors_list": [
    {
      "name": "United Nations Population Fund (UNFPA)"
    }, 
    {
      "name": "Spanish Agency for International Development Cooperation|European Union"
    }, 
    {
      "name": "Netherlands Development Cooperation"
    }, 
    {
      "name": "Swedish International Development Cooperation Agency|Government of Spain|United Nations Development Programme"
    }, 
    {
      "name": "ActionAid|Honduran Red Cross|DanChurchAid|United Nations Development Programme|European Union"
    }, 
    {
      "name": "United Nations Educational, Scientific and Cultural Organization"
    }, 
    {
      "name": "United Nations Development Programme|European Union"
    }, 
    {
      "name": "Department of Foreign Affairs, Trade and Development"
    }, 
    {
      "name": "Government of Spain"
    }, 
    {
      "name": "Swiss Agency for Development and Cooperation"
    }, 
    {
      "name": "United Nations Environment Programme"
    }, 
    {
      "name": "National Agrarian Institute"
    }, 
    {
      "name": "European Union"
    }, 
    {
      "name": "United Nations Office for the Coordination of Humanitarian Affairs"
    }, 
    {
      "name": "Swedish International Development Cooperation Agency|Government of Spain|Office of the United Nations High Commissioner for Human Rights|United Nations Development Programme"
    }, 
    {
      "name": "International Labour Organization"
    }, 
    {
      "name": "Central American Bank for Economic Integration|International Fund for Agricultural Development (IFAD)|United Nations Development Programme"
    }, 
    {
      "name": "Global Environment Facility"
    }, 
    {
      "name": "Inter-American Development Bank"
    }, 
    {
      "name": "Government of Italy"
    }, 
    {
      "name": "International Fund for Agricultural Development (IFAD)"
    }, 
    {
      "name": "Nordic Development Fund"
    }, 
    {
      "name": "Swedish International Development Cooperation Agency|United States Agency for International Development (USAID)|United Nations Children's Fund (UNICEF)|Government of Spain|United Nations Development Programme"
    }, 
    {
      "name": "Government of Taiwan"
    }, 
    {
      "name": "Government of the Republic of South Korea"
    }, 
    {
      "name": "Food and Agriculture Organization of the United Nations"
    }, 
    {
      "name": "Japan Social Development Fund"
    }, 
    {
      "name": "Government of the Federal Republic of Germany"
    }, 
    {
      "name": "United States Department of State"
    }, 
    {
      "name": "Kuwait Fund for Arab Economic Development"
    }, 
    {
      "name": "Global Environment Facility|United Nations Development Programme"
    }, 
    {
      "name": "Spanish Agency for International Development Cooperation|Department of Foreign Affairs, Trade and Development"
    }, 
    {
      "name": "Eximbank India"
    }, 
    {
      "name": "Swedish International Development Cooperation Agency|UN Women|United Nations Development Programme"
    }, 
    {
      "name": "United Nations Development Programme"
    }, 
    {
      "name": "UN Women"
    }, 
    {
      "name": "OPEC Fund for International Development (OFID)"
    }, 
    {
      "name": "Danish International Development Agency"
    }, 
    {
      "name": "Central American Bank for Economic Integration|International Fund for Agricultural Development (IFAD)|OPEC Fund for International Development (OFID)|United Nations Development Programme"
    }, 
    {
      "name": "Swedish International Development Cooperation Agency|United Nations Population Fund (UNFPA)|United Nations Children's Fund (UNICEF)|Government of Spain|United Nations Development Programme"
    }, 
    {
      "name": "UN Women|European Union"
    }, 
    {
      "name": "United States Agency for International Development (USAID)"
    }, 
    {
      "name": "United Nations Children's Fund (UNICEF)"
    }, 
    {
      "name": "International Fund for Agricultural Development (IFAD)|OPEC Fund for International Development (OFID)|United Nations Development Programme"
    }, 
    {
      "name": "Government of Canada"
    }, 
    {
      "name": "Knowledge Partnership Korea Fund for Technology and Innovation"
    }, 
    {
      "name": "Swiss Agency for Development and Cooperation|United Nations Development Programme"
    }, 
    {
      "name": "Artigiancassa S.p.A."
    }, 
    {
      "name": "Government of Italy|United Nations Development Programme"
    }, 
    {
      "name": "International Cooperation & Development Fund|Eximbank China"
    }, 
    {
      "name": "Global Environment Facility|United Nations Institute for Training and Research"
    }, 
    {
      "name": "MDG Achievement Fund|United Nations Development Programme"
    }, 
    {
      "name": "Inter-American Development Bank|Government of Japan"
    }, 
    {
      "name": "Andalusian Agency for International Development Cooperation"
    }, 
    {
      "name": "Banco Bilbao Vizcaya Argentaria"
    }, 
    {
      "name": "ING Group"
    }, 
    {
      "name": "Government of Finland"
    }, 
    {
      "name": "Ministry of Justice and Human Rights|European Union"
    }, 
    {
      "name": "United Nations Development Programme|Netherlands Development Cooperation"
    }, 
    {
      "name": "Joint United Nations Programme on HIV/AIDS"
    }, 
    {
      "name": "World Bank"
    }, 
    {
      "name": "Economic Development Cooperation Fund|Eximbank Korea"
    }, 
    {
      "name": "Central American Bank for Economic Integration"
    }, 
    {
      "name": "MDG Achievement Fund"
    }, 
    {
      "name": "Government of the Federal Republic of Germany|National Institute of Forest Conservation and Development, Protected Areas and Wildlife (ICF)|European Union"
    }, 
    {
      "name": "Millennium Challenge Account"
    }, 
    {
      "name": "Korea International Cooperation Agency"
    }, 
    {
      "name": "Central American Bank for Economic Integration|Government of Belgium|Government of Denmark"
    }, 
    {
      "name": "Swedish International Development Cooperation Agency|United States Agency for International Development (USAID)|Swiss Agency for Development and Cooperation|United Nations Institute for Training and Research|United Nations Development Programme|United Nations Volunteers"
    }, 
    {
      "name": "Department of Foreign Affairs, Trade and Development|United Nations Development Programme|European Union"
    }, 
    {
      "name": "Swedish International Development Cooperation Agency|United Nations Development Programme"
    }, 
    {
      "name": "Ministry of Industry"
    }, 
    {
      "name": "Government of Taiwan|International Cooperation & Development Fund|Eximbank China"
    }, 
    {
      "name": "Swiss Agency for Development and Cooperation|Office of the United Nations High Commissioner for Human Rights|United Nations Development Programme"
    }, 
    {
      "name": "Organization of American States"
    }, 
    {
      "name": "Government of Japan"
    }, 
    {
      "name": "Government of the Netherlands"
    }, 
    {
      "name": "World Food Programme"
    }, 
    {
      "name": "Spanish Agency for International Development Cooperation"
    }, 
    {
      "name": "Bank Austria"
    }, 
    {
      "name": "International Atomic Energy Agency"
    }, 
    {
      "name": "Inter-American Development Bank|OPEC Fund for International Development (OFID)"
    }, 
    {
      "name": "Pan American Health Organization"
    }, 
    {
      "name": "United States Agency for International Development (USAID)|Swiss Agency for Development and Cooperation|UN Women|United Nations Development Programme"
    }, 
    {
      "name": "Official Credit Institute"
    }, 
    {
      "name": "International Organization for Migration"
    }
  ], 
  "sectors_codes_list": [
    {
      "name": "31305"
    }, 
    {
      "name": "31105|43010"
    }, 
    {
      "name": "23005|21061|31105|11105|14005|12105"
    }, 
    {
      "name": "16050"
    }, 
    {
      "name": "11105|16050|12105"
    }, 
    {
      "name": "14005|31105"
    }, 
    {
      "name": "12105|31105"
    }, 
    {
      "name": "12105|70000|14005"
    }, 
    {
      "name": "15105"
    }, 
    {
      "name": "60010"
    }, 
    {
      "name": "21061"
    }, 
    {
      "name": "12105|13005"
    }, 
    {
      "name": "25010|43010"
    }, 
    {
      "name": "24005"
    }, 
    {
      "name": "43010"
    }, 
    {
      "name": "12105|16050"
    }, 
    {
      "name": "14005|43010"
    }, 
    {
      "name": "21061|43010"
    }, 
    {
      "name": "13005"
    }, 
    {
      "name": "31105"
    }, 
    {
      "name": "16050|31105"
    }, 
    {
      "name": "12105|16050|15105"
    }, 
    {
      "name": "31105|43010|31205"
    }, 
    {
      "name": "31105|11105|15105|12105"
    }, 
    {
      "name": "32105|43010"
    }, 
    {
      "name": "11105|12105"
    }, 
    {
      "name": "11105|70000"
    }, 
    {
      "name": "31105|32105"
    }, 
    {
      "name": "43010|70000"
    }, 
    {
      "name": "12105|16050|13005"
    }, 
    {
      "name": "15105|70000"
    }, 
    {
      "name": "23005|43010"
    }, 
    {
      "name": "33210"
    }, 
    {
      "name": "32205"
    }, 
    {
      "name": "31105|70000"
    }, 
    {
      "name": "14005"
    }, 
    {
      "name": "16050|23005"
    }, 
    {
      "name": "32105"
    }, 
    {
      "name": "12105|31105|14005"
    }, 
    {
      "name": "15105|43010"
    }, 
    {
      "name": "91010"
    }, 
    {
      "name": "16050|21061"
    }, 
    {
      "name": "12105|16050|14005"
    }, 
    {
      "name": "70000"
    }, 
    {
      "name": "22005"
    }, 
    {
      "name": "31205"
    }, 
    {
      "name": "33210|43010"
    }, 
    {
      "name": "32105|33210"
    }, 
    {
      "name": "12105"
    }, 
    {
      "name": "99810"
    }, 
    {
      "name": "11105|31105|12105"
    }, 
    {
      "name": "33105"
    }, 
    {
      "name": "25010|32105"
    }, 
    {
      "name": "11105|15105"
    }, 
    {
      "name": "16050|43010"
    }, 
    {
      "name": "11105"
    }, 
    {
      "name": "31105|99810"
    }, 
    {
      "name": "15105|31105"
    }, 
    {
      "name": "92005"
    }, 
    {
      "name": "11105|16050"
    }, 
    {
      "name": "12105|43010"
    }, 
    {
      "name": "23005"
    }, 
    {
      "name": "25010"
    }, 
    {
      "name": "11105|99810"
    }, 
    {
      "name": "11105|43010"
    }
  ], 
  "sectors_names_list": [
    {
      "name": "Sectors not specified"
    }, 
    {
      "name": "Water Supply and Sanitation,purpose unspecified"
    }, 
    {
      "name": "Forestry, purpose unspecified"
    }, 
    {
      "name": "Population policies/ programmes and reproductive health, purposeunspecified"
    }, 
    {
      "name": "Storage"
    }, 
    {
      "name": "Business support services and institutions"
    }, 
    {
      "name": "Agriculture, purpose unspecified|Multisector aid"
    }, 
    {
      "name": "Health, general, purposeunspecified|Multisector aid for social services|Population policies/ programmes and reproductive health, purposeunspecified"
    }, 
    {
      "name": "Banking and financial services,purpose unspecified"
    }, 
    {
      "name": "Health, general, purposeunspecified"
    }, 
    {
      "name": "Health, general, purposeunspecified|Emergency Assistance and Reconstruction, combinations ofpurposes|Water Supply and Sanitation,purpose unspecified"
    }, 
    {
      "name": "Education, level unspecified,purpose unspecified|Multisector aid"
    }, 
    {
      "name": "Agriculture, purpose unspecified|Education, level unspecified,purpose unspecified|Government and civil society,purpose unspecified|Health, general, purposeunspecified"
    }, 
    {
      "name": "Water Supply and Sanitation,purpose unspecified|Multisector aid"
    }, 
    {
      "name": "Education, level unspecified,purpose unspecified|Sectors not specified"
    }, 
    {
      "name": "Industry, purpose unspecified|Multisector aid"
    }, 
    {
      "name": "Agriculture, purpose unspecified"
    }, 
    {
      "name": "Health, general, purposeunspecified|Multisector aid for social services"
    }, 
    {
      "name": "Health, general, purposeunspecified|Agriculture, purpose unspecified"
    }, 
    {
      "name": "Health, general, purposeunspecified|Multisector aid"
    }, 
    {
      "name": "Storage|Multisector aid"
    }, 
    {
      "name": "Trade policy and regulations,purpose unspecified"
    }, 
    {
      "name": "Government and civil society,purpose unspecified|Agriculture, purpose unspecified"
    }, 
    {
      "name": "Health, general, purposeunspecified|Agriculture, purpose unspecified|Water Supply and Sanitation,purpose unspecified"
    }, 
    {
      "name": "Industry, purpose unspecified|Tourism policy and administrative management"
    }, 
    {
      "name": "Education, level unspecified,purpose unspecified|Government and civil society,purpose unspecified"
    }, 
    {
      "name": "Water Supply and Sanitation,purpose unspecified|Agriculture, purpose unspecified"
    }, 
    {
      "name": "Education, level unspecified,purpose unspecified|Multisector aid for social services|Health, general, purposeunspecified"
    }, 
    {
      "name": "Government and civil society,purpose unspecified|Multisector aid"
    }, 
    {
      "name": "Education, level unspecified,purpose unspecified|Agriculture, purpose unspecified|Health, general, purposeunspecified"
    }, 
    {
      "name": "Energy generation and supply,purpose unspecified|Multisector aid"
    }, 
    {
      "name": "Mineral resources and mining,purpose unspecified"
    }, 
    {
      "name": "Multisector aid for social services|Agriculture, purpose unspecified"
    }, 
    {
      "name": "Tourism policy and administrative management"
    }, 
    {
      "name": "Health, general, purposeunspecified|Multisector aid for social services|Water Supply and Sanitation,purpose unspecified"
    }, 
    {
      "name": "Fishing, purpose unspecified"
    }, 
    {
      "name": "Government and civil society,purpose unspecified|Emergency Assistance and Reconstruction, combinations ofpurposes"
    }, 
    {
      "name": "Education, level unspecified,purpose unspecified|Multisector aid for social services"
    }, 
    {
      "name": "Emergency Assistance and Reconstruction, combinations ofpurposes"
    }, 
    {
      "name": "Communications, purposeunspecified"
    }, 
    {
      "name": "Multisector aid for social services|Energy generation and supply,purpose unspecified"
    }, 
    {
      "name": "Agriculture, purpose unspecified|Emergency Assistance and Reconstruction, combinations ofpurposes"
    }, 
    {
      "name": "Education, level unspecified,purpose unspecified"
    }, 
    {
      "name": "Education, level unspecified,purpose unspecified|Emergency Assistance and Reconstruction, combinations ofpurposes"
    }, 
    {
      "name": "Industry, purpose unspecified"
    }, 
    {
      "name": "Tourism policy and administrative management|Multisector aid"
    }, 
    {
      "name": "Multisector aid for social services|Storage"
    }, 
    {
      "name": "Multisector aid for social services|Multisector aid"
    }, 
    {
      "name": "Agriculture, purpose unspecified|Multisector aid|Forestry, purpose unspecified"
    }, 
    {
      "name": "Multisector aid|Emergency Assistance and Reconstruction, combinations ofpurposes"
    }, 
    {
      "name": "Education, level unspecified,purpose unspecified|Health, general, purposeunspecified"
    }, 
    {
      "name": "Multisector aid"
    }, 
    {
      "name": "Health, general, purposeunspecified|Multisector aid for social services|Government and civil society,purpose unspecified"
    }, 
    {
      "name": "Business support services and institutions|Multisector aid"
    }, 
    {
      "name": "Government and civil society,purpose unspecified"
    }, 
    {
      "name": "Support to non-governmental organizations, purposeunspecified"
    }, 
    {
      "name": "Administrative costs"
    }, 
    {
      "name": "Action relating to debt"
    }, 
    {
      "name": "Multisector aid for social services"
    }, 
    {
      "name": "Energy generation and supply,purpose unspecified|Storage|Agriculture, purpose unspecified|Education, level unspecified,purpose unspecified|Water Supply and Sanitation,purpose unspecified|Health, general, purposeunspecified"
    }, 
    {
      "name": "Business support services and institutions|Industry, purpose unspecified"
    }, 
    {
      "name": "Energy generation and supply,purpose unspecified"
    }, 
    {
      "name": "Health, general, purposeunspecified|Population policies/ programmes and reproductive health, purposeunspecified"
    }, 
    {
      "name": "Agriculture, purpose unspecified|Industry, purpose unspecified"
    }, 
    {
      "name": "Agriculture, purpose unspecified|Sectors not specified"
    }
  ]
}