{
  "name": "timorlesteamp_geocodedresearchrelease_level1_v1.2", 
  "datapackage_version": "1.0-beta.10", 
  "title": "TimorLesteAMP GeocodedResearchRelease", 
  "description": "This is a sample description", 
  "version": "1.2", 
  "licenses": [
    {
      "url": "http://opendatacommons.org/licenses/by/", 
      "version": "1.0", 
      "name": "Open Data Commons Attribution", 
      "id": "odc-pddl"
    }
  ], 
  "sources": [
    {
      "web": "Not Available", 
      "name": "Timor-Leste AMP"
    }
  ], 
  "maintainers": [
    {
      "web": "http://aiddata.org", 
      "name": "AidData Data Team", 
      "email": "data@aiddata.org"
    }
  ], 
  "publishers": [
    {
      "web": "http://aiddata.org", 
      "name": "AidData", 
      "email": "info@aiddata.org"
    }
  ], 
  "temporal": [
    {
      "start": "1998", 
      "end": "2015", 
      "name": "Project Start Date Coverage"
    }
  ], 
  "resources": [
    {
      "name": "projects.csv", 
      "path": "data/projects.csv", 
      "bytes": 244690, 
      "schema": {
        "fields": [
          {
            "type": "int", 
            "name": "is_geocoded"
          }, 
          {
            "type": "string", 
            "name": "end_actual_type"
          }, 
          {
            "type": "string", 
            "name": "start_actual_isodate"
          }, 
          {
            "type": "string", 
            "name": "transaction_year"
          }, 
          {
            "type": "string", 
            "name": "start_actual_type"
          }, 
          {
            "type": "string", 
            "name": "donors"
          }, 
          {
            "type": "string", 
            "name": "ad_sector_names"
          }, 
          {
            "type": "float", 
            "name": "total_disbursements"
          }, 
          {
            "type": "string", 
            "name": "status"
          }, 
          {
            "type": "string", 
            "name": "donors_iso3"
          }, 
          {
            "type": "string", 
            "name": "ad_sector_codes"
          }, 
          {
            "type": "float", 
            "name": "total_commitments"
          }, 
          {
            "type": "string", 
            "name": "project_id"
          }, 
          {
            "type": "string", 
            "name": "end_actual_isodate"
          }, 
          {
            "type": "string", 
            "name": "project_title"
          }
        ]
      }
    }, 
    {
      "name": "locations.csv", 
      "path": "data/locations.csv", 
      "bytes": 528585, 
      "schema": {
        "fields": [
          {
            "type": "string", 
            "name": "gazetteer_adm_code"
          }, 
          {
            "type": "string", 
            "name": "location_type_name"
          }, 
          {
            "type": "string", 
            "name": "geo_exactness"
          }, 
          {
            "type": "float", 
            "name": "longitude"
          }, 
          {
            "type": "int", 
            "name": "geoname_id"
          }, 
          {
            "type": "string", 
            "name": "gazetteer_adm_name"
          }, 
          {
            "type": "string", 
            "name": "project_location_id"
          }, 
          {
            "type": "string", 
            "name": "location_class"
          }, 
          {
            "type": "string", 
            "name": "location_type_code"
          }, 
          {
            "type": "float", 
            "name": "latitude"
          }, 
          {
            "type": "string", 
            "name": "project_id"
          }, 
          {
            "type": "int", 
            "name": "precision_code"
          }, 
          {
            "type": "string", 
            "name": "place_name"
          }
        ]
      }
    }, 
    {
      "name": "transactions.csv", 
      "path": "data/transactions.csv", 
      "bytes": 198688, 
      "schema": {
        "fields": [
          {
            "type": "int", 
            "name": "transaction_year"
          }, 
          {
            "type": "string", 
            "name": "transaction_isodate"
          }, 
          {
            "type": "float", 
            "name": "transaction_value"
          }, 
          {
            "type": "string", 
            "name": "transaction_currency"
          }, 
          {
            "type": "string", 
            "name": "project_id"
          }, 
          {
            "type": "string", 
            "name": "transaction_value_code"
          }, 
          {
            "type": "string", 
            "name": "transaction_id"
          }
        ]
      }
    }, 
    {
      "name": "level_1a.csv", 
      "path": "data/level_1a.csv", 
      "bytes": 1534867, 
      "schema": {
        "fields": [
          {
            "type": "string", 
            "name": "end_actual_type"
          }, 
          {
            "type": "string", 
            "name": "gazetteer_adm_name"
          }, 
          {
            "type": "string", 
            "name": "project_location_id"
          }, 
          {
            "type": "string", 
            "name": "location_class"
          }, 
          {
            "type": "string", 
            "name": "location_type_code"
          }, 
          {
            "type": "string", 
            "name": "ad_sector_codes"
          }, 
          {
            "type": "string", 
            "name": "place_name"
          }, 
          {
            "type": "int", 
            "name": "is_geocoded"
          }, 
          {
            "type": "string", 
            "name": "location_type_name"
          }, 
          {
            "type": "float", 
            "name": "even_split_disbursements"
          }, 
          {
            "type": "float", 
            "name": "latitude"
          }, 
          {
            "type": "string", 
            "name": "project_id"
          }, 
          {
            "type": "string", 
            "name": "geo_exactness"
          }, 
          {
            "type": "string", 
            "name": "status"
          }, 
          {
            "type": "string", 
            "name": "donors"
          }, 
          {
            "type": "string", 
            "name": "transaction_year"
          }, 
          {
            "type": "string", 
            "name": "ad_sector_names"
          }, 
          {
            "type": "string", 
            "name": "start_actual_type"
          }, 
          {
            "type": "float", 
            "name": "even_split_commitments"
          }, 
          {
            "type": "string", 
            "name": "start_actual_isodate"
          }, 
          {
            "type": "string", 
            "name": "project_title"
          }, 
          {
            "type": "float", 
            "name": "longitude"
          }, 
          {
            "type": "int", 
            "name": "geoname_id"
          }, 
          {
            "type": "float", 
            "name": "total_disbursements"
          }, 
          {
            "type": "float", 
            "name": "total_commitments"
          }, 
          {
            "type": "string", 
            "name": "gazetteer_adm_code"
          }, 
          {
            "type": "string", 
            "name": "end_actual_isodate"
          }, 
          {
            "type": "int", 
            "name": "precision_code"
          }, 
          {
            "type": "string", 
            "name": "donors_iso3"
          }
        ]
      }
    }
  ], 
  "data_set_preamble": "TimorLesteAMP", 
  "data_type": "GeocodedResearchRelease", 
  "processing_level": "Level1", 
  "source_type": "Recipient System", 
  "source_subtype": "Aid Management Platform", 
  "source_link": "Not Available", 
  "date_updated": "10/14/15"
}