{
  "name": "senegal_amp_geocoded_research_release_level_1_v1.1", 
  "datapackage_version": "1.0-beta.10", 
  "title": "Senegal AMPGeocoded Research Release", 
  "version": "1.1", 
  "licenses": [
    {
      "url": "http://opendatacommons.org/licenses/by/", 
      "version": "1.0", 
      "name": "Open Data Commons Attribution", 
      "id": "odc-pddl"
    }
  ], 
  "sources": [
    {
      "web": "Not Available", 
      "name": "Senegal AMP"
    }
  ], 
  "maintainers": [
    {
      "web": "http://aiddata.org", 
      "name": "AidData Data Team", 
      "email": "data@aiddata.org"
    }
  ], 
  "publishers": [
    {
      "web": "http://aiddata.org", 
      "name": "AidData", 
      "email": "info@aiddata.org"
    }
  ], 
  "temporal": [
    {
      "start": 2000, 
      "end": 2012, 
      "name": "Start Date Coverage"
    }
  ], 
  "resources": [
    {
      "name": "projects.tsv", 
      "path": "../data/projects.tsv", 
      "bytes": 330649, 
      "schema": {
        "fields": [
          {
            "type": "int", 
            "name": "is_geocoded"
          }, 
          {
            "type": "string", 
            "name": "end_actual_type"
          }, 
          {
            "type": "date", 
            "name": "start_actual_isodate"
          }, 
          {
            "type": "string", 
            "name": "start_actual_type"
          }, 
          {
            "type": "string", 
            "name": "donors"
          }, 
          {
            "type": "string", 
            "name": "ad_sector_names"
          }, 
          {
            "type": "float", 
            "name": "total_disbursements"
          }, 
          {
            "type": "string", 
            "name": "status"
          }, 
          {
            "type": "string", 
            "name": "donors_iso3"
          }, 
          {
            "type": "int", 
            "name": "ad_sector_codes"
          }, 
          {
            "type": "float", 
            "name": "total_commitments"
          }, 
          {
            "type": "int", 
            "name": "project_id"
          }, 
          {
            "type": "blank", 
            "name": "end_actual_isodate"
          }, 
          {
            "type": "string", 
            "name": "project_title"
          }
        ]
      }
    }, 
    {
      "name": "locations.tsv", 
      "path": "../data/locations.tsv", 
      "bytes": 148068, 
      "schema": {
        "fields": [
          {
            "type": "string", 
            "name": "gazetteer_adm_code"
          }, 
          {
            "type": "string", 
            "name": "location_type_name"
          }, 
          {
            "type": "float", 
            "name": "longitude"
          }, 
          {
            "type": "int", 
            "name": "geoname_id"
          }, 
          {
            "type": "string", 
            "name": "gazetteer_adm_name"
          }, 
          {
            "type": "string", 
            "name": "project_location_id"
          }, 
          {
            "type": "string", 
            "name": "location_type_code"
          }, 
          {
            "type": "float", 
            "name": "latitude"
          }, 
          {
            "type": "int", 
            "name": "project_id"
          }, 
          {
            "type": "int", 
            "name": "precision_code"
          }, 
          {
            "type": "string", 
            "name": "place_name"
          }
        ]
      }
    }, 
    {
      "name": "transactions.tsv", 
      "path": "../data/transactions.tsv", 
      "bytes": 230690, 
      "schema": {
        "fields": [
          {
            "type": "int", 
            "name": "transaction_year"
          }, 
          {
            "type": "blank", 
            "name": "transaction_isodate"
          }, 
          {
            "type": "float", 
            "name": "transaction_value"
          }, 
          {
            "type": "string", 
            "name": "transaction_currency"
          }, 
          {
            "type": "int", 
            "name": "project_id"
          }, 
          {
            "type": "string", 
            "name": "transaction_value_code"
          }, 
          {
            "type": "string", 
            "name": "transaction_id"
          }
        ]
      }
    }
  ], 
  "data_set_preamble": "Senegal_AMP", 
  "data_type": "Geocoded_Research_Release", 
  "processing_level": "Level_1", 
  "source_type": "Recipient System", 
  "source_subtype": "Aid Management Platform", 
  "source_link": "Not Available", 
  "date_updated": "04/29/15", 
  "donors_iso": [
    {
      "name": "FRA|SEN|DAC|DAC|DAC"
    }, 
    {
      "name": "SEN|SAU"
    }, 
    {
      "name": "SEN|IND"
    }, 
    {
      "name": "DAC|SEN|DAC|DAC|KWT|DAC"
    }, 
    {
      "name": "SEN|DEU|DEU"
    }, 
    {
      "name": "FRA|SEN"
    }, 
    {
      "name": "SEN|DEU|DAC"
    }, 
    {
      "name": "DAC|ESP"
    }, 
    {
      "name": "DAC|SEN|SEN|KWT|SAU"
    }, 
    {
      "name": "KWT"
    }, 
    {
      "name": "SEN|DAC|DAC"
    }, 
    {
      "name": "CHN"
    }, 
    {
      "name": "DAC|DAC"
    }, 
    {
      "name": "FRA|DAC|DAC|SEN|SEN"
    }, 
    {
      "name": "SEN|ESP|IND"
    }, 
    {
      "name": "SEN|ESP|DAC"
    }, 
    {
      "name": "CAN|NLD"
    }, 
    {
      "name": "DAC|SEN|DAC|DAC|SAU"
    }, 
    {
      "name": "SEN|BEL"
    }, 
    {
      "name": "SEN|DAC"
    }, 
    {
      "name": "BEL"
    }, 
    {
      "name": "DAC|DAC|SEN|DAC"
    }, 
    {
      "name": "DEU"
    }, 
    {
      "name": "DAC|SAU|DAC"
    }, 
    {
      "name": "GBR"
    }, 
    {
      "name": "SEN|LUX"
    }, 
    {
      "name": "DAC|DAC|SEN|ESP|DAC|DAC|DAC"
    }, 
    {
      "name": "FRA|DAC|DAC|SEN|DAC|DAC|DEU"
    }, 
    {
      "name": "SEN|JPN|DAC|DAC|USA"
    }, 
    {
      "name": "CAN|SEN"
    }, 
    {
      "name": "NLD"
    }, 
    {
      "name": "SEN|BEL|DAC"
    }, 
    {
      "name": "CHN|SEN"
    }, 
    {
      "name": "SEN|ESP"
    }, 
    {
      "name": "SEN|DAC|DAC|SEN|DAC"
    }, 
    {
      "name": "FRA|DAC|DAC|JPN|DEU|DAC|DAC"
    }, 
    {
      "name": "DAC|SEN"
    }, 
    {
      "name": "SEN|DAC|ITA"
    }, 
    {
      "name": "DEU|DEU"
    }, 
    {
      "name": "DAC|SEN|DAC|SEN|SEN"
    }, 
    {
      "name": "DAC|SEN|DAC|SEN|DAC"
    }, 
    {
      "name": "IND"
    }, 
    {
      "name": "DAC|SEN|NLD|SEN|DAC"
    }, 
    {
      "name": "LUX"
    }, 
    {
      "name": "DAC|SEN|SEN"
    }, 
    {
      "name": "JPN|SEN"
    }, 
    {
      "name": "SEN|DAC|NLD"
    }, 
    {
      "name": "CAN|DAC|SEN|JPN|DAC|DAC|DEU|DAC|DAC|DAC|USA"
    }, 
    {
      "name": "DAC|SEN|DAC|SAU"
    }, 
    {
      "name": "SEN|SEN|CHE"
    }, 
    {
      "name": "SEN|DAC|SEN"
    }, 
    {
      "name": "SEN"
    }, 
    {
      "name": "FRA"
    }, 
    {
      "name": "SEN|ITA|DAC"
    }, 
    {
      "name": "DNK"
    }, 
    {
      "name": "SEN|CZE"
    }, 
    {
      "name": "AUT"
    }, 
    {
      "name": "ITA"
    }, 
    {
      "name": "SEN|DAC|DAC|DAC"
    }, 
    {
      "name": "SEN|SEN"
    }, 
    {
      "name": "FRA|DAC"
    }, 
    {
      "name": "DAC|DAC|SEN|SEN"
    }, 
    {
      "name": "SEN|FRA"
    }, 
    {
      "name": "FRA|DAC|SEN|SEN|SEN|SEN"
    }, 
    {
      "name": "CAN|DAC|DAC"
    }, 
    {
      "name": "USA"
    }, 
    {
      "name": "CAN"
    }, 
    {
      "name": "FRA|DAC|DAC|SEN|DAC"
    }, 
    {
      "name": "KOR"
    }, 
    {
      "name": "DAC"
    }, 
    {
      "name": "SEN|USA"
    }, 
    {
      "name": "SEN|KWT"
    }, 
    {
      "name": "DAC|SEN|DAC|DAC|DAC|DAC|DAC|DEU|SEN"
    }, 
    {
      "name": "SEN|DAC|SEN|DAC|DAC"
    }, 
    {
      "name": "ESP"
    }, 
    {
      "name": "SEN|CHN"
    }, 
    {
      "name": "CAN|DAC|SEN|DAC|SEN"
    }, 
    {
      "name": "DAC|SEN|ESP|CHE|DAC"
    }, 
    {
      "name": "DAC|SEN|SEN|DAC|SEN"
    }, 
    {
      "name": "DAC|SEN|DAC|KWT|SAU"
    }, 
    {
      "name": "SEN|JPN"
    }, 
    {
      "name": "JPN"
    }, 
    {
      "name": "SEN|DAC|DAC|USA"
    }, 
    {
      "name": "SEN|SEN|USA"
    }, 
    {
      "name": "SEN|DEU"
    }, 
    {
      "name": "DAC|SEN|DAC"
    }, 
    {
      "name": "CAN|SEN|BEL|ESP|FRA|ITA|KOR|DAC|SWE|USA|DAC"
    }, 
    {
      "name": "DAC|SEN|SEN|DAC"
    }, 
    {
      "name": "SEN|ITA"
    }, 
    {
      "name": "SEN|SEN|DAC|DAC"
    }
  ], 
  "donors_list": [
    {
      "name": "International Commercial Bank Senegal|Belgium|United Nations Development Program"
    }, 
    {
      "name": "International Commercial Bank Senegal|State (Functioning Budget)|Switzerland"
    }, 
    {
      "name": "Arab Bank of Economic Development in Africa|International Commercial Bank Senegal|State (Functioning Budget)|Kuwait Fund|Saudi Fund"
    }, 
    {
      "name": "International Commercial Bank Senegal|European Union/European Development Fund"
    }, 
    {
      "name": "United Nations Development Program"
    }, 
    {
      "name": "French Development Agency|International Development Association|International Commercial Bank Senegal|Local Authorities|State (Common)|Local Equipment Fund, Senegal"
    }, 
    {
      "name": "International Commercial Bank Senegal|Foreign Private Financing"
    }, 
    {
      "name": "World Health Organization"
    }, 
    {
      "name": "African Development Bank/African Development Fund|International Commercial Bank Senegal|Beneficiaries"
    }, 
    {
      "name": "International Commercial Bank Senegal|Beneficiaries|Netherlands"
    }, 
    {
      "name": "United Nations Population Fund"
    }, 
    {
      "name": "International Commercial Bank Senegal|Beneficiaries|Italy"
    }, 
    {
      "name": "French Development Agency|International Development Association|African Development Bank/Technical Assistance Fund|Japan|KfW|United Nations Development Program|European Union/European Development Fund"
    }, 
    {
      "name": "Netherlands"
    }, 
    {
      "name": "International Commercial Bank Senegal|Investment Bank of Development and Cooperation"
    }, 
    {
      "name": "International Commercial Bank Senegal|State (Functioning Budget)|Global Environment Facility|United Nations Development Program"
    }, 
    {
      "name": "Canadian Agency for International Development|International Development Association|International Commercial Bank Senegal|Japan|United Nations Population Fund|Global Fund|KfW|UNAIDS|World Health Organization|World Food Program|USAID"
    }, 
    {
      "name": "International Commercial Bank Senegal|Japan|United Nations Population Fund|World Health Organization|USAID"
    }, 
    {
      "name": "African Development Bank/African Development Fund|International Commercial Bank Senegal|West African Development Bank|Kuwait Fund|Saudi Fund"
    }, 
    {
      "name": "Non-Traditional Grant|African Development Bank/African Development Fund|International Commercial Bank Senegal|Global Environment Facility"
    }, 
    {
      "name": "UNICEF"
    }, 
    {
      "name": "French Development Agency|European Investment Bank"
    }, 
    {
      "name": "Chinese Agency of International Cooperation"
    }, 
    {
      "name": "Chinese Agency of International Cooperation|International Commercial Bank Senegal"
    }, 
    {
      "name": "International Commercial Bank Senegal|West African Development Bank"
    }, 
    {
      "name": "India"
    }, 
    {
      "name": "International Development Association|International Commercial Bank Senegal|Netherlands|State (Nature)|United Nations Development Program"
    }, 
    {
      "name": "South Korea"
    }, 
    {
      "name": "Arab Bank of Economic Development in Africa|International Commercial Bank Senegal|Islamic Development Bank|Investment Bank of Development and Cooperation|Kuwait Fund|Organization of the Petroleum Exporting Countries"
    }, 
    {
      "name": "International Commercial Bank Senegal|State (Functioning Budget)|USAID"
    }, 
    {
      "name": "World Health Organization|United Nations Development Program"
    }, 
    {
      "name": "Canadian Agency for International Development|International Development Association|International Commercial Bank Senegal|Beneficiaries|State (Taxes)"
    }, 
    {
      "name": "Global Environment Facility"
    }, 
    {
      "name": "KfW"
    }, 
    {
      "name": "African Development Bank/Technical Assistance Fund"
    }, 
    {
      "name": "International Commercial Bank Senegal|Luxembourg"
    }, 
    {
      "name": "African Development Bank/African Development Fund|International Commercial Bank Senegal|Primary Local Banks|Beneficiaries|State (Taxes)"
    }, 
    {
      "name": "International Development Association|International Commercial Bank Senegal|State (Taxes)"
    }, 
    {
      "name": "Nordic Development Fund"
    }, 
    {
      "name": "International Development Association|International Commercial Bank Senegal|Spain|Switzerland|European Union/European Development Fund"
    }, 
    {
      "name": "International Commercial Bank Senegal|Beneficiaries|United Nations Development Program"
    }, 
    {
      "name": "International Commercial Bank Senegal|Belgium"
    }, 
    {
      "name": "International Commercial Bank Senegal|France"
    }, 
    {
      "name": "International Development Association|International Commercial Bank Senegal"
    }, 
    {
      "name": "International Development Association|Spain"
    }, 
    {
      "name": "United States Embassy"
    }, 
    {
      "name": "Canadian Agency for International Development"
    }, 
    {
      "name": "Japanese Embassy"
    }, 
    {
      "name": "Arab Bank of Economic Development in Africa"
    }, 
    {
      "name": "French Development Agency|International Commercial Bank Senegal"
    }, 
    {
      "name": "International Development Association|International Commercial Bank Senegal|State (Nature)"
    }, 
    {
      "name": "Arab Bank of Economic Development in Africa|International Commercial Bank Senegal"
    }, 
    {
      "name": "International Commercial Bank Senegal|African Capacity Building Foundation"
    }, 
    {
      "name": "United Nations Population Fund|United Nations Development Program"
    }, 
    {
      "name": "None"
    }, 
    {
      "name": "International Commercial Bank Senegal|State (Functioning Budget)"
    }, 
    {
      "name": "French Development Agency"
    }, 
    {
      "name": "Canadian Agency for International Development|International Commercial Bank Senegal|Belgium|Spain|France|Italy|South Korea|United Nations Development Program|Sweden|USAID|European Union/European Development Fund"
    }, 
    {
      "name": "International Development Association"
    }, 
    {
      "name": "International Commercial Bank Senegal|Nordic Development Fund"
    }, 
    {
      "name": "International Commercial Bank Senegal|Global Alliance for Vaccines and Immunizations|World Health Organization|UNICEF"
    }, 
    {
      "name": "International Commercial Bank Senegal|USAID"
    }, 
    {
      "name": "International Development Association|African Development Bank/African Development Fund|International Commercial Bank Senegal|State (Taxes)"
    }, 
    {
      "name": "Canadian Agency for International Development|United Nations Capital Development Fund|United Nations Development Program"
    }, 
    {
      "name": "Investment Bank of Development and Cooperation"
    }, 
    {
      "name": "Austria"
    }, 
    {
      "name": "German Society for International Cooperation "
    }, 
    {
      "name": "Arab Bank of Economic Development in Africa|International Commercial Bank Senegal|Islamic Development Bank|Saudi Fund"
    }, 
    {
      "name": "International Commercial Bank Senegal|Spain"
    }, 
    {
      "name": "Danish International Development Agency"
    }, 
    {
      "name": "West African Development Bank|Saudi Arabia|West African Economic and Monetary Union"
    }, 
    {
      "name": "International Commercial Bank Senegal|Global Environment Facility"
    }, 
    {
      "name": "International Commercial Bank Senegal|Spain|India"
    }, 
    {
      "name": "Canadian Agency for International Development|International Commercial Bank Senegal"
    }, 
    {
      "name": "United Nations Development Fund for Women"
    }, 
    {
      "name": "International Commercial Bank Senegal|Czech Republic"
    }, 
    {
      "name": "Luxembourg"
    }, 
    {
      "name": "German Society for International Cooperation |KfW"
    }, 
    {
      "name": "Global Fund"
    }, 
    {
      "name": "West African Development Bank"
    }, 
    {
      "name": "International Fund for Agricultural Development"
    }, 
    {
      "name": "German Embassy"
    }, 
    {
      "name": "International Development Association|International Commercial Bank Senegal|Beneficiaries|State (Taxes)|International Fund for Agricultural Development"
    }, 
    {
      "name": "Islamic Development Bank"
    }, 
    {
      "name": "International Commercial Bank Senegal"
    }, 
    {
      "name": "International Commercial Bank Senegal|German Society for International Cooperation |European Union/European Development Fund"
    }, 
    {
      "name": "Belgium"
    }, 
    {
      "name": "Global Alliance for Improved Nutrition|International Development Association|International Commercial Bank Senegal|Spain|Micronutrient Initiative|World Food Program|UNICEF"
    }, 
    {
      "name": "International Commercial Bank Senegal|Spain|United Nations Development Program"
    }, 
    {
      "name": "African Development Bank/African Development Fund"
    }, 
    {
      "name": "African Development Bank/African Development Fund|European Union/European Development Fund"
    }, 
    {
      "name": "International Commercial Bank Senegal|China"
    }, 
    {
      "name": "French Development Agency|International Commercial Bank Senegal|West African Development Bank|Beneficiaries|European Union/European Development Fund"
    }, 
    {
      "name": "International Commercial Bank Senegal|Japan"
    }, 
    {
      "name": "International Commercial Bank Senegal|Private"
    }, 
    {
      "name": "International Commercial Bank Senegal|West African Development Bank|Beneficiaries|State (Taxes)|International Fund for Agricultural Development"
    }, 
    {
      "name": "International Commercial Bank Senegal|Saudi Fund"
    }, 
    {
      "name": "International Development Association|International Commercial Bank Senegal|State (Nature)|Global Environment Facility"
    }, 
    {
      "name": "France"
    }, 
    {
      "name": "French Global Environment Facility"
    }, 
    {
      "name": "French Development Agency|International Development Association|African Development Bank/African Development Fund|International Commercial Bank Senegal|Eiffage Senegal"
    }, 
    {
      "name": "International Commercial Bank Senegal|India"
    }, 
    {
      "name": "International Commercial Bank Senegal|Islamic Development Bank"
    }, 
    {
      "name": "French Development Agency|International Development Association|African Development Bank/African Development Fund|International Commercial Bank Senegal|European Investment Bank|Investment Bank of Development and Cooperation|KfW"
    }, 
    {
      "name": "International Development Association|European Investment Bank"
    }, 
    {
      "name": "Spain"
    }, 
    {
      "name": "International Commercial Bank Senegal|African Union|European Union/European Development Fund"
    }, 
    {
      "name": "Arab Bank of Economic Development in Africa|International Commercial Bank Senegal|Islamic Development Bank|Organization of the Petroleum Exporting Countries|Saudi Arabia"
    }, 
    {
      "name": "International Development Association|International Commercial Bank Senegal|Global Environment Facility"
    }, 
    {
      "name": "Canadian Agency for International Development|Netherlands"
    }, 
    {
      "name": "International Commercial Bank Senegal|German Society for International Cooperation |KfW"
    }, 
    {
      "name": "French Development Agency|European Investment Bank|West African Development Bank|Société Nationale d'Exploitation des Eaux du Sénégal|European Union/European Development Fund"
    }, 
    {
      "name": "Kuwait Fund"
    }, 
    {
      "name": "Italy"
    }, 
    {
      "name": "World Food Program"
    }, 
    {
      "name": "International Commercial Bank Senegal|KfW"
    }, 
    {
      "name": "Japan|State (Nature)"
    }, 
    {
      "name": "United States African Development Foundation"
    }, 
    {
      "name": "African Development Bank/Technical Assistance Fund|International Commercial Bank Senegal"
    }, 
    {
      "name": "International Commercial Bank Senegal|Italy"
    }, 
    {
      "name": "African Development Bank/African Water Facility"
    }, 
    {
      "name": "International Commercial Bank Senegal|United States (Millenium Challenge Account)"
    }, 
    {
      "name": "International Commercial Bank Senegal|Beneficiaries|State (Taxes)|International Fund for Agricultural Development|Organization of the Petroleum Exporting Countries"
    }, 
    {
      "name": "African Development Bank/African Development Fund|International Commercial Bank Senegal|Beneficiaries|State (Functioning Budget)|State (Taxes)"
    }, 
    {
      "name": "International Monetary Fund"
    }, 
    {
      "name": "Global Alliance for Vaccines and Immunizations"
    }, 
    {
      "name": "International Commercial Bank Senegal|United Nations Population Fund"
    }, 
    {
      "name": "International Commercial Bank Senegal|United Nations Capital Development Fund|United Nations Development Program"
    }, 
    {
      "name": "African Development Bank/Technical Assistance Fund|International Commercial Bank Senegal|Beneficiaries"
    }, 
    {
      "name": "Arab Bank of Economic Development in Africa|International Commercial Bank Senegal|Islamic Development Bank"
    }, 
    {
      "name": "Embassy of Great Britain"
    }, 
    {
      "name": "International Development Association|International Commercial Bank Senegal|European Investment Bank|West African Development Bank|Beneficiaries|Banking Company of West Africa|Nordic Development Fund|KfW|Société Nationale d'Exploitation des Eaux du Sénégal"
    }, 
    {
      "name": "International Commercial Bank Senegal|World Health Organization"
    }, 
    {
      "name": "African Development Bank/African Development Fund|International Commercial Bank Senegal"
    }, 
    {
      "name": "International Commercial Bank Senegal|United Nations Development Program"
    }, 
    {
      "name": "Japan"
    }, 
    {
      "name": "International Commercial Bank Senegal|Senegal Mutual Credit"
    }, 
    {
      "name": "International Commercial Bank Senegal|Italy|UNICEF"
    }, 
    {
      "name": "International Commercial Bank Senegal|Kuwait Fund"
    }, 
    {
      "name": "International Commercial Bank Senegal|Global Environment Facility|United Nations Development Program"
    }, 
    {
      "name": "African Development Bank/African Development Fund|African Development Bank/Technical Assistance Fund|International Commercial Bank Senegal|State (Nature)"
    }, 
    {
      "name": "International Commercial Bank Senegal|Global Fund|World Health Organization|USAID"
    }, 
    {
      "name": "USAID"
    }, 
    {
      "name": "International Commercial Bank Senegal|Economic Community of West African States"
    }, 
    {
      "name": "West African Economic and Monetary Union"
    }, 
    {
      "name": "International Commercial Bank Senegal|Islamic Development Bank|State (Common)"
    }, 
    {
      "name": "United States (Millenium Challenge Account)"
    }, 
    {
      "name": "European Union/European Development Fund"
    }
  ], 
  "sectors_codes_list": [
    {
      "name": "151"
    }, 
    {
      "name": "152"
    }, 
    {
      "name": "210"
    }, 
    {
      "name": "312"
    }, 
    {
      "name": "311"
    }, 
    {
      "name": "310"
    }, 
    {
      "name": "331"
    }, 
    {
      "name": "330"
    }, 
    {
      "name": "114"
    }, 
    {
      "name": "111"
    }, 
    {
      "name": "113"
    }, 
    {
      "name": "112"
    }, 
    {
      "name": "250"
    }, 
    {
      "name": "230"
    }, 
    {
      "name": "320"
    }, 
    {
      "name": "321"
    }, 
    {
      "name": "140"
    }, 
    {
      "name": "998"
    }, 
    {
      "name": "120"
    }, 
    {
      "name": "121"
    }, 
    {
      "name": "122"
    }, 
    {
      "name": "160"
    }, 
    {
      "name": "220"
    }
  ], 
  "sectors_names_list": [
    {
      "name": "Other social infrastructure and services"
    }, 
    {
      "name": "Energy generation and supply"
    }, 
    {
      "name": "Trade and tourism"
    }, 
    {
      "name": "Forestry"
    }, 
    {
      "name": "Education, level unspecified"
    }, 
    {
      "name": "Health"
    }, 
    {
      "name": "Water supply and sanitation"
    }, 
    {
      "name": "Basic health"
    }, 
    {
      "name": "Basic education"
    }, 
    {
      "name": "Health, general"
    }, 
    {
      "name": "Unallocated/ unspecified"
    }, 
    {
      "name": "Secondary education"
    }, 
    {
      "name": "Trade policy and regulations"
    }, 
    {
      "name": "Business and other services"
    }, 
    {
      "name": "Industry"
    }, 
    {
      "name": "Government and civil society, general"
    }, 
    {
      "name": "Communications"
    }, 
    {
      "name": "Post-secondary education"
    }, 
    {
      "name": "Agriculture, forestry, fishing"
    }, 
    {
      "name": "Industry, mining, construction"
    }, 
    {
      "name": "Transport and storage"
    }, 
    {
      "name": "Conflict prevention and resolution, peace and security"
    }, 
    {
      "name": "Agriculture"
    }
  ]
}