.shp field,.geojson field
aiddtID,aiddataID
license,license
ocid,ocid
lndmtID,landmatrixID
title,title
sectors,sectors
company,company
country,country
sponsrs,sponsors
spNatin,spNation
pCompny,pCompany
pContry,pCountry
agency,agency
cntrctr,contractor
dateSgn,dateSign
yearSgn,yearSign
datePay,datePay
datStrt,dateStart
dateEnd,dateEnd
cntrctS,contractStatus
duratin,duration
cntrctT,contractType
cntrctC,contractClass
amntCrr,amountCurrent
amntCns,amountConstant
currncy,currency
hectars,hectares
resorcs,resources
jobComm,jobComm
physInf,physInf
csrComm,csrComm
revShar,revShare
tender,tender
securty,security
taxes,taxes
vsc,vsc
vscSorc,vscSource
addSorc,addSource
source,source
sDetail,sDetail
lstUpdt,lastUpdated