{
  "name": "timor-leste_amp_geocoded_research_release_level_1_v1.1", 
  "datapackage_version": "1.0-beta.10", 
  "title": "Timor-Leste AMPGeocoded Research Release", 
  "version": "1.1", 
  "licenses": [
    {
      "url": "http://opendatacommons.org/licenses/by/", 
      "version": "1.0", 
      "name": "Open Data Commons Attribution", 
      "id": "odc-pddl"
    }
  ], 
  "sources": [
    {
      "web": "Not Available", 
      "name": "Timor-Leste AMP"
    }
  ], 
  "maintainers": [
    {
      "web": "http://aiddata.org", 
      "name": "AidData Data Team", 
      "email": "data@aiddata.org"
    }
  ], 
  "publishers": [
    {
      "web": "http://aiddata.org", 
      "name": "AidData", 
      "email": "info@aiddata.org"
    }
  ], 
  "temporal": [
    {
      "start": 1998, 
      "end": 2015, 
      "name": "Start Date Coverage"
    }
  ], 
  "resources": [
    {
      "name": "projects.tsv", 
      "path": "../data/projects.tsv", 
      "bytes": 207790, 
      "schema": {
        "fields": [
          {
            "type": "int", 
            "name": "is_geocoded"
          }, 
          {
            "type": "string", 
            "name": "end_actual_type"
          }, 
          {
            "type": "date", 
            "name": "start_actual_isodate"
          }, 
          {
            "type": "string", 
            "name": "start_actual_type"
          }, 
          {
            "type": "string", 
            "name": "donors"
          }, 
          {
            "type": "string", 
            "name": "ad_sector_names"
          }, 
          {
            "type": "float", 
            "name": "total_disbursements"
          }, 
          {
            "type": "string", 
            "name": "status"
          }, 
          {
            "type": "string", 
            "name": "donors_iso3"
          }, 
          {
            "type": "int", 
            "name": "ad_sector_codes"
          }, 
          {
            "type": "float", 
            "name": "total_commitments"
          }, 
          {
            "type": "int", 
            "name": "project_id"
          }, 
          {
            "type": "date", 
            "name": "end_actual_isodate"
          }, 
          {
            "type": "string", 
            "name": "project_title"
          }
        ]
      }
    }, 
    {
      "name": "locations.tsv", 
      "path": "../data/locations.tsv", 
      "bytes": 426167, 
      "schema": {
        "fields": [
          {
            "type": "string", 
            "name": "gazetteer_adm_code"
          }, 
          {
            "type": "string", 
            "name": "location_type_name"
          }, 
          {
            "type": "float", 
            "name": "longitude"
          }, 
          {
            "type": "int", 
            "name": "geoname_id"
          }, 
          {
            "type": "string", 
            "name": "gazetteer_adm_name"
          }, 
          {
            "type": "string", 
            "name": "project_location_id"
          }, 
          {
            "type": "string", 
            "name": "location_type_code"
          }, 
          {
            "type": "float", 
            "name": "latitude"
          }, 
          {
            "type": "int", 
            "name": "project_id"
          }, 
          {
            "type": "int", 
            "name": "precision_code"
          }, 
          {
            "type": "string", 
            "name": "place_name"
          }
        ]
      }
    }, 
    {
      "name": "transactions.tsv", 
      "path": "../data/transactions.tsv", 
      "bytes": 157063, 
      "schema": {
        "fields": [
          {
            "type": "int", 
            "name": "transaction_year"
          }, 
          {
            "type": "blank", 
            "name": "transaction_isodate"
          }, 
          {
            "type": "float", 
            "name": "transaction_value"
          }, 
          {
            "type": "string", 
            "name": "transaction_currency"
          }, 
          {
            "type": "int", 
            "name": "project_id"
          }, 
          {
            "type": "string", 
            "name": "transaction_value_code"
          }, 
          {
            "type": "string", 
            "name": "transaction_id"
          }
        ]
      }
    }
  ], 
  "data_set_preamble": "Timor-Leste_AMP", 
  "data_type": "Geocoded_Research_Release", 
  "processing_level": "Level_1", 
  "source_type": "Recipient System", 
  "source_subtype": "Aid Management Platform", 
  "source_link": "Not Available", 
  "date_updated": "06/18/15", 
  "donors_iso": [
    {
      "name": "AUS|AUS|DAC|FIN|AUS|IRL|JPN|IRL|NOR|SWE|DAC"
    }, 
    {
      "name": "AUS|AUS|IRL|DAC|NOR"
    }, 
    {
      "name": "USA"
    }, 
    {
      "name": "DAC|DAC|DAC"
    }, 
    {
      "name": "BRA|DAC"
    }, 
    {
      "name": "DEU"
    }, 
    {
      "name": "AUS|AUS|JPN|DAC"
    }, 
    {
      "name": "BRA|AUS|AUS|DAC|DAC"
    }, 
    {
      "name": "JPN|DAC"
    }, 
    {
      "name": "IRL|IRL|NZL|SWE|DAC|DAC"
    }, 
    {
      "name": "AUS|AUS|AUS|DAC"
    }, 
    {
      "name": "KOR"
    }, 
    {
      "name": "AUS|AUS|DAC|NLD|NOR|DAC|DAC|USA"
    }, 
    {
      "name": "AUS|AUS|DAC|IRL|NOR"
    }, 
    {
      "name": "KOR|DAC"
    }, 
    {
      "name": "DAC|DAC|DAC|DAC"
    }, 
    {
      "name": "AUS|AUS|NOR|RUS"
    }, 
    {
      "name": "NLD|DAC|DAC"
    }, 
    {
      "name": "DAC"
    }, 
    {
      "name": "AUS|AUS|IRL|NOR"
    }, 
    {
      "name": "ESP"
    }, 
    {
      "name": "ESP|DAC|DAC"
    }, 
    {
      "name": "AUS|AUS|DAC|DAC"
    }, 
    {
      "name": "PRT"
    }, 
    {
      "name": "ESP|DAC"
    }, 
    {
      "name": "NOR|DAC|DAC"
    }, 
    {
      "name": "NZL|USA"
    }, 
    {
      "name": "POR|POR|DAC"
    }, 
    {
      "name": "AUS|AUS|DAC|JPN|ESP|SWE|DAC|DAC|USA"
    }, 
    {
      "name": "FRA"
    }, 
    {
      "name": "AUS|NZL|DAC"
    }, 
    {
      "name": "POR|POR"
    }, 
    {
      "name": "AUS|AUS|ITA|NOR|SWE|DAC|DAC"
    }, 
    {
      "name": "AUS|AUS|NLD|SWE|DAC|DAC"
    }, 
    {
      "name": "BEL|AUS|AUS|NLD|AUS|IRL|DAC|NOR|DAC"
    }, 
    {
      "name": "CHN"
    }, 
    {
      "name": "DAC|AUS|AUS|DAC"
    }, 
    {
      "name": "AUS|DAC"
    }, 
    {
      "name": "AUS"
    }, 
    {
      "name": "DAC|DAC"
    }, 
    {
      "name": "IRL|NZL"
    }, 
    {
      "name": "IRL|NOR|DAC|DAC|DAC"
    }, 
    {
      "name": "DAC|RUS|SWE"
    }, 
    {
      "name": "DAC|DEU"
    }, 
    {
      "name": "AUS|AUS|DAC"
    }, 
    {
      "name": "FIN"
    }, 
    {
      "name": "FIN|IRL|NZL|NOR|GBR|DAC"
    }, 
    {
      "name": "THA"
    }, 
    {
      "name": "NZL"
    }, 
    {
      "name": "MCO"
    }, 
    {
      "name": "POR|POR|PRT"
    }, 
    {
      "name": "NLD|SWE|NOR|DAC|DAC"
    }, 
    {
      "name": "AUS|AUS|DAC|IRL|NZL|NOR|DAC"
    }, 
    {
      "name": "AUS|JPN|DAC|DAC"
    }, 
    {
      "name": "JPN"
    }, 
    {
      "name": "CDN"
    }, 
    {
      "name": "AUS|AUS"
    }, 
    {
      "name": "AUS|AUS|JPN|PRT|DAC|DAC"
    }, 
    {
      "name": "AUS|AUS|DAC|IRL|NZL"
    }, 
    {
      "name": "NOR"
    }, 
    {
      "name": "IRL"
    }, 
    {
      "name": "AUS|AUS|USA"
    }, 
    {
      "name": "AUS|AUS|SWE|DAC"
    }, 
    {
      "name": "ESP|NOR|DAC|DAC"
    }, 
    {
      "name": "BRA"
    }
  ], 
  "donors_list": [
    {
      "name": "Norway Ministry of Foreign Affairs"
    }, 
    {
      "name": "Government Of Japan|Ministry of Finance"
    }, 
    {
      "name": "Government Of Australia|New Zealand Aid Programme, Ministry of Foreign Affairs and Trade|United Nations Development Programme"
    }, 
    {
      "name": "DFAT - Australian Aid Program|Australian Aid Program|Government of Sweden|United Nations Development Programme"
    }, 
    {
      "name": "Department for International Development|Russian Government|Swedish International Development Cooperation Agency"
    }, 
    {
      "name": "European Commission"
    }, 
    {
      "name": "European Union|United Nations Development Programme"
    }, 
    {
      "name": "World Health Organization"
    }, 
    {
      "name": "DFAT - Australian Aid Program|Australian Aid Program|Government Of Australia|United Nations Development Programme"
    }, 
    {
      "name": "European Union|Food and Agriculture Organization"
    }, 
    {
      "name": "Canadian International Development Agency"
    }, 
    {
      "name": "Japan International Cooperation Agency"
    }, 
    {
      "name": "Asian Development Bank|Ministry of Public Works"
    }, 
    {
      "name": "United Nations Democracy Fund"
    }, 
    {
      "name": "United Nations Population Fund"
    }, 
    {
      "name": "The People's Republic of China"
    }, 
    {
      "name": "United States Agency for International Development"
    }, 
    {
      "name": "DFAT - Australian Aid Program|Australian Aid Program|European Union|Government of Netherland|Norway|UNICEF Core Resources|United Nations Children's Fund|United States Agency for International Development"
    }, 
    {
      "name": "Korean International Cooperation Agency"
    }, 
    {
      "name": "Monaco"
    }, 
    {
      "name": "DFAT - Australian Aid Program|Australian Aid Program|International Finance Corporation"
    }, 
    {
      "name": "European Union"
    }, 
    {
      "name": "DFAT - Australian Aid Program|Australian Aid Program|Department for International Development"
    }, 
    {
      "name": "DFAT - Australian Aid Program|Australian Aid Program|European Union|World Bank"
    }, 
    {
      "name": "Asian Development Bank|Officer of the Vice Prime Minister, Coordinator of Social Affairs|Secretary of State for Professional Training and Employment Policy"
    }, 
    {
      "name": "Office of the United Nations High Commissioner for Human Rights"
    }, 
    {
      "name": "New Zealand Aid Programme, Ministry of Foreign Affairs and Trade|United States Agency for International Development"
    }, 
    {
      "name": "DFAT - Australian Aid Program|Australian Aid Program|European Union|Irish Aid|Norway"
    }, 
    {
      "name": "Government of Spain|United Nations Development Programme|United Nations Development Programme"
    }, 
    {
      "name": "United Nations Development Programme|United Nations Development Programme|Thematic Trust Fund for Poverty Reduction"
    }, 
    {
      "name": "Asian Development Bank|DFAT - Australian Aid Program|Australian Aid Program|Ministry of Public Works"
    }, 
    {
      "name": "France"
    }, 
    {
      "name": "Irish Aid"
    }, 
    {
      "name": "Norway"
    }, 
    {
      "name": "UNICEF Core Resources|United Nations Children's Fund"
    }, 
    {
      "name": "DFAT - Australian Aid Program|Australian Aid Program|European Union|Irish Aid|New Zealand Aid Programme, Ministry of Foreign Affairs and Trade"
    }, 
    {
      "name": "International Organization for Migration Development Fund"
    }, 
    {
      "name": "Government of Spain|World Food Program"
    }, 
    {
      "name": "Australian Department of Immigration and Citizenship"
    }, 
    {
      "name": "Norway|United Nations|United Nations Development Programme"
    }, 
    {
      "name": "Agência Brasileira de Cooperação (Brazil)|World Food Program"
    }, 
    {
      "name": "DFAT - Australian Aid Program|Australian Aid Program|Italian Ministry of Foreign Affairs|Norway|Swedish International Development Cooperation Agency|United Nations|United Nations Development Programme"
    }, 
    {
      "name": "Finland"
    }, 
    {
      "name": "International Finance Corporation"
    }, 
    {
      "name": "DFAT - Australian Aid Program|Australian Aid Program|Irish Aid|National Committee for the UN Women in Australia|Norway Ministry of Foreign Affairs"
    }, 
    {
      "name": "United Nations Development Programme|United Nations Development Programme"
    }, 
    {
      "name": "Government Of Ireland|Norway|United Nations Capital Development Fund|United Nations Development Programme|United Nations Development Programme"
    }, 
    {
      "name": "European Union|International Labour Organization|UN Women|United Nations Development Programme"
    }, 
    {
      "name": "Government Of Australia"
    }, 
    {
      "name": "Portugal"
    }, 
    {
      "name": "Agência Brasileira de Cooperação (Brazil)"
    }, 
    {
      "name": "United Nations Educational, Scientific and Cultural Organization"
    }, 
    {
      "name": "United Nations Development Programme"
    }, 
    {
      "name": "Belgian Technical Cooperation|DFAT - Australian Aid Program|Australian Aid Program|Embassy of Netherlands|Government Of Australia|Government Of Ireland|Ministry of Foreign Affairs and Cooperation|Norway|Office of the United Nations High Commissioner for"
    }, 
    {
      "name": "DFAT - Australian Aid Program|Australian Aid Program|European Union|Finland|Government Of Australia|Government Of Ireland|Government Of Japan|Irish Aid|Norway Ministry of Foreign Affairs|Swedish International Development Cooperation Agency|United Nations"
    }, 
    {
      "name": "DFAT - Australian Aid Program|Australian Aid Program|United States Agency for International Development"
    }, 
    {
      "name": "Government Of Ireland|Irish Aid|New Zealand Aid Programme, Ministry of Foreign Affairs and Trade|Swedish International Development Cooperation Agency|United Nations Development Programme|United Nations Office for the Coordination of Humanitarian Affairs"
    }, 
    {
      "name": "Government of Netherland|Government of Sweden|Norway|UNICEF Core Resources|United Nations Children's Fund"
    }, 
    {
      "name": "DFAT - Australian Aid Program|Australian Aid Program"
    }, 
    {
      "name": "Government of South Australia|United Nations Development Programme"
    }, 
    {
      "name": "German Cooperation"
    }, 
    {
      "name": "DFAT - Australian Aid Program|Australian Aid Program|Government Of Ireland|Norway"
    }, 
    {
      "name": "Unspecified"
    }, 
    {
      "name": "Office of the President|United Nations Development Programme"
    }, 
    {
      "name": "International Fund for Agricultural Development"
    }, 
    {
      "name": "Government of Spain"
    }, 
    {
      "name": "The Global Fund to Fight AIDS, Tuberculosis and Malaria"
    }, 
    {
      "name": "Government of Netherland|UNICEF Core Resources|United Nations Children's Fund"
    }, 
    {
      "name": "Embassy of the United States"
    }, 
    {
      "name": "Asian Development Bank"
    }, 
    {
      "name": "United Nations|United Nations Development Programme"
    }, 
    {
      "name": "Thailand"
    }, 
    {
      "name": "DFAT - Australian Aid Program|Australian Aid Program|Government Of Japan|World Food Program"
    }, 
    {
      "name": "DFAT - Australian Aid Program|Australian Aid Program|European Union|Government Of Japan|Government of Spain|Government of Sweden|UNICEF Core Resources|United Nations Children's Fund|United States Agency for International Development"
    }, 
    {
      "name": "DFAT - Australian Aid Program|Australian Aid Program|Global Environment Facility Trust Fund|United Nations Development Programme"
    }, 
    {
      "name": "DFAT - Australian Aid Program|Australian Aid Program|Government of Netherland|Government of Sweden|UNICEF Core Resources|United Nations Children's Fund"
    }, 
    {
      "name": "United Nations Development Programme|Thematic Trust Fund for Poverty Reduction"
    }, 
    {
      "name": "Asian Development Bank|Ministry of Finance"
    }, 
    {
      "name": "Camões - Instituto Da Cooperacao E Da Lingua|Camões - Instituto Da Cooperacao E Da Lingua|Portugal"
    }, 
    {
      "name": "United Nations Capital Development Fund|United Nations Development Programme|United Nations Development Programme"
    }, 
    {
      "name": "DFAT - Australian Aid Program|Australian Aid Program|Norway Ministry of Foreign Affairs|Russian Government"
    }, 
    {
      "name": "World Bank"
    }, 
    {
      "name": "Government of Spain|Norway|UNICEF Core Resources|United Nations Children's Fund"
    }, 
    {
      "name": "Global Environment Facility Trust Fund|United Nations Development Programme"
    }, 
    {
      "name": "Irish Aid|New Zealand Aid Programme, Ministry of Foreign Affairs and Trade"
    }, 
    {
      "name": "DFAT - Australian Aid Program|Australian Aid Program|European Union"
    }, 
    {
      "name": "European Union|German Cooperation"
    }, 
    {
      "name": "DFAT - Australian Aid Program|Australian Aid Program|European Union|Irish Aid|New Zealand Aid Programme, Ministry of Foreign Affairs and Trade|Norway|World Bank"
    }, 
    {
      "name": "World Food Program"
    }, 
    {
      "name": "DFAT - Australian Aid Program|Australian Aid Program|World Bank"
    }, 
    {
      "name": "Embassy of Japan"
    }, 
    {
      "name": "Government Of Japan"
    }, 
    {
      "name": "UN Women"
    }, 
    {
      "name": "Government of Spain|World Health Organization"
    }, 
    {
      "name": "Agência Brasileira de Cooperação (Brazil)|DFAT - Australian Aid Program|Australian Aid Program|Ministry of Health|World Food Program"
    }, 
    {
      "name": "Ministry of Social Solidarity"
    }, 
    {
      "name": "Food and Agriculture Organization|Officer of the Vice Prime Minister, Coordinator of Social Affairs|Secretary of State for Professional Training and Employment Policy|World Food Program"
    }, 
    {
      "name": "Government Of Japan|Ministry of Public Works"
    }, 
    {
      "name": "Global Environment Facility Trust Fund"
    }, 
    {
      "name": "Camões - Instituto Da Cooperacao E Da Lingua|Camões - Instituto Da Cooperacao E Da Lingua"
    }, 
    {
      "name": "Australian Federal Police|Government Of Japan|United Nations Development Programme|United Nations Development Programme"
    }, 
    {
      "name": "Spanish Agency for International Development Cooperation"
    }, 
    {
      "name": "UN Human Security Trust Fund"
    }, 
    {
      "name": "Finland|Government Of Ireland|New Zealand Aid Programme, Ministry of Foreign Affairs and Trade|Norway|United Kingdom of Great Britain and Northern Ireland|United Nations Development Programme"
    }, 
    {
      "name": "Food and Agriculture Organization"
    }, 
    {
      "name": "Ministry of Health|World Health Organization"
    }, 
    {
      "name": "New Zealand Aid Programme, Ministry of Foreign Affairs and Trade"
    }, 
    {
      "name": "DFAT - Australian Aid Program|Australian Aid Program|Government Of Japan|Portugal|United Nations Development Programme|United Nations Development Programme"
    }, 
    {
      "name": "Office of Foreign Disaster Assistance"
    }, 
    {
      "name": "International Organization for Migration"
    }, 
    {
      "name": "Korean International Cooperation Agency|World Food Program"
    }, 
    {
      "name": "UN Women|United Nations Development Programme|United Nations Development Programme"
    }, 
    {
      "name": "Office of the United Nations High Commissioner for Refugees"
    }, 
    {
      "name": "Camões - Instituto Da Cooperacao E Da Lingua|Camões - Instituto Da Cooperacao E Da Lingua|European Union"
    }
  ], 
  "sectors_codes_list": [
    {
      "name": "150"
    }, 
    {
      "name": "600"
    }, 
    {
      "name": "210"
    }, 
    {
      "name": "313"
    }, 
    {
      "name": "312"
    }, 
    {
      "name": "311"
    }, 
    {
      "name": "700"
    }, 
    {
      "name": "332"
    }, 
    {
      "name": "130"
    }, 
    {
      "name": "110"
    }, 
    {
      "name": "250"
    }, 
    {
      "name": "110|998"
    }, 
    {
      "name": "230"
    }, 
    {
      "name": "210|160"
    }, 
    {
      "name": "998|311|110|160|140"
    }, 
    {
      "name": "140|110"
    }, 
    {
      "name": "322"
    }, 
    {
      "name": "323"
    }, 
    {
      "name": "321"
    }, 
    {
      "name": "400"
    }, 
    {
      "name": "332|110"
    }, 
    {
      "name": "230|140|210|150"
    }, 
    {
      "name": "500"
    }, 
    {
      "name": "311|110"
    }, 
    {
      "name": "140"
    }, 
    {
      "name": "331"
    }, 
    {
      "name": "110|150"
    }, 
    {
      "name": "998"
    }, 
    {
      "name": "110|321"
    }, 
    {
      "name": "120"
    }, 
    {
      "name": "240"
    }, 
    {
      "name": "120|110"
    }, 
    {
      "name": "160"
    }, 
    {
      "name": "220"
    }, 
    {
      "name": "160|110"
    }, 
    {
      "name": "910"
    }, 
    {
      "name": "110|250"
    }, 
    {
      "name": "400|110"
    }, 
    {
      "name": "110|160"
    }, 
    {
      "name": "150|110"
    }, 
    {
      "name": "313|110"
    }, 
    {
      "name": "920"
    }, 
    {
      "name": "311|250|110|240|150"
    }
  ], 
  "sectors_names_list": [
    {
      "name": "Other social infrastructure and services"
    }, 
    {
      "name": "Energy generation and supply|Water supply and sanitation|Transport and storage|Government and civil society"
    }, 
    {
      "name": "Energy generation and supply"
    }, 
    {
      "name": "Unallocated/unspecified|Agriculture|Education|Other social infrastructure and services|Water supply and sanitation"
    }, 
    {
      "name": "Forestry"
    }, 
    {
      "name": "Education|Government and civil society"
    }, 
    {
      "name": "Health"
    }, 
    {
      "name": "Other social infrastructure and services|Education"
    }, 
    {
      "name": "Water supply and sanitation"
    }, 
    {
      "name": "Government and civil society|Education"
    }, 
    {
      "name": "Multisector/cross-cutting"
    }, 
    {
      "name": "Support to non-governmental organisations (NGOs) and government organizations"
    }, 
    {
      "name": "Education|Other social infrastructure and services"
    }, 
    {
      "name": "Education|Business and other services"
    }, 
    {
      "name": "Multisector/cross-cutting|Education"
    }, 
    {
      "name": "Humanitarian aid (Including reconstruction and recovery)"
    }, 
    {
      "name": "Agriculture|Business and other services|Education|Banking and financial services|Government and civil society"
    }, 
    {
      "name": "Construction"
    }, 
    {
      "name": "Trade policy and regulations"
    }, 
    {
      "name": "Water supply and sanitation|Education"
    }, 
    {
      "name": "Health|Education"
    }, 
    {
      "name": "Education|Industry"
    }, 
    {
      "name": "Tourism"
    }, 
    {
      "name": "Business and other services"
    }, 
    {
      "name": "Action relating to debt"
    }, 
    {
      "name": "Commodity aid and general programme assistance"
    }, 
    {
      "name": "Agriculture|Education"
    }, 
    {
      "name": "Administrative costs of donors"
    }, 
    {
      "name": "Communications"
    }, 
    {
      "name": "Population policies/programmes and reproductive health"
    }, 
    {
      "name": "Fishing|Education"
    }, 
    {
      "name": "Transport and storage|Other social infrastructure and services"
    }, 
    {
      "name": "Unallocated/unspecified"
    }, 
    {
      "name": "Industry"
    }, 
    {
      "name": "Mineral resources and mining"
    }, 
    {
      "name": "Tourism|Education"
    }, 
    {
      "name": "Education|Unallocated/unspecified"
    }, 
    {
      "name": "Banking and financial services"
    }, 
    {
      "name": "Fishing"
    }, 
    {
      "name": "Transport and storage"
    }, 
    {
      "name": "Government and civil society"
    }, 
    {
      "name": "Education"
    }, 
    {
      "name": "Agriculture"
    }
  ]
}