sub_sector	translated_sub_sector	ad_sector_code	ad_sector_name
10. Organes législatifs	Legislative bodies	151	Government and civil society, general
11. Organes exécutifs	Executive bodies	151	Government and civil society, general
12. Organes juridictionnels	Jurisdictional bodies	151	Government and civil society, general
13. Organes consultatifs	Advisory bodies	151	Government and civil society, general
14. Affaires politiques extérieures	External political affairs	151	Government and civil society, general
17. Organes de contrôles des élections	Election control bodies	151	Government and civil society, general
20. Affaires des Forces Armées	Armed forces	152	Conflict prevention and resolution, peace and security
21. Sécurité et Police	Security and police	152	Conflict prevention and resolution, peace and security
30. Affaires communes administration générale et financière	General public administration and financial affairs	151	Government and civil society, general
31. Finances et fiscalités	Taxation and finance	151	Government and civil society, general
32. Elaboration et exécution budget	Budget development and execution	151	Government and civil society, general
33. Adm. des ressources humaines et organisat. social	Human resource administration and social organization	151	Government and civil society, general
34. Planif. programmation prévisions & statistiques	Planned programming, forecasts and statistics	151	Government and civil society, general
35. Administration territoriale	Territorial administration	151	Government and civil society, general
36. Administration des collectivités locales	Administration of local authorities	151	Government and civil society, general
38. Autres affaires administration générale et financi	Other general and financial administrative affairs	151	Government and civil society, general
40. Affaires communes de l'ensignement, formation et r	Public affairs of education, training 	111	Education, level unspecified
41. Education préscolaire et élémentaire	Preschool and elementary education	112	Basic education
42. Enseignement moyen secondaire général et technique	Secondary and technical education	113	Secondary education
43. Enseignement supérieur	Higher education	114	Post-secondary education
44. Formation professionnelle	Professional training	114	Post-secondary education
45. Recherche et innovation technologique	Technological research and innovation	321	Industry
46. Alphabétisation, langues nationale et francophonie	Literacy, national languages and French	112	Basic education
49. Autres affaires de l'enseignement, formation et re	Other affairs of education, training 	111	Education, level unspecified
50. Affaires générales sport, jeunesse, loisir et comm	General affairs of sport, youth, leisure and communication	160	Other social infrastructure and services
51. Affaires culturelles, artistiques et cinématographiques	Cultural, artistic, and cinematic affairs	160	Other social infrastructure and services
52. Affaires sportives et de loisir	Sport and leisure affairs	160	Other social infrastructure and services
53. Affaires jeunesse et vie associative	Youth and community life affairs	160	Other social infrastructure and services
54. Affaires de la communication	Communication affairs	220	Communications
60. Affaires générales, santé et action sociale	General affairs, health and social action	120	Health
61. Santé quaternaire	Quaternary health	121	Health, general
62. Santé tertiaire	Tertiary health	121	Health, general
63. Santé secondaire	Secondary health	121	Health, general
64. Santé primaire	Primary health	122	Basic health
65. Protection sociale, assistance et solidarité	Social protection, assistance and solidarity	160	Other social infrastructure and services
66. Prévoyance sociale	Social welfare	160	Other social infrastructure and services
70. Af. com. administration de développement & infrast	Administration of development and infrastructure	160	Other social infrastructure and services
71. Habitat et Urbanisme	Housing and urbanism	160	Other social infrastructure and services
72. Hydraulique	Hydraulic Energy	230	Energy generation and supply
73. Environnement, assainissement et cadre de vie	Environment, sanitation, and living environment	140	Water supply and sanitation
74. Electricité, pétrole, gaz, combust & autres énergies	Electricity, petrol, gas, combustion, and other energies	230	Energy generation and supply
75. Transports	Transport	210	Transport and storage
76. Postes, télécom & techn. Informat. Communication	Extensions, telecommunication and technology. Information communication	220	Communications
77. Cartographie et météorologie	Cartography and meteorology	151	Government and civil society, general
79. Autres affaires d'administration et de développeme	Other administration and development affairs	151	Government and civil society, general
80. Affaires communes production et commerce	Public production and trade	320	Industry, mining, construction
81. Affaires agricoles	Agriculture	311	Agriculture
82. Forêts, parcs et réverves	Forests, parks and reservations	312	Forestry
83. Ressources animales et halieutiques	Animal and fish resources	310	Agriculture, forestry, fishing
84. Mines et Industries & Artisanat	Mines, industries, and crafts	320	Industry, mining, construction
85. Commerce	Trade	331	Trade policy and regulations
86. Tourisme et hotellerie	Tourism and hospitality	330	Trade and tourism
87. Entreprenariat	Entrepreneurship	250	Business and other services
89. Autres affaires de production et commerce	Other production and trade affairs	320	Industry, mining, construction
91. Charges non réparties	Undistributed expenses	998	Unallocated/ unspecified
