"participating_org"	"donors"	"donors_iso3"	"donor_country"
"African Development Bank (AfDB)"	"African Development Bank (AfDB)"	"DAC"	
"Arab Bank for Economic Development in Africa (BADEA)"	"Arab Bank for Economic Development in Africa (BADEA)"	"DAC"	
"Canadia International Development Agency (CIDA)"	"Canadia International Development Agency (CIDA)"	"CAN"	"Canada"
"Department for International Development (DFID)"	"Department for International Development (DFID)"	"GBR"	"United Kingdom"
"ECOWAS Bank for Investment and Development (EBID)"	"ECOWAS Bank for Investment and Development (EBID)"	"DAC"	
"European Union (EU)"	"European Union (EU)"	"DAC"	
"Exim Bank (India)"	"Exim Bank (India)"	"IND"	"India"
"FAO"	"FAO"	"DAC"	
"Germany"	"Germany"	"DEU"	"Germany"
"Global Environment Facility"	"Global Environment Facility"	"DAC"	
"GOSL"	"GOSL"	"SLE"	
"Government of Italy"	"Government of Italy"	"ITA"	"Italy"
"Government of Japan"	"Government of Japan"	"JPN"	"Japan"
"Government of Norway"	"Government of Norway"	"NOR"	"Norway"
"Government of Spain"	"Government of Spain"	"ESP"	"Spain"
"Government of Switzerland"	"Government of Switzerland"	"CHE"	"Switzerland"
"Government of The  Netherlands"	"Government of The  Netherlands"	"NLD"	"Netherlands"
"IDA"	"IDA"	"DAC"	
"IFAD"	"IFAD"	"DAC"	
"International Monetary Fund (IMF)"	"International Monetary Fund (IMF)"	"DAC"	
"International Organisation for Migration (IOM)"	"International Organisation for Migration (IOM)"	"DAC"	
"Irish Aid"	"Irish Aid"	"IRL"	"Ireland"
"Islamic Development Bank (IDB)"	"Islamic Development Bank (IDB)"	"DAC"	
"Italian Cooperation"	"Italian Cooperation"	"ITA"	"Italy"
"Japanese International Cooperation Agency (JICA)"	"Japanese International Cooperation Agency (JICA)"	"JPN"	"Japan"
"Kuwait Fund"	"Kuwait Fund"	"KWT"	"Kuwait"
"Montreal Protocol"	"Montreal Protocol"	"DAC"	
"OPEC"	"OPEC"	"DAC"	
"Open Society Initiative for West Africa (OSIWA)"	"Open Society Initiative for West Africa (OSIWA)"	"DAC"	
"Peacebuilding Fund"	"Peacebuilding Fund"	"DAC"	
"Saudi Arabia"	"Saudi Arabia"	"SAU"	"Saudi Arabia"
"Swedish International Development Agency (SIDA)"	"Swedish International Development Agency (SIDA)"	"SWE"	"Sweden"
"Trust Fund of the Integrated Framework (IF) for Trade-Related Technical Assistance to Least-Developed Countries [IF Trust Fund]"	"Trust Fund of the Integrated Framework (IF) for Trade-Related Technical Assistance to Least-Developed Countries [IF Trust Fund]"	"DAC"	
"U. S. Centre for Disease Control"	"U. S. Centre for Disease Control"	"USA"	"United States"
"UNAIDS"	"UNAIDS"	"DAC"	
"UNDP"	"UNDP"	"DAC"	
"UNFPA"	"UNFPA"	"DAC"	
"UNHCR"	"UNHCR"	"DAC"	
"UNICEF"	"UNICEF"	"DAC"	
"UNWOMEN"	"UNWOMEN"	"DAC"	
"US Embassy"	"US Embassy"	"USA"	"United States"
"USAID"	"USAID"	"USA"	"United States"
"WHO"	"WHO"	"DAC"	
"William and Flora Hewlett Foundation"	"William and Flora Hewlett Foundation"	"DAC"	
"World Bank"	"World Bank"	"DAC"	
"World Food Programme (WFP)"	"World Food Programme (WFP)"	"DAC"	
