sector_value	ad_sector_codes	ad_sector_names	ad_purpose_codes	ad_purpose_names
00 -  Unspecified	998	Unallocated / Unspecified	99810	Sectors not specified
011 - Public Financial Management 	151	Government and civil society, general	15121	Public sector financial management
012 - Transparency and democracy	150	Government and civil society	15000	Government and civil society, combination of activities
013 - Capacity Building of government agencies	151	Government and civil society, general	15140	Government administration
014 - Security Sector	152	Conflict prevention and resolution, peace and security	15205	Conflict prevention and resolution, peace and security, purpose unspecified or does not fit under any other applicable codes
015 - Decentralisation 	151	Government and civil society, general	15140	Government administration
016 - Justice Sector Development	151	Government and civil society, general	15130	Legal and judicial development
016 - Strengthening MTEF budget process	151	Government and civil society, general	15110	Economic and development policy/planning
017 - Internal Audit 	240	Banking and Financial Services	24010	Financial policy and administrative management
019 - Procurement	151	Government and civil society, general	15120	Public sector financial management
021 - Anti Corruption Agenda	151	Government and civil society, general	15120	Public sector financial management
022 - Elections	151	Government and civil society, general	15150	Strengthening civil society
023 - Promotion of Civil Society Activities	151	Government and civil society, general	15150	Strengthening civil society
024 - Democracy Promotion	151	Government and civil society, general	15150	Strengthening civil society
025 - Capacity building of Civil Society structures and strengthening sector networking	151	Government and civil society, general	15150	Strengthening civil society
026 - Capacity building of Private Sector advocacy structures	250	Business and Other Services	25010	Business support services and institutions
031 - Capacity Building of Written and Audiovisual Media	220	Communications	22030	Radio/television/print media
032 - Civil Service Reform	151	Government and civil society, general	15140	Government administration
033 - Capacity building for PRS implementation	510	General budget support	51010	General budget support
034 - Capacity building of Local councils	151	Government and civil society, general	15140	Government administration
035 - Capacity building of Parliament	151	Government and civil society, general	15141	Government administration
036 - Police	151	Government and civil society, general	15130	Legal and judicial development
037 - Military	152	Conflict prevention and resolution, peace and security	15210	Security system management and reform
038 - Office of National Security	152	Conflict prevention and resolution, peace and security	15210	Security system management and reform
041 - Prisons	151	Government and civil society, general	15130	Legal and judicial development
043 - Development of security sector oversight by Parliament	152	Conflict prevention and resolution, peace and security	15210	Security system management and reform
044 - Support to DECSEC	151	Government and civil society, general	15140	Government administration
045 - Support to Local Councils	151	Government and civil society, general	15140	Government administration
046 - Human Rights	151	Government and civil society, general	15150	Strengthening civil society
047 - Law Reform (including land reform)	151	Government and civil society, general	15130	Legal and judicial development
048 - Justice Sector 	151	Government and civil society, general	15130	Legal and judicial development
049 - Prisons	151	Government and civil society, general	15130	Legal and judicial development
051 - Private Sector Development	250	Business and Other Services	25010	Business support services and institutions
051 - Private Sector Development 	250	Business and Other Services	25010	Business support services and institutions
052 - Youth Development	160	Other Social Infrastructure and Services	16010	Social/ welfare services
053 - Agriculture, Rural development and Food Security	311	Agriculture	31120	Agricultural development
054 - Infrastructure	998	Unallocated / Unspecified	99810	Sectors not specified
055 - Macroeconomic Management	510	General budget support	51010	General budget support
056 - Implementation of DTIS Integrated Framework	331	Trade Policy and Regulations	33110	Trade policy and administrative management
058 - Investment promotion	250	Business and Other Services	25010	Business support services and institutions
059 - Reduce the cost of doing business and the barriers to formality	250	Business and Other Services	25010	Business support services and institutions
061 - Trade promotion	331	Trade Policy and Regulations	33105	Trade policy and regulations,purpose unspecified
062 - Improve productivity and competitiveness	998	Unallocated / Unspecified	99810	Sectors not specified
063 - Youth Employment schemes	160	Other Social Infrastructure and Services	16010	Social/ welfare services
064 - Housing	160	Other Social Infrastructure and Services	16030	Housing policy and administrative management
064 - Youth skills training and development	160	Other Social Infrastructure and Services	16010	Social/ welfare services
065 - Food production	311	Agriculture	31120	Agricultural development
066 - Agricultural Infrastructure	311	Agriculture	31120	Agricultural development
067 - Agricultural export promotion	311	Agriculture	31191	Agricultural services, purpose
068 - Agricultural micro-enterprise development	311	Agriculture	31120	Agricultural development
069 - Food Processing	321	Industry	32120	Industrial development
071 - Fisheries and Marine Resources	313	Fishing	31320	Fishery development
072 - Road network	210	Transport and Storage	21020	Road transport
073 - Urban Water networks and supply	140	Water Supply and Sanitation	14000	Water Supply and Sanitation, combination of purposes
074 - Energy and Power	230	Energy Generation and Supply	23000	Energy generation and supply, combinations ofpurposes
075 - Ports and Waterways	210	Transport and Storage	21040	Water transport
075 - Road Network	210	Transport and Storage	21020	Road transport
076 - Transport	210	Transport and Storage	21005	Transport and Storage, purposeunspecified
077 - Infrastructure maintenance schemes	160	Other Social Infrastructure and Services	16010	Social/ welfare services
081 - Health	120	Health	12005	Health, purpose unspecified
082 - HIV/AIDS	130	Population Policies / Programmes and Reproductive Health	13040	STD control including HIV/AIDS
083 - Education	111	Education, level unspecified	11105	Education, level unspecified,purpose unspecified
084 - Water and Sanitation	140	Water Supply and Sanitation	14000	Water Supply and Sanitation, combination of purposes
085 - Environment	410	General environmental protection	41005	General environmental protection,purpose unspecified
086 - Health Infrastructure	122	Basic health	12230	Basic health infrastructure
086 - Health Infrastructure 	122	Basic health	12230	Basic health infrastructure
087 - Priority diseases (ARI,Diarrhoea,Malaria,TB)	122	Basic health	12250	Infectious & Parasitic disease control
087 - Priority diseases (ARI,Diarrhoea,Malaria,TB) 	122	Basic health	12250	Infectious & Parasitic disease control
088 - Communicable diseases	122	Basic health	12250	Infectious & Parasitic disease control
089 - Child and Maternal survival	130	Population Policies / Programmes and Reproductive Health	13020	Reproductive health care
091 - Mental Health	121	Health, general	12191	Medical services
092 - Disabilities	160	Other Social Infrastructure and Services	16010	Social/ welfare services
093 - Nutrition	122	Basic health	12240	Basic nutrition
094 - Female Genital Mutilation	130	Population Policies / Programmes and Reproductive Health	13020	Reproductive health care
095 - Immunisation	122	Basic health	12250	Infectious & Parasitic disease control
096 - Health professionals human resource development	122	Basic health	12281	Health personnel development
097 - HIV/AIDS Education and Prevention	130	Population Policies / Programmes and Reproductive Health	13040	STD control including HIV/AIDS
098 - HIV/AIDS Management	130	Population Policies / Programmes and Reproductive Health	13040	STD control including HIV/AIDS
099 - Support to PLWHAs (OVCs and relatives)	130	Population Policies / Programmes and Reproductive Health	13040	STD control including HIV/AIDS
101 - Primary Education	112	Basic education	11220	Primary education
102 - Secondary Education	113	Secondary Education	11320	Secondary education
103 - Education Infrastructure	111	Education, level unspecified	11120	Education facilities and training
104 - Teaching and learning materials	111	Education, level unspecified	11100	Education, level unspecified, combination of purposes
105 - Human Resource development	111	Education, level unspecified	11105	Education, level unspecified,purpose unspecified
106 - Adult Literacy	112	Basic education	11230	Basic life skills for youth and adults
107 - WATSAN Education programmes	140	Water Supply and Sanitation	14081	Education and training in water supply and sanitation
108 - Sanitation infrastructure	140	Water Supply and Sanitation	14020	Water supply and sanitation - large systems
109 - Hygiene Promotion	140	Water Supply and Sanitation	14081	Education and training in water supply and sanitation
111 - Urban waste management and recycling	140	Water Supply and Sanitation	14050	Waste management/disposal
112 - Pollution	410	General environmental protection	41020	Biosphere protection
113 - Forestry protection	312	Forestry	31210	Forestry policy and administrative management
114 - National Parks and sanctuaries	410	General environmental protection	41030	Bio-diversity
116 - Governance	151	Government and civil society, general	15140	Government administration
117 - Oversight by Parliament and Auditor General	151	Government and civil society, general	15141	Government administration
118 - Government Infrastructure	151	Government and civil society, general	15141	Government administration
119 - Rural Development	430	Other	43040	Rural development
120 - Housing and resettlement	160	Other Social Infrastructure and Services	16030	Housing policy and administrative management
121 - Rural Water supply infrastructure	140	Water Supply and Sanitation	14020	Water supply and sanitation - large systems
122 - Direct Budget Support	510	General budget support	51010	General budget support
123 - Balance of Payments Support	510	General budget support	51010	General budget support
123 - Other Macroeconomic Support	510	General budget support	51010	General budget support
129 - Humanitarian	700	Humanitarian aid (Including reconstruction and recovery)	70000	Emergency Assistance and Reconstruction, combinations of purposes
134 - Health Education	122	Basic health	12261	Health education
135 - Tertiary Education	114	Post-secondary education	11420	Higher education
138 - Feeder Roads	210	Transport and Storage	21020	Road transport
322 - Mineral Resources and Mining	322	Mineral Resources and Mining	32205	Mineral resources and mining,purpose unspecifie
32210 - Mineral/Mining Policy and Administration Management	322	Mineral Resources and Mining	32210	Mineral/mining policy and administrative management
422 - Information and Communication Technology (ICT)	220	Communications	22040	Information and communication technology (ICT)
99 - Unallocated	998	Unallocated / Unspecified	99810	Sectors not specified
