{
  "name": "colombiaaims_geocodedresearchrelease_level1_v1.0", 
  "datapackage_version": "1.0-beta.10", 
  "title": "ColombiaAIMS GeocodedResearchRelease", 
  "description": "Colombia, AIMS export, geocoded", 
  "version": "1.0", 
  "citation": "AidData. 2016. ColombiaAIMS_GeocodedResearchRelease_Level1_v1.0 geocoded dataset. Williamsburg, VA and Washington, DC: AidData. Accessed on [date]. http://aiddata.org/research-datasets.", 
  "licenses": [
    {
      "url": "http://opendatacommons.org/licenses/by/", 
      "version": "1.0", 
      "name": "Open Data Commons Attribution", 
      "id": "odc-pddl"
    }
  ], 
  "sources": [
    {
      "web": "", 
      "name": "Colombia AIMS"
    }
  ], 
  "maintainers": [
    {
      "web": "http://aiddata.org", 
      "name": "AidData Data Team", 
      "email": "data@aiddata.org"
    }
  ], 
  "publishers": [
    {
      "web": "http://aiddata.org", 
      "name": "AidData", 
      "email": "info@aiddata.org"
    }
  ], 
  "temporal": [
    {
      "start": "1994", 
      "end": "2013", 
      "name": "Project Start Date Coverage"
    }
  ], 
  "resources": [
    {
      "name": "projects.csv", 
      "path": "data/projects.csv", 
      "bytes": 209617, 
      "schema": {
        "fields": [
          {
            "type": "int", 
            "name": "is_geocoded"
          }, 
          {
            "type": "string", 
            "name": "end_actual_type"
          }, 
          {
            "type": "string", 
            "name": "start_actual_isodate"
          }, 
          {
            "type": "string", 
            "name": "start_actual_type"
          }, 
          {
            "type": "string", 
            "name": "recipients"
          }, 
          {
            "type": "string", 
            "name": "donors"
          }, 
          {
            "type": "string", 
            "name": "ad_sector_names"
          }, 
          {
            "type": "string", 
            "name": "transactions_start_year"
          }, 
          {
            "type": "float", 
            "name": "total_disbursements"
          }, 
          {
            "type": "string", 
            "name": "status"
          }, 
          {
            "type": "string", 
            "name": "donors_iso3"
          }, 
          {
            "type": "string", 
            "name": "ad_sector_codes"
          }, 
          {
            "type": "float", 
            "name": "total_commitments"
          }, 
          {
            "type": "string", 
            "name": "recipients_iso3"
          }, 
          {
            "type": "string", 
            "name": "project_id"
          }, 
          {
            "type": "string", 
            "name": "end_actual_isodate"
          }, 
          {
            "type": "string", 
            "name": "transactions_end_year"
          }, 
          {
            "type": "string", 
            "name": "project_title"
          }
        ]
      }
    }, 
    {
      "name": "locations.csv", 
      "path": "data/locations.csv", 
      "bytes": 642493, 
      "schema": {
        "fields": [
          {
            "type": "string", 
            "name": "gazetteer_adm_code"
          }, 
          {
            "type": "string", 
            "name": "location_type_name"
          }, 
          {
            "type": "float", 
            "name": "longitude"
          }, 
          {
            "type": "int", 
            "name": "geoname_id"
          }, 
          {
            "type": "string", 
            "name": "gazetteer_adm_name"
          }, 
          {
            "type": "string", 
            "name": "project_location_id"
          }, 
          {
            "type": "string", 
            "name": "location_class"
          }, 
          {
            "type": "string", 
            "name": "location_type_code"
          }, 
          {
            "type": "float", 
            "name": "latitude"
          }, 
          {
            "type": "string", 
            "name": "project_id"
          }, 
          {
            "type": "string", 
            "name": "geographic_exactness"
          }, 
          {
            "type": "int", 
            "name": "precision_code"
          }, 
          {
            "type": "string", 
            "name": "place_name"
          }
        ]
      }
    }, 
    {
      "name": "transactions.csv", 
      "path": "data/transactions.csv", 
      "bytes": 42190, 
      "schema": {
        "fields": [
          {
            "type": "int", 
            "name": "transaction_year"
          }, 
          {
            "type": "string", 
            "name": "transaction_isodate"
          }, 
          {
            "type": "float", 
            "name": "transaction_value"
          }, 
          {
            "type": "string", 
            "name": "transaction_currency"
          }, 
          {
            "type": "string", 
            "name": "project_id"
          }, 
          {
            "type": "string", 
            "name": "transaction_value_code"
          }, 
          {
            "type": "string", 
            "name": "transaction_id"
          }
        ]
      }
    }, 
    {
      "name": "level_1a.csv", 
      "path": "data/level_1a.csv", 
      "bytes": 1554328, 
      "schema": {
        "fields": [
          {
            "type": "string", 
            "name": "end_actual_type"
          }, 
          {
            "type": "string", 
            "name": "gazetteer_adm_name"
          }, 
          {
            "type": "string", 
            "name": "project_location_id"
          }, 
          {
            "type": "int", 
            "name": "location_class"
          }, 
          {
            "type": "string", 
            "name": "location_type_code"
          }, 
          {
            "type": "string", 
            "name": "ad_sector_codes"
          }, 
          {
            "type": "string", 
            "name": "place_name"
          }, 
          {
            "type": "int", 
            "name": "is_geocoded"
          }, 
          {
            "type": "string", 
            "name": "location_type_name"
          }, 
          {
            "type": "float", 
            "name": "even_split_disbursements"
          }, 
          {
            "type": "float", 
            "name": "latitude"
          }, 
          {
            "type": "string", 
            "name": "project_id"
          }, 
          {
            "type": "string", 
            "name": "geographic_exactness"
          }, 
          {
            "type": "string", 
            "name": "status"
          }, 
          {
            "type": "string", 
            "name": "donors"
          }, 
          {
            "type": "string", 
            "name": "recipients"
          }, 
          {
            "type": "string", 
            "name": "ad_sector_names"
          }, 
          {
            "type": "string", 
            "name": "transactions_end_year"
          }, 
          {
            "type": "string", 
            "name": "start_actual_type"
          }, 
          {
            "type": "float", 
            "name": "even_split_commitments"
          }, 
          {
            "type": "string", 
            "name": "transactions_start_year"
          }, 
          {
            "type": "string", 
            "name": "start_actual_isodate"
          }, 
          {
            "type": "string", 
            "name": "project_title"
          }, 
          {
            "type": "string", 
            "name": "recipients_iso3"
          }, 
          {
            "type": "float", 
            "name": "longitude"
          }, 
          {
            "type": "int", 
            "name": "geoname_id"
          }, 
          {
            "type": "float", 
            "name": "total_disbursements"
          }, 
          {
            "type": "float", 
            "name": "total_commitments"
          }, 
          {
            "type": "string", 
            "name": "gazetteer_adm_code"
          }, 
          {
            "type": "string", 
            "name": "end_actual_isodate"
          }, 
          {
            "type": "int", 
            "name": "precision_code"
          }, 
          {
            "type": "string", 
            "name": "donors_iso3"
          }
        ]
      }
    }
  ], 
  "data_set_preamble": "ColombiaAIMS", 
  "data_type": "GeocodedResearchRelease", 
  "processing_level": "Level1", 
  "source_type": "Recipient System", 
  "source_subtype": "SIAOD", 
  "source_link": "", 
  "date_updated": "02/01/16"
}