"transaction_id","project_id","transaction_isodate","transaction_year","transaction_value_code","transaction_currency","transaction_value"
"kJJdg2Tk5HKa9v9atcgn27","COL1","","2012","C","USD","1460674.0"
"S7WBPzUSZyhGumoJPd8d4d","COL2","","2012","C","USD","199500.0"
"YbbWWrzAhACydB5hhtZ6YU","COL3","","2012","C","USD","100086.0"
"MzXorsdWwtAurekUkq8sKf","COL4","","2012","C","USD","112109.0"
"hdBA2vyKfvoRjpApJQVRpj","COL5","","2010","C","USD","2975000.0"
"Q4jLt9dFi88APjhozx7dYG","COL6","","2012","C","USD","26252.0"
"cEmsojob5owNCvMyScHCeV","COL7","","2012","C","USD","117000.0"
"LDB6oXuptGQBEXinXcvsC8","COL8","","2011","C","USD","49763.5"
"hXHTtcKsDs4cvJ6YVAjegM","COL9","","2012","C","USD","500000.0"
"DgD47CoZqjgbuj8o5wttya","COL10","","2011","C","USD","65000.0"
"DTSvDixrdnXrmp59bMdLLA","COL11","","2010","C","USD","578500.0"
"bV8sfCBHvH2hjUAe5bwttC","COL12","","2011","C","USD","272709.0"
"NGVvFKGnQrLdZN8wQUtUW7","COL13","","2011","C","USD","8320.0"
"8KGSS6bV3AJHQksb5GgWXB","COL14","","2012","C","USD","90811.0"
"Bv3VYvCoKcykixwJpzQKiJ","COL15","","1994","C","USD","6055634.0"
"ydKpZZKGBQeiYAodcoQEDm","COL16","","2010","C","USD","27387555.0"
"vQwC8KnC7mS5sL5S8zzd7F","COL17","","2012","C","USD","250900.0"
"rNDKc9YhuDiEkPwXzXFqD9","COL18","","2011","C","USD","792536.33"
"xzmV9CMEhAdJree6JmoLMo","COL19","","2011","C","USD","6591667.0"
"USn9B5QCD2QLQbHJkusmdG","COL20","","2012","C","USD","1285676.0"
"59NRGqRgq9epXgKRVpVBgJ","COL21","","2012","C","USD","750000.0"
"U7Zagka34J2ocyczLb3GcJ","COL22","","2012","C","USD","70777.78"
"mCEiHM5yrCu73MbNyPFdhH","COL23","","2012","C","USD","3000000.0"
"aRRAPbBE8WDgbWoJVZFZVB","COL24","","2010","C","USD","427887.0"
"MRBLnwTtfH2SzfNRcSagTS","COL25","","2011","C","USD","371912.0"
"PirU4E7cXf3ownaPxgvUP4","COL26","","2012","C","USD","161329.0"
"U9AxNpfwQGb2Q7nX8CksVA","COL27","","2011","C","USD","200892.0"
"c8SxsVh5DZv9RZ4kBxXCyf","COL28","","2011","C","USD","260000.0"
"UBcrp86kMoKwHiifjRyfcc","COL29","","2011","C","USD","260000.0"
"2SjqZZHXXa9rfVVKaZgPkT","COL30","","2012","C","USD","169000.0"
"vKa2doB4CF449HaVpPDbT3","COL31","","2011","C","USD","455000.0"
"3FCdzxEwq8XwvGdygCJXAC","COL32","","2013","C","USD","234000.0"
"DS2pGcH8T62qxL4QQJJrgR","COL33","","2011","C","USD","111830.0"
"BYPAvJ8MtYYm4AvLkJ3WKc","COL34","","2012","C","USD","112275.0"
"Xc5CrT78NEzYhepkEiwQDN","COL35","","2005","C","USD","2471395.0"
"YVzRmuwUSKh2hoYdm6rmA5","COL36","","2010","C","USD","1688021.0"
"HxVLj6mHhEmRCZkyBUrQHX","COL37","","2011","C","USD","650000.0"
"Me9tKpDqXhPz9ruALFGzi6","COL38","","2011","C","USD","3000000.0"
"dBJwpbyaQgVMt5qNR5M4kc","COL39","","2010","C","USD","2117549.0"
"YkxErRt5AcYsfMyGxgfVNA","COL40","","2012","C","USD","917685.0"
"VroQkHQnxpYGTPUBwBz5hH","COL41","","2011","C","USD","161857.14"
"7F3XTYHimwc4SkJF5QhfwL","COL42","","2011","C","USD","1112755.0"
"YYiXejfpKgrnkFhjDidUPL","COL43","","2012","C","USD","2362793.0"
"2MAnY2gnQYPbrxi8xXWHSA","COL44","","2011","C","USD","1666666.67"
"m5B6kdRmniraZFNHb7BEZo","COL45","","2011","C","USD","260000.0"
"gYL4yE4gJsLForqMx9PhKA","COL46","","2012","C","USD","209300.0"
"9nzaXhVdsXK7aFiKgRFYik","COL47","","2011","C","USD","109044.0"
"XoADsXRXznsKdUhfV3LadL","COL48","","2011","C","USD","797860.67"
"zqowCgXxJYdQKN4tbaciVZ","COL49","","2011","C","USD","688160.0"
"vVE8Ry3vjChQZTUicvKnoj","COL50","","2012","C","USD","11180000.0"
"djum4CkqWbCuHrqQfJ3NjF","COL51","","2010","C","USD","450022.0"
"cPX4cYWC3vCc6BkseqRGph","COL52","","2011","C","USD","325000.0"
"2NJdQVeHpC392vcM82RSJM","COL53","","2013","C","USD","214704.0"
"krYVcJnRV5gJBpEVmuVZXj","COL54","","2011","C","USD","4025440.0"
"HwhFrrPvd2SVZACPEJVoAK","COL55","","2011","C","USD","1433333.33"
"MG5YE4xkD9zwMoaT3uw7Dj","COL56","","2011","C","USD","186000.0"
"Cn4d7aHd3kYtm2nqnMNQVa","COL57","","2012","C","USD","2515900.0"
"cu4LqJwwYxGXRdL85fgYo3","COL58","","2010","C","USD","369851.0"
"RjUgzjWeHHaDu73ufNatHi","COL59","","2012","C","USD","26000.0"
"tsjaDy9To7mW9vdoohmCW8","COL60","","2010","C","USD","129612.8"
"ydHsZrq84Ggqi3J7n5Uxak","COL61","","2012","C","USD","67210.0"
"vyU5Q6Ch5UJeaEVbU5gvFk","COL62","","2012","C","USD","25750.0"
"NvdtZnquxmRCnfaRfhXN26","COL63","","2010","C","USD","947774.0"
"XEpszQzmpyiBHENQDdWtLZ","COL64","","2010","C","USD","1050000.0"
"kQXZ4oGTBeSywwxUEGJQg6","COL65","","2011","C","USD","8600000.0"
"5q7G6hwbckFRKFvhKVkzsb","COL66","","2013","C","USD","7500000.0"
"zgbFUyFcmwbzJuYAWtQ4dc","COL67","","2011","C","USD","7800000.0"
"Y2srevRk9HqxyBXPQkB3nn","COL68","","2013","C","USD","10660000.0"
"wBEgkjsfoVyFWeNoi8QRy6","COL69","","2011","C","USD","11245.0"
"7gENLUwF9YLVP9FyDGsdNA","COL70","","2012","C","USD","161200.0"
"KFmHbXsh5VbK9FtWJs6WVH","COL71","","2011","C","USD","67305.5"
"FTkTzMKTe6LnkXuzU9oYjQ","COL72","","2012","C","USD","289570.4"
"qh39P9n6LE5y2beXoZ4QHW","COL73","","2011","C","USD","17914050.0"
"8hzt2Z9Ke7YXMy9Jp8v72n","COL74","","2011","C","USD","19158996.83"
"WdayA4EfXJG8qArKC9rqjE","COL75","","2010","C","USD","29856750.0"
"6BvgLgjQuumMnVdJts8q3Q","COL76","","2006","C","USD","5897308.81"
"KvhEbWmemVEE645tEDriBZ","COL77","","2012","C","USD","6250000.0"
"xufoan5zK6ZLd6a7DZvAGA","COL78","","2009","C","USD","866666.67"
"c9BF87dFuzxKZKMwiGVCG5","COL79","","2011","C","USD","390000.0"
"CPivTD4zFhW5VLmSNEJ735","COL80","","2011","C","USD","118807.0"
"Hn8k9MBf6FazTinNHoKsJP","COL81","","2013","C","USD","124855.0"
"2oGZq2uioFXmK9RtSgisbj","COL82","","2010","C","USD","264187.86"
"8dx7CMkcMhMHVQ2r2Y2mfJ","COL83","","2009","C","USD","5753425.0"
"F6Jx6QTWjDxoGJs5MBYdvb","COL84","","2010","C","USD","8765240.0"
"r4nZ9Hufw8JTA9Uph5MX6n","COL85","","2011","C","USD","774894.0"
"BomKMA4HsSLwf8gDRLR9z8","COL86","","2011","C","USD","1157784.0"
"VBGjASmWovusujmaH8LVc3","COL87","","2011","C","USD","296283.0"
"GnGnKZz7BNrLKnhR4DugM8","COL88","","2012","C","USD","992022.2"
"FR7jJKhBf4d2RK85QAQa8J","COL89","","2012","C","USD","1326000.0"
"ien8hDqtgk2dni2sZpx4Y5","COL90","","2009","C","USD","33800000.0"
"4tMYFa5ULbJda527GQM9Tj","COL91","","2011","C","USD","1977222.0"
"zLLrRAnFeojDARydPwv3oU","COL92","","2010","C","USD","75219.25"
"NHRCmamz8aMoim45xQHheG","COL93","","2011","C","USD","7904000.0"
"hsqMKjKeXq7Zcvnr3JqDH5","COL94","","2010","C","USD","10920000.0"
"3nYtgouVwn8x4QvuNhGx5e","COL95","","2012","C","USD","437000.0"
"2CaKJFMSpHqCNGoG6HZ9hh","COL96","","2013","C","USD","754785.0"
"RU3ZUsjs4SJt9j9PA9SFAQ","COL97","","2011","C","USD","8355886.25"
"VcRnRBScfqxAPRKgGb63fE","COL98","","2012","C","USD","112155.0"
"KLkBy4Wgrp4WaEAuVxq3DD","COL99","","2013","C","USD","155507.0"
"ctteNJEvt9sAWCBoAkzxrR","COL100","","2010","C","USD","3798254.0"
"mQZubV9xvVMzFEjFs388UD","COL101","","2012","C","USD","496666.67"
"TuaDoxBd7tmQ2AdpzKGFcg","COL102","","2010","C","USD","430676.0"
"VzVTcVpSuFi8iS3ZWDaEci","COL103","","2010","C","USD","430676.0"
"SW7k4kpBrut6w8EuEJdb","COL104","","2012","C","USD","650000.0"
"S5ScKnWokRL9fFUEGDJWD6","COL105","","2012","C","USD","8795670.0"
"3hJpPVfdNiiWYeyxXLtA8A","COL106","","2010","C","USD","6225504.0"
"8ZYQrQjGd9m3XWLzv3hsYL","COL107","","2012","C","USD","38667.0"
"PAUCigGswf4ZV6KsSQfPB","COL108","","2011","C","USD","506044.0"
"HjzXipQsvBopoxnJ8ydNMQ","COL109","","2011","C","USD","7036536.0"
"DwMaNSYmH8pPbC6zEait9D","COL110","","2011","C","USD","3185053.0"
"xxxr4zG6ZTEUBPA6MpSkZe","COL111","","2011","C","USD","1957037.0"
"SNar6sTMUnbdtQWDN92DsX","COL112","","2012","C","USD","65000.0"
"HtkcVMVCYDd2pf34uRoJec","COL113","","2012","C","USD","17945535.0"
"oDbjpfaTQ6YsqHHyeDuXtK","COL114","","2011","C","USD","4093333.33"
"ezEHXZ4kufZFYxHR2Tay3R","COL115","","2013","C","USD","3163920.0"
"DqvZyc8dCAiDNE9y7PzeNT","COL116","","2011","C","USD","399940.67"
"ZNTTMHpwTwiW9bnC7efvjS","COL117","","2010","C","USD","1000000.0"
"sL8QTosf9jj6RNbKqPAB99","COL118","","2012","C","USD","130000.0"
"eR2Ar39CFBUxdj5wSSWRTn","COL119","","2011","C","USD","130000.0"
"7GztTBCEzXkQPh7qWGJ9hN","COL120","","2011","C","USD","65000.0"
"x7fjaKvSNKZbQsEVKXQwWD","COL121","","2012","C","USD","260000.0"
"UrgY2qqRHvLmhSJGwSK4kH","COL122","","2012","C","USD","112321.0"
"KN8eC9e3QySJ8XREK9PRr9","COL123","","2012","C","USD","195000.0"
"XQfsWMzm9xV83kVNaAag8F","COL124","","2012","C","USD","137573.0"
"Q9YFqE2YnSRKKAD4jFxAnB","COL125","","2012","C","USD","22113.0"
"DQm2ahvShehvmNsYqWHToF","COL126","","2012","C","USD","195000.0"
"GCQApyTYZPFXCv6TMTqDBX","COL127","","2012","C","USD","95550.0"
"HU4dGwVQV6CwsQsdGhH7vS","COL128","","2012","C","USD","195000.0"
"DHntt7anZ48a5834bTnSNf","COL129","","2012","C","USD","155507.0"
"g9SMNeLFpLhhnq3L6Xt5rg","COL130","","2012","C","USD","84500.0"
"R8nH634ZX6wPmW2gUAxEse","COL131","","2012","C","USD","65000.0"
"4Cxj8HrFLhBMoRbnCAhXfb","COL132","","2012","C","USD","291638.33"
"7AeTymqgdEo5PtqtyaURC5","COL133","","2012","C","USD","77125.0"
"xTo9KqMon4y8RL4eB6ikZ8","COL134","","2012","C","USD","33665.17"
"LXEbNtiyqdJKWDPATwJ5n9","COL135","","2011","C","USD","501244.0"
"x4vXZA5Wrk9Y5XSQBkkgGG","COL136","","2011","C","USD","209729.0"
"oB73zYNE85NKBhyojdPjCR","COL137","","2011","C","USD","84500.0"
"3mirhuGt8rtYq76k5NNxD3","COL138","","2012","C","USD","390000.0"
"JPm73cuTunfk3B7yFVTRBX","COL139","","2012","C","USD","390000.0"
"UzJdAqqqbMV29FK3qP3SkK","COL140","","2010","C","USD","325654.0"
"4qPCiPCxoNnchYyTiNXrU7","COL141","","2012","C","USD","113812.0"
"5cR4Tuo6Vzjy6qLxkizmCR","COL142","","2012","C","USD","195000.0"
"JoxEcoXB5Fpp9mk6k8yqma","COL143","","2009","C","USD","467872.0"
"rBjE6SGbzr4rEghuXKYunc","COL144","","2012","C","USD","101046.0"
"HderxbGyB6Sq6riQMyynVY","COL145","","2011","C","USD","104967.0"
"xEhEimPXmPAGfEKdfzXXq5","COL146","","2012","C","USD","112317.0"
"ajpvnk8KYiYd9mEHYKdMGX","COL147","","2012","C","USD","89095.0"
"BnNQkBxCxkxvAatKyf8zS5","COL148","","2012","C","USD","89408.0"
"Yex8U43n7Bqrcu6PRAmTtC","COL149","","2010","C","USD","2600000.0"
"67PLFv3mYrcZBMMxKcvLv3","COL150","","2007","C","USD","6138889.0"
"ZJTwWRP6pK9mLaABgms39U","COL151","","2012","C","USD","102101.0"
"vPxhDQQbD3zSypGdZYysBW","COL152","","2004","C","USD","14427400.0"
"tBAnKLkkHESuQVhXCSxAY8","COL153","","2012","C","USD","89679.0"
"HjxWxGfYYhrFV6RA9ATLbC","COL154","","2010","C","USD","142754.0"
"sWgkt8GCGCZKfiRhT7JAfg","COL155","","2011","C","USD","177481.0"
"tunkHYHrTd3bwcHFCuSsM","COL156","","2011","C","USD","650000.0"
"zL5zxogumdiydP4Xbrgg2n","COL157","","2012","C","USD","650000.0"
"hM6W2xsPsNjcr2GfSXQvpU","COL158","","2011","C","USD","258648.0"
"jTemgj5ZLHB6GzYVx6ipnM","COL159","","2012","C","USD","83841.0"
"3EpZwERL2LJWDEDRuiwRN","COL160","","2012","C","USD","129809.0"
"wQYPJDZqa3KqytnQ3XVEVP","COL161","","2012","C","USD","52000.0"
"yqzehpUqCrUeCmR7WRRAPm","COL162","","2012","C","USD","160546.0"
"pzQADbB8xzFxCjquB5h6jA","COL163","","2012","C","USD","104000.0"
"GcmEJx8grm7LegnUomEui4","COL164","","2013","C","USD","128564.0"
"mvnk5aUnnP36F56WEabGx","COL165","","2012","C","USD","351000.0"
"M2Sq5b3Au5DrEGDTrdHUiW","COL166","","2011","C","USD","845000.0"
"EvF7SjwtSV6pKBBmJE698H","COL167","","2013","C","USD","227500.0"
"5f5XWxoAsNfWN7oXkrjKQ9","COL168","","2011","C","USD","79963.17"
"TzbrSZgQxdWfVJYDM4nZwi","COL169","","2009","C","USD","1545454.55"
"aXyYdtW6r65J8t6eS3QEsL","COL170","","2010","C","USD","10000000.0"
"UxxV6rtan3JNsK2w3jAzDP","COL171","","2010","C","USD","733480.0"
"viec2LAsf9t3KBss8g2fwT","COL172","","2008","C","USD","19572000.0"
"gjH7fkjboLug8uGwgG9uVd","COL173","","2012","C","USD","566666.67"
"zjsXBMQLvDxVHeBjb5CkQe","COL174","","2011","C","USD","195000.0"
"zmYNLDxuaXYPLmggFtLZr","COL175","","2012","C","USD","195000.0"
"MVUcQifSBXV6UqKgpfjeVJ","COL176","","2012","C","USD","45500.0"
"wNpYZRE9VecXASwKnZiQhT","COL177","","2012","C","USD","104000.0"
"ZSnbJpuiVYdzbVBBRdtDPn","COL178","","2012","C","USD","102833.0"
"AcNWDJjwD5vMsiNx9CbXah","COL179","","2012","C","USD","110425.0"
"xtEYFRSYmtqkZmwxa8cEKa","COL180","","2011","C","USD","1719292.4"
"NSvWmCACDBdENXjnZbWMDF","COL181","","2012","C","USD","501760.0"
"4grXWXvr539z4nzjg9Mn4M","COL182","","2013","C","USD","130000.0"
"ubhYaAS2ajHNxRt3nyFKG5","COL183","","2013","C","USD","129870.0"
"2rNYSa6nkQPneaHmBybd7N","COL184","","2012","C","USD","4500000.0"
"C3SHCDX3ux9DLqZteNmiCC","COL185","","2012","C","USD","246470.0"
"43tHibrTgASXxL6zBZ8cUa","COL186","","2012","C","USD","432911.33"
"4xwyvdeUrkomSQTP3HqTm","COL187","","2009","C","USD","175500.0"
"ndNgv8qwEFkkBYVEF4n6zd","COL188","","2012","C","USD","56044.5"
"DdFX5ijFAp2vxohvVBhUR4","COL189","","2010","C","USD","168840.0"
"B7YivLuHVzAAftsr9WfyDB","COL190","","2011","C","USD","277342.5"
"FvcBBJLtduSQCfE5EB4s2B","COL191","","2013","C","USD","500000.0"
"G3MLgAysez3baj92DTpLRZ","COL192","","2009","C","USD","45000.0"
"dZ94CenyHTagR53H26r9qF","COL193","","2009","C","USD","7499883.0"
"uuU5ATgHsWEvh7ousWoMmc","COL194","","2010","C","USD","309985.0"
"d9uKjpYGT7k5bJeP7L62RZ","COL195","","2011","C","USD","650000.0"
"T5z8Hyi5G5GvzioGeaMmFR","COL196","","2010","C","USD","1233700.0"
"hieZRaPoAzhHStZncKgagc","COL197","","2007","C","USD","895584.75"
"f8xMeNuFVK5ErP6prxpGMe","COL198","","2011","C","USD","3979318.57"
"jr9uixB75m7TZR7bKSAVXW","COL199","","2009","C","USD","11600000.0"
"FmJrzoRaw847GcVQvCT6sY","COL200","","2012","C","USD","250000.0"
"MC94ACmGVz2ZrhbDX6LXSk","COL201","","2012","C","USD","369200.0"
"AWLeWahNJqJhxCx5ZnRQD3","COL202","","2010","C","USD","1584375.0"
"TWdj4vfxs2HUYXFqStb4em","COL203","","2012","C","USD","841162.0"
"BoaPZZk5qiHicbJJtqnko","COL204","","2010","C","USD","1155834.0"
"3Kreu9gcmxt9SG8MaH7ghe","COL205","","2011","C","USD","233793.0"
"vH8HyJ9KueMQZzBYZhen78","COL206","","2011","C","USD","5105640.0"
"EbzMiiEmg7HqMQXx3TDn63","COL207","","2011","C","USD","2730000.0"
"iqmtoXczCKXH8sNMgQKo6c","COL208","","2011","C","USD","55699.83"
"5LLSFeDPtL7M5bfsDNx4JE","COL209","","2011","C","USD","910000.0"
"7SJzkBksw3YxKFkt7Ni3eP","COL210","","2012","C","USD","325000.0"
"j9svE69YqUZRPp8E3SfUT9","COL211","","2010","C","USD","237900.0"
"woAwz7zzwG2CydaRvL77s5","COL212","","2012","C","USD","325000.0"
"WBrfaz9RVSTRmmx4Er3NCG","COL213","","2010","C","USD","5414250.0"
"e8hxyw4DVYUMSHZ2xRDGTC","COL214","","2010","C","USD","182500.0"
"XfT5hZqdYqFuCWEZfqiL3","COL215","","2011","C","USD","4663722.5"
"ZJXdNuLjeHmQ9hnLkHhimS","COL216","","2011","C","USD","1170000.0"
"AwMzQFwetJPCcsJ5W5NCke","COL217","","2012","C","USD","78000.0"
"HcuAcrEuYJCsCa6fkpeD8C","COL218","","2011","C","USD","60000.0"
"ZA3ikzitY6jTjaEykWKY5G","COL219","","2012","C","USD","650000.0"
"RoLXzx6Qs4KFQXw3T9DBEC","COL220","","2011","C","USD","260000.0"
"JmdubZSHQxmh9JzkdSKLB","COL221","","2012","C","USD","1500000.0"
"nLVqpgQLb9xwE6MMR5HEMh","COL222","","2012","C","USD","108030.0"
"ZLLQZsN7KsB7eRnFFv6nAb","COL223","","2010","C","USD","3292903.0"
"fLu9Am5DaD9usFjaVvnfNA","COL224","","2011","C","USD","4500000.0"
"wmPjoddiEsGLdBEwEuAh3H","COL225","","2009","C","USD","568750.0"
"c6WLfGxucQjXvLJES9YwcQ","COL226","","2012","C","USD","130367.0"
"RXUfBsyeFVrvJBTAMg44G7","COL227","","2012","C","USD","29874.0"
"ye2yJKKQtCfosaem7qHJKK","COL228","","2010","C","USD","19175012.0"
"8465FNqXw6dim6YHLQtTTU","COL229","","2012","C","USD","273000.0"
"8iYCFrnJjhCmbESeK85GZT","COL230","","2011","C","USD","1300000.0"
"pUiimotMgUunSA2oGEYio8","COL231","","2011","C","USD","520000.0"
"wJ8cinZCura9maRro96JKe","COL232","","2012","C","USD","2048280.0"
"NcrmxdHeowxX8q8fppqrDo","COL233","","2011","C","USD","139412.75"
"Cukpmypi5eA2jsBKs2xdmF","COL234","","2011","C","USD","3900000.0"
"XpA8VCFBSM4VYaCX6DGqQK","COL235","","2010","C","USD","291519.25"
"UmsbHKfHZnJiEU5XGdcXVW","COL236","","2011","C","USD","299000.0"
"7k5YuR4X7p2qh2fWKLnXtM","COL237","","2011","C","USD","226552.0"
"zsm2LTheQMotmgKGiU2MGe","COL238","","2011","C","USD","650000.0"
"SAcNM4ib4euSzQM7AdTCUj","COL239","","2012","C","USD","650000.0"
"dvqjZ5J2R75PdyLdX2qRJe","COL240","","2013","C","USD","312000.0"
"NXHR9eUFJNfEGygfqGdTw9","COL241","","2012","C","USD","421794.0"
"7DyEMkDzNPsNdvzVDjW9k9","COL242","","2010","C","USD","139905.0"
"hrKhYUaCcZwVHJLCLgHvmB","COL243","","2012","C","USD","325000.0"
"PTsPG24ZcBZCXcmc3ccPpd","COL244","","2012","C","USD","2113580.0"
"z7zkB6QpUZd22msbX4GtSM","COL245","","2012","C","USD","285600.6"
"agQQbLKCa6TLiLP4qUxqS9","COL246","","2008","C","USD","2446500.0"
"uaQEXg3FE264HMCt8bLbSh","COL247","","2011","C","USD","4200000.0"
"rKGtXs6XRrW7a5PKrBWQYJ","COL248","","2011","C","USD","97500.0"
"XiEcpWAZo4epGEyGfXfsA9","COL249","","2011","C","USD","130000.0"
"mZudpQA9JGK5wby6A8WLM8","COL250","","2011","C","USD","650000.0"
"WWnpp2BLtJ8xitKLH4RCyC","COL251","","2012","C","USD","650000.0"
"M4y7W6BLoL8DzTFXeubsT8","COL252","","2012","C","USD","195000.0"
"8LfheEPE2fPiw6YY7QG7gH","COL253","","2012","C","USD","128564.0"
"Am3ZKQvqSTaYK2ATXpCbz4","COL254","","2013","C","USD","113374.0"
"ZNa3h5kVWPjVysWTQuPyTS","COL255","","2009","C","USD","1792492.0"
"HuqnjV8viZd4GBrvEQU9XN","COL256","","2012","C","USD","137553.0"
"G4ZJ8jnsotFhXRQJ43SdwJ","COL257","","2012","C","USD","520000.0"
"XhSDVMdFuUrdjucmrEuqmP","COL258","","2012","C","USD","190639.0"
"CbjKSeEo5mUNSutsu4Abj7","COL259","","2012","C","USD","260000.0"
"y2PsJmQMPHAwuUBgRrBkzD","COL260","","2012","C","USD","383500.0"
"nUHeBEoMoVKjikX98E7AY7","COL261","","2012","C","USD","325000.0"
"msQgRjENEVds3TLGnd7nzS","COL262","","2011","C","USD","338160.0"
"3sj9QYhS5dX7Mi4Qj9hNzH","COL263","","2013","C","USD","1263709.0"
"U9MqewGe4q23WTBGptCjba","COL264","","2013","C","USD","900900.0"
"nYP8ZbtN6bqUL2RJdJ9vYV","COL265","","2013","C","USD","643500.0"
"vpiSkHRE2hwMtJLpDmKmCG","COL266","","2010","C","USD","112666.67"
"RkeM2RWyFfeg8iojpvRHYJ","COL267","","2013","C","USD","78000.0"
"RBkXZ7La4rHmqkcBg7NYXa","COL268","","2012","C","USD","475426.0"
"pcd42NFgBEKBoxXtkCzMNY","COL269","","2010","C","USD","71500.0"
"4dEGmf4JRUsy7tJYwiFGXY","COL270","","2010","C","USD","6750000.0"
"nVe38VW3mVRzKrxj4MnHMb","COL271","","2011","C","USD","8000000.0"
"ks2nusNMGzxfioZ2obZNYE","COL272","","2012","C","USD","189503.0"
"cWQTzhfuPwUJdfQjp2uyN4","COL273","","2011","C","USD","2388595.22"
"qny8VUMeTAMVCSARDpAm2A","COL274","","2012","C","USD","1450000.0"
"K7FNmJJmWLZD9RKuHNGzaf","COL275","","2010","C","USD","812163.0"
"z5pnu3Dcp4pLsDqDoCtviW","COL276","","2013","C","USD","171379.0"
"Fx4VDvpeSnXfVS9bDZk5Kg","COL277","","2010","C","USD","193310.0"
"C8Aqd7Kaqbt8eioPEPhpMK","COL278","","2012","C","USD","455000.0"
"oVc3MBUuUbU343j75NZrQf","COL279","","2012","C","USD","650000.0"
"k7EdLt4v3WfQmKi9vWU3zX","COL280","","2013","C","USD","550000.0"
"YLCM5X8jhoTcPAvTHPVkdn","COL281","","2013","C","USD","325000.0"
"vViuzGu3P2WucGMCabQzNN","COL282","","2009","C","USD","1699971.0"
"HYRMpw9ut3fAeEF6pCVTFd","COL283","","2010","C","USD","2171520.0"
"R5q5kqLm7gMgvAfK7Lj9bJ","COL284","","2012","C","USD","328864.0"
"jCGbE5pKqAM9D8wZHN3NSJ","COL285","","2012","C","USD","506303.0"
"W9QeWgc6zQFHBC8VYNVf49","COL286","","2012","C","USD","89561.0"
"jSwDvepkLMebz7zqbLW9YR","COL287","","2013","C","USD","45000.0"
"FbqHJvbKJWrpTrayvnFQ34","COL288","","2012","C","USD","149365.5"
"QZtkqVhJHZyVKDbb7ZboV4","COL289","","2012","C","USD","214500.0"
"PvkxSomvRksTyWU2oem4xa","COL290","","2012","C","USD","357500.0"
"NdqoQbABiyDw5XAaqUBHvQ","COL291","","2012","C","USD","390000.0"
"KQGBemsSUVPqU2p8GU9bPj","COL292","","2013","C","USD","463944.0"
"9KLSuiRyJCVTnXNhkn3Hyd","COL293","","2013","C","USD","3277561.0"
"cqReru8akakwn5nwHJtVSM","COL294","","2012","C","USD","208000.0"
"epN9HSZiYg6SGXh7DfchbB","COL295","","2012","C","USD","197600.0"
"X4gdMziCsDi4wSfYwYoKLF","COL296","","2012","C","USD","184600.0"
"94QM8HvjB2rD9UyUFiDg2R","COL297","","2012","C","USD","123066.67"
"ymT3ridoBypYmYtUZJJZv7","COL298","","2013","C","USD","698100.0"
"CrUQBNbwx64WLsphjZyK8Q","COL299","","2013","C","USD","480954.0"
"tiuZHPQFhWTvUxnoYXvWUi","COL300","","2012","C","USD","370500.0"
"ZK8fZV9ArnFnjPvAYhLUYA","COL301","","2012","C","USD","429332.0"
"RdYsYoSQXvxyzfyPPL9jLA","COL302","","2013","C","USD","359450.0"
"JDtETo93e9cpJMXS9YDACM","COL303","","2013","C","USD","8657175.5"
"oGswp86ovFFNfgVPfyPdob","COL304","","2013","C","USD","592000.0"
"hs3nRyaCqosyimox2ziWHP","COL305","","2008","C","USD","100000.0"
"5GVoeCkk3JCQAtwLuZbrNQ","COL306","","2012","C","USD","260000.0"
"9BqCGB7btqgUFNamvsNXe7","COL307","","2012","C","USD","1629225.0"
"3ZQH3t7FcGNfoBoA9c7noW","COL308","","2013","C","USD","4550000.0"
"VUPvJjKik4pqg9yoML8uBU","COL309","","2013","C","USD","390000.0"
"n99qLYD8cNMk93HDbCywwV","COL310","","2013","C","USD","116999.5"
"YVKUF6uuviBNX6CbYMiTCg","COL311","","2012","C","USD","64740.0"
"2huGr69MDYzPXj2FVQwgV8","COL312","","2012","C","USD","617500.0"
"gCNiuc7veE2jEox5tsu9iF","COL313","","2011","C","USD","869700.0"
"9ihqoEpijcpwfNz3PymhjR","COL314","","2013","C","USD","668806.0"
"Gkvh7v6amQoXpHgMrXwwTH","COL315","","2012","C","USD","4000000.0"
"3mWgg3jD6vWqiN9wXwUzJD","COL316","","2013","C","USD","255449.0"
"ZCcvhUUVFqybfpxaiXad7N","COL317","","2012","C","USD","93194.5"
"ufUVsDHjQikzgbtQZn4nKR","COL318","","2012","C","USD","1500000.0"
"itZApgKLBpFdx6Qw6PWnNH","COL319","","2012","C","USD","46259.57"
"wywvc2N4Z52ntqksqPwsYD","COL320","","2012","C","USD","4012841.0"
"qSeCJs4vLKYMQwzNNGiocm","COL321","","2013","C","USD","196490.0"
"2U92xUYrS9rhtdzVXTNHYm","COL322","","2012","C","USD","576846.0"
"H87R3aNaKCAhubdnNAWtDm","COL323","","2013","C","USD","118868.0"
"bmAccFEgQmmBmwzrxUUBo","COL324","","2013","C","USD","139940.0"
"vAtJAZ4GbA5e2kwSkuifZZ","COL325","","2012","C","USD","2675227.0"
"jkVakqsUtd668U3nzAdmBo","COL326","","2012","C","USD","332500.0"
"SBvaLDymybcMnsEmAcdV6e","COL327","","2013","C","USD","279289.0"
"L6Mh2uQxtySuyxYwQ5w5qX","COL328","","2012","C","USD","30000.0"
"c5DjVmj6sLWznngSo7vTgQ","COL329","","2012","C","USD","176680.0"
"9uPtAJHU5e4LXKpjJHBqcK","COL330","","2012","C","USD","260635.0"
"hWtYBZbyGWQtjrSSDnnwcK","COL331","","2012","C","USD","4012841.0"
"7qwgxvfY9cdJ8uk8rsEmuB","COL332","","2012","C","USD","142632.0"
"yug3taMvvPbtMaRrLYoDdh","COL333","","2013","C","USD","300000.0"
"iC8aW75upb4qw5EMBHyyXb","COL334","","2012","C","USD","66145.0"
"WmhJp9JVUHxBfcPSqbgFy5","COL335","","2010","C","USD","770000.0"
"SjnzcD2BtqNeECQ5LqxHsP","COL336","","2008","C","USD","150000.0"
"PK3oVb5eXfHNJdN7yKRbCY","COL337","","2012","C","USD","200000.0"
"ya49VKXdZuiYoNcHX9aECn","COL338","","2012","C","USD","281008.0"
"ioJhfBTrXNaFgChA8zzx5K","COL339","","2013","C","USD","600000.0"
"LQc8SyxqMD4Q2oHLXb3jJb","COL340","","2012","C","USD","394175.0"
"zc3zwrEBSmzwjnpm2VuYP8","COL341","","2010","C","USD","289104.17"
"a2EpraGHGEraFgNd7wXcGQ","COL342","","2008","C","USD","1870000.0"
"gJqDF8sBhESkT8ktmX4xr5","COL343","","2008","C","USD","970000.0"
"toFTuQWFXFZFmtULsX2aGP","COL344","","2009","C","USD","150000.0"
"CbEtAqgxyM9tQvjJgiqqYi","COL345","","2010","C","USD","1383482.0"
"iTuxL6DAQZvd6nCBEdV3y7","COL346","","2010","C","USD","150000.0"
"SFmQ4NdZ3jzGqxDJDDom2E","COL347","","2010","C","USD","3000000.0"
"zg9EjQuj6SixBje3Q9YjKY","COL348","","2012","C","USD","30000.0"
"eNL5akBJaq2KjXXBKQ6g6Q","COL349","","2012","C","USD","300000.0"
"qRo3iNtawB8yaipgpVCVRi","COL350","","2012","C","USD","2000000.0"
"9gBcyvkZrK63FabRLAEAj","COL351","","2010","C","USD","129700.0"
"MVfPBQQfTdKGzsQ7xPguLT","COL352","","2012","C","USD","150000.0"
"63kbPh4UsokFLYakQWjWiD","COL353","","2011","C","USD","304633.0"
"gAEgv9SR3srLHwRApoQ8Hj","COL354","","2012","C","USD","31667.0"
"5X9DuTRiZGJNBiR2LsYFyF","COL355","","2007","C","USD","955200.0"
"6aztEpPLxNrbRBDovEauoQ","COL356","","2008","C","USD","1420276.0"
"AYyYFayvZDhapG6Us89ppG","COL357","","2012","C","USD","450000.0"
"BZ9jtzkTp7F6uRLppF9W27","COL358","","2009","C","USD","175433.0"
"RQmch5FRavYrc2op4A3sCA","COL359","","2012","C","USD","197250.0"
"ChQZoAFdxKaeXFEbtNC5CM","COL360","","2013","C","USD","360000.0"
"iFcFTXF6Y4sq5xshY9G8Xj","COL361","","2012","C","USD","377679.0"
"tg2FJ42wqbJdCkoe7ta5aH","COL362","","2011","C","USD","166574.0"
"BdXcuNf446wpFNBp6yhzK","COL363","","2010","C","USD","698225.0"
"m83wRypn4mu7NjDQUtWYD4","COL364","","2012","C","USD","187117.5"
"oiEgJvBMahWRXKgWHGBL7g","COL365","","2010","C","USD","198500.0"
"J6wqHhcN6Wk9ZB4MQZ8bMf","COL366","","2013","C","USD","1000000.0"
"h9zqzVaCTjDyMoRPyBNTSi","COL367","","2009","C","USD","50000.0"
"W9jvYewVR3nyDuhczcWbxR","COL368","","2009","C","USD","276543.0"
"mtJa8shEDGa2VBea6JWWE4","COL369","","2012","C","USD","401967.0"
"BgFBhqX9ZCHEwhGmjbk2B7","COL370","","2013","C","USD","38551.17"
"GE9iWUJKQetGVS24MdD4eg","COL371","","2011","C","USD","281040.0"
"tMuvEBD7d2sbTwnpbXGKvC","COL372","","2008","C","USD","217759.0"
"2ufsqsgvQDsGv6cVsAHKjn","COL373","","2012","C","USD","500000.0"
"Nq9Wvfd8HXMUcaBEzMvEKB","COL374","","2012","C","USD","523894.0"
"kyBvy5ep2iyvK7huGqoB3M","COL375","","2011","C","USD","1000000.0"
"oWRdXGJHruF4RFJRrXwwDU","COL376","","2012","C","USD","297807.0"
"pmkDn4zzMHG6pmaET7jdze","COL377","","2011","C","USD","166500.0"
"eRJHoRkCwV7QAUJdwuZtYi","COL378","","2010","C","USD","470000.0"
"VoX9uSirj65Nm3kPaysp8T","COL379","","2011","C","USD","43333.25"
"X3Fgu4HQfQwGy2DK4xSH97","COL380","","2012","C","USD","56753.0"
"NcmjmyAmfUQqrZtTiJyasU","COL381","","2012","C","USD","205555.0"
"y6Z53NjMVeu9hnEZLbCpd","COL382","","2012","C","USD","211803.0"
"i8Fu2Jt9n6JFhrAay7qp3a","COL383","","2012","C","USD","25000.0"
"Vhg7RVATKCdD57YwcYbEVX","COL384","","2011","C","USD","1900000.0"
"m5eEgJVmf3PwPJGiWLsR8n","COL385","","2011","C","USD","112735.0"
"m4SUNM5cb55wiKpM9wuxL8","COL386","","2011","C","USD","2000000.0"
"qxNgTiASoXNgEFScCTjggi","COL387","","2012","C","USD","343904.0"
"ZKHjQQHFg7gLzzqQwA6e9d","COL388","","2012","C","USD","96000.0"
"8yFPoL5RVqCVMsuf93amvH","COL389","","2009","C","USD","519545.45"
"RSbqUcUU5n8rHusFPoC74T","COL390","","2013","C","USD","15127.0"
"3NMk9WYp39TqxgZW2JofjY","COL391","","2010","C","USD","4770000.0"
"rTodew2Sae5zEj8jTJijQX","COL392","","2012","C","USD","93000.0"
"dU4xAAmzKP9bBzuZCKej65","COL393","","2010","C","USD","7225532.83"
"ygv7hnrpWru5kb97biq8WN","COL394","","2010","C","USD","2060164.75"
"zd87G9JMrqZzh6QAHHtF4k","COL395","","2012","C","USD","3091864.5"
"67RAvGMq3dupCVBEocuiKd","COL396","","2010","C","USD","1171942.0"
"5B3kfKnxTpXfNciMavjPji","COL397","","2012","C","USD","430197.0"
"B2z8ampMW5VubyP6nX8mvA","COL398","","2012","C","USD","368610.0"
"tbG9SMBQrFvVweRMhRh4uG","COL399","","2012","C","USD","78880.0"
"LNdaM36hyHSyGEJVAXQNhn","COL400","","2012","C","USD","468628.0"
"eigA8mjSoraviN6LBRG5UG","COL401","","2012","C","USD","160000.0"
"pYpeo2HLgGGhC5rY9tHc6F","COL402","","2012","C","USD","4000000.0"
"GSuwahSGHFBSgziNNMZRzX","COL403","","2010","C","USD","583333.33"
"uVP6vGQB6S4EgWU45gNfg3","COL404","","2012","C","USD","147700.0"
"j7VWNGQUmeSVjUfZewryX4","COL405","","2010","C","USD","601625.33"
"c32RSaKYhvPmKWUuRTSX35","COL406","","2010","C","USD","2500000.0"
"uqNxTM6uYaqgzKLjjwZkBK","COL407","","2011","C","USD","243681.75"
"wks3hz3xeyaDpynFN3dSQi","COL408","","2010","C","USD","670953.33"
"u5Jd45VsRD5wDquRPrWxWL","COL409","","2012","C","USD","275600.0"
"fddFthkpQNkfQCfShsVyNK","COL410","","2010","C","USD","900000.0"
"T44UAQfCeFyZEDXjVTR7B4","COL411","","2012","C","USD","500000.0"
"9EJBdWWucK22FS68uWdKeb","COL412","","2012","C","USD","1195000.0"
"CBZyirLhcx335ye3AAohrF","COL413","","2012","C","USD","4530750.0"
"BDHxXWyQgTci3KLk2oCxjN","COL414","","2010","C","USD","245000.0"
"buwsjnkV52DhZEnziCXgNF","COL415","","2013","C","USD","26666.0"
"zGPyRkJ4LS8VVuanhysgvD","COL416","","2012","C","USD","427572.0"
"DXuUrsT4aF5t4ZnWpivJuG","COL417","","2012","C","USD","41404.0"
"9wcA64WwtFuBkoi9EnRbR8","COL418","","2012","C","USD","1570194.8"
"YgJSAbSoQhEuACa7yaxvfe","COL419","","2009","C","USD","3000000.0"
"uYqrHQQfce9t3JmXYUbhGT","COL420","","2011","C","USD","1212500.0"
"eApsC5uK9DFjsVNrot4mVT","COL421","","2012","C","USD","249500.0"
"zocZKyZrctVjQHUFVX6KRA","COL422","","2010","C","USD","296603.0"
"V7d3MnYov3V4HZB2MhtX7T","COL423","","2008","C","USD","189410.0"
"ZfDhwPzz3vwSbdR2zkb4b5","COL424","","2013","C","USD","151034.0"
"qLRaTp24LZ6ekB6FvF67P5","COL425","","2011","C","USD","25000.0"
"XLkpGsvFcYyZcLSy3RKYW9","COL426","","2012","C","USD","12570.0"
"Eoibuz33Z8LjmJ4GNRRSB4","COL427","","2013","C","USD","117501.0"
"z7x8qW7a9Su3eJpyVipdcA","COL428","","2009","C","USD","29951.45"
"8icTfiyjXtztLpJyr6QucU","COL429","","2012","C","USD","274.5"
"kWwx4SdZzENxLP7peGKXaZ","COL430","","2012","C","USD","549.0"
"SRmtXwK5bjfiu88HvaT8BW","COL431","","2009","C","USD","50000.0"
"hdkQvYD9Uj9kro9r7oGzNR","COL432","","2012","C","USD","36374.0"
"wBjQomY64qxRGE75TzCEJW","COL433","","2012","C","USD","3059263.15"
"dPnPLp2CBxaAxZ7EvoiVqf","COL434","","2013","C","USD","300000.0"
"VLcYaE8WkXweF7CDz4HZbT","COL435","","2013","C","USD","31693.0"
"U5KZATbmuLctLtwyjpXo37","COL436","","2012","C","USD","13059.0"
"6spiiggc9XZLjQDnLAKptH","COL437","","2013","C","USD","349886.0"
"Afbou22AgZTyFjRkdBtYwN","COL438","","2013","C","USD","610000.0"
"xcMBnUNyMGxDwyygoc73yd","COL439","","2013","C","USD","78000.0"
"QpTzCb2P7yjDwbqdVNSFWg","COL440","","2013","C","USD","500000.0"
"vJ4ht3hn8nQxVW2XML94aP","COL441","","2013","C","USD","64100.0"
"KaoWcX4xKvZwkPs2iZwQrZ","COL442","","2012","C","USD","217932.0"
"if56aaTUDiotJS7gyCgvDA","COL443","","2012","C","USD","100000.0"
"QxmgfFswwjqa3rgYKw2QXQ","COL444","","2013","C","USD","121000.0"
"EnSLJFeW6rTMXEHdcSUYhn","COL445","","2013","C","USD","300000.0"
"zBgPR2r8JNGhrh8XX62R4F","COL446","","2013","C","USD","177901.0"
"7mfdcMLkKvoyCXEXUYuWmh","COL447","","2011","C","USD","180000.0"
"2KdiatUZTYrEhrffBsCgA3","COL448","","2012","C","USD","20000.0"
"QjuD8qenucoHqDR79ySwHT","COL449","","2012","C","USD","327305.0"
"j7EPL8jTu2DcAXqWNkyLae","COL450","","2013","C","USD","127226.67"
"wRYZimYAGkkxLddSBw99MC","COL451","","2012","C","USD","96620.0"
"N8tX6f7GdTXfDEiNeupwh7","COL452","","2012","C","USD","99694.0"
"yoLMz7LaNBXDFHMXRhxdSE","COL453","","2010","C","USD","405000.0"
"DPpPmcLoSZbScYpfitMKCc","COL454","","2010","C","USD","4130849.0"
"V6cuk6SrhGrR7GNtA9fmhB","COL455","","2013","C","USD","120500.0"
"Kmfd4gBoCRF4gHvXfUPvPd","COL456","","2012","C","USD","342220.0"
"Tx5aNx9S9F54gLxSyYui8d","COL457","","2012","C","USD","250000.0"
"58jLe2ua2Ch3S7nUxbJ3n6","COL458","","2012","C","USD","184501.0"
"9mR3QjGrnWA9F6GXcTFoc3","COL459","","2012","C","USD","102622.0"
"hBwtqn3RYdmPNEbu3AT4iP","COL460","","2012","C","USD","27777.0"
"ZzmCNNqPyJBWcYbf599aQb","COL461","","2012","C","USD","150000.0"
"rGwa4YG3aHKMpeps8BL6ce","COL462","","2013","C","USD","75000.0"
"t3qMXeGzubWsQJsJynMgHR","COL463","","2013","C","USD","300000.0"
"LpaPhKg9sf9NGj6U3wLtrW","COL464","","2012","C","USD","112571.5"
"hp8jUssSKrqWbqiEsG8R3g","COL465","","2011","C","USD","464571.0"
"z7bh24zigACUpc68hEFRb8","COL466","","2013","C","USD","28571.43"
"VHAUfPszsyQdixAA6ANoGN","COL467","","2013","C","USD","52000.0"
"yueEEgaKz5j8GLeEvN3L9C","COL468","","2012","C","USD","89831.0"
"p9dW353v4yh3P8VxxXXP4W","COL469","","2013","C","USD","132534.5"
"kQkRXS7EBrD5Xj49RE3ZzM","COL470","","2012","C","USD","35000.0"
"k9p3QxMdrXKs8rqwXdkC3L","COL471","","2013","C","USD","106666.0"
"BxbhxBX48LaoUsEW4KJJj6","COL472","","2013","C","USD","32750.0"
"xcnaFAh6rLYnS8zpsFTL5W","COL473","","2012","C","USD","43250.0"
"CmA7umsuteccYbCFdVfTan","COL474","","2012","C","USD","9155.0"
"HpSEo5vhbkqNGcmBNBYqyB","COL475","","2012","C","USD","437500.0"
"xPL5HPTfLJzgPXhMDQncUG","COL476","","2012","C","USD","150000.0"
"MQJGKMston8A98iJyTbyTF","COL477","","2012","C","USD","40000.0"
"LnStSfZBa57An4A58cZAzF","COL478","","2012","C","USD","200000.0"
"3Uokcp9iggwnNbY84hwjTP","COL479","","2013","C","USD","8750.0"
"JDyyBekwEGQqDJYauki3hA","COL480","","2012","C","USD","260000.0"
"uHF2jV7mjcDewpkiubcu97","COL481","","2012","C","USD","226493.0"
"5dwwM85D645uTWxyRPemGV","COL482","","2013","C","USD","110000.0"
"iP7aFH5LsjqnWLZykTLaq9","COL483","","2013","C","USD","200000.0"
"ib85Ar9hxKBUfP2L3gsRbC","COL484","","2012","C","USD","18941.0"
"yHU8NV6zGXreTd2TrC5Pe8","COL485","","2012","C","USD","118478.0"
"NAVzFYC6vLpsMVn6bQz6wa","COL486","","2012","C","USD","146250.0"
"aU789aQhrnL5yCHjaCj6QJ","COL487","","2012","C","USD","375000.0"
"yrTnxgWJBCFX7XTdjUvCBR","COL488","","2012","C","USD","35000.0"
"CPEpctpvt3kGZwLbggfBJk","COL489","","2013","C","USD","250000.0"
"zRZRTKNvQwMjW2UnRoAZaX","COL490","","2011","C","USD","71428.57"
"4C34vFVBVgboW4eVTEat3f","COL491","","2012","C","USD","277554.0"
"YaSwDfw3daKfL8sXq5f4Pd","COL492","","2012","C","USD","615000.0"
"zW7Uz7rV7aCg4in43f9h7R","COL493","","2013","C","USD","200000.0"
"2kamKPeRTP6VQvEwEykPGf","COL494","","2013","C","USD","145000.0"
"LY2jBC7RW2WE8shT5MpzrV","COL495","","2012","C","USD","24444.33"
"TsxbCSTHBXjULDVWT8xs5A","COL496","","2012","C","USD","200000.0"
"hh8kiPnDdKPsBk5tT9Kwmi","COL497","","2012","C","USD","400000.0"
"pbKoeFiHRmaXeNcv6RFAn7","COL498","","2013","C","USD","140677.0"
"Jdza3QS22B8kqxZrEi3wSW","COL499","","2012","C","USD","138988.0"
"A8bLM2bamdPQLUmLY4ZYDR","COL500","","2011","C","USD","721923.0"
"Rnbe65iez8yYYAuDgSSoQX","COL501","","2012","C","USD","53433.0"
"B3FgixxnXd6pUp8jbSkF5L","COL502","","2013","C","USD","37500.0"
"fwqTYh3asYRwKAGunbMmwf","COL503","","2013","C","USD","69612.75"
"EzjzzXUSf29YBHPwiCbc9X","COL504","","2012","C","USD","258083.5"
"QTmA4smpXBoef2dfF5hqrT","COL505","","2013","C","USD","24902.33"
"yjBx3Q6xRcDsucwmYGqwVR","COL506","","2013","C","USD","40039.0"
"PL4tose3XbQsAVj8E8DYYW","COL507","","2012","C","USD","182000.0"
"FNUrygPRdcdqeAvfppG6T9","COL508","","2013","C","USD","114739.0"
"UTUsBjEebUtmTGTgESNvbD","COL509","","2013","C","USD","204938.0"
"s2nS8f5NyryCT9YnVx4N96","COL510","","2013","C","USD","96475.0"
"kH9Zeea2mPnZPYoYDmHDi7","COL511","","2013","C","USD","67083.25"
"VH7BDsVEbkxFVAqsAvuN6","COL512","","2013","C","USD","49081.33"
"noTVN3zreEdkKVbDrQARuA","COL513","","2013","C","USD","25000.0"
"w7s38ERbj3UjxsEXtSf79G","COL514","","2013","C","USD","3783.0"
"c7MvSm7P78DL4U7EdfLTAJ","COL515","","2010","C","USD","6541284.5"
"wMLcqJ2ve9Fsu6XuNjr79V","COL516","","2011","C","USD","810000.0"
"L7wbVbMkdxoJfxAfL48Ha8","COL517","","2011","C","USD","100000.0"
"icuX3C9F8YM64XzR5Dt4FD","COL518","","2011","C","USD","128959.5"
"LL44igWSaJ22TGT5cvPDdC","COL519","","2013","C","USD","13779.5"
"Vkcn5T56Q3E7jh5VzBoN3B","COL520","","2012","C","USD","35000.0"
"aasShA6DNFDs4xntTThbPW","COL521","","2013","C","USD","34214.67"
"46QwVMeb2pjsxiWmQNuobU","COL522","","2011","C","USD","162680.0"
"Gj4mv5CFXTQgCsY89AsqGY","COL523","","2012","C","USD","210600.0"
"QAYmxAA4CUudiErC5ePdpJ","COL524","","2013","C","USD","143737.0"
"qhZaYkUNmFJ8CPKsoxNAbE","COL525","","2012","C","USD","34220.0"
"UrPxMvCNFMRbRaeM2d3Yx","COL526","","2013","C","USD","36653.67"
"p5ghaytx68hxfG5xKxybuE","COL527","","2013","C","USD","26622.0"
"PrJTByv4DLK5oqcVEGzZp7","COL528","","2013","C","USD","6437.0"
"5n5AMoqtCJHWEkZYU2fYNM","COL529","","2012","C","USD","100000.0"
"JjARNAyXw76tFJsBPEzPsb","COL530","","2013","C","USD","30000.0"
"arAFNyX7eZL9myapaShY4Q","COL531","","2013","C","USD","12500.0"
"KnsqHgp8ccr6dUYq2mBa76","COL532","","2012","C","USD","2090650.0"
"YPoA5duK8VxSSb9ZKdLUrU","COL533","","2012","C","USD","1056562.5"
"QgjdYfc6pKKFhpMqkCbj8Q","COL534","","2013","C","USD","47220.5"
"zPkbigZoDHdqbuDVLJ8zzP","COL535","","2012","C","USD","183000.0"
"hfckPXRAFUEYo9ALjGyWU","COL536","","2012","C","USD","500000.0"
"L495VpYzc4C3QdBjg5wh4b","COL537","","2013","C","USD","46430.44"
"ypQ939A9J86AiJotcQvxsG","COL538","","2011","C","USD","232217.0"
"5rA3Tvu76ApccxC9UBv64Z","COL539","","2012","C","USD","3015.0"
"xF9ddtKTmYAT4ULuNqDpR","COL540","","2011","C","USD","477121.0"
"46PD4JHUZ4WudBicRvBtYb","COL541","","2012","C","USD","85000.0"
"4kDsC3V5hRkCNuWEiiENbe","COL542","","2013","C","USD","73127.3"
"4dh8eCyBsrPyUkNU8avQFb","COL543","","2012","C","USD","7500.0"
"UBVyQpDtJEhzAEuiFG5B4E","COL544","","2013","C","USD","150000.0"
"aefDQ3fYQemKnLowhLarcQ","COL545","","2012","C","USD","417489.5"
"v8doD5M23s4JWJmj25mVJ","COL546","","2012","C","USD","50555.33"
"D6qZXpPHgAGV93hBYSm896","COL547","","2012","C","USD","146580.0"
"sJaHPKzeu5o3dh5bnrHkUa","COL548","","2013","C","USD","150000.0"
"s4fMsWd2qxLpwEangqrbDh","COL549","","2012","C","USD","200000.0"
"PddPy3CBVBrKKrrjEQGmS6","COL550","","2013","C","USD","62311.0"
"c5ipXAZ7qbZJSG3DSkxZy4","COL551","","2012","C","USD","130000.0"
"hH9Mgp8NwpsWrzvf7BFMCE","COL552","","2012","C","USD","520000.0"
"Q6k2jMDAWTm2gxzYVAohwQ","COL553","","2012","C","USD","87100.0"
"MSNYUJ7qavtDqHPVmpd6c","COL554","","2012","C","USD","37473.0"
"UN3ZYgT4RuzSr4iPrn2mNm","COL555","","2012","C","USD","42035.0"
"befjKr3pJfGJvnZ2qAw3BX","COL556","","2012","C","USD","313398.0"
"CapsnxZVCaWQtAnxiUdmVJ","COL557","","2012","C","USD","88774.0"
"naPCr7GhRCERSWMwzPS3QQ","COL558","","2013","C","USD","141135.33"
"w8Gy6DB8iRwEW3rxectZhb","COL559","","2012","C","USD","523871.0"
"KLPBrdQgho5nbkWxKiX8UU","COL560","","2012","C","USD","132600.0"
"KsDKimSXkt3YoyBstveLAE","COL562","","2013","C","USD","12000.0"
"Ge4y6t4G8BjpGSsftSFWR9","COL563","","2012","C","USD","72000.0"
"nzTm6hTq3GuYfn323Sq6e5","COL564","","2013","C","USD","1804.17"
"nTrNpQeAPDfSjdvb9i5ojc","COL566","","2012","C","USD","86241.0"
"yPD6APwW5kRZuawDqo7ntF","COL567","","2011","C","USD","130765.0"
"QCPjosLDv3X4ykVLYPC9fB","COL568","","2011","C","USD","192557.0"
"RpHsfP8rfhFgUsZjBR5RDP","COL569","","2011","C","USD","250013.33"
"pn2a7PxdQnhKYBPvkEmDf7","COL570","","2012","C","USD","264092.0"
"yf4vd33zTwjhZDRR8LRfVQ","COL571","","2012","C","USD","357385.0"
"vRfJ3V6hP2dqBsyYdisTiV","COL572","","2012","C","USD","17333.33"
"4FMytRA23a8gk8MQfFTaJg","COL573","","2011","C","USD","88530.5"
"UuoJijJJD2WuKyqx3CqAPV","COL574","","2011","C","USD","16283.38"
"QuepD6bQFZ5yudWTAyBv5W","COL575","","2012","C","USD","210000.0"
"gyMAtiV73TjYT5ie8RG3aW","COL576","","2012","C","USD","92227.0"
"b78Tcq6KEf3niQEidJPdaZ","COL577","","2013","C","USD","666844.0"
"N4bXprt5G2hp6PaegPbjPf","COL628","","2013","C","USD","334403.0"
"gkBfmNCdHXBiPyprcMk5UH","COL631","","2011","C","USD","390000.0"
"kVEPnusmpx7x9XFYQmHNLZ","COL632","","2012","C","USD","698259.0"
"kWpuxhSDmLNFARTDCuNJAL","COL633","","2012","C","USD","436756.0"
"ArEcC9maJPeD4vFB9td56U","COL634","","2012","C","USD","485000.0"
"HSrEnBkMGc5pP8xv26WNzT","COL635","","2011","C","USD","695500.0"
"rj2xnBbCCHxN2GC7xppJaR","COL636","","2011","C","USD","1600000.0"
"BmDgVzTccUsWjLL9jwUfAf","COL637","","2011","C","USD","148899.0"
"vwHLkBLWbfQpsCtLX2voxR","COL638","","2013","C","USD","216666.67"
"EaztQpgUYr3TUTr6UML6HB","COL639","","2013","C","USD","456300.0"
"rhbaNSYxC8LzLc43PmjMyg","COL640","","2013","C","USD","456300.0"
"FTeuB67PZfSYucWsEweF9A","COL641","","2012","C","USD","25442.86"
"rvUTD3w6RJCwjhrmGGzmuc","COL642","","2009","C","USD","1443061.0"
"RTaypgxzbjp2uxCZnkyLrN","COL643","","2012","C","USD","460533.0"
"x4d8aWSnGrvbBqhwoCgCZM","COL644","","2012","C","USD","362156.0"
"kuLLW8KZ7xjb4gT33w5FFE","COL645","","2012","C","USD","69196.0"
"x9sjRNxF7uedKpXdfHEc4b","COL646","","2012","C","USD","403000.0"
"CR5K5r2kptWrHDBZcR6M2o","COL647","","2013","C","USD","180000.0"
"avp559wi7b445nQd7gEbi7","COL648","","2012","C","USD","891840.0"
"fnS6MpZvy8U2yAwezggDEW","COL649","","2011","C","USD","108095.0"
"dDHUFQFavbiVUYFxRgeCUg","COL650","","2011","C","USD","108290.0"
"ghPGf3zHu3b4DQnPXvBxMe","COL651","","2011","C","USD","108153.0"
"Dk3osajNu55BcjLGjATqRg","COL652","","2007","C","USD","12000000.0"
"bDzRBpFDNF4Bx6o6cHxQsX","COL653","","2012","C","USD","1000000.0"
"gtmvEKkK2RM8DRChP4ZjbP","COL654","","2012","C","USD","370000.0"
"puVSt5ztzqqcNtBbSVBcWD","COL655","","2012","C","USD","1000000.0"
"epHKZEtgBRJmjeW2Lnem9E","COL656","","2009","C","USD","1950000.0"
"Ewv4FRn3PL6JSzc4R29LM","COL657","","2012","C","USD","650000.0"
"GXwMcos7hCvC5namGggD3j","COL658","","2012","C","USD","650000.0"
"5nN6uGBMp5vtLyc8tSM9u8","COL659","","2011","C","USD","650000.0"
"6GFK5c6MNWXWZKx5grLtYa","COL660","","2011","C","USD","390000.0"
"2ucw2Wp8Qu7KKcAxJWkSLi","COL661","","2011","C","USD","9620000.0"
"NW4YQV2U9caG6zSoUkExcm","COL662","","2013","C","USD","279500.0"
"78v6SpxW7B7CJLgWyaFhgD","COL663","","2010","C","USD","1863120.0"
"WBAE82JeZkyANDeroDZkPn","COL664","","2003","C","USD","1707253.0"
"2aJqXqryQZkQE2MmufJG8Y","COL665","","2013","C","USD","2625000.0"
"JzqHhKTDFviHQzhWxsMJUG","COL666","","2011","C","USD","799500.0"
"bnxLJ8F6qwxuFcwvEj6yMM","COL667","","2009","C","USD","9620000.0"
"rRGjssXxavjfe5UZ3LjGZF","COL668","","2010","C","USD","849644.0"
"FcMW7ufypULvMbxDwJBaZb","COL669","","2010","C","USD","876668.0"
"J3i44xksV8DDF9VFStX7AY","COL670","","2010","C","USD","2112707.0"
"bp2xdcx2FvPHct2UHZHSNZ","COL671","","2010","C","USD","1536562.0"
"WwSBUAXRDHZSpiEY365sT5","COL672","","2009","C","USD","3561644.0"
"kXyrGTPnExkKoxYC9z98WS","COL673","","2012","C","USD","320000.0"
"VuX8XuJCpy9LgJU8CA5rJ9","COL674","","2013","C","USD","300000.0"
"c7osdKG7Ridnzuus8Xp66c","COL675","","2008","C","USD","1900000.0"
"7P3bL8eDGSrhFkuZAb42DR","COL676","","2008","C","USD","13705594.0"
"qitsX2NtHZWYZ3kCLkLHrJ","COL677","","2007","C","USD","11685407.0"
"4uVCgTRLtysn45HE8Dd8Wf","COL678","","2012","C","USD","400000.0"
"CjyphRnnUYvSYk96aD62SH","COL679","","2012","C","USD","100000.0"
"yQs3eSQvrg9jptjKHMfEdW","COL681","","2012","C","USD","111428.0"
"CxZhWvL9LzFSLf9JfQ3QSY","COL682","","2012","C","USD","260000.0"
"FRWMph2UtFp4aWZaznUyRd","COL683","","2009","C","USD","3323397.0"
"b2sfhHZMWpq8r3oNJZ2hEB","COL684","","2011","C","USD","51935.5"
"Z7nKWwz5M3QwgXLpMgaT7H","COL685","","2009","C","USD","447199.0"
"sV7pFZm8v94ETNgbBtRSWd","COL686","","2010","C","USD","5750000.0"
"z3aBJZnVjvYFNUN4wQuohj","COL687","","2011","C","USD","65000.0"
"BmcW2agfTRwrrgbAcmG5X9","COL688","","2011","C","USD","54166.67"
"7Sod3WexMeyyDqto4uFfb6","COL689","","2008","C","USD","422845.5"
"8vu4rQjLU2akphGRnvu5ck","COL690","","2012","C","USD","19259.0"
"PwxVV25bFTUAqYrecyty8m","COL691","","2013","C","USD","10000.0"
"8TzMr2sERVY59dh9fEdkwg","COL692","","2013","C","USD","10000.0"
"oeTZgebtZcnLKaYLiZBdMH","COL693","","2009","C","USD","1055600.0"
