project_location_id	project_id	geoname_id	source	source_url	source_url_2
OP/2886_95446	OP/2886	95446		https://www.youtube.com/watch?v=EjmF_mGp5xc	
OP/42587_9253671	OP/42587	9253671		https://www.google.com/maps/place/SECTOR+13,+Baghdad,+Iraq/@33.3764706,44.4467032,16z/data=!4m2!3m1!1s0x15578331c9d03ad9:0x24cc8121d68fe51f	
OP/42587_9253672	OP/42587	9253672		https://www.google.com/maps/place/SECTOR+13,+Baghdad,+Iraq/@33.3764706,44.4467032,16z/data=!4m2!3m1!1s0x15578331c9d03ad9:0x24cc8121d68fe51f	
OP/39480_99237	OP/39480	99237	Federal Register	https://www.federalregister.gov/articles/2013/09/24/2013-22971/final-listing-of-audit-and-other-reports-issued-by-sigir-on-reconstruction-spending-in-iraq#p-165	
OP/27433_9253781	OP/27433	9253781		https://www.fbo.gov/index?s=opportunity&mode=form&id=78c31da317107f5a80578ad8a7ba278e&tab=core&_cview=1	
IRQ/051126_99237	IRQ/051126	99237		https://www.devex.com/projects/tenders/provision-of-consultancy-services-to-develop-a-water-resource-decision-support-system-for-the-ministry-of-water-resources-in-iraq/108205	
IRQ/051369_99237	IRQ/051369	99237	Devex tender document	https://www.devex.com/projects/tenders/iraq-technical-assistance-and-capacity-building-fund-design-of-integrated-financial-management-information-system-ifmis/140999	http://www.dgmarket.com/tenders/np-notice.do?noticeId=10636342
IRQ/051119_98182	IRQ/051119	98182	World Bank MENA Knowledge and Learning	https://openknowledge.worldbank.org/bitstream/handle/10986/10855/661110BRI0Quic00Box365730B00PUBLIC0.pdf?sequence=1	
OP/38139_99237	OP/38139	99237		https://oig.usaid.gov/sites/default/files/audit-reports/e-267-10-002-p.pdf	
OP/26461_99237	OP/26461	99237	USAID	https://oig.usaid.gov/sites/default/files/audit-reports/e-267-07-002-p.pdf	http://reliefweb.int/report/iraq/usaid-iraq-reconstruction-and-humanitarian-relief-weekly-update-44-fy-2005
OP/26466_99237	OP/26466	99237	USAID	https://oig.usaid.gov/sites/default/files/audit-reports/e-267-07-002-p.pdf	http://reliefweb.int/report/iraq/usaid-iraq-reconstruction-and-humanitarian-relief-weekly-update-44-fy-2005
OP/26470_89693	OP/26470	89693	ASA(ALT)	https://oig.usaid.gov/sites/default/files/audit-reports/e-267-07-002-p.pdf	http://www.militaryspot.com/publications/reconstruction418.pdf
OP/26470_98180	OP/26470	98180	ASA(ALT)	https://oig.usaid.gov/sites/default/files/audit-reports/e-267-07-002-p.pdf	http://www.militaryspot.com/publications/reconstruction418.pdf
OP/26470_99032	OP/26470	99032	ASA(ALT)	https://oig.usaid.gov/sites/default/files/audit-reports/e-267-07-002-p.pdf	http://www.militaryspot.com/publications/reconstruction418.pdf
OP/26902_99237	OP/26902	99237		https://oig.usaid.gov/sites/default/files/audit-reports/e-267-05-004-p.pdf	
OP/39570_99237	OP/39570	99237		https://oig.usaid.gov/sites/default/files/audit-reports/e-267-05-004-p.pdf	
OP/37986_99237	OP/37986	99237		https://oig.usaid.gov/sites/default/files/audit-reports/e-266-04-002-p.pdf	
OP/38337_99237	OP/38337	99237		https://oig.usaid.gov/sites/default/files/audit-reports/e-266-04-002-p.pdf	
OP/38747_99237	OP/38747	99237		https://maloney.house.gov/sites/maloney.house.gov/files/documents/olddocs/govreform/031805CRS_contracts.pdf	
OP/39063_98182	OP/39063	98182	White House Appendix 2	http://www.whitehouse.gov/sites/default/files/omb/legislative/appdx_1_sectors_final.pdf	http://www.defense.gov/news/newsarticle.aspx?id=24848
OP/41699_250441	OP/41699	250441	White House Appendix 1	http://www.whitehouse.gov/sites/default/files/omb/legislative/appdx_1_sectors_final.pdf	http://iraqnam.blogspot.com/2006/10/us-plans-to-close-successful-iraqi.html
OP/26471_99237	OP/26471	99237	USDA	http://www.usda.gov/wps/portal/usda/usdamediafb?contentid=2006/07/0270.xml&printable=true&contentidonly=true	
IRQ/051343_99446	IRQ/051343	99446	Terms of Reference for Procurement of Services	http://www.unido.org/fileadmin/user_media/Procurement/CFaraldo/16002652-Enhancing_Investment_to_Iraq/Appendix%201-Terms%20of%20Reference.pdf	
IRQ/051347_89341	IRQ/051347	89341	Terms of Reference for Procurement of Services	http://www.unido.org/fileadmin/user_media/Procurement/CFaraldo/16002652-Enhancing_Investment_to_Iraq/Appendix%201-Terms%20of%20Reference.pdf	
OP/37656_9167714	OP/37656	9167714		http://www.unicef.org/files/School_Atlas-English.pdf - pdf p 273	
OP/26774_9253075	OP/26774	9253075	UNICEF Iraq Schools list- 	http://www.unicef.org/files/School_Atlas-English.pdf	
OP/37655_9167510	OP/37655	9167510		http://www.unicef.org/files/School_Atlas-English.pdf	
OP/37658_9253721	OP/37658	9253721		http://www.unicef.org/files/School_Atlas-English.pdf	
OP/26778_9253829	OP/26778	9253829		http://www.unicef.org/files/School_Atlas-English.pdf	
OP/41393_9253511	OP/41393	9253511		http://www.unicef.org/files/School_Atlas-English.pdf	
OP/42094_9172012	OP/42094	9172012		http://www.unicef.org/files/School_Atlas-English.pdf	
OP/38449_99237	OP/38449	99237		http://www.state.gov/p/nea/rls/rpt/115990.htm	
OP/42999_9169219	OP/42999	9169219		http://www.scpqiraq.com/English/CMS.php?ID=1	
OP/40330_9166576	OP/40330	9166576		http://www.researchgate.net/publication/235017453_Al_Qaim_3311KV_Electrical_Mobile_Substation_Al_Qaim_Iraq._Sustainment_Assessment 	
OP/27779_99237	OP/27779	99237		http://www.oxymoronfilms.com/openshutters.htm	
IRQ/051343_9167554	IRQ/051343	9167554	Kurdistan Regional Government Ministry of Planning	http://www.mop.krg.org/resources/MoP%20Files/PDF%20Files/DCC/Reports/Contributions%20of%20South%20Korea%20to%20Kurdsitan%20Region.pdf	
IRQ/051343_9255859	IRQ/051343	9255859	Kurdistan Regional Government Ministry of Planning	http://www.mop.krg.org/resources/MoP%20Files/PDF%20Files/DCC/Reports/Contributions%20of%20South%20Korea%20to%20Kurdsitan%20Region.pdf	
OP/27781_99237	OP/27781	99237		http://www.mict-international.org/projects/journalists-in-dialogue/	
OP/20754_6763887	OP/20754	6763887		http://www.ladp-iraq.org/Bridging/cso_profile.php?id=219	
IRQ/051343_98182	IRQ/051343	98182		http://www.irex.org/project/support-independent-media-iraq-simi	
OP/27780_99237	OP/27780	99237		http://www.irex.org/project/support-independent-media-iraq-simi	
OP/40159_9252617	OP/40159	9252617		http://www.globalsecurity.org/military/world/iraq/al-kasik.htm	
OP/39274_99237	OP/39274	99237		http://www.globalsecurity.org/military/library/report/sigir/sigir-2010-10_section2.pdf	
OP/37785_99237	OP/37785	99237		http://www.dtic.mil/dtic/tr/fulltext/u2/a476294.pdf	
OP/18848_98182	OP/18848	98182		http://www.comece.org/europeinfos/en/archive/issue142/article/4215.html	
IRQ/051337_6927895	IRQ/051337	6927895	Baghdad Sewerage Directorate	http://www.amanatbaghdad.gov.iq/uploads/1%201%202014/e3lanat/6%20%203%20%202014/44/PQ%20Documents(CP1).pdf	
IRQ/051259_89341	IRQ/051259	89341	ISRS	http://www-wds.worldbank.org/external/default/WDSContentServer/WDSP/MNA/2014/07/01/090224b08254cc93/2_0/Rendered/PDF/Iraq000IQ000Em0Report000Sequence019.pdf	
IRQ/051259_89693	IRQ/051259	89693	ISRS	http://www-wds.worldbank.org/external/default/WDSContentServer/WDSP/MNA/2014/07/01/090224b08254cc93/2_0/Rendered/PDF/Iraq000IQ000Em0Report000Sequence019.pdf	
IRQ/051259_91695	IRQ/051259	91695	ISRS	http://www-wds.worldbank.org/external/default/WDSContentServer/WDSP/MNA/2014/07/01/090224b08254cc93/2_0/Rendered/PDF/Iraq000IQ000Em0Report000Sequence019.pdf	
IRQ/051259_92877	IRQ/051259	92877	ISRS	http://www-wds.worldbank.org/external/default/WDSContentServer/WDSP/MNA/2014/07/01/090224b08254cc93/2_0/Rendered/PDF/Iraq000IQ000Em0Report000Sequence019.pdf	
IRQ/051259_93540	IRQ/051259	93540	ISRS	http://www-wds.worldbank.org/external/default/WDSContentServer/WDSP/MNA/2014/07/01/090224b08254cc93/2_0/Rendered/PDF/Iraq000IQ000Em0Report000Sequence019.pdf	
IRQ/051259_94786	IRQ/051259	94786	ISRS	http://www-wds.worldbank.org/external/default/WDSContentServer/WDSP/MNA/2014/07/01/090224b08254cc93/2_0/Rendered/PDF/Iraq000IQ000Em0Report000Sequence019.pdf	
IRQ/051259_94823	IRQ/051259	94823	ISRS	http://www-wds.worldbank.org/external/default/WDSContentServer/WDSP/MNA/2014/07/01/090224b08254cc93/2_0/Rendered/PDF/Iraq000IQ000Em0Report000Sequence019.pdf	
IRQ/051259_95445	IRQ/051259	95445	ISRS	http://www-wds.worldbank.org/external/default/WDSContentServer/WDSP/MNA/2014/07/01/090224b08254cc93/2_0/Rendered/PDF/Iraq000IQ000Em0Report000Sequence019.pdf	
IRQ/051259_96965	IRQ/051259	96965	ISRS	http://www-wds.worldbank.org/external/default/WDSContentServer/WDSP/MNA/2014/07/01/090224b08254cc93/2_0/Rendered/PDF/Iraq000IQ000Em0Report000Sequence019.pdf	
IRQ/051259_97019	IRQ/051259	97019	ISRS	http://www-wds.worldbank.org/external/default/WDSContentServer/WDSP/MNA/2014/07/01/090224b08254cc93/2_0/Rendered/PDF/Iraq000IQ000Em0Report000Sequence019.pdf	
IRQ/051259_97270	IRQ/051259	97270	ISRS	http://www-wds.worldbank.org/external/default/WDSContentServer/WDSP/MNA/2014/07/01/090224b08254cc93/2_0/Rendered/PDF/Iraq000IQ000Em0Report000Sequence019.pdf	
IRQ/051259_97419	IRQ/051259	97419	ISRS	http://www-wds.worldbank.org/external/default/WDSContentServer/WDSP/MNA/2014/07/01/090224b08254cc93/2_0/Rendered/PDF/Iraq000IQ000Em0Report000Sequence019.pdf	
IRQ/051259_98180	IRQ/051259	98180	ISRS	http://www-wds.worldbank.org/external/default/WDSContentServer/WDSP/MNA/2014/07/01/090224b08254cc93/2_0/Rendered/PDF/Iraq000IQ000Em0Report000Sequence019.pdf	
IRQ/051259_98248	IRQ/051259	98248	ISRS	http://www-wds.worldbank.org/external/default/WDSContentServer/WDSP/MNA/2014/07/01/090224b08254cc93/2_0/Rendered/PDF/Iraq000IQ000Em0Report000Sequence019.pdf	
IRQ/051259_98410	IRQ/051259	98410	ISRS	http://www-wds.worldbank.org/external/default/WDSContentServer/WDSP/MNA/2014/07/01/090224b08254cc93/2_0/Rendered/PDF/Iraq000IQ000Em0Report000Sequence019.pdf	
IRQ/051259_98465	IRQ/051259	98465	ISRS	http://www-wds.worldbank.org/external/default/WDSContentServer/WDSP/MNA/2014/07/01/090224b08254cc93/2_0/Rendered/PDF/Iraq000IQ000Em0Report000Sequence019.pdf	
IRQ/051259_99022	IRQ/051259	99022	ISRS	http://www-wds.worldbank.org/external/default/WDSContentServer/WDSP/MNA/2014/07/01/090224b08254cc93/2_0/Rendered/PDF/Iraq000IQ000Em0Report000Sequence019.pdf	
IRQ/051259_99035	IRQ/051259	99035	ISRS	http://www-wds.worldbank.org/external/default/WDSContentServer/WDSP/MNA/2014/07/01/090224b08254cc93/2_0/Rendered/PDF/Iraq000IQ000Em0Report000Sequence019.pdf	
IRQ/051259_99592	IRQ/051259	99592	ISRS	http://www-wds.worldbank.org/external/default/WDSContentServer/WDSP/MNA/2014/07/01/090224b08254cc93/2_0/Rendered/PDF/Iraq000IQ000Em0Report000Sequence019.pdf	
IRQ/051259_99772	IRQ/051259	99772	ISRS	http://www-wds.worldbank.org/external/default/WDSContentServer/WDSP/MNA/2014/07/01/090224b08254cc93/2_0/Rendered/PDF/Iraq000IQ000Em0Report000Sequence019.pdf	
IRQ/051258_89693	IRQ/051258	89693		http://www-wds.worldbank.org/external/default/WDSContentServer/WDSP/MNA/2014/05/26/090224b0824990dc/1_0/Rendered/PDF/Iraq000IQ0EMER0Report000Sequence011.pdf	
IRQ/051258_97019	IRQ/051258	97019		http://www-wds.worldbank.org/external/default/WDSContentServer/WDSP/MNA/2014/05/26/090224b0824990dc/1_0/Rendered/PDF/Iraq000IQ0EMER0Report000Sequence011.pdf	
OP/3019_96965	OP/3019	96965	ISRS	http://www-wds.worldbank.org/external/default/WDSContentServer/WDSP/MNA/2014/04/19/090224b0823f1554/1_0/Rendered/PDF/Iraq000Iraq0Th0Report000Sequence021.pdf	
OP/3019_89341	OP/3019	89341		http://www-wds.worldbank.org/external/default/WDSContentServer/WDSP/MNA/2014/04/19/090224b0823f1554/1_0/Rendered/PDF/Iraq000Iraq0Th0Report000Sequence021.pdf	
OP/3019_89693	OP/3019	89693		http://www-wds.worldbank.org/external/default/WDSContentServer/WDSP/MNA/2014/04/19/090224b0823f1554/1_0/Rendered/PDF/Iraq000Iraq0Th0Report000Sequence021.pdf	
OP/3019_91695	OP/3019	91695		http://www-wds.worldbank.org/external/default/WDSContentServer/WDSP/MNA/2014/04/19/090224b0823f1554/1_0/Rendered/PDF/Iraq000Iraq0Th0Report000Sequence021.pdf	
OP/3019_92877	OP/3019	92877		http://www-wds.worldbank.org/external/default/WDSContentServer/WDSP/MNA/2014/04/19/090224b0823f1554/1_0/Rendered/PDF/Iraq000Iraq0Th0Report000Sequence021.pdf	
OP/3019_93540	OP/3019	93540		http://www-wds.worldbank.org/external/default/WDSContentServer/WDSP/MNA/2014/04/19/090224b0823f1554/1_0/Rendered/PDF/Iraq000Iraq0Th0Report000Sequence021.pdf	
OP/3019_94823	OP/3019	94823		http://www-wds.worldbank.org/external/default/WDSContentServer/WDSP/MNA/2014/04/19/090224b0823f1554/1_0/Rendered/PDF/Iraq000Iraq0Th0Report000Sequence021.pdf	
OP/3019_95445	OP/3019	95445		http://www-wds.worldbank.org/external/default/WDSContentServer/WDSP/MNA/2014/04/19/090224b0823f1554/1_0/Rendered/PDF/Iraq000Iraq0Th0Report000Sequence021.pdf	
OP/3019_97019	OP/3019	97019		http://www-wds.worldbank.org/external/default/WDSContentServer/WDSP/MNA/2014/04/19/090224b0823f1554/1_0/Rendered/PDF/Iraq000Iraq0Th0Report000Sequence021.pdf	
OP/3019_97270	OP/3019	97270		http://www-wds.worldbank.org/external/default/WDSContentServer/WDSP/MNA/2014/04/19/090224b0823f1554/1_0/Rendered/PDF/Iraq000Iraq0Th0Report000Sequence021.pdf	
OP/3019_98180	OP/3019	98180		http://www-wds.worldbank.org/external/default/WDSContentServer/WDSP/MNA/2014/04/19/090224b0823f1554/1_0/Rendered/PDF/Iraq000Iraq0Th0Report000Sequence021.pdf	
OP/3019_98227	OP/3019	98227		http://www-wds.worldbank.org/external/default/WDSContentServer/WDSP/MNA/2014/04/19/090224b0823f1554/1_0/Rendered/PDF/Iraq000Iraq0Th0Report000Sequence021.pdf	
OP/3019_98410	OP/3019	98410		http://www-wds.worldbank.org/external/default/WDSContentServer/WDSP/MNA/2014/04/19/090224b0823f1554/1_0/Rendered/PDF/Iraq000Iraq0Th0Report000Sequence021.pdf	
OP/3019_98465	OP/3019	98465		http://www-wds.worldbank.org/external/default/WDSContentServer/WDSP/MNA/2014/04/19/090224b0823f1554/1_0/Rendered/PDF/Iraq000Iraq0Th0Report000Sequence021.pdf	
OP/3019_98862	OP/3019	98862		http://www-wds.worldbank.org/external/default/WDSContentServer/WDSP/MNA/2014/04/19/090224b0823f1554/1_0/Rendered/PDF/Iraq000Iraq0Th0Report000Sequence021.pdf	
OP/3019_99022	OP/3019	99022		http://www-wds.worldbank.org/external/default/WDSContentServer/WDSP/MNA/2014/04/19/090224b0823f1554/1_0/Rendered/PDF/Iraq000Iraq0Th0Report000Sequence021.pdf	
OP/3019_99032	OP/3019	99032		http://www-wds.worldbank.org/external/default/WDSContentServer/WDSP/MNA/2014/04/19/090224b0823f1554/1_0/Rendered/PDF/Iraq000Iraq0Th0Report000Sequence021.pdf	
OP/3019_99592	OP/3019	99592		http://www-wds.worldbank.org/external/default/WDSContentServer/WDSP/MNA/2014/04/19/090224b0823f1554/1_0/Rendered/PDF/Iraq000Iraq0Th0Report000Sequence021.pdf	
IRQ/051371_89341	IRQ/051371	89341	ISDS	http://www-wds.worldbank.org/external/default/WDSContentServer/WDSP/MNA/2013/09/23/090224b081f057f5/1_0/Rendered/PDF/Integrated0Saf0rs0Project000P131550.pdf	
IRQ/051371_91514	IRQ/051371	91514	ISDS	http://www-wds.worldbank.org/external/default/WDSContentServer/WDSP/MNA/2013/09/23/090224b081f057f5/1_0/Rendered/PDF/Integrated0Saf0rs0Project000P131550.pdf	
IRQ/051371_9166579	IRQ/051371	9166579	ISDS	http://www-wds.worldbank.org/external/default/WDSContentServer/WDSP/MNA/2013/09/23/090224b081f057f5/1_0/Rendered/PDF/Integrated0Saf0rs0Project000P131550.pdf	
IRQ/051371_95788	IRQ/051371	95788	ISDS	http://www-wds.worldbank.org/external/default/WDSContentServer/WDSP/MNA/2013/09/23/090224b081f057f5/1_0/Rendered/PDF/Integrated0Saf0rs0Project000P131550.pdf	
IRQ/051371_96994	IRQ/051371	96994	ISDS	http://www-wds.worldbank.org/external/default/WDSContentServer/WDSP/MNA/2013/09/23/090224b081f057f5/1_0/Rendered/PDF/Integrated0Saf0rs0Project000P131550.pdf	
IRQ/051371_97019	IRQ/051371	97019	ISDS	http://www-wds.worldbank.org/external/default/WDSContentServer/WDSP/MNA/2013/09/23/090224b081f057f5/1_0/Rendered/PDF/Integrated0Saf0rs0Project000P131550.pdf	
IRQ/051371_97269	IRQ/051371	97269	ISDS	http://www-wds.worldbank.org/external/default/WDSContentServer/WDSP/MNA/2013/09/23/090224b081f057f5/1_0/Rendered/PDF/Integrated0Saf0rs0Project000P131550.pdf	
IRQ/051371_98180	IRQ/051371	98180	ISDS	http://www-wds.worldbank.org/external/default/WDSContentServer/WDSP/MNA/2013/09/23/090224b081f057f5/1_0/Rendered/PDF/Integrated0Saf0rs0Project000P131550.pdf	
IRQ/051371_98247	IRQ/051371	98247	ISDS	http://www-wds.worldbank.org/external/default/WDSContentServer/WDSP/MNA/2013/09/23/090224b081f057f5/1_0/Rendered/PDF/Integrated0Saf0rs0Project000P131550.pdf	
IRQ/051371_98718	IRQ/051371	98718	ISDS	http://www-wds.worldbank.org/external/default/WDSContentServer/WDSP/MNA/2013/09/23/090224b081f057f5/1_0/Rendered/PDF/Integrated0Saf0rs0Project000P131550.pdf	
IRQ/051371_98854	IRQ/051371	98854	ISDS	http://www-wds.worldbank.org/external/default/WDSContentServer/WDSP/MNA/2013/09/23/090224b081f057f5/1_0/Rendered/PDF/Integrated0Saf0rs0Project000P131550.pdf	
IRQ/051371_98855	IRQ/051371	98855	ISDS	http://www-wds.worldbank.org/external/default/WDSContentServer/WDSP/MNA/2013/09/23/090224b081f057f5/1_0/Rendered/PDF/Integrated0Saf0rs0Project000P131550.pdf	
IRQ/051371_99237	IRQ/051371	99237	ISDS	http://www-wds.worldbank.org/external/default/WDSContentServer/WDSP/MNA/2013/09/23/090224b081f057f5/1_0/Rendered/PDF/Integrated0Saf0rs0Project000P131550.pdf	
IRQ/051371_99455	IRQ/051371	99455	ISDS	http://www-wds.worldbank.org/external/default/WDSContentServer/WDSP/MNA/2013/09/23/090224b081f057f5/1_0/Rendered/PDF/Integrated0Saf0rs0Project000P131550.pdf	
IRQ/051371_99532	IRQ/051371	99532	ISDS	http://www-wds.worldbank.org/external/default/WDSContentServer/WDSP/MNA/2013/09/23/090224b081f057f5/1_0/Rendered/PDF/Integrated0Saf0rs0Project000P131550.pdf	
IRQ/051371_99534	IRQ/051371	99534	ISDS	http://www-wds.worldbank.org/external/default/WDSContentServer/WDSP/MNA/2013/09/23/090224b081f057f5/1_0/Rendered/PDF/Integrated0Saf0rs0Project000P131550.pdf	
IRQ/051259_98530	IRQ/051259	98530	Environmental Assessment (Vol. 9)	http://www-wds.worldbank.org/external/default/WDSContentServer/WDSP/IB/2014/01/17/000333037_20140117112244/Rendered/PDF/E13110V90P08770ya0Road0Rehabilitat.pdf	
IRQ/051259_98854	IRQ/051259	98854	Environmental Assessment (Vol. 9)	http://www-wds.worldbank.org/external/default/WDSContentServer/WDSP/IB/2014/01/17/000333037_20140117112244/Rendered/PDF/E13110V90P08770ya0Road0Rehabilitat.pdf	
IRQ/051259_386316	IRQ/051259	386316	Procurement Plan	http://www-wds.worldbank.org/external/default/WDSContentServer/WDSP/IB/2013/08/01/000442464_20130801091813/Rendered/PDF/798460PROP0P080Box0379792B00PUBLIC0.pdf	
IRQ/051259_6928162	IRQ/051259	6928162	Procurement Plan	http://www-wds.worldbank.org/external/default/WDSContentServer/WDSP/IB/2013/08/01/000442464_20130801091813/Rendered/PDF/798460PROP0P080Box0379792B00PUBLIC0.pdf	
IRQ/051259_89824	IRQ/051259	89824	Procurement Plan	http://www-wds.worldbank.org/external/default/WDSContentServer/WDSP/IB/2013/08/01/000442464_20130801091813/Rendered/PDF/798460PROP0P080Box0379792B00PUBLIC0.pdf	
IRQ/051259_9166552	IRQ/051259	9166552	Procurement Plan	http://www-wds.worldbank.org/external/default/WDSContentServer/WDSP/IB/2013/08/01/000442464_20130801091813/Rendered/PDF/798460PROP0P080Box0379792B00PUBLIC0.pdf	
IRQ/051259_9166629	IRQ/051259	9166629	Procurement Plan	http://www-wds.worldbank.org/external/default/WDSContentServer/WDSP/IB/2013/08/01/000442464_20130801091813/Rendered/PDF/798460PROP0P080Box0379792B00PUBLIC0.pdf	
IRQ/051259_9166680	IRQ/051259	9166680	Procurement Plan	http://www-wds.worldbank.org/external/default/WDSContentServer/WDSP/IB/2013/08/01/000442464_20130801091813/Rendered/PDF/798460PROP0P080Box0379792B00PUBLIC0.pdf	
IRQ/051259_94822	IRQ/051259	94822	Procurement Plan	http://www-wds.worldbank.org/external/default/WDSContentServer/WDSP/IB/2013/08/01/000442464_20130801091813/Rendered/PDF/798460PROP0P080Box0379792B00PUBLIC0.pdf	
IRQ/051259_94824	IRQ/051259	94824	Procurement Plan	http://www-wds.worldbank.org/external/default/WDSContentServer/WDSP/IB/2013/08/01/000442464_20130801091813/Rendered/PDF/798460PROP0P080Box0379792B00PUBLIC0.pdf	
IRQ/051259_98182	IRQ/051259	98182	Procurement Plan	http://www-wds.worldbank.org/external/default/WDSContentServer/WDSP/IB/2013/08/01/000442464_20130801091813/Rendered/PDF/798460PROP0P080Box0379792B00PUBLIC0.pdf	
IRQ/051259_98245	IRQ/051259	98245	Procurement Plan	http://www-wds.worldbank.org/external/default/WDSContentServer/WDSP/IB/2013/08/01/000442464_20130801091813/Rendered/PDF/798460PROP0P080Box0379792B00PUBLIC0.pdf	
IRQ/051259_98247	IRQ/051259	98247	Procurement Plan	http://www-wds.worldbank.org/external/default/WDSContentServer/WDSP/IB/2013/08/01/000442464_20130801091813/Rendered/PDF/798460PROP0P080Box0379792B00PUBLIC0.pdf	
IRQ/051259_98532	IRQ/051259	98532	Procurement Plan	http://www-wds.worldbank.org/external/default/WDSContentServer/WDSP/IB/2013/08/01/000442464_20130801091813/Rendered/PDF/798460PROP0P080Box0379792B00PUBLIC0.pdf	
IRQ/051259_98855	IRQ/051259	98855	Procurement Plan	http://www-wds.worldbank.org/external/default/WDSContentServer/WDSP/IB/2013/08/01/000442464_20130801091813/Rendered/PDF/798460PROP0P080Box0379792B00PUBLIC0.pdf	
IRQ/051259_98860	IRQ/051259	98860	Procurement Plan	http://www-wds.worldbank.org/external/default/WDSContentServer/WDSP/IB/2013/08/01/000442464_20130801091813/Rendered/PDF/798460PROP0P080Box0379792B00PUBLIC0.pdf	
IRQ/051259_98861	IRQ/051259	98861	Procurement Plan	http://www-wds.worldbank.org/external/default/WDSContentServer/WDSP/IB/2013/08/01/000442464_20130801091813/Rendered/PDF/798460PROP0P080Box0379792B00PUBLIC0.pdf	
IRQ/051259_99040	IRQ/051259	99040	Procurement Plan	http://www-wds.worldbank.org/external/default/WDSContentServer/WDSP/IB/2013/08/01/000442464_20130801091813/Rendered/PDF/798460PROP0P080Box0379792B00PUBLIC0.pdf	
IRQ/051259_99131	IRQ/051259	99131	Procurement Plan	http://www-wds.worldbank.org/external/default/WDSContentServer/WDSP/IB/2013/08/01/000442464_20130801091813/Rendered/PDF/798460PROP0P080Box0379792B00PUBLIC0.pdf	
IRQ/051259_99132	IRQ/051259	99132	Procurement Plan	http://www-wds.worldbank.org/external/default/WDSContentServer/WDSP/IB/2013/08/01/000442464_20130801091813/Rendered/PDF/798460PROP0P080Box0379792B00PUBLIC0.pdf	
IRQ/051259_99135	IRQ/051259	99135	Procurement Plan	http://www-wds.worldbank.org/external/default/WDSContentServer/WDSP/IB/2013/08/01/000442464_20130801091813/Rendered/PDF/798460PROP0P080Box0379792B00PUBLIC0.pdf	
IRQ/051259_99155	IRQ/051259	99155	Procurement Plan	http://www-wds.worldbank.org/external/default/WDSContentServer/WDSP/IB/2013/08/01/000442464_20130801091813/Rendered/PDF/798460PROP0P080Box0379792B00PUBLIC0.pdf	
IRQ/051259_99345	IRQ/051259	99345	Procurement Plan	http://www-wds.worldbank.org/external/default/WDSContentServer/WDSP/IB/2013/08/01/000442464_20130801091813/Rendered/PDF/798460PROP0P080Box0379792B00PUBLIC0.pdf	
IRQ/051259_99347	IRQ/051259	99347	Procurement Plan	http://www-wds.worldbank.org/external/default/WDSContentServer/WDSP/IB/2013/08/01/000442464_20130801091813/Rendered/PDF/798460PROP0P080Box0379792B00PUBLIC0.pdf	
IRQ/051259_99608	IRQ/051259	99608	Procurement Plan	http://www-wds.worldbank.org/external/default/WDSContentServer/WDSP/IB/2013/08/01/000442464_20130801091813/Rendered/PDF/798460PROP0P080Box0379792B00PUBLIC0.pdf	
IRQ/051259_99610	IRQ/051259	99610	Procurement Plan	http://www-wds.worldbank.org/external/default/WDSContentServer/WDSP/IB/2013/08/01/000442464_20130801091813/Rendered/PDF/798460PROP0P080Box0379792B00PUBLIC0.pdf	
IRQ/051259_99762	IRQ/051259	99762	Procurement Plan	http://www-wds.worldbank.org/external/default/WDSContentServer/WDSP/IB/2013/08/01/000442464_20130801091813/Rendered/PDF/798460PROP0P080Box0379792B00PUBLIC0.pdf	
IRQ/051259_99763	IRQ/051259	99763	Procurement Plan	http://www-wds.worldbank.org/external/default/WDSContentServer/WDSP/IB/2013/08/01/000442464_20130801091813/Rendered/PDF/798460PROP0P080Box0379792B00PUBLIC0.pdf	
IRQ/051259_384953	IRQ/051259	384953	Procurement Plan	http://www-wds.worldbank.org/external/default/WDSContentServer/WDSP/IB/2012/09/12/000386194_20120912014741/Rendered/PDF/724060PROP0P080an0revised0May02012.pdf	
IRQ/051259_408355	IRQ/051259	408355	Procurement Plan	http://www-wds.worldbank.org/external/default/WDSContentServer/WDSP/IB/2012/09/12/000386194_20120912014741/Rendered/PDF/724060PROP0P080an0revised0May02012.pdf	
IRQ/051259_6819099	IRQ/051259	6819099	Procurement Plan	http://www-wds.worldbank.org/external/default/WDSContentServer/WDSP/IB/2012/09/12/000386194_20120912014741/Rendered/PDF/724060PROP0P080an0revised0May02012.pdf	
IRQ/051259_9253017	IRQ/051259	9253017	Procurement Plan	http://www-wds.worldbank.org/external/default/WDSContentServer/WDSP/IB/2012/09/12/000386194_20120912014741/Rendered/PDF/724060PROP0P080an0revised0May02012.pdf	
IRQ/051259_9253021	IRQ/051259	9253021	Procurement Plan	http://www-wds.worldbank.org/external/default/WDSContentServer/WDSP/IB/2012/09/12/000386194_20120912014741/Rendered/PDF/724060PROP0P080an0revised0May02012.pdf	
IRQ/051259_93817	IRQ/051259	93817	Environmental Assessment (Vol 6)	http://www-wds.worldbank.org/external/default/WDSContentServer/WDSP/IB/2012/07/17/000386194_20120717010728/Rendered/PDF/E13110v60EA0P0000ENGLISH00June02006.pdf	
IRQ/051259_95444	IRQ/051259	95444	Environmental Assessment (Vol 6)	http://www-wds.worldbank.org/external/default/WDSContentServer/WDSP/IB/2012/07/17/000386194_20120717010728/Rendered/PDF/E13110v60EA0P0000ENGLISH00June02006.pdf	
IRQ/051259_95446	IRQ/051259	95446	Environmental Assessment (Vol 6)	http://www-wds.worldbank.org/external/default/WDSContentServer/WDSP/IB/2012/07/17/000386194_20120717010728/Rendered/PDF/E13110v60EA0P0000ENGLISH00June02006.pdf	
IRQ/051259_98979	IRQ/051259	98979	Environmental Assessment (Vol 6)	http://www-wds.worldbank.org/external/default/WDSContentServer/WDSP/IB/2012/07/17/000386194_20120717010728/Rendered/PDF/E13110v60EA0P0000ENGLISH00June02006.pdf	
IRQ/051259_94590	IRQ/051259	94590	Environmental Assessment (Vol 4)	http://www-wds.worldbank.org/external/default/WDSContentServer/WDSP/IB/2012/07/13/000333038_20120713011004/Rendered/PDF/E13110v40EA0P00000Snur000Kani0Pasha.pdf	
IRQ/051259_9166591	IRQ/051259	9166591	Environmental Assessment (Vol 3)	http://www-wds.worldbank.org/external/default/WDSContentServer/WDSP/IB/2012/07/13/000333038_20120713010101/Rendered/PDF/E13110v30EA0P00AJISEK0RKAWA0AFRIYAN.pdf	
IRQ/051259_9252991	IRQ/051259	9252991	Environmental Assessment (Vol 5)	http://www-wds.worldbank.org/external/default/WDSContentServer/WDSP/IB/2012/07/13/000333037_20120713010327/Rendered/PDF/E13110v50EA0P00IA0TEXT0AKREE0ESMAWA.pdf	
IRQ/051259_9253001	IRQ/051259	9253001	Environmental Assessment (Vol 5)	http://www-wds.worldbank.org/external/default/WDSContentServer/WDSP/IB/2012/07/13/000333037_20120713010327/Rendered/PDF/E13110v50EA0P00IA0TEXT0AKREE0ESMAWA.pdf	
IRQ/051259_94024	IRQ/051259	94024	Environmental Assessment (Vol 5)	http://www-wds.worldbank.org/external/default/WDSContentServer/WDSP/IB/2012/07/13/000333037_20120713010327/Rendered/PDF/E13110v50EA0P00IA0TEXT0AKREE0ESMAWA.pdf	
IRQ/051259_98820	IRQ/051259	98820	Environmental Assessment (Vol 5)	http://www-wds.worldbank.org/external/default/WDSContentServer/WDSP/IB/2012/07/13/000333037_20120713010327/Rendered/PDF/E13110v50EA0P00IA0TEXT0AKREE0ESMAWA.pdf	
IRQ/051259_6850784	IRQ/051259	6850784	Environmental Assessment (Vol 2)	http://www-wds.worldbank.org/external/default/WDSContentServer/WDSP/IB/2012/07/10/000386194_20120710024103/Rendered/PDF/E13110v20EA0P00Component020Bridges.pdf	
IRQ/051259_98227	IRQ/051259	98227	Environmental Assessment (Vol 2)	http://www-wds.worldbank.org/external/default/WDSContentServer/WDSP/IB/2012/07/10/000386194_20120710024103/Rendered/PDF/E13110v20EA0P00Component020Bridges.pdf	
IRQ/051259_99032	IRQ/051259	99032	Environmental Assessment (Vol 2)	http://www-wds.worldbank.org/external/default/WDSContentServer/WDSP/IB/2012/07/10/000386194_20120710024103/Rendered/PDF/E13110v20EA0P00Component020Bridges.pdf	
OP/3057_96951	OP/3057	96951	ISDS	http://www-wds.worldbank.org/external/default/WDSContentServer/WDSP/IB/2006/09/18/000104615_20060918171833/Rendered/PDF/Integrated0Saf1et010Appraisal0Stage.pdf	
OP/3057_97180	OP/3057	97180	ISDS	http://www-wds.worldbank.org/external/default/WDSContentServer/WDSP/IB/2006/09/18/000104615_20060918171833/Rendered/PDF/Integrated0Saf1et010Appraisal0Stage.pdf	
OP/42757_99237	OP/42757	99237		http://siteresources.worldbank.org/IRFFI/64168382-1092419001661/21512101/UNICEFRFP_BasrahMasterPlanoct07.pdf	
OP/26476_97019	OP/26476	97019	USAID	http://reliefweb.int/report/iraq/usaid-iraq-reconstruction-and-humanitarian-relief-weekly-update-48-fy-2006	
OP/26476_89341	OP/26476	89341	USAID	http://reliefweb.int/report/iraq/usaid-iraq-reconstruction-and-humanitarian-relief-weekly-update-48-fy-2005	
OP/26476_93540	OP/26476	93540	USAID	http://reliefweb.int/report/iraq/usaid-iraq-reconstruction-and-humanitarian-relief-weekly-update-48-fy-2004	
OP/26473_98862	OP/26473	98862	USAID	http://reliefweb.int/report/iraq/usaid-iraq-reconstruction-and-humanitarian-relief-weekly-update-37-fy-2007	
OP/26473_94823	OP/26473	94823	USAID	http://reliefweb.int/report/iraq/usaid-iraq-reconstruction-and-humanitarian-relief-weekly-update-37-fy-2006	
OP/26473_89341	OP/26473	89341	USAID	http://reliefweb.int/report/iraq/usaid-iraq-reconstruction-and-humanitarian-relief-weekly-update-37-fy-2005	
OP/35938_98180	OP/35938	98180	USAID	http://reliefweb.int/report/iraq/usaid-iraq-reconstruction-and-humanitarian-relief-weekly-update-36-fy-2008	
OP/39063_99072	OP/39063	99072	USAID	http://reliefweb.int/report/iraq/usaid-iraq-reconstruction-and-humanitarian-relief-weekly-update-36-fy-2007	
OP/39063_98414	OP/39063	98414	USAID	http://reliefweb.int/report/iraq/usaid-iraq-reconstruction-and-humanitarian-relief-weekly-update-36-fy-2006	
OP/39063_99347	OP/39063	99347	USAID	http://reliefweb.int/report/iraq/usaid-iraq-reconstruction-and-humanitarian-relief-weekly-update-36-fy-2005	
OP/50748_96997	OP/50748	96997		http://projects.washingtonpost.com/2008/iraq-cerp/search/?quarter=2&year=&page=64	
OP/26496_99237	OP/26496	99237		http://pdf.usaid.gov/pdf_docs/PNADG723.pdf	
OP/36099_99237	OP/36099	99237		http://pdf.usaid.gov/pdf_docs/PDACM920.pdf	
OP/36100_99237	OP/36100	99237		http://pdf.usaid.gov/pdf_docs/PDACM920.pdf	
OP/36101_99237	OP/36101	99237		http://pdf.usaid.gov/pdf_docs/PDACM920.pdf	
OP/26489_99237	OP/26489	99237		http://pdf.usaid.gov/pdf_docs/Pdacj286.pdf	
OP/26468_89341	OP/26468	89341	USAID	http://pdf.usaid.gov/pdf_docs/Pdacj285.pdf	
OP/26468_89693	OP/26468	89693	USAID	http://pdf.usaid.gov/pdf_docs/Pdacj285.pdf	
OP/26468_91695	OP/26468	91695	USAID	http://pdf.usaid.gov/pdf_docs/Pdacj285.pdf	
OP/26468_92877	OP/26468	92877	USAID	http://pdf.usaid.gov/pdf_docs/Pdacj285.pdf	
OP/26468_93540	OP/26468	93540	USAID	http://pdf.usaid.gov/pdf_docs/Pdacj285.pdf	
OP/26468_94823	OP/26468	94823	USAID	http://pdf.usaid.gov/pdf_docs/Pdacj285.pdf	
OP/26468_95445	OP/26468	95445	USAID	http://pdf.usaid.gov/pdf_docs/Pdacj285.pdf	
OP/26468_96965	OP/26468	96965	USAID	http://pdf.usaid.gov/pdf_docs/Pdacj285.pdf	
OP/26468_97019	OP/26468	97019	USAID	http://pdf.usaid.gov/pdf_docs/Pdacj285.pdf	
OP/26468_98180	OP/26468	98180	USAID	http://pdf.usaid.gov/pdf_docs/Pdacj285.pdf	
OP/26468_98227	OP/26468	98227	USAID	http://pdf.usaid.gov/pdf_docs/Pdacj285.pdf	
OP/26468_98410	OP/26468	98410	USAID	http://pdf.usaid.gov/pdf_docs/Pdacj285.pdf	
OP/26468_98862	OP/26468	98862	USAID	http://pdf.usaid.gov/pdf_docs/Pdacj285.pdf	
OP/26468_99022	OP/26468	99022	USAID	http://pdf.usaid.gov/pdf_docs/Pdacj285.pdf	
OP/26468_99032	OP/26468	99032	USAID	http://pdf.usaid.gov/pdf_docs/Pdacj285.pdf	
OP/26497_89341	OP/26497	89341	USAID	http://pdf.usaid.gov/pdf_docs/Pdacj285.pdf	
OP/26497_89693	OP/26497	89693	USAID	http://pdf.usaid.gov/pdf_docs/Pdacj285.pdf	
OP/26497_93540	OP/26497	93540	USAID	http://pdf.usaid.gov/pdf_docs/Pdacj285.pdf	
OP/26497_94823	OP/26497	94823	USAID	http://pdf.usaid.gov/pdf_docs/Pdacj285.pdf	
OP/26497_97019	OP/26497	97019	USAID	http://pdf.usaid.gov/pdf_docs/Pdacj285.pdf	
OP/26497_97270	OP/26497	97270	USAID	http://pdf.usaid.gov/pdf_docs/Pdacj285.pdf	
OP/26497_98227	OP/26497	98227	USAID	http://pdf.usaid.gov/pdf_docs/Pdacj285.pdf	
OP/26497_98465	OP/26497	98465	USAID	http://pdf.usaid.gov/pdf_docs/Pdacj285.pdf	
OP/26497_98862	OP/26497	98862	USAID	http://pdf.usaid.gov/pdf_docs/Pdacj285.pdf	
OP/26497_99022	OP/26497	99022	USAID	http://pdf.usaid.gov/pdf_docs/Pdacj285.pdf	
OP/26497_99032	OP/26497	99032	USAID	http://pdf.usaid.gov/pdf_docs/Pdacj285.pdf	
OP/26498_97019	OP/26498	97019	USAID	http://pdf.usaid.gov/pdf_docs/Pdacj285.pdf	
OP/26498_98180	OP/26498	98180	USAID	http://pdf.usaid.gov/pdf_docs/Pdacj285.pdf	
OP/26498_99022	OP/26498	99022	USAID	http://pdf.usaid.gov/pdf_docs/Pdacj285.pdf	
OP/26498_99032	OP/26498	99032	USAID	http://pdf.usaid.gov/pdf_docs/Pdacj285.pdf	
OP/26499_89341	OP/26499	89341	USAID	http://pdf.usaid.gov/pdf_docs/Pdacj285.pdf	
OP/26499_97019	OP/26499	97019	USAID	http://pdf.usaid.gov/pdf_docs/Pdacj285.pdf	
OP/26499_98180	OP/26499	98180	USAID	http://pdf.usaid.gov/pdf_docs/Pdacj285.pdf	
OP/26499_99032	OP/26499	99032	USAID	http://pdf.usaid.gov/pdf_docs/Pdacj285.pdf	
OP/26500_89693	OP/26500	89693	USAID	http://pdf.usaid.gov/pdf_docs/Pdacj285.pdf	
OP/26500_99022	OP/26500	99022	USAID	http://pdf.usaid.gov/pdf_docs/Pdacj285.pdf	
OP/26500_99032	OP/26500	99032	USAID	http://pdf.usaid.gov/pdf_docs/Pdacj285.pdf	
OP/35937_96735	OP/35937	96735	USAID	http://pdf.usaid.gov/pdf_docs/Pdacj285.pdf	
OP/35938_98465	OP/35938	98465	USAID	http://pdf.usaid.gov/pdf_docs/Pdacj285.pdf	
OP/26500_98180	OP/26500	98180	USAID	http://pdf.usaid.gov/pdf_docs/PDACH484.pdf	
OP/26986_99532	OP/26986	99532	USAID	http://pdf.usaid.gov/pdf_docs/PDACH484.pdf	
OP/35937_89824	OP/35937	89824	USAID	http://pdf.usaid.gov/pdf_docs/PDACH484.pdf	
OP/35937_9253052	OP/35937	9253052	USAID	http://pdf.usaid.gov/pdf_docs/PDACH484.pdf	
OP/41741_99237	OP/41741	99237		http://pdf.usaid.gov/pdf_docs/PDACH484.pdf	
OP/41742_99237	OP/41742	99237		http://pdf.usaid.gov/pdf_docs/PDACH484.pdf	
OP/42524_99237	OP/42524	99237		http://pdf.usaid.gov/pdf_docs/PDACH484.pdf	
OP/26484_98180	OP/26484	98180	USAID	http://pdf.usaid.gov/pdf_docs/Pdach176.pdf	
OP/26484_98227	OP/26484	98227	USAID	http://pdf.usaid.gov/pdf_docs/Pdach176.pdf	
OP/26484_99022	OP/26484	99022	USAID	http://pdf.usaid.gov/pdf_docs/Pdach176.pdf	
OP/26484_99032	OP/26484	99032	USAID	http://pdf.usaid.gov/pdf_docs/Pdach176.pdf	
OP/26493_99237	OP/26493	99237		http://pdf.usaid.gov/pdf_docs/Pdach176.pdf	
IRQ/051343_6647879	IRQ/051343	6647879		http://pdf.usaid.gov/pdf_docs/PDACF680.pdf	
IRQ/051343_9166665	IRQ/051343	9166665		http://pdf.usaid.gov/pdf_docs/PDACF680.pdf	
IRQ/051343_9171968	IRQ/051343	9171968		http://pdf.usaid.gov/pdf_docs/PDACF680.pdf	
IRQ/051343_9255872	IRQ/051343	9255872		http://pdf.usaid.gov/pdf_docs/PDACF680.pdf	
IRQ/051343_9612241	IRQ/051343	9612241		http://pdf.usaid.gov/pdf_docs/PDACF680.pdf	
OP/26138_99237	OP/26138	99237		http://pdf.usaid.gov/pdf_docs/PDACF680.pdf	
OP/26139_6647879	OP/26139	6647879		http://pdf.usaid.gov/pdf_docs/PDACF680.pdf	
OP/26139_9166665	OP/26139	9166665		http://pdf.usaid.gov/pdf_docs/PDACF680.pdf	
OP/26139_9171968	OP/26139	9171968		http://pdf.usaid.gov/pdf_docs/PDACF680.pdf	
OP/26139_9255872	OP/26139	9255872		http://pdf.usaid.gov/pdf_docs/PDACF680.pdf	
OP/26139_9612241	OP/26139	9612241		http://pdf.usaid.gov/pdf_docs/PDACF680.pdf	
OP/26140_6647879	OP/26140	6647879		http://pdf.usaid.gov/pdf_docs/PDACF680.pdf	
OP/26140_9166665	OP/26140	9166665		http://pdf.usaid.gov/pdf_docs/PDACF680.pdf	
OP/26140_9171968	OP/26140	9171968		http://pdf.usaid.gov/pdf_docs/PDACF680.pdf	
OP/26140_9255872	OP/26140	9255872		http://pdf.usaid.gov/pdf_docs/PDACF680.pdf	
OP/26140_9612241	OP/26140	9612241		http://pdf.usaid.gov/pdf_docs/PDACF680.pdf	
OP/26141_6647879	OP/26141	6647879		http://pdf.usaid.gov/pdf_docs/PDACF680.pdf	
OP/26141_9166665	OP/26141	9166665		http://pdf.usaid.gov/pdf_docs/PDACF680.pdf	
OP/26141_9171968	OP/26141	9171968		http://pdf.usaid.gov/pdf_docs/PDACF680.pdf	
OP/26141_9255872	OP/26141	9255872		http://pdf.usaid.gov/pdf_docs/PDACF680.pdf	
OP/26141_9612241	OP/26141	9612241		http://pdf.usaid.gov/pdf_docs/PDACF680.pdf	
OP/26142_6647879	OP/26142	6647879		http://pdf.usaid.gov/pdf_docs/PDACF680.pdf	
OP/26142_9166665	OP/26142	9166665		http://pdf.usaid.gov/pdf_docs/PDACF680.pdf	
OP/26142_9171968	OP/26142	9171968		http://pdf.usaid.gov/pdf_docs/PDACF680.pdf	
OP/26142_9255872	OP/26142	9255872		http://pdf.usaid.gov/pdf_docs/PDACF680.pdf	
OP/26142_9612241	OP/26142	9612241		http://pdf.usaid.gov/pdf_docs/PDACF680.pdf	
OP/26143_6647879	OP/26143	6647879		http://pdf.usaid.gov/pdf_docs/PDACF680.pdf	
OP/26143_9166665	OP/26143	9166665		http://pdf.usaid.gov/pdf_docs/PDACF680.pdf	
OP/26143_9171968	OP/26143	9171968		http://pdf.usaid.gov/pdf_docs/PDACF680.pdf	
OP/26143_9255872	OP/26143	9255872		http://pdf.usaid.gov/pdf_docs/PDACF680.pdf	
OP/26143_9612241	OP/26143	9612241		http://pdf.usaid.gov/pdf_docs/PDACF680.pdf	
OP/26144_6647879	OP/26144	6647879		http://pdf.usaid.gov/pdf_docs/PDACF680.pdf	
OP/26144_9166665	OP/26144	9166665		http://pdf.usaid.gov/pdf_docs/PDACF680.pdf	
OP/26144_9171968	OP/26144	9171968		http://pdf.usaid.gov/pdf_docs/PDACF680.pdf	
OP/26144_9255872	OP/26144	9255872		http://pdf.usaid.gov/pdf_docs/PDACF680.pdf	
OP/26144_9612241	OP/26144	9612241		http://pdf.usaid.gov/pdf_docs/PDACF680.pdf	
OP/26149_6647879	OP/26149	6647879		http://pdf.usaid.gov/pdf_docs/PDACF680.pdf	
OP/26149_9166665	OP/26149	9166665		http://pdf.usaid.gov/pdf_docs/PDACF680.pdf	
OP/26149_9171968	OP/26149	9171968		http://pdf.usaid.gov/pdf_docs/PDACF680.pdf	
OP/26149_9255872	OP/26149	9255872		http://pdf.usaid.gov/pdf_docs/PDACF680.pdf	
OP/26149_9612241	OP/26149	9612241		http://pdf.usaid.gov/pdf_docs/PDACF680.pdf	
OP/26151_6647879	OP/26151	6647879		http://pdf.usaid.gov/pdf_docs/PDACF680.pdf	
OP/26151_9166665	OP/26151	9166665		http://pdf.usaid.gov/pdf_docs/PDACF680.pdf	
OP/26151_9171968	OP/26151	9171968		http://pdf.usaid.gov/pdf_docs/PDACF680.pdf	
OP/26151_9255872	OP/26151	9255872		http://pdf.usaid.gov/pdf_docs/PDACF680.pdf	
OP/26151_9612241	OP/26151	9612241		http://pdf.usaid.gov/pdf_docs/PDACF680.pdf	
OP/26152_6647879	OP/26152	6647879		http://pdf.usaid.gov/pdf_docs/PDACF680.pdf	
OP/26152_9166665	OP/26152	9166665		http://pdf.usaid.gov/pdf_docs/PDACF680.pdf	
OP/26152_9171968	OP/26152	9171968		http://pdf.usaid.gov/pdf_docs/PDACF680.pdf	
OP/26152_9255872	OP/26152	9255872		http://pdf.usaid.gov/pdf_docs/PDACF680.pdf	
OP/26152_9612241	OP/26152	9612241		http://pdf.usaid.gov/pdf_docs/PDACF680.pdf	
OP/26155_6647879	OP/26155	6647879		http://pdf.usaid.gov/pdf_docs/PDACF680.pdf	
OP/26155_9166665	OP/26155	9166665		http://pdf.usaid.gov/pdf_docs/PDACF680.pdf	
OP/26155_9171968	OP/26155	9171968		http://pdf.usaid.gov/pdf_docs/PDACF680.pdf	
OP/26155_9255872	OP/26155	9255872		http://pdf.usaid.gov/pdf_docs/PDACF680.pdf	
OP/26155_9612241	OP/26155	9612241		http://pdf.usaid.gov/pdf_docs/PDACF680.pdf	
OP/26159_6647879	OP/26159	6647879		http://pdf.usaid.gov/pdf_docs/PDACF680.pdf	
OP/26159_9166665	OP/26159	9166665		http://pdf.usaid.gov/pdf_docs/PDACF680.pdf	
OP/26159_9171968	OP/26159	9171968		http://pdf.usaid.gov/pdf_docs/PDACF680.pdf	
OP/26159_9255872	OP/26159	9255872		http://pdf.usaid.gov/pdf_docs/PDACF680.pdf	
OP/26159_9612241	OP/26159	9612241		http://pdf.usaid.gov/pdf_docs/PDACF680.pdf	
OP/26160_6647879	OP/26160	6647879		http://pdf.usaid.gov/pdf_docs/PDACF680.pdf	
OP/26160_9166665	OP/26160	9166665		http://pdf.usaid.gov/pdf_docs/PDACF680.pdf	
OP/26160_9171968	OP/26160	9171968		http://pdf.usaid.gov/pdf_docs/PDACF680.pdf	
OP/26160_9255872	OP/26160	9255872		http://pdf.usaid.gov/pdf_docs/PDACF680.pdf	
OP/26160_9612241	OP/26160	9612241		http://pdf.usaid.gov/pdf_docs/PDACF680.pdf	
OP/26163_6647879	OP/26163	6647879		http://pdf.usaid.gov/pdf_docs/PDACF680.pdf	
OP/26163_9166665	OP/26163	9166665		http://pdf.usaid.gov/pdf_docs/PDACF680.pdf	
OP/26163_9171968	OP/26163	9171968		http://pdf.usaid.gov/pdf_docs/PDACF680.pdf	
OP/26163_9255872	OP/26163	9255872		http://pdf.usaid.gov/pdf_docs/PDACF680.pdf	
OP/26163_9612241	OP/26163	9612241		http://pdf.usaid.gov/pdf_docs/PDACF680.pdf	
OP/26165_6647879	OP/26165	6647879		http://pdf.usaid.gov/pdf_docs/PDACF680.pdf	
OP/26165_9166665	OP/26165	9166665		http://pdf.usaid.gov/pdf_docs/PDACF680.pdf	
OP/26165_9171968	OP/26165	9171968		http://pdf.usaid.gov/pdf_docs/PDACF680.pdf	
OP/26165_9255872	OP/26165	9255872		http://pdf.usaid.gov/pdf_docs/PDACF680.pdf	
OP/26165_9612241	OP/26165	9612241		http://pdf.usaid.gov/pdf_docs/PDACF680.pdf	
OP/26166_6647879	OP/26166	6647879		http://pdf.usaid.gov/pdf_docs/PDACF680.pdf	
OP/26166_9166665	OP/26166	9166665		http://pdf.usaid.gov/pdf_docs/PDACF680.pdf	
OP/26166_9171968	OP/26166	9171968		http://pdf.usaid.gov/pdf_docs/PDACF680.pdf	
OP/26166_9255872	OP/26166	9255872		http://pdf.usaid.gov/pdf_docs/PDACF680.pdf	
OP/26166_9612241	OP/26166	9612241		http://pdf.usaid.gov/pdf_docs/PDACF680.pdf	
OP/26167_6647879	OP/26167	6647879		http://pdf.usaid.gov/pdf_docs/PDACF680.pdf	
OP/26167_9166665	OP/26167	9166665		http://pdf.usaid.gov/pdf_docs/PDACF680.pdf	
OP/26167_9171968	OP/26167	9171968		http://pdf.usaid.gov/pdf_docs/PDACF680.pdf	
OP/26167_9255872	OP/26167	9255872		http://pdf.usaid.gov/pdf_docs/PDACF680.pdf	
OP/26167_9612241	OP/26167	9612241		http://pdf.usaid.gov/pdf_docs/PDACF680.pdf	
OP/26168_6647879	OP/26168	6647879		http://pdf.usaid.gov/pdf_docs/PDACF680.pdf	
OP/26168_9166665	OP/26168	9166665		http://pdf.usaid.gov/pdf_docs/PDACF680.pdf	
OP/26168_9171968	OP/26168	9171968		http://pdf.usaid.gov/pdf_docs/PDACF680.pdf	
OP/26168_9255872	OP/26168	9255872		http://pdf.usaid.gov/pdf_docs/PDACF680.pdf	
OP/26168_9612241	OP/26168	9612241		http://pdf.usaid.gov/pdf_docs/PDACF680.pdf	
OP/26171_6647879	OP/26171	6647879		http://pdf.usaid.gov/pdf_docs/PDACF680.pdf	
OP/26171_9166665	OP/26171	9166665		http://pdf.usaid.gov/pdf_docs/PDACF680.pdf	
OP/26171_9171968	OP/26171	9171968		http://pdf.usaid.gov/pdf_docs/PDACF680.pdf	
OP/26171_9255872	OP/26171	9255872		http://pdf.usaid.gov/pdf_docs/PDACF680.pdf	
OP/26171_9612241	OP/26171	9612241		http://pdf.usaid.gov/pdf_docs/PDACF680.pdf	
OP/26172_6647879	OP/26172	6647879		http://pdf.usaid.gov/pdf_docs/PDACF680.pdf	
OP/26172_9166665	OP/26172	9166665		http://pdf.usaid.gov/pdf_docs/PDACF680.pdf	
OP/26172_9171968	OP/26172	9171968		http://pdf.usaid.gov/pdf_docs/PDACF680.pdf	
OP/26172_9255872	OP/26172	9255872		http://pdf.usaid.gov/pdf_docs/PDACF680.pdf	
OP/26172_9612241	OP/26172	9612241		http://pdf.usaid.gov/pdf_docs/PDACF680.pdf	
OP/26173_6647879	OP/26173	6647879		http://pdf.usaid.gov/pdf_docs/PDACF680.pdf	
OP/26173_9166665	OP/26173	9166665		http://pdf.usaid.gov/pdf_docs/PDACF680.pdf	
OP/26173_9171968	OP/26173	9171968		http://pdf.usaid.gov/pdf_docs/PDACF680.pdf	
OP/26173_9255872	OP/26173	9255872		http://pdf.usaid.gov/pdf_docs/PDACF680.pdf	
OP/26173_9612241	OP/26173	9612241		http://pdf.usaid.gov/pdf_docs/PDACF680.pdf	
OP/26175_6647879	OP/26175	6647879		http://pdf.usaid.gov/pdf_docs/PDACF680.pdf	
OP/26175_9166665	OP/26175	9166665		http://pdf.usaid.gov/pdf_docs/PDACF680.pdf	
OP/26175_9171968	OP/26175	9171968		http://pdf.usaid.gov/pdf_docs/PDACF680.pdf	
OP/26175_9255872	OP/26175	9255872		http://pdf.usaid.gov/pdf_docs/PDACF680.pdf	
OP/26175_9612241	OP/26175	9612241		http://pdf.usaid.gov/pdf_docs/PDACF680.pdf	
OP/26176_6647879	OP/26176	6647879		http://pdf.usaid.gov/pdf_docs/PDACF680.pdf	
OP/26176_9166665	OP/26176	9166665		http://pdf.usaid.gov/pdf_docs/PDACF680.pdf	
OP/26176_9171968	OP/26176	9171968		http://pdf.usaid.gov/pdf_docs/PDACF680.pdf	
OP/26176_9255872	OP/26176	9255872		http://pdf.usaid.gov/pdf_docs/PDACF680.pdf	
OP/26176_9612241	OP/26176	9612241		http://pdf.usaid.gov/pdf_docs/PDACF680.pdf	
OP/26178_6647879	OP/26178	6647879		http://pdf.usaid.gov/pdf_docs/PDACF680.pdf	
OP/26178_9166665	OP/26178	9166665		http://pdf.usaid.gov/pdf_docs/PDACF680.pdf	
OP/26178_9171968	OP/26178	9171968		http://pdf.usaid.gov/pdf_docs/PDACF680.pdf	
OP/26178_9255872	OP/26178	9255872		http://pdf.usaid.gov/pdf_docs/PDACF680.pdf	
OP/26178_9612241	OP/26178	9612241		http://pdf.usaid.gov/pdf_docs/PDACF680.pdf	
OP/26179_6647879	OP/26179	6647879		http://pdf.usaid.gov/pdf_docs/PDACF680.pdf	
OP/26179_9166665	OP/26179	9166665		http://pdf.usaid.gov/pdf_docs/PDACF680.pdf	
OP/26179_9171968	OP/26179	9171968		http://pdf.usaid.gov/pdf_docs/PDACF680.pdf	
OP/26179_9255872	OP/26179	9255872		http://pdf.usaid.gov/pdf_docs/PDACF680.pdf	
OP/26179_9612241	OP/26179	9612241		http://pdf.usaid.gov/pdf_docs/PDACF680.pdf	
OP/26180_6647879	OP/26180	6647879		http://pdf.usaid.gov/pdf_docs/PDACF680.pdf	
OP/26180_9166665	OP/26180	9166665		http://pdf.usaid.gov/pdf_docs/PDACF680.pdf	
OP/26180_9171968	OP/26180	9171968		http://pdf.usaid.gov/pdf_docs/PDACF680.pdf	
OP/26180_9255872	OP/26180	9255872		http://pdf.usaid.gov/pdf_docs/PDACF680.pdf	
OP/26180_9612241	OP/26180	9612241		http://pdf.usaid.gov/pdf_docs/PDACF680.pdf	
OP/26182_6647879	OP/26182	6647879		http://pdf.usaid.gov/pdf_docs/PDACF680.pdf	
OP/26182_9166665	OP/26182	9166665		http://pdf.usaid.gov/pdf_docs/PDACF680.pdf	
OP/26182_9171968	OP/26182	9171968		http://pdf.usaid.gov/pdf_docs/PDACF680.pdf	
OP/26182_9255872	OP/26182	9255872		http://pdf.usaid.gov/pdf_docs/PDACF680.pdf	
OP/26182_9612241	OP/26182	9612241		http://pdf.usaid.gov/pdf_docs/PDACF680.pdf	
OP/26183_6647879	OP/26183	6647879		http://pdf.usaid.gov/pdf_docs/PDACF680.pdf	
OP/26183_9166665	OP/26183	9166665		http://pdf.usaid.gov/pdf_docs/PDACF680.pdf	
OP/26183_9171968	OP/26183	9171968		http://pdf.usaid.gov/pdf_docs/PDACF680.pdf	
OP/26183_9255872	OP/26183	9255872		http://pdf.usaid.gov/pdf_docs/PDACF680.pdf	
OP/26183_9612241	OP/26183	9612241		http://pdf.usaid.gov/pdf_docs/PDACF680.pdf	
OP/26184_6647879	OP/26184	6647879		http://pdf.usaid.gov/pdf_docs/PDACF680.pdf	
OP/26184_9166665	OP/26184	9166665		http://pdf.usaid.gov/pdf_docs/PDACF680.pdf	
OP/26184_9171968	OP/26184	9171968		http://pdf.usaid.gov/pdf_docs/PDACF680.pdf	
OP/26184_9255872	OP/26184	9255872		http://pdf.usaid.gov/pdf_docs/PDACF680.pdf	
OP/26184_9612241	OP/26184	9612241		http://pdf.usaid.gov/pdf_docs/PDACF680.pdf	
OP/26185_6647879	OP/26185	6647879		http://pdf.usaid.gov/pdf_docs/PDACF680.pdf	
OP/26185_9166665	OP/26185	9166665		http://pdf.usaid.gov/pdf_docs/PDACF680.pdf	
OP/26185_9171968	OP/26185	9171968		http://pdf.usaid.gov/pdf_docs/PDACF680.pdf	
OP/26185_9255872	OP/26185	9255872		http://pdf.usaid.gov/pdf_docs/PDACF680.pdf	
OP/26185_9612241	OP/26185	9612241		http://pdf.usaid.gov/pdf_docs/PDACF680.pdf	
OP/26186_6647879	OP/26186	6647879		http://pdf.usaid.gov/pdf_docs/PDACF680.pdf	
OP/26186_9166665	OP/26186	9166665		http://pdf.usaid.gov/pdf_docs/PDACF680.pdf	
OP/26186_9171968	OP/26186	9171968		http://pdf.usaid.gov/pdf_docs/PDACF680.pdf	
OP/26186_9255872	OP/26186	9255872		http://pdf.usaid.gov/pdf_docs/PDACF680.pdf	
OP/26186_9612241	OP/26186	9612241		http://pdf.usaid.gov/pdf_docs/PDACF680.pdf	
OP/26187_6647879	OP/26187	6647879		http://pdf.usaid.gov/pdf_docs/PDACF680.pdf	
OP/26187_9166665	OP/26187	9166665		http://pdf.usaid.gov/pdf_docs/PDACF680.pdf	
OP/26187_9171968	OP/26187	9171968		http://pdf.usaid.gov/pdf_docs/PDACF680.pdf	
OP/26187_9255872	OP/26187	9255872		http://pdf.usaid.gov/pdf_docs/PDACF680.pdf	
OP/26187_9612241	OP/26187	9612241		http://pdf.usaid.gov/pdf_docs/PDACF680.pdf	
OP/26189_6647879	OP/26189	6647879		http://pdf.usaid.gov/pdf_docs/PDACF680.pdf	
OP/26189_9166665	OP/26189	9166665		http://pdf.usaid.gov/pdf_docs/PDACF680.pdf	
OP/26189_9171968	OP/26189	9171968		http://pdf.usaid.gov/pdf_docs/PDACF680.pdf	
OP/26189_9255872	OP/26189	9255872		http://pdf.usaid.gov/pdf_docs/PDACF680.pdf	
OP/26189_9612241	OP/26189	9612241		http://pdf.usaid.gov/pdf_docs/PDACF680.pdf	
OP/26190_6647879	OP/26190	6647879		http://pdf.usaid.gov/pdf_docs/PDACF680.pdf	
OP/26190_9166665	OP/26190	9166665		http://pdf.usaid.gov/pdf_docs/PDACF680.pdf	
OP/26190_9171968	OP/26190	9171968		http://pdf.usaid.gov/pdf_docs/PDACF680.pdf	
OP/26190_9255872	OP/26190	9255872		http://pdf.usaid.gov/pdf_docs/PDACF680.pdf	
OP/26190_9612241	OP/26190	9612241		http://pdf.usaid.gov/pdf_docs/PDACF680.pdf	
OP/26193_6647879	OP/26193	6647879		http://pdf.usaid.gov/pdf_docs/PDACF680.pdf	
OP/26193_9166665	OP/26193	9166665		http://pdf.usaid.gov/pdf_docs/PDACF680.pdf	
OP/26193_9171968	OP/26193	9171968		http://pdf.usaid.gov/pdf_docs/PDACF680.pdf	
OP/26193_9255872	OP/26193	9255872		http://pdf.usaid.gov/pdf_docs/PDACF680.pdf	
OP/26193_9612241	OP/26193	9612241		http://pdf.usaid.gov/pdf_docs/PDACF680.pdf	
OP/26194_6647879	OP/26194	6647879		http://pdf.usaid.gov/pdf_docs/PDACF680.pdf	
OP/26194_9166665	OP/26194	9166665		http://pdf.usaid.gov/pdf_docs/PDACF680.pdf	
OP/26194_9171968	OP/26194	9171968		http://pdf.usaid.gov/pdf_docs/PDACF680.pdf	
OP/26194_9255872	OP/26194	9255872		http://pdf.usaid.gov/pdf_docs/PDACF680.pdf	
OP/26194_9612241	OP/26194	9612241		http://pdf.usaid.gov/pdf_docs/PDACF680.pdf	
OP/26196_6647879	OP/26196	6647879		http://pdf.usaid.gov/pdf_docs/PDACF680.pdf	
OP/26196_9166665	OP/26196	9166665		http://pdf.usaid.gov/pdf_docs/PDACF680.pdf	
OP/26196_9171968	OP/26196	9171968		http://pdf.usaid.gov/pdf_docs/PDACF680.pdf	
OP/26196_9255872	OP/26196	9255872		http://pdf.usaid.gov/pdf_docs/PDACF680.pdf	
OP/26196_9612241	OP/26196	9612241		http://pdf.usaid.gov/pdf_docs/PDACF680.pdf	
OP/26197_6647879	OP/26197	6647879		http://pdf.usaid.gov/pdf_docs/PDACF680.pdf	
OP/26197_9166665	OP/26197	9166665		http://pdf.usaid.gov/pdf_docs/PDACF680.pdf	
OP/26197_9171968	OP/26197	9171968		http://pdf.usaid.gov/pdf_docs/PDACF680.pdf	
OP/26197_9255872	OP/26197	9255872		http://pdf.usaid.gov/pdf_docs/PDACF680.pdf	
OP/26197_9612241	OP/26197	9612241		http://pdf.usaid.gov/pdf_docs/PDACF680.pdf	
OP/26199_6647879	OP/26199	6647879		http://pdf.usaid.gov/pdf_docs/PDACF680.pdf	
OP/26199_9166665	OP/26199	9166665		http://pdf.usaid.gov/pdf_docs/PDACF680.pdf	
OP/26199_9171968	OP/26199	9171968		http://pdf.usaid.gov/pdf_docs/PDACF680.pdf	
OP/26199_9255872	OP/26199	9255872		http://pdf.usaid.gov/pdf_docs/PDACF680.pdf	
OP/26199_9612241	OP/26199	9612241		http://pdf.usaid.gov/pdf_docs/PDACF680.pdf	
OP/26200_6647879	OP/26200	6647879		http://pdf.usaid.gov/pdf_docs/PDACF680.pdf	
OP/26200_9166665	OP/26200	9166665		http://pdf.usaid.gov/pdf_docs/PDACF680.pdf	
OP/26200_9171968	OP/26200	9171968		http://pdf.usaid.gov/pdf_docs/PDACF680.pdf	
OP/26200_9255872	OP/26200	9255872		http://pdf.usaid.gov/pdf_docs/PDACF680.pdf	
OP/26200_9612241	OP/26200	9612241		http://pdf.usaid.gov/pdf_docs/PDACF680.pdf	
OP/26202_6647879	OP/26202	6647879		http://pdf.usaid.gov/pdf_docs/PDACF680.pdf	
OP/26202_9166665	OP/26202	9166665		http://pdf.usaid.gov/pdf_docs/PDACF680.pdf	
OP/26202_9171968	OP/26202	9171968		http://pdf.usaid.gov/pdf_docs/PDACF680.pdf	
OP/26202_9255872	OP/26202	9255872		http://pdf.usaid.gov/pdf_docs/PDACF680.pdf	
OP/26202_9612241	OP/26202	9612241		http://pdf.usaid.gov/pdf_docs/PDACF680.pdf	
OP/26204_6647879	OP/26204	6647879		http://pdf.usaid.gov/pdf_docs/PDACF680.pdf	
OP/26204_9166665	OP/26204	9166665		http://pdf.usaid.gov/pdf_docs/PDACF680.pdf	
OP/26204_9171968	OP/26204	9171968		http://pdf.usaid.gov/pdf_docs/PDACF680.pdf	
OP/26204_9255872	OP/26204	9255872		http://pdf.usaid.gov/pdf_docs/PDACF680.pdf	
OP/26204_9612241	OP/26204	9612241		http://pdf.usaid.gov/pdf_docs/PDACF680.pdf	
OP/26205_6647879	OP/26205	6647879		http://pdf.usaid.gov/pdf_docs/PDACF680.pdf	
OP/26205_9166665	OP/26205	9166665		http://pdf.usaid.gov/pdf_docs/PDACF680.pdf	
OP/26205_9171968	OP/26205	9171968		http://pdf.usaid.gov/pdf_docs/PDACF680.pdf	
OP/26205_9255872	OP/26205	9255872		http://pdf.usaid.gov/pdf_docs/PDACF680.pdf	
OP/26205_9612241	OP/26205	9612241		http://pdf.usaid.gov/pdf_docs/PDACF680.pdf	
OP/26206_6647879	OP/26206	6647879		http://pdf.usaid.gov/pdf_docs/PDACF680.pdf	
OP/26206_9166665	OP/26206	9166665		http://pdf.usaid.gov/pdf_docs/PDACF680.pdf	
OP/26206_9171968	OP/26206	9171968		http://pdf.usaid.gov/pdf_docs/PDACF680.pdf	
OP/26206_9255872	OP/26206	9255872		http://pdf.usaid.gov/pdf_docs/PDACF680.pdf	
OP/26206_9612241	OP/26206	9612241		http://pdf.usaid.gov/pdf_docs/PDACF680.pdf	
OP/26207_6647879	OP/26207	6647879		http://pdf.usaid.gov/pdf_docs/PDACF680.pdf	
OP/26207_9166665	OP/26207	9166665		http://pdf.usaid.gov/pdf_docs/PDACF680.pdf	
OP/26207_9171968	OP/26207	9171968		http://pdf.usaid.gov/pdf_docs/PDACF680.pdf	
OP/26207_9255872	OP/26207	9255872		http://pdf.usaid.gov/pdf_docs/PDACF680.pdf	
OP/26207_9612241	OP/26207	9612241		http://pdf.usaid.gov/pdf_docs/PDACF680.pdf	
OP/26237_6647879	OP/26237	6647879		http://pdf.usaid.gov/pdf_docs/PDACF680.pdf	
OP/26237_9166665	OP/26237	9166665		http://pdf.usaid.gov/pdf_docs/PDACF680.pdf	
OP/26237_9171968	OP/26237	9171968		http://pdf.usaid.gov/pdf_docs/PDACF680.pdf	
OP/26237_9255872	OP/26237	9255872		http://pdf.usaid.gov/pdf_docs/PDACF680.pdf	
OP/26237_9612241	OP/26237	9612241		http://pdf.usaid.gov/pdf_docs/PDACF680.pdf	
OP/26238_6647879	OP/26238	6647879		http://pdf.usaid.gov/pdf_docs/PDACF680.pdf	
OP/26238_9166665	OP/26238	9166665		http://pdf.usaid.gov/pdf_docs/PDACF680.pdf	
OP/26238_9171968	OP/26238	9171968		http://pdf.usaid.gov/pdf_docs/PDACF680.pdf	
OP/26238_9255872	OP/26238	9255872		http://pdf.usaid.gov/pdf_docs/PDACF680.pdf	
OP/26238_9612241	OP/26238	9612241		http://pdf.usaid.gov/pdf_docs/PDACF680.pdf	
OP/26239_6647879	OP/26239	6647879		http://pdf.usaid.gov/pdf_docs/PDACF680.pdf	
OP/26239_9166665	OP/26239	9166665		http://pdf.usaid.gov/pdf_docs/PDACF680.pdf	
OP/26239_9171968	OP/26239	9171968		http://pdf.usaid.gov/pdf_docs/PDACF680.pdf	
OP/26239_9255872	OP/26239	9255872		http://pdf.usaid.gov/pdf_docs/PDACF680.pdf	
OP/26239_9612241	OP/26239	9612241		http://pdf.usaid.gov/pdf_docs/PDACF680.pdf	
OP/26244_6647879	OP/26244	6647879		http://pdf.usaid.gov/pdf_docs/PDACF680.pdf	
OP/26244_9166665	OP/26244	9166665		http://pdf.usaid.gov/pdf_docs/PDACF680.pdf	
OP/26244_9171968	OP/26244	9171968		http://pdf.usaid.gov/pdf_docs/PDACF680.pdf	
OP/26244_9255872	OP/26244	9255872		http://pdf.usaid.gov/pdf_docs/PDACF680.pdf	
OP/26244_9612241	OP/26244	9612241		http://pdf.usaid.gov/pdf_docs/PDACF680.pdf	
OP/26251_6647879	OP/26251	6647879		http://pdf.usaid.gov/pdf_docs/PDACF680.pdf	
OP/26251_9166665	OP/26251	9166665		http://pdf.usaid.gov/pdf_docs/PDACF680.pdf	
OP/26251_9171968	OP/26251	9171968		http://pdf.usaid.gov/pdf_docs/PDACF680.pdf	
OP/26251_9255872	OP/26251	9255872		http://pdf.usaid.gov/pdf_docs/PDACF680.pdf	
OP/26251_9612241	OP/26251	9612241		http://pdf.usaid.gov/pdf_docs/PDACF680.pdf	
OP/26253_6647879	OP/26253	6647879		http://pdf.usaid.gov/pdf_docs/PDACF680.pdf	
OP/26253_9166665	OP/26253	9166665		http://pdf.usaid.gov/pdf_docs/PDACF680.pdf	
OP/26253_9171968	OP/26253	9171968		http://pdf.usaid.gov/pdf_docs/PDACF680.pdf	
OP/26253_9255872	OP/26253	9255872		http://pdf.usaid.gov/pdf_docs/PDACF680.pdf	
OP/26253_9612241	OP/26253	9612241		http://pdf.usaid.gov/pdf_docs/PDACF680.pdf	
OP/26256_6647879	OP/26256	6647879		http://pdf.usaid.gov/pdf_docs/PDACF680.pdf	
OP/26256_9166665	OP/26256	9166665		http://pdf.usaid.gov/pdf_docs/PDACF680.pdf	
OP/26256_9171968	OP/26256	9171968		http://pdf.usaid.gov/pdf_docs/PDACF680.pdf	
OP/26256_9255872	OP/26256	9255872		http://pdf.usaid.gov/pdf_docs/PDACF680.pdf	
OP/26256_9612241	OP/26256	9612241		http://pdf.usaid.gov/pdf_docs/PDACF680.pdf	
OP/26258_6647879	OP/26258	6647879		http://pdf.usaid.gov/pdf_docs/PDACF680.pdf	
OP/26258_9166665	OP/26258	9166665		http://pdf.usaid.gov/pdf_docs/PDACF680.pdf	
OP/26258_9171968	OP/26258	9171968		http://pdf.usaid.gov/pdf_docs/PDACF680.pdf	
OP/26258_9255872	OP/26258	9255872		http://pdf.usaid.gov/pdf_docs/PDACF680.pdf	
OP/26258_9612241	OP/26258	9612241		http://pdf.usaid.gov/pdf_docs/PDACF680.pdf	
OP/27341_6647879	OP/27341	6647879		http://pdf.usaid.gov/pdf_docs/PDACF680.pdf	
OP/27341_9166665	OP/27341	9166665		http://pdf.usaid.gov/pdf_docs/PDACF680.pdf	
OP/27341_9171968	OP/27341	9171968		http://pdf.usaid.gov/pdf_docs/PDACF680.pdf	
OP/27341_9255872	OP/27341	9255872		http://pdf.usaid.gov/pdf_docs/PDACF680.pdf	
OP/27341_9612241	OP/27341	9612241		http://pdf.usaid.gov/pdf_docs/PDACF680.pdf	
OP/27347_6647879	OP/27347	6647879		http://pdf.usaid.gov/pdf_docs/PDACF680.pdf	
OP/27347_9166665	OP/27347	9166665		http://pdf.usaid.gov/pdf_docs/PDACF680.pdf	
OP/27347_9171968	OP/27347	9171968		http://pdf.usaid.gov/pdf_docs/PDACF680.pdf	
OP/27347_9255872	OP/27347	9255872		http://pdf.usaid.gov/pdf_docs/PDACF680.pdf	
OP/27347_9612241	OP/27347	9612241		http://pdf.usaid.gov/pdf_docs/PDACF680.pdf	
OP/27348_6647879	OP/27348	6647879		http://pdf.usaid.gov/pdf_docs/PDACF680.pdf	
OP/27348_9166665	OP/27348	9166665		http://pdf.usaid.gov/pdf_docs/PDACF680.pdf	
OP/27348_9171968	OP/27348	9171968		http://pdf.usaid.gov/pdf_docs/PDACF680.pdf	
OP/27348_9255872	OP/27348	9255872		http://pdf.usaid.gov/pdf_docs/PDACF680.pdf	
OP/27348_9612241	OP/27348	9612241		http://pdf.usaid.gov/pdf_docs/PDACF680.pdf	
OP/27617_6647879	OP/27617	6647879		http://pdf.usaid.gov/pdf_docs/PDACF680.pdf	
OP/27617_9166665	OP/27617	9166665		http://pdf.usaid.gov/pdf_docs/PDACF680.pdf	
OP/27617_9171968	OP/27617	9171968		http://pdf.usaid.gov/pdf_docs/PDACF680.pdf	
OP/27617_9255872	OP/27617	9255872		http://pdf.usaid.gov/pdf_docs/PDACF680.pdf	
OP/27617_9612241	OP/27617	9612241		http://pdf.usaid.gov/pdf_docs/PDACF680.pdf	
OP/26176_99237	OP/26176	99237		http://pdf.usaid.gov/pdf_docs/PDACF680.pdf	
OP/38137_9167678	OP/38137	9167678		http://mawtani.al-shorfa.com/en_GB/articles/iii/features/iraqtoday/2011/05/20/feature-03	
OP/19412_9252720	OP/19412	9252720		http://en.wikipedia.org/wiki/University_of_Technology,_Iraq	
OP/18783_9166656	OP/18783	9166656		http://en.wikipedia.org/wiki/Baghdad_Medical_CityLocation	
OP/37875_99237	OP/37875	99237		http://classic.same.org/files/public/CENTCOM_Webinar_Complete.pdf	
OP/42767_99237	OP/42767	99237		http://classic.same.org/files/public/CENTCOM_Webinar_Complete.pdf	
OP/42834_99237	OP/42834	99237		http://classic.same.org/files/public/CENTCOM_Webinar_Complete.pdf	
OP/42842_99237	OP/42842	99237		http://classic.same.org/files/public/CENTCOM_Webinar_Complete.pdf	
OP/39515_98854	OP/39515	98854		http://cco.dodlive.mil/files/2012/09/pa-06-054-nasiriyah-prison-facility.pdf	
OP/39633_387283	OP/39633	387283	DOD	http://cco.dodlive.mil/files/2012/09/pa-05-01-al-wahda-water-treatment-plant.pdf	
OP/39353_90392	OP/39353	90392		http://cco.dodlive.mil/files/2012/09/09-015-construction-of-primary-healthcare-centers-reported-essentially-complete-but-operational-issues-remain.pdf	
OP/42735_9253116	OP/42735	9253116		http://2001-2009.state.gov/p/nea/rls/rpt/2207/jul2005/html/48780.htm	
OP/13924_7064054	OP/13924	7064054		http://2001-2009.state.gov/p/nea/rls/rpt/2207/85727.htm	
