name	iso2
Anguilla	AI
Montserrat	MS
Tokelau	
Tuvalu	TV
Samoa	WS
Burundi	BI
Croatia	HR
Cyprus	CY
Denmark	DK
Aruba	AW
Angola	AO
Albania	AL
Guernsey	GG
Jersey	JE
Mayotte	YT
Belize	BZ
Canada	CA
Gibraltar	GI
Hungary	HU
Ireland	IE
Jamaica	JM
Mozambique	MZ
Niue	NU
Nepal	NP
Nauru	NR
Portugal	PT
Qatar	QA
Turkmenistan	TM
Ukraine	UA
Bulgaria	BG
Barbados	BB
Botswana	BW
Cameroon	CM
Brunei	BN
Netherlands Antilles	AN
French Southern Territories	TF
Saint Barthelemy	BL
Bermuda	BM
Bouvet Island	BV
Cocos Islands	CC
Cook Islands	CK
Czechoslovakia	CS
Cuba	CU
Christmas Island	CX
Western Sahara	EH
France	FR
Georgia	GE
Guinea	GN
Grenada	GD
Honduras	HN
Kuwait	KW
Lebanon	LB
Lesotho	LS
Latvia	LV
Maldives	MV
Malawi	MW
Malaysia	MY
Romania	RO
Suriname	SR
Slovenia	SI
Sweden	SE
Uruguay	UY
Vanuatu	VU
Zambia	ZM
Azerbaijan	AZ
Bahrain	BH
Belarus	BY
Bosnia and Herzegovina	BA
China	CN
Comoros	KM
Czech Republic	CZ
Djibouti	DJ
Dominican Republic	DO
Equatorial Guinea	GQ
Eritrea	ER
Faroe Islands	FO
Fiji	FJ
Finland	FI
Antigua and Barbuda	AG
Papua New Guinea	PG
Somalia	SO
Trinidad and Tobago	TT
Aland Islands	AX
Andorra	AD
United Arab Emirates	AE
American Samoa	AS
Gilbert and Ellice Islands	GE
Greenland	GL
Isle of Man	IM
Liechtenstein	LI
Monaco	MC
Norfolk Island	NF
Neutral Zone	NT
Puerto Rico	PR
Serbia and Montenegro	CS
San Marino	SM
Syria	SY
Central African Republic	CF
Solomon Islands	SB
Saint Kitts and Nevis	KN
Antarctica	AQ
Australia	AU
Burkina Faso	BF
Switzerland	CH
Cape Verde	CV
Costa Rica	CR
Cayman Islands	KY
Falkland Islands	FK
French Guiana	GF
Heard Island and McDonald Islands	HM
British Indian Ocean Territory	IO
Kyrgyzstan	KG
Kiribati	KI
Libya	LY
Saint Lucia	LC
Sri Lanka	LK
Moldova	MD
Marshall Islands	MH
Northern Mariana Islands	MP
New Zealand	NZ
Pacific Islands, Trust Territory of the	PC
Saudi Arabia	SA
Saint Helena	SH
Saint Pierre and Miquelon	PM
South Sudan	SS
Sao Tome and Principe	ST
Slovakia	SK
Turks and Caicos Islands	TC
Tanzania	TZ
Vatican	VA
Saint Vincent and the Grenadines	VC
Vietnam	VN
States Ex-Yugoslavia	YU
South Africa	ZA
Zimbabwe	ZW
Saint Martin	MF
U.S. Virgin Islands	VI
Argentina	AR
Dominica	DM
Nigeria	NG
Brazil	BR
Gabon	GA
Luxembourg	LU
Greece	GR
Guyana	GY
Mauritania	MR
Pakistan	PK
Afghanistan	AF
Bhutan	BT
Spain	ES
Swaziland	SZ
Tonga	TO
Netherlands	NL
Algeria	DZ
Bangladesh	BD
Armenia	AM
Benin	BJ
Chile	CL
Chad	TD
Colombia	CO
Ecuador	EC
Mauritius	MU
Malta	MT
Mali	ML
Madagascar	MG
Lithuania	LT
Liberia	LR
Kosovo	
Kenya	KE
Iraq	IQ
Kazakhstan	KZ
Haiti	HT
Iceland	IS
Ghana	GH
Guatemala	GT
Nicaragua	NI
Niger	NE
Palau	PW
Paraguay	PY
Peru	PE
Poland	PL
Rwanda	RW
Senegal	SN
Seychelles	SC
Singapore	SG
Tajikistan	TJ
Togo	TG
Uganda	UG
Turkey	TR
Tunisia	TN
Uzbekistan	UZ
Philippines	PH
Myanmar	MM
Israel	IL
Oman	OM
Mexico	MX
Jordan	JO
Bolivia	BO
Curacao	CW
Laos	LA
Austria	AT
Belgium	BE
Japan	JP
Taiwan	TW
Ivory Coast	CI
Ethiopia	ET
Germany	DE
Indonesia	ID
Iran	IR
North Korea	KP
Panama	PA
Macedonia	MK
Venezuela	VE
Wallis and Futuna	WF
Yemen	YE
Sudan	SD
Sint Maarten	SX
Thailand	TH
El Salvador	SV
Sierra Leone	SL
Russia	RU
Norway	NO
Namibia	
Mongolia	MN
Morocco	MA
Italy	IT
India	IN
Estonia	EE
South Korea	KR
Democratic Republic of the Congo	CD
Cambodia	KH
United States	US
Reunion	RE
French Polynesia	PF
New Caledonia	NC
Martinique	MQ
Guinea-Bissau	GW
Guam	GU
Guadeloupe	GP
United Kingdom	GB
British Virgin Islands	VG
United States Minor Outlying Islands	UM
East Timor	TL
Serbia	RS
Montenegro	ME
Micronesia	FM
Gambia	GM
Bahamas	BS
Macao	MO
Hong Kong	HK
Egypt	EG
Republic of the Congo	CG
Svalbard and Jan Mayen	SJ
South Georgia and the South Sandwich Islands	GS
Pitcairn	PN
Palestinian Territory	PS
