"transaction_id","project_id","transaction_isodate","transaction_year","transaction_value_code","transaction_currency","transaction_value"
"qF3FWdx4UUffSfRW2KPt7i","45207-002","","2014","C","USD","46000000.0"
"N6nFqNtRj2tdpAAmPhmHJi","44212-013","","2014","C","USD","10400000.0"
"RuNyxC8n2CGFxDW2a2FePD","45253-001","","2013","C","USD","500000.0"
"7P6bhXU9oTtbjfkhDqm6cU","44213-015","","2013","C","USD","3500000.0"
"Dzo2S3NVCY5ZGFC5h6za2m","47022-001","","2013","C","USD","1500000.0"
"RzmVXzevAMazKUFgTz9eCm","46284-001","","2013","C","USD","2000000.0"
"Ddmi3QYixKPrZiVAa69gRC","42176-012","","2013","C","USD","500000.0"
"yxhv9GARfmzqW3SBf42276","46476-001","","2012","C","USD","700000.0"
"XTiwHUmj2WKHeULVDUW2fJ","42249-013","","2012","C","USD","500000.0"
"9B7hzqbSVZ5SSpYDMV8zLb","44167-012","","2013","C","USD","1200000.0"
"xAE4HyfhPDCWXcNeMY2u26","45078-001","","2011","C","USD","1000000.0"
"HiPmigPtsHivv8sCjXWFda","42466-012","","2013","C","USD","700000.0"
"bFKuXUUfyfddDmHs46ALZJ","45181-001","","2013","C","USD","225000.0"
"zAq2EgbTXDcXCrJHB5XhFT","45065-001","","2013","C","USD","500000.0"
"ap4HcLnEo5f5kReYJUvXWe","45088-001","","2013","C","USD","500000.0"
"xFqrh6d4W6vuJ9HmW29WU9","45317-001","","2012","C","USD","500000.0"
"ZB7w8KRrsm2Ro9DQ84gZqe","44305-012","","2013","C","USD","500000.0"
"zyEJE77opKxPYH7mZP6Zj4","42149-012","","2011","C","USD","2000000.0"
"7Ms5ijCBZX3TCNPS78cFRn","44203-012","","2012","C","USD","225000.0"
"M84fxjt8f5CcaKvdBUbmog","41671-022","","2011","C","USD","2000000.0"
"wqgVxuhY7DZBqRU5Z3FRKX","42478-023","","2012","C","USD","850000.0"
"Eb63LascTy6PQJDx9buk4B","EU1","","2012","C","USD","174741.25"
"tLcMw2mPWMMbXhSqD6HbyC","EU2","","2012","C","USD","1406814.86"
"7KgEuUCttGMMSCRTeTMmoF","EU3","","2011","C","USD","19461872.17"
"JXkhdo6grkKvoukLkWED9","EU4","","2011","C","USD","1386612.52"
"Jj5vC6zdgeFdHPDtEU6ZrU","EU7","","2011","C","USD","1388738.03"
"rqPY4jbpz2vQKpvck8WnqX","EU8","","2011","C","USD","13901337.27"
"shjes7EgxgUL5FkzcUwAN3","EU9","","2010","C","USD","19866366.84"
"a6yWysYQcKKuHjqa6CCZGo","EU10","","2012","C","USD","24412381.11"
"KZT4PDa2VARkEvWCJtMADj","EU11","","2011","C","USD","1091439.86"
"vSxNUmgsN84drpuYYcnfK3","EU12","","2012","C","USD","421158.54"
"ewEGBohiiehCQ8AAiHYtUZ","EU13","","2012","C","USD","69382556.83"
"n2FGG4QW9XvCnRxyeq2o4d","EU14","","2011","C","USD","68535111.86"
"okiUTLfJoCiu6kPoo8yfbY","EU15","","2011","C","USD","6964246.07"
"DePQhPHkL4gmRfjFRLSfXE","EU16","","2011","C","USD","21652696.51"
"h5SfQRYE8YAwwPUTFqTEvg","EU17","","2012","C","USD","2569724.33"
"xVQ9ZxJcPj95FdeZXUiCCi","EU18","","2011","C","USD","4128697.17"
"EJr9AfeUZarCMwXZ8UnuJ","EU19","","2011","C","USD","5554974.37"
"hE9EPnDDPgpLPbc38CZdLM","EU20","","2012","C","USD","25697243.27"
"gEfTAWFsp8PGyoXmjbCCHi","EU21","","2010","C","USD","17217517.93"
"hx8yu6BBFFwyxisfBTVupm","EU22","","2011","C","USD","2780267.45"
"qJ7EQBoRETRrZPERBGtWJD","EU23","","2011","C","USD","1016517.08"
"Eyudx5mq5tnTVi9X44Se5d","EU24","","2011","C","USD","5004481.42"
"3EmxExarfZ8LH3PjXAsegW","EU25","","2014","C","USD","3980201.22"
"G3ydDvsbZxTnJhUQhGeyJM","EU26","","2011","C","USD","33363209.44"
"KukwHtcQ2X7fu2LHghKF5K","EU29","","2014","C","USD","32612964.71"
"EPniFUBscuaLZiD82uiQkK","EU30","","2009","C","USD","9168661.36"
"QdDi3KftdmGRLPaP78qY3Z","EU31","","2014","C","USD","134729811.34"
"PSopTgMZWmZBANEyQ5xq7b","EU33","","2010","C","USD","5297697.83"
"yoNAp3cZ7AhvJ3WBWRY5hm","EU34","","2014","C","USD","202459568.79"
"RCMSwW6ZPpoJLQ6WZWemAR","EU35","","2012","C","USD","12848621.63"
"WJLDTEvmo4gCNkuG7eq92S","EU36","","2010","C","USD","6604972.34"
"fEmnkMQcz22bFNaFujKFRm","EU38","","2012","C","USD","28266967.6"
"VkKT4wqDmmQpmEjwpEQENa","EU39","","2014","C","USD","7960402.44"
"HkCtpDDX4BXJBiXRBQTDDF","EU40","","2014","C","USD","18574272.37"
"siFEk7NT4a8Ye6tkbzQrDZ","India1","","2011","C","USD","321402.4"
"rGfmBpVpfzPrDwNu3YDMXS","India2","","2011","C","USD","107134.13"
"T6F55jTkbVx5viJRDXeGDg","India4","","2011","C","USD","107134.13"
"VmHaCiBMRimceAKguWXqQA","India5","","2011","C","USD","21426.83"
"AT5MWUJow7CPWCaWzavKST","India6","","2011","C","USD","36425.61"
"CVFqK5qtpore6Ub3VRVVLE","India7","","2011","C","USD","21426.83"
"dsrpTPn5exAseQyiN4czeC","India8","","2011","C","USD","6428.05"
"6zasSUXsZ79nn9U55dhjff","India14","","2012","C","USD","486552.14"
"fhE24i7waouDA3XZGNUzNk","India19","","2012","C","USD","800000000.0"
"g8bh7XywfLRuHFWqo6jKoE","India20","","2013","C","USD","93860106.3"
"5jYejCTDsT9dEJw3QbzCr9","India21","","2013","C","USD","2559821.08"
"bLouTHNccpGeDcBTtuUHWS","India22","","2013","C","USD","1706547.39"
"qsKxG9o9vDUk6TyCSmAyHb","India23","","2013","C","USD","4136670.87"
"vbGYB6oRSSthaUgbemknpk","USAID2","","2008","C","USD","5499477.0"
"LoYoLEdAZXwxfC2PUD5qAk","USAID3","","2010","C","USD","411000000.0"
"mmfMwuMyDfSCAVgU8RUJQF","USAID6","","2010","C","USD","11479600.0"
"NFHHyxcygPWvSr6k9QYdh4","USAID13","","2010","C","USD","300000.0"
"MGPxU9Azuxf5PNSQdWuWGZ","USAID14","","2002","C","USD","28348795.0"
"xzHQQzxMQcnJQLE5YqbpK3","USAID16","","2012","C","USD","62862513.0"
"WDVjXrq4oTmkd82HkQ6SCe","USAID22","","2009","C","USD","11848773.0"
"NcLJ9Y9zk4ZYWu3ohmsjiH","USAID26","","2009","C","USD","13950856.0"
"qGoNVqQSJb9QzFdhu8Kou3","USAID29","","2006","C","USD","8300000.0"
"nYqosX4RdVHXrUqiUuZ2oW","USAID30","","2007","C","USD","57103080.0"
"Xr5xDNV6qSs5Ng4rfV8bQY","USAID32","","2010","C","USD","14728074.0"
"vFvYac3Mw4uWCN6kMEDsJb","USAID33","","2008","C","USD","700000.0"
"EhmAQmSM7nDqUm37QGib9n","USAID37","","2008","C","USD","500000.0"
"aRkPPx6W3NB7KumVmbLJA8","JICA1","","2013","C","USD","357054817.95"
"MY8Az8YeaWTKmdUdoERRgF","JICA2","","2013","C","USD","210624123.68"
"9RR7oy29vwjki3uJTicjYA","JICA3","","2013","C","USD","116142461.66"
"qN6ER4imm8s98iKgbxNZZU","JICA4","","2013","C","USD","296580816.3"
"kgjVidTs9cciarst3yBeGP","JICA5","","2013","C","USD","425018906.9"
"6sHaiEBsV9muwMR66uoQQC","JICA6","","2013","C","USD","107351086.97"
"zfndw38Y4kkaaXahgo6uc8","JICA7","","2013","C","USD","191975753.12"
"uiTi5vJbHuNCK2X6k853AE","JICA8","","2012","C","USD","63165449.72"
"R5pqNb2gnGJEyVF4zBuvbH","JICA9","","2011","C","USD","62651130.32"
"zRSgn4tFCYSKrsmMU74QGA","JICA10","","2011","C","USD","197087925.77"
"xTYZXfAD5JCAgmH8u27YRY","JICA11","","2011","C","USD","428533731.4"
"hpKSHB4zBTk9jBUv35NkPU","UNDP2","","2012","C","USD","933735.0"
"6AhQtahrSNL6oDdSQvqubj","UNDP3","","2013","C","USD","2200000.0"
"ggHATEkjgsBJpRdrPFi5j8","UNDP4","","2009","C","USD","29000000.0"
"WGEZWJrKtwY2YYRvwhmrdc","UNDP5","","2011","C","USD","19613053.0"
"XVTE8RD59GofFsLvAHpuUJ","UNDP6","","2012","C","USD","4000000.0"
"6aSHKmFrphucaCd2T8ps2m","UNDP7","","2010","C","USD","6943771.0"
"qybS9uR6jAuDyBx4cZGd4G","UNDP8","","2008","C","USD","5500000.0"
"EE7F75Xf3c8b2FYuacPjS5","UNDP9","","2011","C","USD","18391108.0"
"GYGWWnfmao4SezsTRiUfS4","UNDP10","","2011","C","USD","18058889.0"
"rrHeTa82CPzAgupZu9DE6M","UNDP11","","2012","C","USD","23802730.0"
"AmLtsGPTAecDzoc7nvXBJ3","UNDP12","","2011","C","USD","4475000.0"
"AnsjdYdBcZccb2gsaT9rpf","UNDP13","","2012","C","USD","7000000.0"
"quasFxvBvbYKCcTPcR5sZC","UNDP14","","2015","C","USD","5816000.0"
"P4GGaVMMp9Be3XbCetKDyN","UNDP15","","2003","C","USD","50000000.0"
"NHyLD8wZwibkfLh3SCe6e","UNDP16","","2010","C","USD","50750000.0"
"5CPnVtpJKaL8Kj28eNviC8","UNDP17","","2010","C","USD","3000000.0"
"27xYrkrpHY3PVznMgtHBdL","P040712","","2007","C","USD","102260000.0"
"jxf6YyjXUGr2tVvRFJd8XU","P065131","","2000","C","USD","60900000.0"
"YVW65gPaHsVmJU3eabfwEm","P073886","","2010","C","USD","115000000.0"
"HUstB9TmHoNS2CjLE28iiJ","P084078","","2008","C","USD","84600000.0"
"hgNna6qNZ2vDoDCywMSaTa","P089382","","2006","C","USD","50000000.0"
"xFktCj9gGsnGWYNwyMFXkC","P090807","","2010","C","USD","79000000.0"
"KSpjVQD2xtig83pr3xQayh","P093988","","2008","C","USD","149000000.0"
"RzHHtricLaLFVJuCM7y6ze","P095965","","2008","C","USD","350000000.0"
"XZ8uEGcHdDk8jPUG9TrDLT","P098146","","2007","C","USD","23600000.0"
"CWuVDNXuuwQvVThck3Tv25","P098151","","2009","C","USD","62200000.0"
"XQrfNZjjFQhB3XyxJG5y33","P103999","","2010","C","USD","170000000.0"
"GRvgtL3AsfyJw9c2KFqhaG","P106161","","2008","C","USD","130700000.0"
"aB8bhAhsBJe9S79wNVPVdR","P106216","","2009","C","USD","81000000.0"
"sd3vVkmXkS7NFB5DME2zwZ","P106332","","2008","C","USD","35000000.0"
"G4k8yLdNrzf3aHbeX8298K","P111272","","2008","C","USD","109000000.0"
"RPhMsyJZvw2L78gHoWmMQA","P113435","","2011","C","USD","300000000.0"
"NjZVy6pYJZP5fzRCYiPKhT","P114841","","2011","C","USD","29290000.0"
"THEzWoq8VR6WKCooyHiPmR","P117542","","2010","C","USD","257000000.0"
"nod5Xu63NcMcWcQ34ztxGe","P118708","","2011","C","USD","358900000.0"
"Mtinyh4iGAJod92DHdyfnc","P120583","","2013","C","USD","210000000.0"
"YqAi4yiPRtzFcJdyoJxhZC","P120843","","2011","C","USD","120000000.0"
"c28tRT4VL5asCc8qo68A5G","P121528","","2011","C","USD","195000000.0"
"628CYkS5kEdZWMRtRzEJvn","P122014","","2010","C","USD","75000000.0"
"YXRL4vW2LCXRjoFUeEViJU","P122201","","2012","C","USD","70000000.0"
"fHfFLgaV2BtTtEuFT58rX7","P122269","","2012","C","USD","75000000.0"
"k37s2uk7iYoTiiURjDW8f9","P123828","","2012","C","USD","302000000.0"
"jhN25j8DQcCZotF7yuzBRb","P124514","","2011","C","USD","290000000.0"
"6f2vayVNSPZcfrTFp4cpkV","P128276","","2013","C","USD","375000000.0"
"GQAoEUMUqKk48oLP62euDQ","P129770","","2014","C","USD","60000000.0"
"FBhFxYL2pDXYijjBohE5Bb","P129920","","2014","C","USD","600000000.0"
"MMNeyXgRFAWjfvqMigZkYk","P131263","","2012","C","USD","155000000.0"
"oGqJHGTeJU9cE5WpDdas2E","P131394","","2012","C","USD","130000000.0"
"SnYXtv8g9P6BtTYGZzRmNV","P132634","","2013","C","USD","500000000.0"
"Vx8dpkheRufgXAtfAXJtVF","P132743","","2013","C","USD","34500000.0"
"qQTwoQ5ruKFbBfDTjK276g","P133653","","2014","C","USD","410000000.0"
"ZsWaZCAnmPj9Qns2Cru9N5","P145749","","2013","C","USD","125000000.0"
"YSnLVutNhJhcNuNLma3Gx7","P146255","","2013","C","USD","265000000.0"
"imvoUy9VdSUiSnTaPDRFn8","P146500","","2013","C","USD","140000000.0"
"KUrYm9kPzzdaLKLnF26tRo","P150001","","2014","C","USD","78400000.0"
"kKray8kJR9zq9AhT5rjJB4","GB-1-202975","","2013","C","USD","3799891.82"
"u6Vb8jMHxZLtN85LAZWUCS","GB-1-201286","","2011","C","USD","362257979.22"
"YNouiCHxQymG5AvCqhLsEN","GB-1-202123","","2011","C","USD","192504627.27"
"k5MU3BSoZyMmabJvR8kZgV","GB-1-107402","","2008","C","USD","147612214.91"
"pEStJp6NtnUWy6uniYUV5P","GB-1-114058","","2008","C","USD","137974626.18"
"dvYBwxqtYStTr48Syebg7B","GB-1-114175","","2009","C","USD","115462618.54"
"vQVzHjbQdrnbGFjMjkd5RM","GB-1-107467","","2007","C","USD","136005022.87"
"kedeDLDG4gu6xqQxmUMASG","GB-1-107480","","2008","C","USD","91917447.08"
"C6bqpeRrRMvfdNpUzsJg8D","GB-1-107413","","2007","C","USD","80636814.09"
"Cxq8HW4jqNnv4g5YUAbdcB","GB-1-107370","","2007","C","USD","90301263.52"
"xKfK9Epkqc4QfiMUEjdLGd","GB-1-203390","","2013","C","USD","59658200.48"
"JqVzgLcL2dBqJY2cAXRbj5","GB-1-107460","","2008","C","USD","61823660.93"
"3TcuVCAVD4VRJvg3sW65ri","GB-1-107458","","2007","C","USD","60327541.54"
"NugE9gQqEPeZrToRLCCiXa","GB-1-202180","","2014","C","USD","49364052.15"
"WuwEn9pRAGz6bHcjxjaJ55","GB-1-200593","","2009","C","USD","46734844.6"
"JxTyM543jg6C3CYTm88syg","GB-1-202958","","2013","C","USD","38692395.39"
"jiitNg2VkJNSXK86DEXfJP","GB-1-203228","","2012","C","USD","38859665.12"
"DoxNcXJLaDFPEHQbLZGvLW","GB-1-202976","","2013","C","USD","31271265.87"
"tje6okyY5vxYrxC2jKvQzH","GB-1-202660","","2011","C","USD","40055060.59"
"LGCBVnWmwEvyTYfrS5PNMJ","GB-1-203227","","2013","C","USD","28921585.35"
"8SBjSFD4c59FD69kH6nvUP","GB-1-107448","","2006","C","USD","25911027.55"
"C6omqrivG5dXkALUxmp25N","GB-1-203229","","2013","C","USD","18759946.15"
"ApopYrKyb2bHvpcqYJLXgL","GB-1-202972","","2013","C","USD","14822754.95"
"j4rH88HFazsfrSnxQ7NPLD","GB-1-113287","","2010","C","USD","10955218.28"
"yFzqYB5txCuzxtkpKMkfMD","GB-1-107454","","2005","C","USD","9999995.76"
"S3tZUqZMDg4mUgMwYJvTxA","GB-1-113310","","2007","C","USD","9904503.05"
"tX2KXaNBocUhfBFYGCnZrV","GB-1-204287","","2013","C","USD","11593648.66"
"7ct7wXHZxTAgWAx9ENk5sc","GB-1-204468","","2014","C","USD","4936405.71"
"3SZ9rGn565U2k78RFMJeYE","GB-1-201376","","2010","C","USD","2244937.22"
"aC3CKXsU7zB6WVcXtyzUSD","39405-013","","2007","C","USD","202500000.0"
"3ECnvmS5EBKHkiRywhSLg6","42177-013","","2012","C","USD","50400000.0"
"odbBy8T2376fzetxSuVyt8","40515-013","","2010","C","USD","60000000.0"
"MefKqyZPwzgdXCUhPHRHeW","34418-013","","2005","C","USD","20000000.0"
"UEmHdWuRsxakCbHLNVixCR","45376-001","","2013","C","USD","400000.0"
"245KdX9y36QLwLoJcLzrzK","42248-013","","2011","C","USD","55000000.0"
"EpejcMGquCb43HSVvbkhB4","42466-014","","2014","C","USD","350000000.0"
"TDAXEKt9a8pNAWXQARZ5fP","39452-013","","2010","C","USD","25800000.0"
"aK8H4svM2ih5fUJbkTbkCg","40534-013","","2010","C","USD","40000000.0"
"wSg5VdDuknnNmKZ6HAuAYJ","39298-013","","2010","C","USD","120675000.0"
"XxHh7BopZKsxuwfGQciUtk","40517-013","","2008","C","USD","165000000.0"
"eh3cUreuk7vDrrNsskU3RG","45174-001","","2012","C","USD","10000000.0"
"mmXyDZXQub3csR5MNyoqyf","40559-013","","2009","C","USD","87000000.0"
"onqxa6M6cMRpZuUWP4KhDT","32234-023","","2007","C","USD","130000000.0"
"KFPtn2hpEYBLCLP5S3Pfzj","46456-002","","2013","C","USD","1000000.0"
"j6wpGALJw8FZXdDaP23MmT","37113-013","","2011","C","USD","300000000.0"
"U3zEmeUCJNBkRggSjLNksd","45084-002","","2012","C","USD","20000000.0"
"ochwPXNK7iM9yBBrJeRzL9","36297-013","","2006","C","USD","41000000.0"
"9MzaS8tzjMsdVcojpYxSbV","47310-001","","2013","C","USD","225000.0"
"7Tt6JbFCZHm26UMnkMKccV","39295-032","","2013","C","USD","1000000.0"
"zHqYesMRHXcbDJrt5WPpXg","43477-013","","2012","C","USD","300000000.0"
"DBMf9DvU9UzxRrsrvJmTkC","40448-013","","2012","C","USD","70000000.0"
"SJaDTb9nQ4eN2m6pYzrA34","42180-013","","2013","C","USD","110000000.0"
"TZGGV6T5YufU9gj96JwoBe","42171-013","","2011","C","USD","75700000.0"
"jziioBMXvhkgic3KhySWjY","39305-013","","2009","C","USD","130500000.0"
"DYgLTNeXZnEstFrubBPQJM","37017-013","","2007","C","USD","151500000.0"
"7H5UV8kmqBhNQQjZ32ugFf","42173-013","","2013","C","USD","250000000.0"
"DL4aKjszqwDpYpDvw6ahRA","39432-013","","2010","C","USD","55000000.0"
"Rzd4dpbjKkcuHD4nGHxABg","42169-013","","2012","C","USD","160000000.0"
"jSucaUBqm6uYctaJYZAVt","42378-015","","2012","C","USD","185000000.0"
"5MLbrG92URDPzx5WAHT64L","31309-013","","2001","C","USD","51500000.0"
"juthGjeZTViV8Mm3QJ9S76","42378-016","","2013","C","USD","310000000.0"
"N9khTDjr7wct64GbbAYioa","32234-053","","2013","C","USD","100000000.0"
"kz5aFPn5efKzZXzQTDmvMn","44192-014","","2013","C","USD","12000000.0"
"AfCmLKitEtNwUVV4USp4Dm","35242-013","","2005","C","USD","230000000.0"
"pcospHgESdD4kAwZ4azD4k","32234-043","","2011","C","USD","150000000.0"
"kbsM3abtYVdqF9wgcMi3qh","40540-014","","2012","C","USD","198000000.0"
"SX92hMSjrFmu2zJiBYBGRJ","39408-013","","2008","C","USD","50000000.0"
"uqBkaXzeYMPjz8ZMXvB2vE","45273-001","","2012","C","USD","50000000.0"
"i2nRWwBY5bqTRTvPj3PYfH","45203-002","","2013","C","USD","1000000.0"
"UM7nGJhi8iwmXQzDXnEx37","46452-001","","2013","C","USD","1500000.0"
"rC9VYzG3uBqHofpTYNUpFK","44142-013","","2010","C","USD","23000000.0"
"P5PhxEL5UP5eyuXecuMeNC","42122-013","","2011","C","USD","320000000.0"
"BNRdjn4BefuRpxtjmhaE","38164-013","","2010","C","USD","266000000.0"
"Qw4n3JSNACQJ6AxxESn5dF","44213-016","","2013","C","USD","90000000.0"
