participating_org	donors	donors_iso3	donor_country
Allocation of unearmarked funds by OCHA	UNOCHA	DAC	
Allocation of unearmarked funds by UNDP	UNDP	DAC	
Allocation of unearmarked funds by WHO	WHO	DAC	
Australia	Australia	AUS	Australia
Austria	Austria	AUT	Austria
Belgium	Belgium	BEL	Belgium
Bill and Melinda Gates Foundation	Bill and Melinda Gates Foundation	DAC	
Bulgaria	Bulgaria	BGR	Bulgaria
Canada	Canada	CAN	Canada
Central Emergency Response Fund	Central Emergency Response Fund	DAC	
Community Chest Korea	Community Chest Korea	DAC	
Denmark	Denmark	DNK	Denmark
Estonia	Estonia	EST	Estonia
European Commission's Humanitarian Aid and Civil Protection Department	European Commission's Humanitarian Aid and Civil Protection Department	DAC	
Finland	Finland	FIN	Finland
France	France	FRA	France
Friends of UNFPA	Friends of UNFPA	DAC	
Germany	Germany	DEU	Germany
IDeA Foundation	IDeA Foundation	DAC	
Ireland	Ireland	IRL	Ireland
Italy	Italy	ITA	Italy
Japan	Japan	JPN	Japan
Korea, Republic of	Korea, Republic of	KOR	Korea, Republic of
Latvia	Latvia	LVA	Latvia
Liechtenstein	Liechtenstein	LIE	Liechtenstein
Lithuania	Lithuania	LTU	Lithuania
Luxembourg	Luxembourg	LUX	Luxembourg
Malta	Malta	MLT	Malta
Mauritius	Mauritius	MUS	Mauritius
Morocco	Morocco	MAR	Morocco
Nepal	Nepal	NPL	Nepal
Netherlands	Netherlands	NLD	Netherlands
Norway	Norway	NOR	Norway
Private (individuals & organisations)	Private (individuals & organisations)	DAC	
Romania	Romania	ROU	Romania
Slovenia	Slovenia	SVN	Slovenia
Spain	Spain	ESP	Spain
Sweden	Sweden	SWE	Sweden
Switzerland	Switzerland	CHE	Switzerland
Taiwan ICDF	Taiwan ICDF	TWN	Taiwan
Thailand	Thailand	THA	Thailand
UNICEF National Committee/Andorra	UNICEF National Committee/Andorra	DAC	
UNICEF National Committee/Australia	UNICEF National Committee/Australia	DAC	
UNICEF National Committee/Austria	UNICEF National Committee/Austria	DAC	
UNICEF National Committee/Belgium	UNICEF National Committee/Belgium	DAC	
UNICEF National Committee/Canada	UNICEF National Committee/Canada	DAC	
UNICEF National Committee/Czech Republic	UNICEF National Committee/Czech Republic	DAC	
UNICEF National Committee/Denmark	UNICEF National Committee/Denmark	DAC	
UNICEF National Committee/Finland	UNICEF National Committee/Finland	DAC	
UNICEF National Committee/France	UNICEF National Committee/France	DAC	
UNICEF National Committee/Germany	UNICEF National Committee/Germany	DAC	
UNICEF National Committee/Hellenic	UNICEF National Committee/Hellenic	DAC	
UNICEF National Committee/Hong Kong	UNICEF National Committee/Hong Kong	DAC	
UNICEF National Committee/Iceland	UNICEF National Committee/Iceland	DAC	
UNICEF National Committee/Italy	UNICEF National Committee/Italy	DAC	
UNICEF National Committee/Japan	UNICEF National Committee/Japan	DAC	
UNICEF National Committee/Korea (Republic of)	UNICEF National Committee/Korea (Republic of)	DAC	
UNICEF National Committee/Luxembourg	UNICEF National Committee/Luxembourg	DAC	
UNICEF National Committee/Netherlands	UNICEF National Committee/Netherlands	DAC	
UNICEF National Committee/New Zealand	UNICEF National Committee/New Zealand	DAC	
UNICEF National Committee/Norway	UNICEF National Committee/Norway	DAC	
UNICEF National Committee/Poland	UNICEF National Committee/Poland	DAC	
UNICEF National Committee/Portugal	UNICEF National Committee/Portugal	DAC	
UNICEF National Committee/Slovakia	UNICEF National Committee/Slovakia	DAC	
UNICEF National Committee/Slovenia	UNICEF National Committee/Slovenia	DAC	
UNICEF National Committee/Spain	UNICEF National Committee/Spain	DAC	
UNICEF National Committee/Sweden	UNICEF National Committee/Sweden	DAC	
UNICEF National Committee/Switzerland	UNICEF National Committee/Switzerland	DAC	
UNICEF National Committee/Turkey	UNICEF National Committee/Turkey	DAC	
UNICEF National Committee/United Kingdom	UNICEF National Committee/United Kingdom	DAC	
United Kingdom	United Kingdom	GBR	United Kingdom
United Kingdom 	United Kingdom	GBR	United Kingdom
United Nations Children's Fund	United Nations Children's Fund	DAC	
United States of America	United States of America	USA	United States
US Fund for UNICEF	US Fund for UNICEF	DAC	
Various Donors (details not yet provided)	Various Donors (details not yet provided)	DAC	
World Food Programme	World Food Programme	DAC	
Unspecified	None		
