participating_org	donors	donors_iso3	donor_country
AAIN	ActionAid International Nepal	DAC	
ACF - France	ACF - France	DAC	
ACT/DCA	ACT Alliance – DanChurchAid	DAC	
ACT/FCA	ACT Alliance – Finn Church Aid	DAC	
ACT/LWF Nepal	ACT Alliance – Lutheran World Federation Nepal	DAC	
ACT/NCA	ACT Alliance – Norwegian Church Aid	DAC	
ACTED	Agency for Technical Cooperation and Development	DAC	
ACTPIN	Active for People in Need	DAC	
ADRA 	Adventist Development and Relief Agency	DAC	
Americares	Americares	DAC	
APE	Planète Enfants	DAC	
ASIA Onlus	ASIA Onlus	DAC	
BBC Media Action	BBC Media Action	DAC	
CARE Nepal	CARE Nepal	DAC	
CCS Italia onlus	Centro Cooperazione Sviluppo Onlus	DAC	
CDS	Child Development Society	DAC	
CECI	Centre for International Studies and Cooperation	DAC	
CW	Concern Worldwide	DAC	
DEPROSC Nepal	Development Project Service Centre	DAC	
DWR	Disaster Waste Recovery	DAC	
Epages	Educational Pages	DAC	
FAO	Food and Agriculture Organization of the United Nations	DAC	
Good Neighbours Inc	Good Neighbours Inc	DAC	
HELP e.V.	Help-Hilfe zur Selbsthilfe e.V. 	DAC	
HelpAge	HelpAge International	DAC	
HELVETAS	HELVETAS	DAC	
HFHI	Habitat for Humanity International	DAC	
HI	Handicap International	DAC	
HTN	Himalayan Trust Nepal	DAC	
ILO	International Labour Organization	DAC	
IMC	International Medical Corps	DAC	
IOM	International Organization for Migration	DAC	
KIRDARC	Karnali Integrated Rural Development and Research Centre	DAC	
Lumanti	Lumanti	DAC	
ME	Mission East	DAC	
MEDAIR	MEDAIR	DAC	
Mercy Corps	Mercy Corps	DAC	
Muslim Aid	Muslim Aid	DAC	
NCE-N	National Campaign for Education Nepal	DAC	
NSET	National Society for Earthquake Technology-Nepal	DAC	
OCHA	Office for the Coordination of Humanitarian Affairs	DAC	
OHCHR	Office of the United Nations High Commissioner for Human Rights	DAC	
OXFAM GB	Oxfam GB	DAC	
Partnership Nepal	Partnership Nepal	DAC	
PIN	People in Need	DAC	
Plan	Plan International	DAC	
PWJ	Peace winds JAPAN	DAC	
RCSO	RESIDENT COORDINATORS SUPPORT OFFICE	DAC	
RDN	Restless Development Nepal	DAC	
RI	Relief International	DAC	
SABAH Nepal	SABAH Nepal	DAC	
Samaritan's Purse	Samaritan's Purse	DAC	
SAPPROS-Nepal	Support Activities for Poor Producers of Nepal	DAC	
Save the Children	Save the Children	DAC	
SN	Samunnat Nepal	DAC	
SNV	SNV	DAC	
Solidarités	Solidarités International	DAC	
SOS-A	SOS Attitude	DAC	
TEARFUND	Tearfund	DAC	
UN Agencies, NGOs and/or Red Cross	UN Agencies	DAC	
UN Women	UN Women	DAC	
UN-HABITAT	United Nations Human Settlements Programme	DAC	
UNCDF	United Nations Capital Development Fund	DAC	
UNDP	United Nations Development Programme	DAC	
UNESCO	United Nations Educational, Scientific and Cultural Organization	DAC	
UNFPA	United Nations Population Fund	DAC	
UNHCR	United Nations High Commissioner for Refugees	DAC	
UNICEF	United Nations Children's Emergency Fund	DAC	
UNOPS	United Nations Office for Project Services	DAC	
VSO	Voluntary Service Overseas	DAC	
WCDO	World Concern Development Organization	DAC	
WE	World Education	DAC	
WeWorld	WeWorld Onlus	DAC	
WFP	World Food Programme	DAC	
WHO	World Health Organization	DAC	
WHR	Women For Human Rights	DAC	
WOREC	Women's Rehabilitation Center	DAC	
WVI	World Vision International	DAC	
