"project_id","Donor ID","commitment","Currency","links 1","links 2","links 3","links 4","additional links","Long Description","Financial Details","start-planned","end-planned","Project Type or Modality of Assistance","Financing","Approval Number","ADB Financing ($ thousand)","Geographical Location","Subsector","Safeguard - Environment","Safeguard - Indigenous People","Safeguard - Resettlement","Department","Executing Agency","Project Officer"
"45207-002","45207-002","46000000","USD","http://www.adb.org/projects/45207-002/main"," http://www.adb.org/projects/45207-001/main","","","","","","","","","","","","","","","","","","",""
"44212-013","44212-013","10400000","USD","http://www.adb.org/projects/44212-013/main","","","","","","","","","","","","","","","","","","","",""
"45253-001","45253-001","500000","USD","http://www.adb.org/projects/45253-001/main","","","","","","","","","","","","","","","","","","","",""
"44213-015","44213-015","3500000","USD","http://www.adb.org/projects/44213-015/main","","","","","","","","","","","","","","","","","","","",""
"47022-001","47022-001","1500000","USD","http://www.adb.org/projects/47022-001/main","","","","","","","","","","","","","","","","","","","",""
"46284-001","46284-001","2000000","USD","http://www.adb.org/projects/46284-001/main","","","","","","","","","","","","","","","","","","","",""
"42176-012","42176-012","500000","USD","http://www.adb.org/projects/42176-012/main","","","","","","","","","","","","","","","","","","","",""
"46476-001","46476-001","700000","USD","http://www.adb.org/projects/46476-001/main","","","","","","","","","","","","","","","","","","","",""
"42249-013","42249-013","500000","USD","http://www.adb.org/projects/42249-013/main","","","","","","","","","","","","","","","","","","","",""
"46904-014","46904-014","","USD","http://www.adb.org/projects/46904-014/main","","","","","","","","","","","","","","","","","","","",""
"44167-012","44167-012","1200000","USD","http://www.adb.org/projects/44167-012/main"," http://www.adb.org/projects/44167-013/main","","","","","","","","","","","","","","","","","","",""
"45078-001","45078-001","1000000","USD","http://www.adb.org/projects/45078-001/main","","","","","","","","","","","","","","","","","","","",""
"42466-012","42466-012","700000","USD","http://www.adb.org/projects/42466-012/main"," http://www.adb.org/projects/42466-015/main"," http://www.adb.org/projects/42466-014/main","","","","","","","","","","","","","","","","","",""
"45916-012","45916-012","","USD","http://www.adb.org/projects/45916-012/main"," http://www.adb.org/projects/45916-014/main"," http://www.adb.org/projects/45916-024/main","","","","","","","","","","","","","","","","","",""
"45181-001","45181-001","225000","USD","http://www.adb.org/projects/45181-001/main","","","","","","","","","","","","","","","","","","","",""
"45065-001","45065-001","500000","USD","http://www.adb.org/projects/45065-001/main","","","","","","","","","","","","","","","","","","","",""
"45088-001","45088-001","500000","USD","http://www.adb.org/projects/45088-001/main","","","","","","","","","","","","","","","","","","","",""
"45317-001","45317-001","500000","USD","http://www.adb.org/projects/45317-001/main"," http://www.adb.org/projects/45317-001/main","","","","","","","","","","","","","","","","","","",""
"44305-012","44305-012","500000","USD","http://www.adb.org/projects/44305-012/main","","","","","","","","","","","","","","","","","","","",""
"42149-012","42149-012","2000000","USD","http://www.adb.org/projects/42149-012/main","","","","","","","","","","","","","","","","","","","",""
"44203-012","44203-012","225000","USD","http://www.adb.org/projects/44203-012/main","","","","","","","","","","","","","","","","","","","",""
"41671-022","41671-022","2000000","USD","http://www.adb.org/projects/41671-022/main","","","","","","","","","","","","","","","","","","","",""
"42478-023","42478-023","850000","USD","http://www.adb.org/projects/42478-023/main"," http://www.adb.org/projects/42478-012/main","","","","","","","","","","","","","","","","","","",""
"EU1","","136000","Euro","http://eeas.europa.eu/delegations/bangladesh/projects/list_of_projects/252992_en.htm","","","","http://dalitbangladesh.files.wordpress.com/2014/01/interim-narrrative-report_eccdc-april13.pdf","","","","","","","","","","","","","","","",""
"EU2","","1094915","Euro","http://eeas.europa.eu/delegations/bangladesh/projects/list_of_projects/223092_en.htm","","","","","","","","","","","","","","","","","","","",""
"EU3","","14000000","Euro","http://eeas.europa.eu/delegations/bangladesh/projects/list_of_projects/296095_en.htm","","","","","","","","","","","","","","","","","","","",""
"EU4","","997467","Euro","http://eeas.europa.eu/delegations/bangladesh/projects/list_of_projects/266430_en.htm","","","","","","","","","","","","","","","","","","","",""
"EU7","","998996","Euro","http://eeas.europa.eu/delegations/bangladesh/projects/list_of_projects/270442_en.htm","","","","","","","","","","","","","","","","","","","",""
"EU8","","10000000","Euro","http://eeas.europa.eu/delegations/bangladesh/projects/list_of_projects/285757_en.htm","","","","http://www.bd.undp.org/content/dam/bangladesh/docs/Projects/SEMB/Prodoc%20SEMB.pdf","","","","","","","","","","","","","","","",""
"EU9","","15000000","Euro","http://eeas.europa.eu/delegations/bangladesh/projects/list_of_projects/19620_en.htm"," http://eeas.europa.eu/delegations/bangladesh/projects/list_of_projects/229763_en.htm","","","http://www.best-bd.org/","","","","","","","","","","","","","","","",""
"EU10","","19000000","Euro","http://eeas.europa.eu/delegations/bangladesh/projects/list_of_projects/20564_en.htm"," http://eeas.europa.eu/delegations/bangladesh/projects/list_of_projects/277407_en.htm","","","","","","","","","","","","","","","","","","",""
"EU11","","785133","Euro","http://eeas.europa.eu/delegations/bangladesh/projects/list_of_projects/246477_en.htm","","","","http://www.leonardcheshire.org/international/inclusive-education/bangladesh#.VA4B3PldV8E","","","","","","","","","","","","","","","",""
"EU12","","327785","Euro","http://eeas.europa.eu/delegations/bangladesh/projects/list_of_projects/252991_en.htm","","","","","","","","","","","","","","","","","","","",""
"EU13","","54000000","Euro","http://eeas.europa.eu/delegations/bangladesh/projects/list_of_projects/291406_en.htm"," http://eeas.europa.eu/delegations/bangladesh/projects/list_of_projects/295263_en.htm"," http://eeas.europa.eu/delegations/bangladesh/projects/list_of_projects/22542_en.htm","","","","","","","","","","","","","","","","","",""
"EU14","","4.93E+007","Euro","http://eeas.europa.eu/delegations/bangladesh/projects/list_of_projects/279196_en.htm"," http://eeas.europa.eu/delegations/bangladesh/projects/list_of_projects/262792_en.htm"," http://eeas.europa.eu/delegations/bangladesh/projects/list_of_projects/21533_en.htm"," http://eeas.europa.eu/delegations/bangladesh/projects/list_of_projects/262788_en.htm","","","","","","","","","","","","","","","","",""
"EU15","","5009767","Euro","http://eeas.europa.eu/delegations/bangladesh/projects/list_of_projects/262810_en.htm","","","","","","","","","","","","","","","","","","","",""
"EU16","","15575981","Euro","http://eeas.europa.eu/delegations/bangladesh/projects/list_of_projects/262796_en.htm","","","","","","","","","","","","","","","","","","","",""
"EU17","","2000000","Euro","http://eeas.europa.eu/delegations/bangladesh/projects/list_of_projects/269870_en.htm","","","","","","","","","","","","","","","","","","","",""
"EU18","","2970000","Euro","http://eeas.europa.eu/delegations/bangladesh/projects/list_of_projects/280170_en.htm","","","","","","","","","","","","","","","","","","","",""
"EU19","","3996000","Euro","http://eeas.europa.eu/delegations/bangladesh/projects/list_of_projects/277888_en.htm","","","","","","","","","","","","","","","","","","","",""
"EU20","","20000000","Euro","http://eeas.europa.eu/delegations/bangladesh/projects/list_of_projects/286299_en.htm","","","","","","","","","","","","","","","","","","","",""
"EU21","","13000000","Euro","http://eeas.europa.eu/delegations/bangladesh/projects/list_of_projects/24053_en.htm","","","","http://www.preventionweb.net/files/globalplatform/entry_bg_paper~cdmpphaseii.pdf","","","","","","","","","","","","","","","",""
"EU22","","2000000","Euro","http://eeas.europa.eu/delegations/bangladesh/projects/list_of_projects/269979_en.htm","","","","","","","","","","","","","","","","","","","",""
"EU23","","731236.9","Euro","http://eeas.europa.eu/delegations/bangladesh/projects/list_of_projects/246502_en.htm","","","","","","","","","","","","","","","","","","","",""
"EU24","","3600000","Euro","http://eeas.europa.eu/delegations/bangladesh/projects/list_of_projects/24062_en.htm","","","","https://www.devex.com/projects/pipelines/preventing-and-addressing-undernutrition-in-young-children-and-women-and-its-underlying-causes-in-bangladesh/15596","","","","","","","","","","","","","","","",""
"EU25","","3000000","Euro","http://eeas.europa.eu/delegations/bangladesh/projects/list_of_projects/23562_en.htm","","","","https://www.devex.com/projects/pipelines/protection-essential-services-and-durable-solutions-for-refugees-in-bangladesh/23565","","","","","","","","","","","","","","","",""
"EU26","","24000000","Euro","http://eeas.europa.eu/delegations/bangladesh/projects/list_of_projects/24020_en.htm","","","","","","","","","","","","","","","","","","","",""
"EU28","","","Euro","http://www.carebangladesh.org/cw_oproject.php","","","","","","","","","","","","","","","","","","","",""
"EU29","","2.46E+007","Euro","http://eeas.europa.eu/delegations/bangladesh/projects/list_of_projects/19266_en.htm","","","","http://ec.europa.eu/europeaid/where/asia/regional-cooperation/environment/switch_en.htm","","","","","","","","","","","","","","","",""
"EU30","","6600000","Euro","http://eeas.europa.eu/delegations/bangladesh/projects/list_of_projects/24051_en.htm","","","","https://www.devex.com/en/contracts/117473","","","","","","","","","","","","","","","",""
"EU31","","101550000","Euro","http://eeas.europa.eu/delegations/bangladesh/projects/list_of_projects/22321_en.htm","","","","","","","","","","","","","","","","","","","",""
"EU32","","","Euro","http://eeas.europa.eu/delegations/bangladesh/projects/list_of_projects/262794_en.htm","","","","","","","","","","","","","","","","","","","",""
"EU33","","4000000","Euro","http://eeas.europa.eu/delegations/bangladesh/projects/list_of_projects/20508_en.htm","","","","","","","","","","","","","","","","","","","",""
"EU34","","152600000","Euro","http://eeas.europa.eu/delegations/bangladesh/projects/list_of_projects/22312_en.htm","","","","","","","","","","","","","","","","","","","",""
"EU35","","10000000","Euro","http://eeas.europa.eu/delegations/bangladesh/projects/list_of_projects/19635_en.htm","","","","","","","","","","","","","","","","","","","",""
"EU36","","4987051.02","Euro","http://eeas.europa.eu/delegations/bangladesh/projects/list_of_projects/22543_en.htm","","","","","","","","","","","","","","","","","","","",""
"EU38","","22000000","Euro","http://eeas.europa.eu/delegations/bangladesh/projects/list_of_projects/21996_en.htm","","","","","","","","","","","","","","","","","","","",""
"EU39","","6000000","Euro","http://eeas.europa.eu/delegations/bangladesh/projects/list_of_projects/19619_en.htm","","","","","","","","","","","","","","","","","","","",""
"EU40","","14000000","Euro","http://eeas.europa.eu/delegations/bangladesh/projects/list_of_projects/22485_en.htm","","","","","","","","","","","","","","","","","","","",""
"IsDB1","","","","http://www.idb-bisew.org/index.php?option=com_content&view=article&id=110&Itemid=112","","","","http://www.idb-bisew.org/index.php?option=com_content&view=article&id=20&Itemid=10","","","","","","","","","","","","","","","",""
"IsDB2","","","","http://www.idb-bisew.org/index.php?option=com_content&view=article&id=6&Itemid=18","","","","","","","","","","","","","","","","","","","",""
"IsDB3","","","","http://www.idb-bisew.org/index.php?option=com_content&view=article&id=47&Itemid=45","","","","","","","","","","","","","","","","","","","",""
"IsDB5","","","","http://bmfcb.fisheries.gov.bd/bmfcb/index.php?page=aboutus&tid=9%20Locations-%20http://bmfcb.fisheries.gov.bd/bmfcb/index.php?page=aboutus&tid=12","","","","http://bmfcb.fisheries.gov.bd/bmfcb/index.php","","","","","","","","","","","","","","","",""
"India1","","15000000","Rupee","https://docs.google.com/a/aiddata.org/spreadsheets/d/1z-gQfXvYS6KyrDcsY0pr5g6tnFBWxerWiLoRKLrFd0I/edit#gid=0","http://www.hcidhaka.org/PRDetails.php?id=271","http://twocircles.net/2011sep21/india_approves_new_railway_link_bangladesh.html#.U8Q3W41dWHY","","","Objective/Outcome: To construct the rail link between Agartala-AkhauraQuantifiable. Deliverables/Physical Outputs: This rail link will connect Akhaura (Bangladesh) to the North Eastern States of India. Projected Outcomes: This linkage will improve transport facility between the two countries.","Non-plan budget","","","","","","","","","","","","","",""
"India2","","5000000","Rupee","https://docs.google.com/a/aiddata.org/spreadsheets/d/1z-gQfXvYS6KyrDcsY0pr5g6tnFBWxerWiLoRKLrFd0I/edit#gid=1","http://www.hcidhaka.org/PRDetails.php?id=169","","","","Objective/Outcome: To create goodwill for India by stronger links with the freedom fighters of Bangladesh. It will promote people to people contact between the two countries. Quantifiable Deliverables/Physical Outputs: Support for strong links with and respect for India and Indian contribution to the War o Liberation of Bangladesh. Projected Outcomes: (a) Scholarships for 200 Under Graduate Courses in two batches (b) 500 Higher Secondary Level Scholarships which will be given in four batches (c) celebration of Vijay Diwas in which veterans from both countries participate to Commemorate the Liberation of War (d) support for Cultural activities including ICCR scholarships","Non-plan budget","","","","","","","","","","","","","",""
"India4","","5000000","Rupee","https://docs.google.com/a/aiddata.org/spreadsheets/d/1z-gQfXvYS6KyrDcsY0pr5g6tnFBWxerWiLoRKLrFd0I/edit#gid=2","","http://www.iccrindia.net/otherschemes.html","","","Objective/Outcome: To offer ICCR Scholarships to the citizens of Bangladesh. Quantifiable Deliverables/Physical Outputs: Offer of 100 scholarships. Projected Outcomes:Recipients of the scholarship would be trained in India","Non-plan budget","","","","","","","","","","","","","",""
"India5","","1000000","Rupee","https://docs.google.com/a/aiddata.org/spreadsheets/d/1z-gQfXvYS6KyrDcsY0pr5g6tnFBWxerWiLoRKLrFd0I/edit#gid=3","","","","","Objective/Outcome: To impart training to Officials from Bangladesh in India. Quantifiable Deliverables/Physical Outputs: Various training programs for Bangladesh customs, police, narcotics etc officers. Projected Outcomes:This is a capacity building programme.","Non-plan budget","","","","","","","","","","","","","",""
"India6","","1700000","Rupee","https://docs.google.com/a/aiddata.org/spreadsheets/d/1z-gQfXvYS6KyrDcsY0pr5g6tnFBWxerWiLoRKLrFd0I/edit#gid=4","","","","","Objective/Outcome: Support to handloom promotion of Gandhi Ashram Trust, Noakhali, Bangladesh. Quantifiable Deliverables/Physical Outputs: This is for up-gradation and modernization of Gandhi Ashram Trust. Projected Outcomes: Under this project 16 new handlooms will be installedincluding purchase of raw material andconstruction andrepair of shed for the looms.","Non-plan budget","","","","","","","","","","","","","",""
"India7","","1000000","Rupee","https://docs.google.com/a/aiddata.org/spreadsheets/d/1z-gQfXvYS6KyrDcsY0pr5g6tnFBWxerWiLoRKLrFd0I/edit#gid=5","http://hcidhaka.gov.in/pages.php?id=159","","","","Objective/Outcome:Construction of a new Rath to replace the existing bamboo one after the original was destroyed in 1971 by Pakistani Army. Quantifiable Deliverables/Physical Outputs: A new Rath would be constructed. Projected Outcomes: The work ofconstruction of new Rath has beencompleted however 5% retention money is to be paid in this year","Non-plan budget","","","","","","","","","","","","","",""
"India8","","300000","Rupee","https://docs.google.com/a/aiddata.org/spreadsheets/d/1z-gQfXvYS6KyrDcsY0pr5g6tnFBWxerWiLoRKLrFd0I/edit#gid=6","","","","","Objective/Outcome: The Kalabhavan in the Department of Theatre and Music, University of Dhaka, would be constructed. Quantifiable Deliverables/Physical Outputs: Support for Dhaka University for making of music faculty. Projected Outcomes: The work ofconstruction of MusicFaculty has beencompleted however5% retention money isto be paid in this year.","Non-plan budget","","","","","","","","","","","","","",""
"India9","","","Rupee","https://docs.google.com/a/aiddata.org/spreadsheets/d/1z-gQfXvYS6KyrDcsY0pr5g6tnFBWxerWiLoRKLrFd0I/edit#gid=7","","","","","Objective/Outcome: To offer scholarships to Bangladeshi students.Quantifiable Deliverables/Physical Outputs: Grant of 200 Scholarships by ICCR. Projected Outcomes: Generate goodwill for India and promote people to people contacts.","","","","","","","","","","","","","","",""
"India10","","","Rupee","https://docs.google.com/a/aiddata.org/spreadsheets/d/1z-gQfXvYS6KyrDcsY0pr5g6tnFBWxerWiLoRKLrFd0I/edit#gid=8","http://www.hcidhaka.org/pdf/3StoreyedManipuriCulturalComplexBuildingAdampurBazarKamalgonjMoulvibazarBangladesh.pdf","","","","Objective/Outcome: Promote cultural cooperation between India and Bangladesh.Quantifiable Deliverables/Physical Outputs: Commencement of construction.Projected Outcomes: Promote Indian culture in Bangladesh.Package-1: Construction of 3-Storeyed Manipuri Cultural Complex Building at Adampur Bazar  Kamalgonj, District: Moulvibazar, Bangladesh - Civil, Sanitary & Electrical Works. Package-2: Supply of Furniture, Training materials, other Equipments, musical instruments etc. ","","","","","","","","","","","","","","",""
"India11","","","Rupee","https://docs.google.com/a/aiddata.org/spreadsheets/d/1z-gQfXvYS6KyrDcsY0pr5g6tnFBWxerWiLoRKLrFd0I/edit#gid=9","","","","","Objective/Outcome: Promote bilateral cooperation in railway sector.Quantifiable Deliverables/Physical Outputs: Identification of Agency and carrying out Feasibility study.Projected Outcomes: Promote bilateral cooperation and connectivity and generate goodwill for India.","","","","","","","","","","","","","","",""
"India12","","","Rupee","https://docs.google.com/a/aiddata.org/spreadsheets/d/1z-gQfXvYS6KyrDcsY0pr5g6tnFBWxerWiLoRKLrFd0I/edit#gid=10","","","","","Objective/Outcome: Capacity building and Human resource development.Quantifiable Deliverables/Physical Outputs: Setting up of IT Centres.Projected Outcomes: Promotion of IT in Bangladesh.","","","","","","","","","","","","","","",""
"India13","","","Rupee","https://docs.google.com/a/aiddata.org/spreadsheets/d/1z-gQfXvYS6KyrDcsY0pr5g6tnFBWxerWiLoRKLrFd0I/edit#gid=11","http://www.hcidhaka.org/PRDetails.php?id=275","","","","Objective/Outcome: Developmental assistance, will generate goodwill for India.Quantifiable Deliverables/Physical Outputs: Distribution of Solar lamps.Projected Outcomes: Generate Goodwill for India. Till Feb 2013, 1185 solar panels and lamps have been installed in Morelganj (608) and Sharonkhola (577) Upazillas in Bagerhat District of Bangladesh. The project is in advanced stage of implementation.","","","","","","","","","","","","","","",""
"India14","","26000000","Rupee","https://docs.google.com/a/aiddata.org/spreadsheets/d/1z-gQfXvYS6KyrDcsY0pr5g6tnFBWxerWiLoRKLrFd0I/edit#gid=12","http://www.hcidhaka.org/PRDetails.php?id=324","","","","Objective/Outcome: Capacity Building.Quantifiable Deliverables/Physical Outputs: Procurement and delivery of computers -  Tto provide 10 computers to a model school in 64 districts (10 comp + 10 tables + 10 chairs X 64)Projected Outcomes: Generate Goodwill for India. The Government of Bangladesh has declared IT as a thrust sector and is undertaking several projects in realizing the ΓÇ£Vision 2021 of a Digital BangladeshΓÇÙ. The establishment of the IT labs in 64 schools is yet another stepping stone towards realizing this Vision of a Digital Bangladesh.","","","","","","","","","","","","","","",""
"India15","","","Rupee","https://docs.google.com/a/aiddata.org/spreadsheets/d/1z-gQfXvYS6KyrDcsY0pr5g6tnFBWxerWiLoRKLrFd0I/edit#gid=13","","","","","Objective/Outcome: Create a rail link between Agartala and Akhaura to provide better connectivity.Quantifiable Deliverables/Physical Outputs: Create a rail link between Agartala and Akhaura.Projected Outcomes: Create a rail link between Agartala and Akhaura to provide better connectivity.","","","","","","","","","","","","","","",""
"India16","","","Rupee","https://docs.google.com/a/aiddata.org/spreadsheets/d/1z-gQfXvYS6KyrDcsY0pr5g6tnFBWxerWiLoRKLrFd0I/edit#gid=14","","","","","Objective/Outcome: Promotion of handloom industry.Quantifiable Deliverables/Physical Outputs: Upgradation works.Projected Outcomes:Generation of Goodwill for India.","","","","","","","","","","","","","","",""
"India17","","","Rupee","https://docs.google.com/a/aiddata.org/spreadsheets/d/1z-gQfXvYS6KyrDcsY0pr5g6tnFBWxerWiLoRKLrFd0I/edit#gid=15","","","","","Objective/Outcome: To create goodwill for India for India by stronger links with the freedom fighters of Bangladesh. It will promote people to people contacts between the two countries.Quantifiable Deliverables/Physical Outputs: a) Scholarships for 200 Under Graduate Courses in 2 batches. b) 500 higher secondary level scholarships in 4 batches. c) Celebration of Vijay Diwas in which veteran from both countries participate. d) Support for Cultural Activities.Projected Outcomes: To create goodwill for India by stronger links with the freedom fighters Bangladesh. It will promote people contacts between the two countries.","","","","","","","","","","","","","","",""
"India19","","800000000","USD","https://docs.google.com/a/aiddata.org/spreadsheets/d/1z-gQfXvYS6KyrDcsY0pr5g6tnFBWxerWiLoRKLrFd0I/edit#gid=16","","","","","","","","","","","","","","","","","","","",""
"India20","","5500000000","Rupee","https://docs.google.com/a/aiddata.org/spreadsheets/d/1z-gQfXvYS6KyrDcsY0pr5g6tnFBWxerWiLoRKLrFd0I/edit#gid=17","http://www.hcidhaka.gov.in/pages.php?id=2","","","","Objective/Outcome: Payment of US$100 million to Government of Bangladesh as 2nd & 3rd installment of grant assistance totalling $200 million. Quantifiable Devlierables/Physical Outputs: For development projects to be identified by recipient country. ","Non-plan budget","","","","","","","","","","","","","",""
"India21","","150000000","Rupee","https://docs.google.com/a/aiddata.org/spreadsheets/d/1z-gQfXvYS6KyrDcsY0pr5g6tnFBWxerWiLoRKLrFd0I/edit#gid=18","","","","","Objective/Outcome: To commence ground work. Quantifiables/deliverables: Land acquisition. Projected Outcomes: To establish rail link between Bangladesh and Agartala in India","Non-plan budget","","","","","","","","","","","","","",""
"India22","","100000000","Rupee","https://docs.google.com/a/aiddata.org/spreadsheets/d/1z-gQfXvYS6KyrDcsY0pr5g6tnFBWxerWiLoRKLrFd0I/edit#gid=19","","","","","Objective/Outcome: Detailed Project Report to be prepared. QuantifiableDeliverables/Physical Outputs: Detailed Project Report to be completed. Projected Outcomes: To promote trade linkages between India and Bangladesh","Non-plan budget","","","","","","","","","","","","","",""
"India23","","242400000","Rupee","https://docs.google.com/a/aiddata.org/spreadsheets/d/1z-gQfXvYS6KyrDcsY0pr5g6tnFBWxerWiLoRKLrFd0I/edit#gid=20","http://www.hcidhaka.gov.in/pages.php?id=1239","","","","Quantifiable Deliverables/Physical Outputs: IES to EXIM Bank for LoCs extended to Bangladesh and Nepal. Various projects under the LOC agreement are This includes: 1. Procurement of 290 double-decker, 88 single-decker and 50 articulated buses for Bangladesh Road Transport Corporation (BRTC), 2. Procurement of 165 Broad Gauge oil tank wagons and 6 nos. Broad Gauge Brake vans for Bangladesh Railway, 3. Procurement of 10 Broad Gauge diesel locomotives for Bangladesh Railway, 4. Procurement of 81 Meter Gauge tank wagons and 3 Meter Gauge Brake vans for carrying aviation fuel for Bangladesh Railway, 5.Construction of 2nd Bhairab and 2nd Titas railway bridges with approach rail lines, including feasibility study, 6. Procurement of 16 Broad Gauge diesel locomotives for Bangladesh Railway, 7. Construction of Khulna-Mongla Port Rail Line, including feasibility study, 8. Procurement of 50 Meter Gauge flat wagon and 5 Meter Gauge Brake vans with Air Brake for carrying containers for Bangladesh Railway, 9. Procurement of 170 Meter Gauge flat wagon and 11 Meter Gauge Brake Van with air brake system for carrying containers for Bangladesh Railway, 10. Procurement of 1 dredger for Mongla Port, 11. Construction of 3rd and 4th dual gauge rail track between Dhaka-Tongi and doubling of dual gauge tracks between Tongi-Joydevpur, 12. Procurement of 120 Broad Gauge passenger Coaches for Bangladesh Railway, 13. Modernization and strengthening of Bangladesh Standards and Testing Institutions [BSTI], 14. Replacement and modernization of signaling system of three stations between Ashuganj and Akhaura section of Bangladesh Railway, 15. Rehabilitation of the Kulaura-Shahbajpur section of Bangladesh Railway. Projected Outcomes: To further improve bilateral relations with a friendly neighboring country.","Non-plan budget","","","","","","","","","","","","","",""
"USAID1","","","USD","http://portfolio.usaid.gov/PublicProjectDetail?id=a0cd0000000aluAAAQ","","","","","","","","","","","","","","","","","","","",""
"USAID2","","$5,499,477.00","USD","http://portfolio.usaid.gov/PublicProjectDetail?id=a0cd0000000altqAAA","","","","","","","","","","","","","","","","","","","",""
"USAID3","","411000000","USD","http://portfolio.usaid.gov/PublicProjectDetail?id=a0cd0000000aluCAAQ","","","","","","","","","","","","","","","","","","","",""
"USAID4","","","USD","http://portfolio.usaid.gov/PublicProjectDetail?id=a0cd00000011lXPAAY","","","","","","","","","","","","","","","","","","","",""
"USAID5","","","USD","http://portfolio.usaid.gov/PublicProjectDetail?id=a0cd0000000altuAAA","","","","","","","","","","","","","","","","","","","",""
"USAID6","","$11,479,600.00","USD","http://portfolio.usaid.gov/PublicProjectDetail?id=a0cd0000000alu3AAA","","","","","","","","","","","","","","","","","","","",""
"USAID7","","","USD","http://portfolio.usaid.gov/PublicProjectDetail?id=a0cd0000000alu2AAA","","","","","","","","","","","","","","","","","","","",""
"USAID8","","","USD","http://portfolio.usaid.gov/PublicProjectDetail?id=a0cd0000000aluBAAQ"," http://outcomestories.ifpri.info/2014/05/07/bangladesh-policy-research-and-strategy-support-program/","","","","","","","","","","","","","","","","","","",""
"USAID9","","","USD","http://portfolio.usaid.gov/PublicProjectDetail?id=a0cd0000000alu4AAA","","","","","","","","","","","","","","","","","","","",""
"USAID10","","","USD","http://portfolio.usaid.gov/PublicProjectDetail?id=a0cd00000011lXFAAY","","","","","","","","","","","","","","","","","","","",""
"USAID11","","","USD","http://portfolio.usaid.gov/PublicProjectDetail?id=a0cd0000000altrAAA","","","","","","","","","","","","","","","","","","","",""
"USAID12","","","USD","http://portfolio.usaid.gov/PublicProjectDetail?id=a0cd0000000altzAAA","","","","","","","","","","","","","","","","","","","",""
"USAID13","","$300,000.00","USD","http://portfolio.usaid.gov/PublicProjectDetail?id=a0cd0000000alu5AAA","","","","","","","","","","","","","","","","","","","",""
"USAID14","","$28,348,795.00","USD","http://portfolio.usaid.gov/PublicProjectDetail?id=a0cd0000000alu9AAA","","","","","","","","","","","","","","","","","","","",""
"USAID15","","","USD","http://portfolio.usaid.gov/PublicProjectDetail?id=a0cd00000011mmTAAQ","","","","","","","","","","","","","","","","","","","",""
"USAID16","","$62,862,513.00","USD","http://portfolio.usaid.gov/PublicProjectDetail?id=a0cd0000000aluMAAQ","","","","","","","","","","","","","","","","","","","",""
"USAID17","","","USD","http://portfolio.usaid.gov/PublicProjectDetail?id=a0cd00000011mnRAAQ","","","","","","","","","","","","","","","","","","","",""
"USAID18","","","USD","http://portfolio.usaid.gov/PublicProjectDetail?id=a0cd00000011mnSAAQ","","","","","","","","","","","","","","","","","","","",""
"USAID19","","","USD","http://portfolio.usaid.gov/PublicProjectDetail?id=a0cd00000011mnbAAA","","","","","","","","","","","","","","","","","","","",""
"USAID20","","","USD","http://portfolio.usaid.gov/PublicProjectDetail?id=a0cd0000000aluIAAQ","","","","","","","","","","","","","","","","","","","",""
"USAID21","","","USD","http://portfolio.usaid.gov/PublicProjectDetail?id=a0cd0000000aluQAAQ","","","","","","","","","","","","","","","","","","","",""
"USAID22","","$11,848,773.00","USD","http://portfolio.usaid.gov/PublicProjectDetail?id=a0cd0000000aluJAAQ","","","","","","","","","","","","","","","","","","","",""
"USAID23","","","USD","http://portfolio.usaid.gov/PublicProjectDetail?id=a0cd00000011lWCAAY","","","","","","","","","","","","","","","","","","","",""
"USAID24","","","USD","http://portfolio.usaid.gov/PublicProjectDetail?id=a0cd00000011lWHAAY","","","","","","","","","","","","","","","","","","","",""
"USAID25","","","USD","http://portfolio.usaid.gov/PublicProjectDetail?id=a0cd0000000alueAAA","","","","","","","","","","","","","","","","","","","",""
"USAID26","","$13,950,856.00","USD","http://portfolio.usaid.gov/PublicProjectDetail?id=a0cd0000000altyAAA","","","","","","","","","","","","","","","","","","","",""
"USAID27","","","USD","http://portfolio.usaid.gov/PublicProjectDetail?id=a0cd0000000alu8AAA","","","","","","","","","","","","","","","","","","","",""
"USAID28","","","USD","http://portfolio.usaid.gov/PublicProjectDetail?id=a0cd00000011lXAAAY","","","","","","","","","","","","","","","","","","","",""
"USAID29","","$8,300,000.00","USD","http://portfolio.usaid.gov/PublicProjectDetail?id=a0cd0000000alu0AAA","","","","","","","","","","","","","","","","","","","",""
"USAID30","","$57,103,080.00","USD","http://portfolio.usaid.gov/PublicProjectDetail?id=a0cd0000000aluHAAQ","","","","","","","","","","","","","","","","","","","",""
"USAID31","","","USD","http://portfolio.usaid.gov/PublicProjectDetail?id=a0cd00000011lXKAAY","","","","","","","","","","","","","","","","","","","",""
"USAID32","","$14,728,074.00","USD","http://portfolio.usaid.gov/PublicProjectDetail?id=a0cd0000000altsAAA","","","","","","","","","","","","","","","","","","","",""
"USAID33","","$700,000.00","USD","http://portfolio.usaid.gov/PublicProjectDetail?id=a0cd0000000alugAAA","","","","","","","","","","","","","","","","","","","",""
"USAID34","","","USD","http://portfolio.usaid.gov/PublicProjectDetail?id=a0cd00000011mm9AAA","","","","","","","","","","","","","","","","","","","",""
"USAID35","","","USD","http://portfolio.usaid.gov/PublicProjectDetail?id=a0cd00000011mnMAAQ","","","","","","","","","","","","","","","","","","","",""
"USAID36","","","USD","http://portfolio.usaid.gov/PublicProjectDetail?id=a0cd00000011mnWAAQ","","","","","","","","","","","","","","","","","","","",""
"USAID37","","$500,000.00","USD","http://portfolio.usaid.gov/PublicProjectDetail?id=a0cd0000000alufAAA","","","","","","","","","","","","","","","","","","","",""
"USAID38","","","USD","http://www.bcas.net/project-details.php?project_id=87&&title=Climate%20Resilient%20Ecosystems%20and%20Livelihoods%20(CREL)","","","","","","","","","","","","","","","","","","","",""
"USAID40","","","USD","http://www.cnfa.org/wp-content/uploads/2012/09/Bangladesh-AIP_Feb-25.pdf","","","","","","","","","","","","","","","","","","","",""
"USAID41","","","USD","http://dai.com/our-work/projects/bangladesh%E2%80%94agricultural-value-chains-avc-program","","","","","","","","","","","","","","","","","","","",""
"USAID42","","","USD","http://www.urc-chs.com/project?ProjectID=23&CountryIDs=15&keyword=usaid","","","","","","","","","","","","","","","","","","","",""
"USAID43","","","USD","http://outcomestories.ifpri.info/2014/05/07/bangladesh-policy-research-and-strategy-support-program/","","","","","","","","","","","","","","","","","","","",""
"USAID44","","","USD","http://www.worldfishcenter.org/our-research/ongoing-projects/reaping-the-rewards-aquaculture-bangladesh#.U773ofldUjE","","","","","","","","","","","","","","","","","","","",""
"USAID45","","","USD","http://www.justice-bd.org/index.php","","","","","","","","","","","","","","","","","","","",""
"USAID46","","","USD","https://www.fbo.gov/index?s=opportunity&mode=form&tab=core&id=fd048e70f77296227855014587c4976e","","","","","","","","","","","","","","","","","","","",""
"USAID47","","","USD","http://www.nathaninc.com/projects-and-cases/bangladesh-trade-facilitation-activity-2013%E2%80%932018","","","","","","","","","","","","","","","","","","","",""
"USAID48","","","USD","http://www.lged.gov.bd/ProjectHome.aspx?projectID=284","","","","","","","","","","","","","","","","","","","",""
"USAID49","","","USD","http://www.cleanenergy-bd.org/","","","","","","","","","","","","","","","","","","","",""
"JICA1","","34847000000","Yen","http://www.jica.go.jp/english/our_work/evaluation/oda_loan/economic_cooperation/c8h0vm000001rdjt-att/bangladesh_130310_02.pdf","","","","","","","","","","","","","","","","","","","",""
"JICA2","","20556000000","Yen","http://www.jica.go.jp/english/our_work/evaluation/oda_loan/economic_cooperation/c8h0vm000001rdjt-att/bangladesh_130310_03.pdf","","","","","","","","","","","","","","","","","","","",""
"JICA3","","11335000000","Yen","http://www.jica.go.jp/english/our_work/evaluation/oda_loan/economic_cooperation/c8h0vm000001rdjt-att/bangladesh_130310_04.pdf","","","","","","","","","","","","","","","","","","","",""
"JICA4","","28945000000","Yen","http://www.jica.go.jp/english/our_work/evaluation/oda_loan/economic_cooperation/c8h0vm000001rdjt-att/bangladesh_130310_01.pdf","","","","","","","","","","","","","","","","","","","",""
"JICA5","","41480000000","Yen","http://www.jica.go.jp/english/our_work/evaluation/oda_loan/economic_cooperation/c8h0vm000001rdjt-att/bangladesh_130220_01.pdf","","","","","","","","","","","","","","","","","","","",""
"JICA6","","10477000000","Yen","http://www.jica.go.jp/english/our_work/evaluation/oda_loan/economic_cooperation/c8h0vm000001rdjt-att/bangladesh_130220_02.pdf","","","","","","","","","","","","","","","","","","","",""
"JICA7","","18736000000","Yen","http://www.jica.go.jp/english/our_work/evaluation/oda_loan/economic_cooperation/c8h0vm000001rdjt-att/bangladesh_130220_03.pdf","","","","","","","","","","","","","","","","","","","",""
"JICA8","","5040000000","Yen","http://www.jica.go.jp/english/news/press/2011/120125.html","","","","","","","","","","","","","","","","","","","",""
"JICA9","","5000000000","Yen","http://www.jica.go.jp/english/news/press/2011/110518.html#a03","","","","","","","","","","","","","","","","","","","",""
"JICA10","","15729000000","Yen","http://www.jica.go.jp/english/news/press/2011/110518.html#a02","","","","","","","","","","","","","","","","","","","",""
"JICA11","","34200000000","Yen","http://www.jica.go.jp/english/news/press/2011/110518.html#a01","","","","","","","","","","","","","","","","","","","",""
"JICA13","","","Yen","http://www.jica.go.jp/english/news/press/2009/100324_01.html","","","","","","","","","","","","","","","","","","","",""
"JICA14","","","Yen","http://www.jica.go.jp/english/news/press/2009/100324_03.html","","","","","","","","","","","","","","","","","","","",""
"JICA15","","","Yen","http://www.jica.go.jp/english/news/press/2009/100324_04.html","","","","","","","","","","","","","","","","","","","",""
"UNDP2","","933735","USD","http://www.bd.undp.org/content/bangladesh/en/home/operations/projects/poverty_reduction/national-social-protection-strategy.html","","","","http://www.plancomm.gov.bd/national-social-protection-strategy-nsps/","","","","","","","","","","","","","","","",""
"UNDP3","","2200000","USD","http://www.bd.undp.org/content/bangladesh/en/home/operations/projects/poverty_reduction/support-to-inclusive-and-sustainable-planning.html","","","","http://www.plancomm.gov.bd//upload/2014/NSPS.pdf","","","","","","","","","","","","","","","",""
"UNDP4","","29000000","USD","http://www.bd.undp.org/content/bangladesh/en/home/operations/projects/democratic_governance/police-reform-programme-phase-ii.html","","","","http://www.bd.undp.org/content/dam/bangladesh/docs/Projects/PRP/PRP_Project_Document_Phase_II.pdf","","","","","","","","","","","","","","","",""
"UNDP5","","19613053","USD","http://www.bd.undp.org/content/bangladesh/en/home/operations/projects/democratic_governance/strengthening-election-management-in-bangladesh.html","","","","http://www.bd.undp.org/content/dam/bangladesh/docs/Projects/SEMB/Prodoc%20SEMB.pdf","","","","","","","","","","","","","","","",""
"UNDP6","","4000000","USD","http://www.bd.undp.org/content/bangladesh/en/home/operations/projects/democratic_governance/judicial-strengthening.html","","","","http://www.bd.undp.org/content/dam/bangladesh/docs/Projects/JUST/Final%20JUST%20Prodoc.pdf","","","","","","","","","","","","","","","",""
"UNDP7","","6943771","USD","http://www.bd.undp.org/content/bangladesh/en/home/operations/projects/democratic_governance/bangladesh-national-human-rights-commission.html","","","","","","","","","","","","","","","","","","","",""
"UNDP8","","5500000","USD","http://www.bd.undp.org/content/bangladesh/en/home/operations/projects/democratic_governance/civil-service-change-management-programme.html","","","","http://www.bd.undp.org/content/dam/bangladesh/docs/Projects/CSCMP/project%20document.pdf","","","","","","","","","","","","","","","",""
"UNDP9","","18391108","USD","http://www.bd.undp.org/content/bangladesh/en/home/operations/projects/democratic_governance/union-parishad-governance-project.html","","","","http://www.bd.undp.org/content/dam/bangladesh/docs/Projects/UPGP/UPGP%20Project%20Document.pdf","","","","","","","","","","","","","","","",""
"UNDP10","","18058889","USD","http://www.bd.undp.org/content/bangladesh/en/home/operations/projects/democratic_governance/upazila-governance-project.html","","","","http://www.bd.undp.org/content/dam/bangladesh/docs/Publications/Pub-2013/UZP%20Baseline%20Report%202013.pdf","","","","","","","","","","","","","","","",""
"UNDP11","","23802730","USD","http://www.bd.undp.org/content/bangladesh/en/home/operations/projects/democratic_governance/access-to-information--ll-.html","","","","http://www.bd.undp.org/content/dam/bangladesh/docs/Projects/A2I/A2I-II%20Project%20Document.pdf","","","","","","","","","","","","","","","",""
"UNDP12","","4475000","USD","http://www.bd.undp.org/content/bangladesh/en/home/operations/projects/democratic_governance/strengthening-capacity-for-aid-effectiveness-in-bangladesh.html","","","","http://www.bd.undp.org/content/dam/bangladesh/docs/Projects/AEB/AE_ProDoc_Signed.pdf","","","","","","","","","","","","","","","",""
"UNDP13","","7000000","USD","http://www.bd.undp.org/content/bangladesh/en/home/operations/projects/democratic_governance/justice-sector-facility.html","","","","http://jsf-undp.org/procurement/","","","","","","","","","","","","","","","",""
"UNDP14","","5816000","USD","http://www.bd.undp.org/content/bangladesh/en/home/operations/projects/crisis_prevention_and_recovery/early-recovery-facility.html","","","","http://www.bd.undp.org/content/dam/bangladesh/docs/Projects/ERF/2011-02-09%20ERF%20signed%20Project%20Document.pdf","","","","","","","","","","","","","","","",""
"UNDP15","","50000000","USD","http://www.bd.undp.org/content/bangladesh/en/home/operations/projects/crisis_prevention_and_recovery/chittagong-hill-tracts-development-facility.html","","","","http://www.bd.undp.org/content/dam/bangladesh/docs/Projects/CHTDF/CHTDF%20Programme%20Document.pdf","","","","","","","","","","","","","","","",""
"UNDP16","","50750000","USD","http://www.bd.undp.org/content/bangladesh/en/home/operations/projects/crisis_prevention_and_recovery/comprehensive-disaster-management-programme.html","","","","http://www.bd.undp.org/content/dam/bangladesh/docs/Projects/CDMP/Final%20Signed%20CDMP%20II.pdf","","","","","","","","","","","","","","","",""
"UNDP17","","3000000","USD","http://www.bd.undp.org/content/bangladesh/en/home/operations/projects/environment_and_energy/improving-kiln-efficiency-in-brick-making-industry-.html","","","","http://www.bd.undp.org/content/dam/bangladesh/docs/Projects/Green%20Brick/Brick%20Kiln-%20Signed%20ProDoc.pdf","","","","","","","","","","","","","","","",""
"P040712","P040712","102260000","USD","http://www.worldbank.org/projects/P040712/water-management-improvement-project?lang=en","","","","","","","","","","","","","","","","","","","",""
"P065131","P065131","60900000","USD","http://www.worldbank.org/projects/P065131/haripur-power-project?lang=en","","","","","","","","","","","","","","","","","","","",""
"P073886","P073886","115000000","USD","http://www.worldbank.org/projects/P073886/empowerment-livelihood-improvement-nuton-jibon-project?lang=en","","","","","","","","","","","","","","","","","","","",""
"P084078","P084078","84600000","USD","http://www.worldbank.org/projects/P084078/national-agricultural-technology-project?lang=en","","","","","","","","","","","","","","","","","","","",""
"P089382","P089382","50000000","USD","http://www.worldbank.org/projects/P089382/investment-promotion-financing-facility?lang=en","","","","","","","","","","","","","","","","","","","",""
"P090807","P090807","79000000","USD","http://www.worldbank.org/projects/P090807/skills-training-enhancement-project?lang=en","","","","","","","","","","","","","","","","","","","",""
"P093988","P093988","149000000","USD","http://www.worldbank.org/projects/P093988/dhaka-water-supply-sanitation-project?lang=en","","","","","","","","","","","","","","","","","","","",""
"P095965","P095965","350000000","USD","http://www.worldbank.org/projects/P095965/siddhirganj-peaking-power-project?lang=en","","","","","","","","","","","","","","","","","","","",""
"P098146","P098146","23600000","USD","http://www.worldbank.org/projects/P098146/public-procurement-reform-project-ii?lang=en","","","","","","","","","","","","","","","","","","","",""
"P098151","P098151","62200000","USD","http://www.worldbank.org/projects/P098151/clean-air-sustainable-environment-project?lang=en","","","","","","","","","","","","","","","","","","","",""
"P103999","P103999","170000000","USD","http://www.worldbank.org/projects/P103999/chittagong-water-supply-improvement-sanitation-project?lang=en","","","","","","","","","","","","","","","","","","","",""
"P105226","P105226","0","USD","http://www.worldbank.org/projects/P105226/bangladesh-brick-kiln-efficiency-project?lang=en","","","","","","","","","","","","","","","","","","","",""
"P106135","P106135","0","USD","http://www.worldbank.org/projects/P106135/grameen-shakti-solar-homes-project?lang=en","","","","","","","","","","","","","","","","","","","",""
"P106161","P106161","130700000","USD","http://www.worldbank.org/projects/P106161/secondary-education-quality-access-improvement?lang=en","","","","","","","","","","","","","","","","","","","",""
"P106216","P106216","81000000","USD","http://www.worldbank.org/projects/P106216/higher-education-quality-enhancement-project?lang=en","","","","","","","","","","","","","","","","","","","",""
"P106332","P106332","35000000","USD","http://www.worldbank.org/projects/P106332/bangladesh-disability-children-risk?lang=en","","","","","","","","","","","","","","","","","","","",""
"P107906","P107906","0","USD","http://www.worldbank.org/projects/P107906/bangladesh-idcol-solar-home-systems-project?lang=en","","","","","","","","","","","","","","","","","","","",""
"P111272","P111272","109000000","USD","http://www.worldbank.org/projects/P111272/emergency-2007-cyclone-recovery-restoration-project?lang=en","","","","","","","","","","","","","","","","","","","",""
"P113435","P113435","300000000","USD","http://www.worldbank.org/projects/P113435/primary-education-development-program-iii?lang=en","","","","","","","","","","","","","","","","","","","",""
"P114841","P114841","29290000","USD","http://www.worldbank.org/projects/P114841/northern-areas-reduction-of-poverty-initiative-project-womens-economic-empowerment-project?lang=en","","","","","","","","","","","","","","","","","","","",""
"P117248","P117248","0","USD","http://www.worldbank.org/projects/P117248/deepening-mtbf-strengthening-financial-accountability?lang=en","","","","","","","","","","","","","","","","","","","",""
"P117542","P117542","257000000","USD","http://www.worldbank.org/projects/P117542/investment-promotion-financing-facility?lang=en","","","","","","","","","","","","","","","","","","","",""
"P118605","P118605","0","USD","http://www.worldbank.org/projects/P118605/efficient-lighting-initiative-bangladesh?lang=en","","","","","","","","","","","","","","","","","","","",""
"P118708","P118708","358900000","USD","http://www.worldbank.org/projects/P118708/health-nutrition-population-sector-development-project?lang=en","","","","","","","","","","","","","","","","","","","",""
"P119547","P119547","0","USD","http://www.worldbank.org/projects/P119547/gpoba-rural-electrification-renewable-energy?lang=en","","","","","","","","","","","","","","","","","","","",""
"P120583","P120583","210000000","USD","http://www.worldbank.org/projects/P120583/bangladesh-modern-food-storage-facilities-project?lang=en","","","","","","","","","","","","","","","","","","","",""
"P120843","P120843","120000000","USD","http://www.worldbank.org/projects/P120843/bd-private-sector-development?lang=en","","","","","","","","","","","","","","","","","","","",""
"P121528","P121528","195000000","USD","http://www.worldbank.org/projects/P121528/bd-identification-system-enhancing-access-services-idea-project?lang=en","","","","","","","","","","","","","","","","","","","",""
"P122014","P122014","75000000","USD","http://www.worldbank.org/projects/P122014/emergency-2007-cyclone-recovery-restoration-project-additional-financing?lang=en","","","","","","","","","","","","","","","","","","","",""
"P122201","P122201","70000000","USD","http://www.worldbank.org/projects/P122201/leveraging-ict-governance-growth-employment-project?lang=en","","","","","","","","","","","","","","","","","","","",""
"P122269","P122269","75000000","USD","http://www.worldbank.org/projects/P122269/bangladesh-rural-water-supply-sanitation-project?lang=en","","","","","","","","","","","","","","","","","","","",""
"P123457","P123457","0","USD","http://www.worldbank.org/projects/P123457/bangladesh-integrated-agricultural-development-project?lang=en","","","","","","","","","","","","","","","","","","","",""
"P123828","P123828","302000000","USD","http://www.worldbank.org/projects/P123828/second-rural-transport-improvement-project?lang=en","","","","","","","","","","","","","","","","","","","",""
"P124514","P124514","290000000","USD","http://www.worldbank.org/projects/P124514/bangladesh-local-governance-support-project-ii?lang=en","","","","","","","","","","","","","","","","","","","",""
"P125302","P125302","0","USD","http://www.worldbank.org/projects/P125302/bangladesh-safe-migration-bangladeshi-workers?lang=en","","","","","","","","","","","","","","","","","","","",""
"P125447","P125447","0","USD","http://www.worldbank.org/projects/P125447/community-climate-change-program?lang=en","","","","","","","","","","","","","","","","","","","",""
"P127015","P127015","0","USD","http://www.worldbank.org/projects/P127015/climate-resilient-participatory-afforestation-reforestation-project?lang=en","","","","","","","","","","","","","","","","","","","",""
"P128276","P128276","375000000","USD","http://www.worldbank.org/projects/P128276/coastal-embankment-improvement-project-phase-1ceip-1?lang=en","","","","","","","","","","","","","","","","","","","",""
"P128445","P128445","0","USD","http://www.worldbank.org/projects/P128445/capacity-building-secretariat-bccrf?lang=en","","","","","","","","","","","","","","","","","","","",""
"P129770","P129770","60000000","USD","http://www.worldbank.org/projects/P129770?lang=en","","","","","","","","","","","","","","","","","","","",""
"P129920","P129920","600000000","USD","http://www.worldbank.org/projects/P129920/bangladesh-rural-electricity-transmission-distribution-project?lang=en","","","","","","","","","","","","","","","","","","","",""
"P131263","P131263","155000000","USD","http://www.worldbank.org/projects/P131263/rural-electrification-renewable-energy-development-ii-rered-ii-project?lang=en","","","","","","","","","","","","","","","","","","","",""
"P131394","P131394","130000000","USD","http://www.worldbank.org/projects/P131394/bd-reaching-out-school-children-ii?lang=en","","","","","","","","","","","","","","","","","","","",""
"P132138","P132138","0","USD","http://www.worldbank.org/projects/P132138/revision-alignment-nap-unccd-10-year-strategic-plan-framework?lang=en","","","","","","","","","","","","","","","","","","","",""
"P132634","P132634","500000000","USD","http://www.worldbank.org/projects/P132634/bangladesh-safety-net-systems-poorest-project?lang=en","","","","","","","","","","","","","","","","","","","",""
"P132743","P132743","34500000","USD","http://www.worldbank.org/projects/P132743/additional-finaning-public-procurement-reform-project-ii?lang=en","","","","","","","","","","","","","","","","","","","",""
"P133251","P133251","0","USD","http://www.worldbank.org/projects/P133251/agricultural-research-technology-support-project?lang=en","","","","","","","","","","","","","","","","","","","",""
"P133653","P133653","410000000","USD","http://www.worldbank.org/projects/P133653/municipal-governance-services-project?lang=en","","","","","","","","","","","","","","","","","","","",""
"P133815","P133815","0","USD","http://www.worldbank.org/projects/P133815/bangladesh-building-safer-cities-improving-earthquake-resiliency?lang=en","","","","","","","","","","","","","","","","","","","",""
"P145118","P145118","0","USD","http://www.worldbank.org/projects/P145118?lang=en","","","","","","","","","","","","","","","","","","","",""
"P145749","P145749","125000000","USD","http://www.worldbank.org/projects/P145749?lang=en","","","","","","","","","","","","","","","","","","","",""
"P146255","P146255","265000000","USD","http://www.worldbank.org/projects/P146255?lang=en","","","","","","","","","","","","","","","","","","","",""
"P146500","P146500","140000000","USD","http://www.worldbank.org/projects/P146500?lang=en","","","","","","","","","","","","","","","","","","","",""
"P147682","P147682","0","USD","http://www.worldbank.org/projects/P147682?lang=en","","","","","","","","","","","","","","","","","","","",""
"P147836","P147836","0","USD","http://www.worldbank.org/projects/P147836?lang=en","","","","","","","","","","","","","","","","","","","",""
"P148881","P148881","0","USD","http://www.worldbank.org/projects/P148881?lang=en","","","","","","","","","","","","","","","","","","","",""
"P150001","P150001","78400000","USD","http://www.worldbank.org/projects/P150001?lang=en","","","","","","","","","","","","","","","","","","","",""
"GB-1-202975","GB-1-202975","2430641","GBP","","","","","","","","2013-04-01","2016-08-31","","","","","","","","","","","",""
"GB-1-201286","GB-1-201286","226099998","GBP","","","","","","","","2009-11-04","2016-03-31","","","","","","","","","","","",""
"GB-1-202123","GB-1-202123","120149999","GBP","","","","","","","","2010-09-19","2016-06-30","","","","","","","","","","","",""
"GB-1-107402","GB-1-107402","80296063","GBP","","","","","","","","2005-11-01","2016-09-30","","","","","","","","","","","",""
"GB-1-114058","GB-1-114058","75053540","GBP","","","","","","","","2008-09-02","2017-12-31","","","","","","","","","","","",""
"GB-1-114175","GB-1-114175","74117679","GBP","","","","","","","","2009-09-01","2016-04-30","","","","","","","","","","","",""
"GB-1-107467","GB-1-107467","67971457","GBP","","","","","","","","2006-04-01","2015-11-26","","","","","","","","","","","",""
"GB-1-107480","GB-1-107480","49999989","GBP","","","","","","","","2006-09-01","2017-03-31","","","","","","","","","","","",""
"GB-1-107413","GB-1-107413","40299995","GBP","","","","","","","","2007-04-01","2016-06-30","","","","","","","","","","","",""
"GB-1-107370","GB-1-107370","45130013","GBP","","","","","","","","2005-02-01","2016-06-30","","","","","","","","","","","",""
"GB-1-203390","GB-1-203390","38160999","GBP","","","","","","","","2012-04-30","2018-05-31","","","","","","","","","","","",""
"GB-1-107460","GB-1-107460","33629985","GBP","","","","","","","","2008-01-01","2017-09-30","","","","","","","","","","","",""
"GB-1-107458","GB-1-107458","30149996","GBP","","","","","","","","2009-10-01","2016-06-30","","","","","","","","","","","",""
"GB-1-202180","GB-1-202180","29999997","GBP","","","","","","","","2010-10-27","2018-10-31","","","","","","","","","","","",""
"GB-1-200593","GB-1-200593","29999997","GBP","","","","","","","","2010-01-01","2016-12-31","","","","","","","","","","","",""
"GB-1-202958","GB-1-202958","24750000","GBP","","","","","","","","2013-07-01","2016-12-31","","","","","","","","","","","",""
"GB-1-203228","GB-1-203228","24599994","GBP","","","","","","","","2012-01-01","2016-06-30","","","","","","","","","","","",""
"GB-1-202976","GB-1-202976","20002996","GBP","","","","","","","","2011-11-01","2017-03-31","","","","","","","","","","","",""
"GB-1-202660","GB-1-202660","24999999","GBP","","","","","","","","2011-06-27","2016-12-31","","","","","","","","","","","",""
"GB-1-203227","GB-1-203227","18499998","GBP","","","","","","","","2013-01-01","2018-12-31","","","","","","","","","","","",""
"GB-1-107448","GB-1-107448","14082298","GBP","","","","","","","","2004-01-01","2014-06-30","","","","","","","","","","","",""
"GB-1-203229","GB-1-203229","11999998","GBP","","","","","","","","2012-02-22","2017-03-31","","","","","","","","","","","",""
"GB-1-202972","GB-1-202972","9481532","GBP","","","","","","","","2012-08-01","2017-10-31","","","","","","","","","","","",""
"GB-1-113287","GB-1-113287","7089991","GBP","","","","","","","","2007-07-01","2016-06-30","","","","","","","","","","","",""
"GB-1-107454","GB-1-107454","5499981","GBP","","","","","","","","2005-08-01","2015-03-31","","","","","","","","","","","",""
"GB-1-113310","GB-1-113310","4949990","GBP","","","","","","","","2007-08-01","2018-03-31","","","","","","","","","","","",""
"GB-1-204287","GB-1-204287","7416000","GBP","","","","","","","","2013-09-23","2016-12-31","","","","","","","","","","","",""
"GB-1-204468","GB-1-204468","3000000","GBP","","","","","","","","2014-02-06","2018-03-31","","","","","","","","","","","",""
"GB-1-201376","GB-1-201376","1452877","GBP","","","","","","","","2009-04-01","2015-12-01","","","","","","","","","","","",""
"39405-013","","","","","","","","","","","","","Loan","Public sector (Sovereign)","2383/7001/2382/-","202,500","Dhaka","Urban policy, institutional and capacity development#Urban water supply","B","C","B","South Asia Department","Ministry of Local Gov't,Rural Dev't,&amp;Co-operatives|Mr. Shaikh Khurshid Alam|Dhaka Water Supply and Sewerage Authority|Engr. Taqsem Khan|Ministry of Finance|Dr. Mohammad Tareque|","Manoj Sharma"
"42177-013","","","","","","","","","","","","","Technical Assistance","Public sector (Sovereign)","2878/8118/0298","50,400","","Health sector development and reform#Health system development","B","C","C","South Asia Department","Local Govt Div,Min of Local Govt Rural Devt &amp; Coop|*|","Brian Chin"
"40515-013","","","","","","","","","","","","","Loan","Public sector (Sovereign)","2696/-","60,000","","Agricultural policy, institutional and capacity development","B","B","B","South Asia Department","Local Government Engineering Department| Md Wahidur Rahman|","Mohammad Nazrul Islam"
"34418-013","","","","","","","","","","","","","Loan","Public sector (Sovereign)","2200/0036","20,000","Selected subregions in the Southwest Areas of Bangladesh (covering the districts of Faridpur, Gopalganj, Jessore, Magura, Narail, and Rajbari)","Rural water policy, institutional and capacity development#Water-based natural resources management","A","C","A","South Asia Department","Bangladesh Water Development Board|Mr. Ziaur Rahman|","Zahir Uddin Ahmad"
"45376-001","","","","","","","","","","","","","Technical Assistance","Public sector (Sovereign)","8426","400","","Economic affairs management","","","","South Asia Department","","Yoshinobu Tatewaki"
"42248-013","","","","","","","","","","","","","Loan","Public sector (Sovereign)","2763","55,000","","Land-based natural resources management#Rural water policy, institutional and capacity development#Road transport (non-urban)","B","A","A","South Asia Department","Ministry of Chittagong Hill Tracts Affairs Banglad|*|","Md. Shahidul Alam"
"42466-014","","","","","","","","","","","","","Multitranche Financing Facility (MFF)","Public sector (Sovereign)","0081/-","350,000","","Education","","","","South Asia Department","","Brajesh Panth"
"39452-013","","","","","","","","","","","","","Technical Assistance","Public sector (Sovereign)","7604/2666","25,800","","Public administration","C","C","C","South Asia Department","National Board of Revenue|Syed Aminul Karim|Department of Land Records and Surveys|Dr. M. Aslam Alam|","Syed Hossain"
"40534-013","","","","","","","","","","","","","Loan","Public sector (Sovereign)","2649","40,000","Selected upazilas in the southwest and northwest of Bangladesh.","Agricultural policy, institutional and capacity development","B","B","C","South Asia Department","Bangladesh Bank|Mr. S. M. Moniruzzaman|Department of Agricultural Extension|Mr. Md. Saydur Rahman Salim|","Md. Shahidul Alam"
"39298-013","","","","","","","","","","","","","Loan","Public sector (Sovereign)","7641/2695/7642/-/0323","120,675","Dhaka and Khulna","Energy efficiency and conservation#Urban roads and traffic management#Other urban services#Urban flood protection#Urban policy, institutional and capacity development#Urban sanitation#Urban solid waste management#Urban water supply","B","C","B","South Asia Department","Local Government Engineering Department|*|","Elma Morsheda"
"40517-013","","","","","","","","","","","","","Loan","Public sector (Sovereign)","2453/2454/-","165,000","Bangladesh","Infrastructure finance and investment funds","FI","A","A","South Asia Department","Finance Division, MOF (EA)|*|Ministry of Finance|Md. Aminul Islam Bhuiyan|","Bidyut Kumar Saha"
"45174-001","","","","","","","","","","","","","Loan","Public sector (Sovereign)","2856","10,000","Dhaka,Chittagong","Road transport (non-urban)","C","C","C","South Asia Department","","P. V. Ravi"
"40559-013","","","","","","","","","","","","","Grant","Public sector (Sovereign)","2462/-","87,000","Approximately 45 pourashavas","Other urban services#Urban flood protection","B","B","B","South Asia Department","Local Government Engineering Department|Md. Nurullah|","Md. Shahidul Alam"
"32234-023","","","","","","","","","","","","","Multitranche Financing Facility (MFF)","Public sector (Sovereign)","2317/2316","130,000","","Rail transport (non-urban)","B","C","A","South Asia Department","Bangladesh Railway (BR)|Md. ANM KHASRU|","Mohammad Nazrul Islam"
"46456-002","","","","","","","","","","","","","Technical Assistance","Public sector (Sovereign)","8523","1,000","","Secondary#Technical and vocational education and training","","","","South Asia Department","","Brajesh Panth"
"37113-013","","","","","","","","","","","","","Loan","Public sector (Sovereign)","2769/-","300,000","","Energy efficiency and conservation#Renewable energy generation - solar","A","C","B","South Asia Department","Power Div-Min of Power, Energy &amp; Mineral Resources|*|Bangladesh Power Development Board (BPDB)|*|Ashuganj Power Station Company|*|","Paul Hattle"
"44212-012","","","","","","","","","","","","","Technical Assistance","Public sector (Sovereign)","8128","","","Urban water supply","","","","South Asia Department","Local Government Engineering Department||","Ron H. Slangen"
"45084-002","","","","","","","","","","","","","Loan","Public sector (Sovereign)","2913/-/8258/0310","20,000","","Rural flood protection#Rural market infrastructure#Road transport (non-urban)","B","B","A","South Asia Department","","Rezaul K. Khan"
"36297-013","","","","","","","","","","","","","Loan","Public sector (Sovereign)","2265/8225","41,000","16 Pourashavas","Urban policy, institutional and capacity development#Urban sanitation#Urban water supply","B","C","B","South Asia Department","Department of Public Health Engineering|Syed Shahbaz Hossain|","Md. Shahidul Alam"
"47310-001","","","","","","","","","","","","","Technical Assistance","Public sector (Sovereign)","8553","225","","Public administration#Reforms of state owned enterprises","","","","South Asia Department","","Syed Hossain"
"39295-032","","","","","","","","","","","","","Technical Assistance","Public sector (Sovereign)","8339","1,000","","Urban roads and traffic management#Other urban services#Urban policy, institutional and capacity development#Urban slum development#Urban solid waste management","","","","South Asia Department","Local Government Engineering Department||Department of Public Health Engineering||","Norio Saito"
"36296-013","","","","","","","","","","","","","Grant","Public sector (Sovereign)","2172/0008/0009/0010","40,000","All the six city corporations---Dhaka, Chittagong, Khulna, Rajshahi, Syllhet and Barisal---and five municipalities-Bogra, Comilla, Sirajgonj, Madhabdi and Savar.","Health sector development and reform","B","","","South Asia Department","Local Govt Div,Min of Local Govt Rural Devt &amp; Coop|Mr. Jamal A. Naser Chowdhury|","Brian Chin"
"43477-013","","","","","","","","","","","","","Loan","Public sector (Sovereign)","2951/2953/2952/8228","300,000","","Money and capital markets","C","C","C","South Asia Department","","Martin Jensen"
"40448-013","","","","","","","","","","","","","Loan","Public sector (Sovereign)","2859","70,000","","Secondary","C","B","C","South Asia Department","Ministry of Education|*|","S.M. Ebadur Rahman"
"42180-013","","","","","","","","","","","","","Loan","Public sector (Sovereign)","3045/3046/-","110,000","","Infrastructure finance and investment funds","FI-C","FI-C","FI-C","South Asia Department","Ministry of Finance|*|","Peter Marro"
"42171-013","","","","","","","","","","","","","Loan","Public sector (Sovereign)","2756/7820/-","75,700","Khulna","Urban policy, institutional and capacity development#Urban water supply","B","C","A","South Asia Department","Khulna Water Supply and Sewerage Authority|*|","Elma Morsheda"
"39305-013","","","","","","","","","","","","","Loan","Public sector (Sovereign)","2554/2555/7354","130,500","Bangladesh","Agro-industry, marketing, and trade#Health sector development and reform#Urban policy, institutional and capacity development#Urban solid waste management","B","C","B","South Asia Department","Local Govt Div,Min of Local Govt Rural Devt &amp; Coop|Mr. Monzur Hossain|","Keiichi Tamaki"
"36200-013","","","","","","","","","","","","","Loan","Public sector (Sovereign)","2549","76,000","Bangladesh","Small and medium enterprise finance and leasing","FI","C","C","South Asia Department","Finance Division, MOF (EA)|Mr. Amalendu Mukherjee|","Bidyut Kumar Saha"
"37017-013","","","","","","","","","","","","","Technical Assistance","Public sector (Sovereign)","2362/4983","151,500","Bangladesh","Public administration","C","C","C","South Asia Department","Cabinet Division Government of Bangladesh|*|","Syed Hossain"
"42173-013","","","","","","","","","","","","","Loan","Public sector (Sovereign)","3051/8292/-","250,000","","Urban water supply","B","C","A","South Asia Department","Dhaka Water Supply and Sewerage Authority|*|","Norio Saito"
"39432-013","","","","","","","","","","","","","Loan","Public sector (Sovereign)","2542/8248/8250","55,000","The Project will develop 230 new subprojects in 46 out of 61 districts of Bangladesh, excluding three districts of Chittagong Hill Tracts and 15 districts in which similar subprojects are being financed by the Japan International Cooperaton Agency.","Agricultural drainage#Agricultural policy, institutional and capacity development#Irrigation#Rural flood protection","B","B","B","South Asia Department","Local Government Engineering Department|Mr Shahidul Haque|","Zahir Uddin Ahmad"
"42169-013","","","","","","","","","","","","","Loan","Public sector (Sovereign)","2864/2863/2862/0287/8270/8072","160,000","","Transport policies and institutional development#Urban public transport#Urban roads and traffic management","B","C","A","South Asia Department","Roads and Railways Division (RRD)-Min. of Comm.|*|Local Government Engineering Department|*|","Mohammad Nazrul Islam"
"42378-015","","","","","","","","","","","","","Multitranche Financing Facility (MFF)","Public sector (Sovereign)","2966/-/0320","185,000","","Electricity transmission and distribution#Energy efficiency and conservation","B","C","B","South Asia Department","","Zhang Lei"
"31309-013","","","","","","","","","","","","","Loan","Public sector (Sovereign)","1881/3899/-","51,500","The Project covers 210 Upazillas (sub-districts) in 29 districts.","Technical and vocational education and training","C","C","C","South Asia Department","Directorate of Non-formal Education|Rezaul Quader|Bureau of Nonformal Education|Md. Zaydul Haque Mollah|","Rudi Louis Hendrikus Van Dael"
"42378-016","","","","","","","","","","","","","Multitranche Financing Facility (MFF)","Public sector (Sovereign)","3087/-","310,000","Dhaka","Electricity transmission and distribution","B","C","A","South Asia Department","","Zhang Lei"
"32234-053","","","","","","","","","","","","","Multitranche Financing Facility (MFF)","Public sector (Sovereign)","3097","100,000","","Rail transport (non-urban)","C","C","C","South Asia Department","Bangladesh Railway (BR)|*|","Markus Roesner"
"44192-013","","","","","","","","","","","","","Loan","Public sector (Sovereign)","3031/2661","112,000","A cross-border between Bangladesh and India.","Electricity transmission and distribution","B","C","A","South Asia Department","Power Grid Company of Bangladesh, Ltd.(PGCB)|Md. Ruhul Amin|","Len V. George"
"44192-014","","","","","","","","","","","","","Loan","Public sector (Sovereign)","3031","12,000","","Electricity transmission and distribution","B","C","A","South Asia Department","","Len V. George"
"35242-013","","","","","","","","","","","","","Loan","Public sector (Sovereign)","2189/2188/0019/-","230,000","Western Part of Bangladesh","Energy sector development and institutional reform#Oil and gas transmission and distribution","B","C","A","South Asia Department","Sylhet Gas Fields Limited|Mr. Shamsul Haque|Bangladesh Oil, Gas &amp; Minerals Corp (Petrobangla)|Mr. Mollah Md. Robiul Hossain|Pashchimanchal Gas Company Ltd.|Mr. Abdus Sattar|Bangladesh Gas Fields Company Ltd.|Mr. Nurul Islam|Gas Transmission Company Ltd.|Mr. Md. Aminur Rahman|","Ali Kausar Muhammad Firoz"
"32234-043","","","","","","","","","","","","","Multitranche Financing Facility (MFF)","Public sector (Sovereign)","2845","150,000","","Rail transport (non-urban)","B","C","A","South Asia Department","Bangladesh Railway (BR)|*|","Mohammad Nazrul Islam"
"40540-014","","","","","","","","","","","","","Technical Assistance","Public sector (Sovereign)","2949/-/8263/8221","198,000","","Road transport (non-urban)","B","C","A","South Asia Department","","Mohammad Nazrul Islam"
"39408-013","","","","","","","","","","","","","Loan","Public sector (Sovereign)","2425/0140","50,000","Whole country","Technical and vocational education and training","C","B","C","South Asia Department","Ministry of Education|Md. Babar Ali|","Rudi Louis Hendrikus Van Dael"
"45273-001","","","","","","","","","","","","","Loan","Public sector (Sovereign)","2865/2866","50,000","","Infrastructure finance and investment funds","FI","FI","FI","South Asia Department","","Anqian Huang"
"45203-002","","","","","","","","","","","","","Technical Assistance","Public sector (Sovereign)","8474","1,000","","Conventional energy generation","","","","South Asia Department","","Hongwei Zhang"
"46452-001","","","","","","","","","","","","","Technical Assistance","Public sector (Sovereign)","8597","1,500","","Rail transport (non-urban)#Transport policies and institutional development","","","","South Asia Department","","Markus Roesner"
"35049-013","","","","","","","","","","","","","Loan","Public sector (Sovereign)","2702/2701","615,000","The Padma Bridge will connect the southwest region with the Dhaka capital region across the Padma Bridge at the Mawa-Jaujira Crossing Point.","Road transport (non-urban)","A","C","A","South Asia Department","Bangladesh Bridge Authority|*|","Witoon Tawisook"
"44142-013","","","","","","","","","","","","","Loan","Public sector (Sovereign)","2688","23,000","Bangladesh","Rail transport (non-urban)#Road transport (non-urban)","C","C","C","South Asia Department","Roads and Highways Department|*|Bangladesh Railway (BR)|*|","Chen Chen"
"44212-023","","","","","","","","","","","","","Loan","Public sector (Sovereign)","6001","493","","Urban public transport#Urban roads and traffic management#Other urban services#Urban flood protection#Urban sanitation#Urban water supply","","","","South Asia Department","","Ron H. Slangen"
"42122-013","","","","","","","","","","","","","Loan","Public sector (Sovereign)","2761/-","320,000","All over the country.","Education sector development#Pre-primary and primary#Pre-primary and primary - social protection initiatives","B","B","B","South Asia Department","Ministry of Primary and Mass Education|*|","Rudi Louis Hendrikus Van Dael"
"36107-013","","","","","","","","","","","","","Loan","Public sector (Sovereign)","2333/2332","405,000","Dhaka, Western and Northern part of the country","Conventional energy generation#Electricity transmission and distribution#Energy efficiency and conservation#Energy sector development and institutional reform","B","C","A","South Asia Department","Dhaka Electric Supply Company Ltd. (DESCO)|Mr. Saleh Ahmed|Ministry of Power, Energy and Mineral Resources|Mr. Md. Abul Kalam Azad|Dhaka Power Distribution Company Ltd. (DPDC)|Mr. A F M Faridul Haque|Bangladesh Power Development Board (BPDB)|A S M Alamgir Kabir|Power Grid Company of Bangladesh, Ltd.(PGCB)|Mr. Md. Ruhul Amin|","Md. Saidur Rahman"
"38164-013","","","","","","","","","","","","","Loan","Public sector (Sovereign)","2623/2622","266,000","Ashugani, Bakhrabad, Elenga, eastern and southwest region of Bangladesh.","Conventional energy generation#Energy efficiency and conservation#Energy sector development and institutional reform#Oil and gas transmission and distribution","B","C","A","South Asia Department","Bangladesh Gas Fields Company Ltd.|*Mr. Md. Nurul Islam|Titas Gas Transmission &amp; Distribution Co. Ltd.|*Mr. Md. Abdul Aziz Khan|Sundarban Gas Company Limited (SGCL)|*A.B.M. Nazmul Hasan|Gas Transmission Company Ltd.|*Mr. Md. Aminur Rahman|","Ali Kausar Muhammad Firoz"
"44213-016","","","","","","","","","","","","","Multitranche Financing Facility (MFF)","Public sector (Sovereign)","3047/-","90,000","","Education sector development#Secondary#Secondary - social protection initiatives","B","B","C","South Asia Department","","Xin Long"
"36197-013","","","","","","","","","","","","","Loan","Public sector (Sovereign)","2232","3,000","Bangladesh","Insurance and contractual savings","C","C","C","South Asia Department","Bank and Financial Institutions Division-MOF|Arijit Chowdhury|","Bidyut Kumar Saha"
