"transaction_id","project_id","transaction_isodate","transaction_year","transaction_value_code","transaction_currency","transaction_value"
"qF3FWdx4UUffSfRW2KPt7i","45207-002","","2014","C","USD","46000000.0"
"N6nFqNtRj2tdpAAmPhmHJi","44212-013","","2014","C","USD","10400000.0"
"RuNyxC8n2CGFxDW2a2FePD","45253-001","","2013","C","USD","516456.920428"
"7P6bhXU9oTtbjfkhDqm6cU","44213-015","","2013","C","USD","3615198.44299"
"Dzo2S3NVCY5ZGFC5h6za2m","47022-001","","2013","C","USD","1549370.76128"
"RzmVXzevAMazKUFgTz9eCm","46284-001","","2013","C","USD","2065827.68171"
"Ddmi3QYixKPrZiVAa69gRC","42176-012","","2013","C","USD","516456.920428"
"yxhv9GARfmzqW3SBf42276","46476-001","","2012","C","USD","687290.601577"
"XTiwHUmj2WKHeULVDUW2fJ","42249-013","","2012","C","USD","490921.858269"
"9B7hzqbSVZ5SSpYDMV8zLb","44167-012","","2013","C","USD","1239496.60903"
"xAE4HyfhPDCWXcNeMY2u26","45078-001","","2011","C","USD","1000000.0"
"HiPmigPtsHivv8sCjXWFda","42466-012","","2013","C","USD","723039.688599"
"bFKuXUUfyfddDmHs46ALZJ","45181-001","","2013","C","USD","232405.614192"
"zAq2EgbTXDcXCrJHB5XhFT","45065-001","","2013","C","USD","516456.920428"
"ap4HcLnEo5f5kReYJUvXWe","45088-001","","2013","C","USD","516456.920428"
"xFqrh6d4W6vuJ9HmW29WU9","45317-001","","2012","C","USD","490921.858269"
"ZB7w8KRrsm2Ro9DQ84gZqe","44305-012","","2013","C","USD","516456.920428"
"zyEJE77opKxPYH7mZP6Zj4","42149-012","","2011","C","USD","2000000.0"
"7Ms5ijCBZX3TCNPS78cFRn","44203-012","","2012","C","USD","220914.836221"
"M84fxjt8f5CcaKvdBUbmog","41671-022","","2011","C","USD","2000000.0"
"wqgVxuhY7DZBqRU5Z3FRKX","42478-023","","2012","C","USD","834567.159058"
"Eb63LascTy6PQJDx9buk4B","EU1","","2012","C","USD","171568.598333"
"tLcMw2mPWMMbXhSqD6HbyC","EU2","","2012","C","USD","1381272.33062"
"7KgEuUCttGMMSCRTeTMmoF","EU3","","2011","C","USD","19461872.17"
"JXkhdo6grkKvoukLkWED9","EU4","","2011","C","USD","1386612.52"
"Jj5vC6zdgeFdHPDtEU6ZrU","EU7","","2011","C","USD","1388738.03"
"rqPY4jbpz2vQKpvck8WnqX","EU8","","2011","C","USD","13901337.27"
"shjes7EgxgUL5FkzcUwAN3","EU9","","2010","C","USD","20289869.7848"
"a6yWysYQcKKuHjqa6CCZGo","EU10","","2012","C","USD","23969142.9986"
"KZT4PDa2VARkEvWCJtMADj","EU11","","2011","C","USD","1091439.86"
"vSxNUmgsN84drpuYYcnfK3","EU12","","2012","C","USD","413511.866166"
"ewEGBohiiehCQ8AAiHYtUZ","EU13","","2012","C","USD","68122827.4609"
"n2FGG4QW9XvCnRxyeq2o4d","EU14","","2011","C","USD","68535111.86"
"okiUTLfJoCiu6kPoo8yfbY","EU15","","2011","C","USD","6964246.07"
"DePQhPHkL4gmRfjFRLSfXE","EU16","","2011","C","USD","21652696.51"
"h5SfQRYE8YAwwPUTFqTEvg","EU17","","2012","C","USD","2523067.68665"
"xVQ9ZxJcPj95FdeZXUiCCi","EU18","","2011","C","USD","4128697.17"
"EJr9AfeUZarCMwXZ8UnuJ","EU19","","2011","C","USD","5554974.37"
"hE9EPnDDPgpLPbc38CZdLM","EU20","","2012","C","USD","25230676.837"
"gEfTAWFsp8PGyoXmjbCCHi","EU21","","2010","C","USD","17584553.8155"
"hx8yu6BBFFwyxisfBTVupm","EU22","","2011","C","USD","2780267.45"
"qJ7EQBoRETRrZPERBGtWJD","EU23","","2011","C","USD","1016517.08"
"Eyudx5mq5tnTVi9X44Se5d","EU24","","2011","C","USD","5004481.42"
"3EmxExarfZ8LH3PjXAsegW","EU25","","2014","C","USD","3980201.22"
"G3ydDvsbZxTnJhUQhGeyJM","EU26","","2011","C","USD","33363209.44"
"KukwHtcQ2X7fu2LHghKF5K","EU29","","2014","C","USD","32612964.71"
"EPniFUBscuaLZiD82uiQkK","EU30","","2009","C","USD","9489241.13799"
"QdDi3KftdmGRLPaP78qY3Z","EU31","","2014","C","USD","134729811.34"
"PSopTgMZWmZBANEyQ5xq7b","EU33","","2010","C","USD","5410631.94873"
"yoNAp3cZ7AhvJ3WBWRY5hm","EU34","","2014","C","USD","202459568.79"
"RCMSwW6ZPpoJLQ6WZWemAR","EU35","","2012","C","USD","12615338.4136"
"WJLDTEvmo4gCNkuG7eq92S","EU36","","2010","C","USD","6745774.39297"
"fEmnkMQcz22bFNaFujKFRm","EU38","","2012","C","USD","27753744.5237"
"VkKT4wqDmmQpmEjwpEQENa","EU39","","2014","C","USD","7960402.44"
"HkCtpDDX4BXJBiXRBQTDDF","EU40","","2014","C","USD","18574272.37"
"siFEk7NT4a8Ye6tkbzQrDZ","India1","","2011","C","USD","321402.4"
"rGfmBpVpfzPrDwNu3YDMXS","India2","","2011","C","USD","107134.13"
"T6F55jTkbVx5viJRDXeGDg","India4","","2011","C","USD","107134.13"
"VmHaCiBMRimceAKguWXqQA","India5","","2011","C","USD","21426.83"
"AT5MWUJow7CPWCaWzavKST","India6","","2011","C","USD","36425.61"
"CVFqK5qtpore6Ub3VRVVLE","India7","","2011","C","USD","21426.83"
"dsrpTPn5exAseQyiN4czeC","India8","","2011","C","USD","6428.05"
"6zasSUXsZ79nn9U55dhjff","India14","","2012","C","USD","477718.161427"
"fhE24i7waouDA3XZGNUzNk","India19","","2012","C","USD","785474973.231"
"g8bh7XywfLRuHFWqo6jKoE","India20","","2013","C","USD","96949402.9014"
"5jYejCTDsT9dEJw3QbzCr9","India21","","2013","C","USD","2644074.62365"
"bLouTHNccpGeDcBTtuUHWS","India22","","2013","C","USD","1762716.41921"
"qsKxG9o9vDUk6TyCSmAyHb","India23","","2013","C","USD","4272824.59669"
"vbGYB6oRSSthaUgbemknpk","USAID2","","2008","C","USD","5741375.92297"
"LoYoLEdAZXwxfC2PUD5qAk","USAID3","","2010","C","USD","419761527.042"
"mmfMwuMyDfSCAVgU8RUJQF","USAID6","","2010","C","USD","11724317.3378"
"NFHHyxcygPWvSr6k9QYdh4","USAID13","","2010","C","USD","306395.275213"
"MGPxU9Azuxf5PNSQdWuWGZ","USAID14","","2002","C","USD","34855882.0762"
"xzHQQzxMQcnJQLE5YqbpK3","USAID16","","2012","C","USD","61721163.3949"
"WDVjXrq4oTmkd82HkQ6SCe","USAID22","","2009","C","USD","12263062.1605"
"NcLJ9Y9zk4ZYWu3ohmsjiH","USAID26","","2009","C","USD","14438643.9271"
"qGoNVqQSJb9QzFdhu8Kou3","USAID29","","2006","C","USD","9114257.26243"
"nYqosX4RdVHXrUqiUuZ2oW","USAID30","","2007","C","USD","60936993.075"
"Xr5xDNV6qSs5Ng4rfV8bQY","USAID32","","2010","C","USD","15042040.9553"
"vFvYac3Mw4uWCN6kMEDsJb","USAID33","","2008","C","USD","730790.063506"
"EhmAQmSM7nDqUm37QGib9n","USAID37","","2008","C","USD","521992.902504"
"aRkPPx6W3NB7KumVmbLJA8","JICA1","","2013","C","USD","368806863.405"
"MY8Az8YeaWTKmdUdoERRgF","JICA2","","2013","C","USD","217556572.567"
"9RR7oy29vwjki3uJTicjYA","JICA3","","2013","C","USD","119965156.16"
"qN6ER4imm8s98iKgbxNZZU","JICA4","","2013","C","USD","306342430.088"
"kgjVidTs9cciarst3yBeGP","JICA5","","2013","C","USD","439007911.562"
"6sHaiEBsV9muwMR66uoQQC","JICA6","","2013","C","USD","110884423.562"
"zfndw38Y4kkaaXahgo6uc8","JICA7","","2013","C","USD","198294412.506"
"uiTi5vJbHuNCK2X6k853AE","JICA8","","2012","C","USD","62018599.9099"
"R5pqNb2gnGJEyVF4zBuvbH","JICA9","","2011","C","USD","62651130.32"
"zRSgn4tFCYSKrsmMU74QGA","JICA10","","2011","C","USD","197087925.77"
"xTYZXfAD5JCAgmH8u27YRY","JICA11","","2011","C","USD","428533731.4"
"hpKSHB4zBTk9jBUv35NkPU","UNDP2","","2012","C","USD","916781.842662"
"6AhQtahrSNL6oDdSQvqubj","UNDP3","","2013","C","USD","2272410.44988"
"ggHATEkjgsBJpRdrPFi5j8","UNDP4","","2009","C","USD","30013977.1987"
"WGEZWJrKtwY2YYRvwhmrdc","UNDP5","","2011","C","USD","19613053.0"
"XVTE8RD59GofFsLvAHpuUJ","UNDP6","","2012","C","USD","3927374.86615"
"6aSHKmFrphucaCd2T8ps2m","UNDP7","","2010","C","USD","7091795.42188"
"qybS9uR6jAuDyBx4cZGd4G","UNDP8","","2008","C","USD","5741921.92755"
"EE7F75Xf3c8b2FYuacPjS5","UNDP9","","2011","C","USD","18391108.0"
"GYGWWnfmao4SezsTRiUfS4","UNDP10","","2011","C","USD","18058889.0"
"rrHeTa82CPzAgupZu9DE6M","UNDP11","","2012","C","USD","23370560.887"
"AmLtsGPTAecDzoc7nvXBJ3","UNDP12","","2011","C","USD","4475000.0"
"AnsjdYdBcZccb2gsaT9rpf","UNDP13","","2012","C","USD","6872906.01577"
"quasFxvBvbYKCcTPcR5sZC","UNDP14","","2015","C","USD","5816000.0"
"P4GGaVMMp9Be3XbCetKDyN","UNDP15","","2003","C","USD","60210626.4049"
"NHyLD8wZwibkfLh3SCe6e","UNDP16","","2010","C","USD","51831867.3902"
"5CPnVtpJKaL8Kj28eNviC8","UNDP17","","2010","C","USD","3063952.75213"
"27xYrkrpHY3PVznMgtHBdL","P040712","","2007","C","USD","109125758.398"
"jxf6YyjXUGr2tVvRFJd8XU","P065131","","2000","C","USD","77810608.2895"
"YVW65gPaHsVmJU3eabfwEm","P073886","","2010","C","USD","117451522.165"
"HUstB9TmHoNS2CjLE28iiJ","P084078","","2008","C","USD","88321199.1037"
"hgNna6qNZ2vDoDCywMSaTa","P089382","","2006","C","USD","54905164.2315"
"xFktCj9gGsnGWYNwyMFXkC","P090807","","2010","C","USD","80684089.1395"
"KSpjVQD2xtig83pr3xQayh","P093988","","2008","C","USD","155553884.946"
"RzHHtricLaLFVJuCM7y6ze","P095965","","2008","C","USD","365395031.753"
"XZ8uEGcHdDk8jPUG9TrDLT","P098146","","2007","C","USD","25184509.0768"
"CWuVDNXuuwQvVThck3Tv25","P098151","","2009","C","USD","64374806.2675"
"XQrfNZjjFQhB3XyxJG5y33","P103999","","2010","C","USD","173623989.288"
"GRvgtL3AsfyJw9c2KFqhaG","P106161","","2008","C","USD","136448944.715"
"aB8bhAhsBJe9S79wNVPVdR","P106216","","2009","C","USD","83832143.2101"
"sd3vVkmXkS7NFB5DME2zwZ","P106332","","2008","C","USD","36539503.1753"
"G4k8yLdNrzf3aHbeX8298K","P111272","","2008","C","USD","113794452.746"
"RPhMsyJZvw2L78gHoWmMQA","P113435","","2011","C","USD","300000000.0"
"NjZVy6pYJZP5fzRCYiPKhT","P114841","","2011","C","USD","29290000.0"
"THEzWoq8VR6WKCooyHiPmR","P117542","","2010","C","USD","262478619.099"
"nod5Xu63NcMcWcQ34ztxGe","P118708","","2011","C","USD","358900000.0"
"Mtinyh4iGAJod92DHdyfnc","P120583","","2013","C","USD","216911906.58"
"YqAi4yiPRtzFcJdyoJxhZC","P120843","","2011","C","USD","120000000.0"
"c28tRT4VL5asCc8qo68A5G","P121528","","2011","C","USD","195000000.0"
"628CYkS5kEdZWMRtRzEJvn","P122014","","2010","C","USD","76598818.8033"
"YXRL4vW2LCXRjoFUeEViJU","P122201","","2012","C","USD","68729060.1577"
"fHfFLgaV2BtTtEuFT58rX7","P122269","","2012","C","USD","73638278.7404"
"k37s2uk7iYoTiiURjDW8f9","P123828","","2012","C","USD","296516802.395"
"jhN25j8DQcCZotF7yuzBRb","P124514","","2011","C","USD","290000000.0"
"6f2vayVNSPZcfrTFp4cpkV","P128276","","2013","C","USD","387342690.321"
"GQAoEUMUqKk48oLP62euDQ","P129770","","2014","C","USD","60000000.0"
"FBhFxYL2pDXYijjBohE5Bb","P129920","","2014","C","USD","600000000.0"
"MMNeyXgRFAWjfvqMigZkYk","P131263","","2012","C","USD","152185776.063"
"oGqJHGTeJU9cE5WpDdas2E","P131394","","2012","C","USD","127639683.15"
"SnYXtv8g9P6BtTYGZzRmNV","P132634","","2013","C","USD","516456920.428"
"Vx8dpkheRufgXAtfAXJtVF","P132743","","2013","C","USD","35635527.5095"
"qQTwoQ5ruKFbBfDTjK276g","P133653","","2014","C","USD","410000000.0"
"ZsWaZCAnmPj9Qns2Cru9N5","P145749","","2013","C","USD","129114230.107"
"YSnLVutNhJhcNuNLma3Gx7","P146255","","2013","C","USD","273722167.827"
"imvoUy9VdSUiSnTaPDRFn8","P146500","","2013","C","USD","144607937.72"
"KUrYm9kPzzdaLKLnF26tRo","P150001","","2014","C","USD","78400000.0"
"kKray8kJR9zq9AhT5rjJB4","GB-1-202975","","2013","C","USD","3924960.85463"
"u6Vb8jMHxZLtN85LAZWUCS","GB-1-201286","","2011","C","USD","362257979.22"
"YNouiCHxQymG5AvCqhLsEN","GB-1-202123","","2011","C","USD","192504627.27"
"k5MU3BSoZyMmabJvR8kZgV","GB-1-107402","","2008","C","USD","154105057.012"
"pEStJp6NtnUWy6uniYUV5P","GB-1-114058","","2008","C","USD","144043551.183"
"dvYBwxqtYStTr48Syebg7B","GB-1-114175","","2009","C","USD","119499737.937"
"vQVzHjbQdrnbGFjMjkd5RM","GB-1-107467","","2007","C","USD","145136429.362"
"kedeDLDG4gu6xqQxmUMASG","GB-1-107480","","2008","C","USD","95960509.9841"
"C6bqpeRrRMvfdNpUzsJg8D","GB-1-107413","","2007","C","USD","86050787.1344"
"Cxq8HW4jqNnv4g5YUAbdcB","GB-1-107370","","2007","C","USD","96364109.7781"
"xKfK9Epkqc4QfiMUEjdLGd","GB-1-203390","","2013","C","USD","61621780.9963"
"JqVzgLcL2dBqJY2cAXRbj5","GB-1-107460","","2008","C","USD","64543024.4246"
"3TcuVCAVD4VRJvg3sW65ri","GB-1-107458","","2007","C","USD","64377945.6565"
"NugE9gQqEPeZrToRLCCiXa","GB-1-202180","","2014","C","USD","49364052.15"
"WuwEn9pRAGz6bHcjxjaJ55","GB-1-200593","","2009","C","USD","48368915.8693"
"JxTyM543jg6C3CYTm88syg","GB-1-202958","","2013","C","USD","39965910.7342"
"jiitNg2VkJNSXK86DEXfJP","GB-1-203228","","2012","C","USD","38154118.0249"
"DoxNcXJLaDFPEHQbLZGvLW","GB-1-202976","","2013","C","USD","32300523.3382"
"tje6okyY5vxYrxC2jKvQzH","GB-1-202660","","2011","C","USD","40055060.59"
"LGCBVnWmwEvyTYfrS5PNMJ","GB-1-203227","","2013","C","USD","29873505.8075"
"8SBjSFD4c59FD69kH6nvUP","GB-1-107448","","2006","C","USD","28452984.4608"
"C6omqrivG5dXkALUxmp25N","GB-1-203229","","2013","C","USD","19377408.032"
"ApopYrKyb2bHvpcqYJLXgL","GB-1-202972","","2013","C","USD","15310628.7475"
"j4rH88HFazsfrSnxQ7NPLD","GB-1-113287","","2010","C","USD","11188757.0664"
"yFzqYB5txCuzxtkpKMkfMD","GB-1-107454","","2005","C","USD","11335856.2501"
"S3tZUqZMDg4mUgMwYJvTxA","GB-1-113310","","2007","C","USD","10569493.5154"
"tX2KXaNBocUhfBFYGCnZrV","GB-1-204287","","2013","C","USD","11975240.1669"
"7ct7wXHZxTAgWAx9ENk5sc","GB-1-204468","","2014","C","USD","4936405.71"
"3SZ9rGn565U2k78RFMJeYE","GB-1-201376","","2010","C","USD","2292793.85786"
"aC3CKXsU7zB6WVcXtyzUSD","39405-013","","2007","C","USD","216095893.561"
"3ECnvmS5EBKHkiRywhSLg6","42177-013","","2012","C","USD","49484923.3135"
"odbBy8T2376fzetxSuVyt8","40515-013","","2010","C","USD","61279055.0427"
"MefKqyZPwzgdXCUhPHRHeW","34418-013","","2005","C","USD","22671722.1131"
"UEmHdWuRsxakCbHLNVixCR","45376-001","","2013","C","USD","413165.536342"
"245KdX9y36QLwLoJcLzrzK","42248-013","","2011","C","USD","55000000.0"
"EpejcMGquCb43HSVvbkhB4","42466-014","","2014","C","USD","350000000.0"
"TDAXEKt9a8pNAWXQARZ5fP","39452-013","","2010","C","USD","26349993.6683"
"aK8H4svM2ih5fUJbkTbkCg","40534-013","","2010","C","USD","40852703.3618"
"wSg5VdDuknnNmKZ6HAuAYJ","39298-013","","2010","C","USD","123247499.455"
"XxHh7BopZKsxuwfGQciUtk","40517-013","","2008","C","USD","172257657.826"
"eh3cUreuk7vDrrNsskU3RG","45174-001","","2012","C","USD","9818437.16538"
"mmXyDZXQub3csR5MNyoqyf","40559-013","","2009","C","USD","90041931.5961"
"onqxa6M6cMRpZuUWP4KhDT","32234-023","","2007","C","USD","138728227.965"
"KFPtn2hpEYBLCLP5S3Pfzj","46456-002","","2013","C","USD","1032913.84086"
"j6wpGALJw8FZXdDaP23MmT","37113-013","","2011","C","USD","300000000.0"
"U3zEmeUCJNBkRggSjLNksd","45084-002","","2012","C","USD","19636874.3308"
"ochwPXNK7iM9yBBrJeRzL9","36297-013","","2006","C","USD","45022234.6698"
"9MzaS8tzjMsdVcojpYxSbV","47310-001","","2013","C","USD","232405.614192"
"7Tt6JbFCZHm26UMnkMKccV","39295-032","","2013","C","USD","1032913.84086"
"zHqYesMRHXcbDJrt5WPpXg","43477-013","","2012","C","USD","294553114.962"
"DBMf9DvU9UzxRrsrvJmTkC","40448-013","","2012","C","USD","68729060.1577"
"SJaDTb9nQ4eN2m6pYzrA34","42180-013","","2013","C","USD","113620522.494"
"TZGGV6T5YufU9gj96JwoBe","42171-013","","2011","C","USD","75700000.0"
"jziioBMXvhkgic3KhySWjY","39305-013","","2009","C","USD","135062897.394"
"DYgLTNeXZnEstFrubBPQJM","37017-013","","2007","C","USD","161671742.59"
"7H5UV8kmqBhNQQjZ32ugFf","42173-013","","2013","C","USD","258228460.214"
"DL4aKjszqwDpYpDvw6ahRA","39432-013","","2010","C","USD","56172467.1224"
"Rzd4dpbjKkcuHD4nGHxABg","42169-013","","2012","C","USD","157094994.646"
"jSucaUBqm6uYctaJYZAVt","42378-015","","2012","C","USD","181641087.56"
"5MLbrG92URDPzx5WAHT64L","31309-013","","2001","C","USD","64346388.3784"
"juthGjeZTViV8Mm3QJ9S76","42378-016","","2013","C","USD","320203290.665"
"N9khTDjr7wct64GbbAYioa","32234-053","","2013","C","USD","103291384.086"
"kz5aFPn5efKzZXzQTDmvMn","44192-014","","2013","C","USD","12394966.0903"
"AfCmLKitEtNwUVV4USp4Dm","35242-013","","2005","C","USD","260724804.3"
"pcospHgESdD4kAwZ4azD4k","32234-043","","2011","C","USD","150000000.0"
"kbsM3abtYVdqF9wgcMi3qh","40540-014","","2012","C","USD","194405055.875"
"SX92hMSjrFmu2zJiBYBGRJ","39408-013","","2008","C","USD","52199290.2504"
"uqBkaXzeYMPjz8ZMXvB2vE","45273-001","","2012","C","USD","49092185.8269"
"i2nRWwBY5bqTRTvPj3PYfH","45203-002","","2013","C","USD","1032913.84086"
"UM7nGJhi8iwmXQzDXnEx37","46452-001","","2013","C","USD","1549370.76128"
"rC9VYzG3uBqHofpTYNUpFK","44142-013","","2010","C","USD","23490304.433"
"P5PhxEL5UP5eyuXecuMeNC","42122-013","","2011","C","USD","320000000.0"
"BNRdjn4BefuRpxtjmhaE","38164-013","","2010","C","USD","271670477.356"
"Qw4n3JSNACQJ6AxxESn5dF","44213-016","","2013","C","USD","92962245.677"
