"project_id","is_geocoded","project_title","start_actual_isodate","start_actual_type","end_actual_isodate","end_actual_type","donors","donors_iso3","recipients","recipients_iso3","ad_sector_codes","ad_sector_names","status","transactions_start_year","transactions_end_year","total_commitments","total_disbursements"
"45207-002","1","Irrigation Management Improvement Project","2014-06-30","start-actual","2020-12-31","end-actual","Asian Development Bank","DAC","Bangladesh","BGD","31120","Agricultural development","Implementation","2014","2020","46000000.0","0.0"
"44212-013","0","Coastal Town Environmental Infrastructure Project","2014-06-27","start-actual","2020-12-31","end-actual","Asian Development Bank","DAC","Bangladesh","BGD","21010","Transport policy and administrative management","Implementation","2014","2020","10400000.0","0.0"
"45253-001","1","Third Capital Market Development Program","2013-11-25","start-actual","2014-07-31","end-actual","Asian Development Bank","DAC","Bangladesh","BGD","24010","Financial policy and administrative management","Implementation","2013","2014","500000.0","0.0"
"44213-015","1","MFF - Secondary Education Sector Investment Program (Facility Concept)","2013-09-27","start-actual","","end-actual","Asian Development Bank","DAC","Bangladesh","BGD","11100","Education, level unspecified, combinations of purposes","Implementation","2013","2013","3500000.0","0.0"
"47022-001","1","Supporting Participation in the South Asia Subregional Economic Cooperation Trade Facilitation Program","2013-08-20","start-actual","2015-07-31","end-actual","Asian Development Bank","DAC","Bangladesh","BGD","32000","Industry, combination of purposes industry, mining and construction","Implementation","2013","2015","1500000.0","0.0"
"46284-001","1","Pilot Project on Weather Index-Based Crop Insurance","2013-03-27","start-actual","2016-12-31","end-actual","Asian Development Bank","DAC","Bangladesh","BGD","31120","Agricultural development","Implementation","2013","2016","2000000.0","0.0"
"42176-012","1","Establishing a Regulatory Frameworkd for Urban Water Supply and Sanitation","2013-01-28","start-actual","2015-06-30","end-actual","Asian Development Bank","DAC","Bangladesh","BGD","14020","Water supply and sanitation - large systems","Implementation","2013","2015","500000.0","0.0"
"46476-001","1","Improving Public Administration and Services Delivery through e-Solutions","2012-12-14","start-actual","2015-03-31","end-actual","Asian Development Bank","DAC","Bangladesh","BGD","22040","Information and communication technology (ict)","Implementation","2012","2015","700000.0","0.0"
"42249-013","1","Capacity Building for Disaster Risk Finance","2012-08-28","start-actual","2015-03-31","end-actual","Asian Development Bank","DAC","Bangladesh","BGD","24010","Financial policy and administrative management","Implementation","2012","2015","500000.0","0.0"
"46904-014","1","PRAN Agribusiness Project","2012-08-08","start-actual","","end-actual","Asian Development Bank","DAC","Bangladesh","BGD","31120","Agricultural development","Implementation","2012","2012","0.0","0.0"
"44167-012","1","Main River Flood and Bank Erosion Risk Management Program","2013-12-31","start-actual","","end-actual","Asian Development Bank","DAC","Bangladesh","BGD","31120","Agricultural development","Implementation","2013","2013","1200000.0","0.0"
"45078-001","1","Strategic Master Plan for Chittagong Port","2011-12-14","start-actual","2014-12-31","end-actual","Asian Development Bank","DAC","Bangladesh","BGD","21010","Transport policy and administrative management","Implementation","2011","2014","1000000.0","0.0"
"42466-012","0","Skills for Employment","2013-01-31","start-actual","","end-actual","Asian Development Bank","DAC","Bangladesh","BGD","11100","Education, level unspecified, combinations of purposes","Implementation","2013","2013","700000.0","0.0"
"45916-012","1","Industrial Energy Efficiency Finance Program","2011-12-14","start-actual","","end-actual","Asian Development Bank","DAC","Bangladesh","BGD","23000","Energy generation and supply, combinations of activities","Implementation","2011","2011","0.0","0.0"
"45181-001","1","Public Private Partnership in Higher Education","2013-01-31","start-actual","","end-actual","Asian Development Bank","DAC","Bangladesh","BGD","11100","Education, level unspecified, combinations of purposes","Implementation","2013","2013","225000.0","0.0"
"45065-001","1","Climate Change Capacity Building and Knowledge Management","2013-06-30","start-actual","","end-actual","Asian Development Bank","DAC","Bangladesh","BGD","31120","Agricultural development","Implementation","2013","2013","500000.0","0.0"
"45088-001","1","Capacity Development for Bangladesh Bank","2013-09-30","start-actual","","end-actual","Asian Development Bank","DAC","Bangladesh","BGD","24010","Financial policy and administrative management","Implementation","2013","2013","500000.0","0.0"
"45317-001","1","Third Primary Education Development Project","2012-05-29","start-actual","2013-09-30","end-actual","Asian Development Bank","DAC","Bangladesh","BGD","11100","Education, level unspecified, combinations of purposes","Implementation","2012","2013","500000.0","0.0"
"44305-012","1","Support for Climate Change Mitigation and Renewable Energy Development","2013-08-31","start-actual","","end-actual","Asian Development Bank","DAC","Bangladesh","BGD","23000","Energy generation and supply, combinations of activities","Implementation","2013","2013","500000.0","0.0"
"42149-012","1","Institutional Support for Migrant Workers' Remittances","2011-01-18","start-actual","2015-01-18","end-actual","Asian Development Bank","DAC","Bangladesh","BGD","24010","Financial policy and administrative management","Implementation","2011","2015","2000000.0","0.0"
"44203-012","0","Bangladesh-India Electrical Grid Interconnection Project","2012-04-30","start-actual","","end-actual","Asian Development Bank","DAC","Bangladesh","BGD","23000","Energy generation and supply, combinations of activities","Implementation","2012","2012","225000.0","0.0"
"41671-022","1","Developing Inclusive Insurance Sector Project","2011-12-31","start-actual","","end-actual","Asian Development Bank","DAC","Bangladesh","BGD","24010","Financial policy and administrative management","Implementation","2011","2011","2000000.0","0.0"
"42478-023","1","Supporting Implementation of Bangladesh Climate Change Strategy and Action Plan (Subproject 2)","2012-05-16","start-actual","2013-08-30","end-actual","Asian Development Bank","DAC","Bangladesh","BGD","31120","Agricultural development","Implementation","2012","2013","850000.0","0.0"
"EU1","1","Enhanced coping capacity of the disadvantaged community","2012-01-05","start-actual","2015-01-04","end-actual","Delegation of the European Union to Bangladesh","DAC","Bangladesh","BGD","15150","Strengthening civil society","Implementation","2012","2015","174741.25","0.0"
"EU2","1","Improving Child Protection and Rehabilitation of Children from Sexual Abuse and Exploitation in Bangladesh","2012-01-01","start-actual","2014-01-12","end-actual","Delegation of the European Union to Bangladesh","DAC","Bangladesh","BGD","15150","Strengthening civil society","Implementation","2012","2014","1406814.86","0.0"
"EU3","1","Local Governance and Decentralization Programme for Union Parishads and Upazila Parishads","2011-01-08","start-actual","2017-01-06","end-actual","Delegation of the European Union to Bangladesh","DAC","Bangladesh","BGD","15110","Economic and development policy/planning","Implementation","2011","2017","19461872.17","0.0"
"EU4","1","Partnerships to combat child labour through corporate social responsibility CSR in Bangladesh","2011-01-10","start-actual","2014-01-09","end-actual","Delegation of the European Union to Bangladesh","DAC","Bangladesh","BGD","15150","Strengthening civil society","Implementation","2011","2014","1386612.52","0.0"
"EU7","1","Rural Urban Child Migration Project","2011-01-09","start-actual","2014-01-09","end-actual","Delegation of the European Union to Bangladesh","DAC","Bangladesh","BGD","15150","Strengthening civil society","Implementation","2011","2014","1388738.03","0.0"
"EU8","1","Strengthening Election Management in Bangladesh (SEMB)","2011-01-04","start-actual","2016-01-03","end-actual","Delegation of the European Union to Bangladesh","DAC","Bangladesh","BGD","15150","Strengthening civil society","Implementation","2011","2016","13901337.27","0.0"
"EU9","1","Better Work and Standards Programme","2010-04-01","start-actual","","end-actual","Delegation of the European Union to Bangladesh","DAC","Bangladesh","BGD","99810","Sectors not specified","Implementation","2010","2010","19866366.84","0.0"
"EU10","1","INSPIRED-Integrated Support to Poverty and Inequalitity Reduction through Enterprise Development","2012-01-01","start-actual","","end-actual","Delegation of the European Union to Bangladesh","DAC","Bangladesh","BGD","33100","Trade policy and regulations, combination of purposes","Implementation","2012","2012","24412381.11","0.0"
"EU11","1","Promoting rights through community action: improved access to inclusive education for children with disabilities","2011-01-10","start-actual","2014-01-09","end-actual","Delegation of the European Union to Bangladesh","DAC","Bangladesh","BGD","11120","Education facilities and training","Implementation","2011","2014","1091439.86","0.0"
"EU12","1","Water, Sanitation and Hygiene for indigent and needy groups","2012-01-03","start-actual","2015-01-02","end-actual","Delegation of the European Union to Bangladesh","DAC","Bangladesh","BGD","14030","Basic drinking water supply and basic sanitation","Implementation","2012","2015","421158.54","0.0"
"EU13","1","Third Primary Education Development Programme (PEDP III)","2012-06-01","start-actual","2012-02-01","end-actual","Delegation of the European Union to Bangladesh","DAC","Bangladesh","BGD","99810","Sectors not specified","Implementation","2012","2012","69382556.83","0.0"
"EU14","1","SHARE: Support to the Hard to Reach through Basic Education","2011-11-01","start-actual","","end-actual","Delegation of the European Union to Bangladesh","DAC","Bangladesh","BGD","99810","Sectors not specified","Implementation","2011","2011","68535111.86","0.0"
"EU15","1","Support Urban Slum Children to Access Inclusive Non-Formal Education (SUSTAIN)","2011-01-12","start-actual","2017-01-12","end-actual","Delegation of the European Union to Bangladesh","DAC","Bangladesh","BGD","11220","Primary education","Implementation","2011","2017","6964246.07","0.0"
"EU16","1","Unique Intervention for Quality Primary Education (UNIQUE II)","2011-01-12","start-actual","2017-01-11","end-actual","Delegation of the European Union to Bangladesh","DAC","Bangladesh","BGD","11220","Primary education","Implementation","2011","2017","21652696.51","0.0"
"EU17","1","'Our Forest our Life'': A Community-based Action toward the sustainability of the Sundarbans Reserve Forest (CBAS-SRF)","2012-01-02","start-actual","2015-01-01","end-actual","Delegation of the European Union to Bangladesh","DAC","Bangladesh","BGD","43040","Rural development","Implementation","2012","2015","2569724.33","0.0"
"EU18","1","Cross-border transfer of agricultural technologies, institutional and market development","2011-01-12","start-actual","2014-01-12","end-actual","Delegation of the European Union to Bangladesh","DAC","Bangladesh","BGD","52010","Food aid/food security programmes","Implementation","2011","2014","4128697.17","0.0"
"EU19","1","Sustainable Technology Transfer to Enhance Productivity for Ultra Poor – STEP UP","2011-01-11","start-actual","2014-01-11","end-actual","Delegation of the European Union to Bangladesh","DAC","Bangladesh","BGD","52010","Food aid/food security programmes","Implementation","2011","2014","5554974.37","0.0"
"EU20","1","Bangladesh Climate Change Resilience Fund (BCCRF)","2012-01-03","start-actual","2017-01-11","end-actual","Delegation of the European Union to Bangladesh","DAC","Bangladesh","BGD","41020","Biosphere protection","Implementation","2012","2017","25697243.27","0.0"
"EU21","1","Comprehensive Disaster Management Programme (CDMP) 2010-2014","2011-01-01","start-actual","2014-01-01","end-actual","Delegation of the European Union to Bangladesh","DAC","Bangladesh","BGD","99810","Sectors not specified","Implementation","2010","2014","17217517.93","0.0"
"EU22","1","Sundarbans Development & Alternative Resources Integration (SUNDARI)","2011-01-12","start-actual","2015-01-04","end-actual","Delegation of the European Union to Bangladesh","DAC","Bangladesh","BGD","43040","Rural development","Implementation","2011","2015","2780267.45","0.0"
"EU23","1","Ensuring Water & Sanitation Facilities towards Disaster Risk Reduction","2011-12-01","start-actual","2014-11-01","end-actual","Delegation of the European Union to Bangladesh","DAC","Bangladesh","BGD","74010","Disaster prevention and preparedness","Implementation","2011","2014","1016517.08","0.0"
"EU24","1","Preventing and addressing undernutrition in young children and women and its underlying causes.","2011-01-12","start-actual","2014-01-11","end-actual","Delegation of the European Union to Bangladesh","DAC","Bangladesh","BGD","99810","Sectors not specified","Implementation","2011","2014","5004481.42","0.0"
"EU25","1","Protection, essential services and durable solutions for refugees in Bangladesh","","start-actual","","end-actual","Delegation of the European Union to Bangladesh","DAC","Bangladesh","BGD","99810","Sectors not specified","Implementation","2014","2014","3980201.22","0.0"
"EU26","1","Supporting Local Development in the Chittagong Hill Tracts","2011-01-01","start-actual","2013-09-01","end-actual","Delegation of the European Union to Bangladesh","DAC","Bangladesh","BGD","99810","Sectors not specified","Implementation","2011","2013","33363209.44","0.0"
"EU28","1","Sustainable Access to Land Equality (SALE)","","start-actual","","end-actual","Delegation of the European Union to Bangladesh","DAC","Bangladesh","BGD","99810","Sectors not specified","Implementation"," "," ","0.0","0.0"
"EU29","1","SWITCH-Asia, Promoting Sustainable Consumption and Production","","start-actual","","end-actual","Delegation of the European Union to Bangladesh","DAC","Bangladesh","BGD","99810","Sectors not specified","Implementation","2014","2014","32612964.71","0.0"
"EU30","1","Strengthening Basic Education in CHT Phase 2","2009-12-01","start-actual","2013-09-01","end-actual","Delegation of the European Union to Bangladesh","DAC","Bangladesh","BGD","99810","Sectors not specified","Implementation","2009","2013","9168661.36","0.0"
"EU31","1","4th set of measures for implementing the facility for rapid response to soaring food prices in developping countries - IOs actions.","","start-actual","","end-actual","Delegation of the European Union to Bangladesh","DAC","Bangladesh","BGD","99810","Sectors not specified","Implementation","2014","2014","134729811.34","0.0"
"EU32","1","AMADER SWAPNO (Our Dream): Adivasi and Monga Area Development through Education by Realising Schooling for Weak and Poorest Non-enrolled Children","","start-actual","","end-actual","Delegation of the European Union to Bangladesh","DAC","Bangladesh","BGD","99810","Sectors not specified","Implementation"," "," ","0.0","0.0"
"EU33","1","Programme in support of long-term solutions to the protracted refugees situation in Bangladesh of the Muslim refugees from the Northern Rakhine State and enhancement of social cohesion for the vulnerable population in Cox's Bazar District","","start-actual","","end-actual","Delegation of the European Union to Bangladesh","DAC","Bangladesh","BGD","99810","Sectors not specified","Implementation","2010","2010","5297697.83","0.0"
"EU34","1","Soutien aux initiatives des acteurs non étatiques et collectivités locales","","start-actual","","end-actual","Delegation of the European Union to Bangladesh","DAC","Bangladesh","BGD","99810","Sectors not specified","Implementation","2014","2014","202459568.79","0.0"
"EU35","1","Strengthening Access to Land and Property Rights for All Sections of the Community","","start-actual","","end-actual","Delegation of the European Union to Bangladesh","DAC","Bangladesh","BGD","99810","Sectors not specified","Implementation","2012","2012","12848621.63","0.0"
"EU36","1","Support for the restoration of socio-economic stability and strengthening of community resilience in areas affected by cyclone AILA in Bangladesh","","start-actual","","end-actual","Delegation of the European Union to Bangladesh","DAC","Bangladesh","BGD","99810","Sectors not specified","Implementation","2010","2010","6604972.34","0.0"
"EU38","1","Technology Trasfer for Food Security","","start-actual","","end-actual","Delegation of the European Union to Bangladesh","DAC","Bangladesh","BGD","99810","Sectors not specified","Implementation","2012","2012","28266967.6","0.0"
"EU39","1","Trade Policy Support Programme","","start-actual","","end-actual","Delegation of the European Union to Bangladesh","DAC","Bangladesh","BGD","99810","Sectors not specified","Implementation","2014","2014","7960402.44","0.0"
"EU40","1","Union Parishad and Upazila Support Programme","","start-actual","","end-actual","Delegation of the European Union to Bangladesh","DAC","Bangladesh","BGD","99810","Sectors not specified","Implementation","2014","2014","18574272.37","0.0"
"IsDB1","1","IT Scholarship Project","","start-actual","","end-actual","Islamic Development Bank","DAC","Bangladesh","BGD","99810","Sectors not specified","Implementation"," "," ","0.0","0.0"
"IsDB2","1","Madrasah Project","","start-actual","","end-actual","Islamic Development Bank","DAC","Bangladesh","BGD","99810","Sectors not specified","Implementation"," "," ","0.0","0.0"
"IsDB3","1","Orphanage Project","","start-actual","","end-actual","Islamic Development Bank","DAC","Bangladesh","BGD","99810","Sectors not specified","Implementation"," "," ","0.0","0.0"
"IsDB5","1","Bangladesh Marine Fisheries Capacity Building Project (BMFCBP)","","start-actual","","end-actual","Islamic Development Bank","DAC","Bangladesh","BGD","99810","Sectors not specified","Implementation"," "," ","0.0","0.0"
"India1","1","Akhaura-Agartala Rail Link Project","2011-01-01","start-actual","","end-actual","India","IND","Bangladesh","BGD","99810","Sectors not specified","Implementation","2011","2011","321402.4","0.0"
"India2","1","Welfare activities for Muktijodha","2011-01-01","start-actual","","end-actual","India","IND","Bangladesh","BGD","99810","Sectors not specified","Implementation","2011","2011","107134.13","0.0"
"India4","1","Bangladesh Scholarship Scheme","2011-01-01","start-actual","","end-actual","India","IND","Bangladesh","BGD","99810","Sectors not specified","Implementation","2011","2011","107134.13","0.0"
"India5","1","Training Programmes","2011-01-01","start-actual","","end-actual","India","IND","Bangladesh","BGD","99810","Sectors not specified","Implementation","2011","2011","21426.83","0.0"
"India6","1","Support to handloom promotion","2011-01-01","start-actual","","end-actual","India","IND","Bangladesh","BGD","99810","Sectors not specified","Implementation","2011","2011","36425.61","0.0"
"India7","1","Construction of Rath in DhamraiTemple","2011-01-01","start-actual","","end-actual","India","IND","Bangladesh","BGD","99810","Sectors not specified","Implementation","2011","2011","21426.83","0.0"
"India8","1","Construction of Kalabhaban","2011-01-01","start-actual","","end-actual","India","IND","Bangladesh","BGD","99810","Sectors not specified","Implementation","2011","2011","6428.05","0.0"
"India9","1","Scholarships to Bangladeshi Students","2012-01-01","start-actual","","end-actual","India","IND","Bangladesh","BGD","99810","Sectors not specified","Implementation","2012","2012","0.0","0.0"
"India10","1","Construction of Cultural Complex","2012-01-01","start-actual","","end-actual","India","IND","Bangladesh","BGD","99810","Sectors not specified","Implementation","2012","2012","0.0","0.0"
"India11","1","Feasibility study for gauge conversion of the Dhaka-Chittagong rail line","2012-01-01","start-actual","","end-actual","India","IND","Bangladesh","BGD","99810","Sectors not specified","Implementation","2012","2012","0.0","0.0"
"India12","1","Setting up of IT Centres at MIST, Bangladesh Public Administration Training Centre, and Police Academy","2012-01-01","start-actual","","end-actual","India","IND","Bangladesh","BGD","99810","Sectors not specified","Implementation","2012","2012","0.0","0.0"
"India13","1","Supply of solar lamps-provide 2800 solar lamps-to provide at the SIDR-Cyclone protection core shelters","2012-01-01","start-actual","","end-actual","India","IND","Bangladesh","BGD","99810","Sectors not specified","Implementation","2012","2012","0.0","0.0"
"India14","1","IT Labs in model schools of all districts of Bangladesh","2012-01-01","start-actual","","end-actual","India","IND","Bangladesh","BGD","99810","Sectors not specified","Implementation","2012","2012","486552.14","0.0"
"India15","1","Akhaura-Agartala Rail Link Project","2012-01-01","start-actual","","end-actual","India","IND","Bangladesh","BGD","99810","Sectors not specified","Implementation","2012","2012","0.0","0.0"
"India16","1","Proposal for a new handloom project for Gandhi Ashram Trust, Feni","2012-01-01","start-actual","","end-actual","India","IND","Bangladesh","BGD","99810","Sectors not specified","Implementation","2012","2012","0.0","0.0"
"India17","1","Welfare activities for Muktijodha (freedom fighters of Bangladesh)","2012-01-01","start-actual","","end-actual","India","IND","Bangladesh","BGD","99810","Sectors not specified","Implementation","2012","2012","0.0","0.0"
"India19","1","Line of Credit","2012-01-01","start-actual","","end-actual","India","IND","Bangladesh","BGD","99810","Sectors not specified","Implementation","2012","2012","800000000.0","0.0"
"India20","1","Grant asssistance to Bangladesh","2013-01-01","start-actual","","end-actual","India","IND","Bangladesh","BGD","99810","Sectors not specified","Implementation","2013","2013","93860106.3","0.0"
"India21","1","Akhaura-Agartala Rail Line","2013-01-01","start-actual","","end-actual","India","IND","Bangladesh","BGD","99810","Sectors not specified","Implementation","2013","2013","2559821.08","0.0"
"India22","1","Inland River Port at Ashuganj","2013-01-01","start-actual","","end-actual","India","IND","Bangladesh","BGD","99810","Sectors not specified","Implementation","2013","2013","1706547.39","0.0"
"India23","1","Interest Equalization Support (IES) to EXIM Bank for Line of Credit extended to Bangladesh","2013-01-01","start-actual","","end-actual","India","IND","Bangladesh","BGD","99810","Sectors not specified","Implementation","2013","2013","4136670.87","0.0"
"USAID1","1","Accelerating Agriculture Productivity Project Improvement (aapi)","2010-09-28","start-actual","2015-09-27","end-actual","USAID","USA","Bangladesh","BGD","31120","Agricultural development","Implementation","2010","2015","0.0","0.0"
"USAID2","1","Action For Combating Trafficking In Person","2008-09-30","start-actual","2016-09-30","end-actual","USAID","USA","Bangladesh","BGD","15220","Civilian peace-building, conflict prevention and resolution","Implementation","2008","2016","5499477.0","0.0"
"USAID3","1","Cereal Systems Initiative For South Asia (csisa)","2010-10-01","start-actual","2015-09-30","end-actual","USAID","USA","Bangladesh","BGD","31120","Agricultural development","Implementation","2010","2015","411000000.0","0.0"
"USAID4","1","Construction Of Multi-purpose Cyclone Shelters","2011-04-17","start-actual","2015-09-30","end-actual","USAID","USA","Bangladesh","BGD","41000","eneral environmental protection, combinations of purposes","Implementation","2011","2015","0.0","0.0"
"USAID5","1","Democratic Participation & Reform In Bangladsh (dpr)","2011-04-11","start-actual","2016-04-11","end-actual","USAID","USA","Bangladesh","BGD","15220","Civilian peace-building, conflict prevention and resolution","Implementation","2011","2016","0.0","0.0"
"USAID6","1","Myap: Nobo Jibon (new Life)","2010-06-01","start-actual","2015-05-30","end-actual","USAID","USA","Bangladesh","BGD","31120","Agricultural development","Implementation","2010","2015","11479600.0","0.0"
"USAID7","1","Myap: Strengthening Household Ability To Respond To Development Opportunities","2010-06-01","start-actual","2015-05-31","end-actual","USAID","USA","Bangladesh","BGD","33110","Trade policy and administrative management","Implementation","2010","2015","0.0","0.0"
"USAID8","1","Policy Research And Strategy Support Program (prssp)","2010-10-01","start-actual","2014-09-30","end-actual","USAID","USA","Bangladesh","BGD","31120","Agricultural development","Implementation","2010","2014","0.0","0.0"
"USAID9","1","Program For Strengthening Household Access To Resources (proshar)","2010-03-24","start-actual","2010-03-24","end-actual","USAID","USA","Bangladesh","BGD","31120","Agricultural development","Implementation","2010","2010","0.0","0.0"
"USAID10","1","Promoting Democratic Institutions And Practices (prodip)","2010-04-28","start-actual","2015-04-27","end-actual","USAID","USA","Bangladesh","BGD","15220","Civilian peace-building, conflict prevention and resolution","Implementation","2010","2015","0.0","0.0"
"USAID11","1","Protecting Human Rights (phr)","2011-03-14","start-actual","2016-03-13","end-actual","USAID","USA","Bangladesh","BGD","15220","Civilian peace-building, conflict prevention and resolution","Implementation","2011","2016","0.0","0.0"
"USAID12","1","Proteeva - Save The Children Federation Inc.","2010-02-17","start-actual","2015-02-16","end-actual","USAID","USA","Bangladesh","BGD","11100","Education, level unspecified, combinations of purposes","Implementation","2010","2015","0.0","0.0"
"USAID13","1","Tb Care 2","2010-09-01","start-actual","2015-09-01","end-actual","USAID","USA","Bangladesh","BGD","12100","Health, general, combinations of activities","Implementation","2010","2015","300000.0","0.0"
"USAID14","1","Agricultural Biotechnology Support Project Phase Ii (absp Ii)","2002-09-29","start-actual","2012-09-28","end-actual","USAID","USA","Bangladesh","BGD","31120","Agricultural development","Implementation","2002","2012","28348795.0","0.0"
"USAID15","1","Community-based Policing (cbp)","2010-12-22","start-actual","2013-12-31","end-actual","USAID","USA","Bangladesh","BGD","15220","Civilian peace-building, conflict prevention and resolution","Implementation","2010","2013","0.0","0.0"
"USAID16","1","Fistula Care Associate Award","2012-09-30","start-actual","2013-09-29","end-actual","USAID","USA","Bangladesh","BGD","12100","Health, general, combinations of activities","Implementation","2012","2013","62862513.0","0.0"
"USAID17","1","Food And Nutrition Technical Assistance Iii (fanta Iii)","2010-09-30","start-actual","2013-09-29","end-actual","USAID","USA","Bangladesh","BGD","12100","Health, general, combinations of activities","Implementation","2010","2013","0.0","0.0"
"USAID18","1","Integrated Protected Area Co-management (ipac)","2008-06-05","start-actual","2013-06-04","end-actual","USAID","USA","Bangladesh","BGD","41000","eneral environmental protection, combinations of purposes","Implementation","2008","2013","0.0","0.0"
"USAID19","1","Knowledge 4 Health","2011-07-01","start-actual","2013-09-29","end-actual","USAID","USA","Bangladesh","BGD","12100","Health, general, combinations of activities","Implementation","2011","2013","0.0","0.0"
"USAID20","1","Mamoni Project","2009-08-03","start-actual","2014-01-31","end-actual","USAID","USA","Bangladesh","BGD","12100","Health, general, combinations of activities","Implementation","2009","2014","0.0","0.0"
"USAID21","1","Maternal Child Health Integrated Program (mchip) - Helping Babies Breathe","2010-10-01","start-actual","2013-09-30","end-actual","USAID","USA","Bangladesh","BGD","12100","Health, general, combinations of activities","Implementation","2010","2013","0.0","0.0"
"USAID22","1","Mayer Hashi Project","2009-05-19","start-actual","2013-09-29","end-actual","USAID","USA","Bangladesh","BGD","12100","Health, general, combinations of activities","Implementation","2009","2013","11848773.0","0.0"
"USAID23","1","Mchip- Mobile Alliance For Maternal Action (mama)","2008-09-29","start-actual","2013-09-28","end-actual","USAID","USA","Bangladesh","BGD","12100","Health, general, combinations of activities","Implementation","2008","2013","0.0","0.0"
"USAID24","1","Mchip- Health System Strengthening","2008-09-29","start-actual","2013-09-28","end-actual","USAID","USA","Bangladesh","BGD","12100","Health, general, combinations of activities","Implementation","2008","2013","0.0","0.0"
"USAID25","1","Measure Evaluation Phase Iii","2008-08-14","start-actual","2013-08-13","end-actual","USAID","USA","Bangladesh","BGD","12100","Health, general, combinations of activities","Implementation","2008","2013","0.0","0.0"
"USAID26","1","Modhumita Project","2009-09-13","start-actual","2013-09-29","end-actual","USAID","USA","Bangladesh","BGD","12100","Health, general, combinations of activities","Implementation","2009","2013","13950856.0","0.0"
"USAID27","1","National Food Policy Capacity Strengthening Program (nfpcsp)","2005-06-22","start-actual","2013-12-31","end-actual","USAID","USA","Bangladesh","BGD","31120","Agricultural development","Implementation","2005","2013","0.0","0.0"
"USAID28","1","Poverty Reduction By Increasing The Competitiveness Of Enterprises (price)","2008-02-15","start-actual","2013-02-14","end-actual","USAID","USA","Bangladesh","BGD","33110","Trade policy and administrative management","Implementation","2008","2013","0.0","0.0"
"USAID29","1","Sesame Street Bangladesh Ii - Sesame Workshop","2006-09-30","start-actual","2012-09-29","end-actual","USAID","USA","Bangladesh","BGD","11100","Education, level unspecified, combinations of purposes","Implementation","2006","2012","8300000.0","0.0"
"USAID30","1","Smiling Sun Franchise Program","2007-09-30","start-actual","2012-09-29","end-actual","USAID","USA","Bangladesh","BGD","12100","Health, general, combinations of activities","Implementation","2007","2012","57103080.0","0.0"
"USAID31","1","Social Marketing Sustainibility Program","2008-01-01","start-actual","2012-09-28","end-actual","USAID","USA","Bangladesh","BGD","12100","Health, general, combinations of activities","Implementation","2008","2012","0.0","0.0"
"USAID32","1","Strengthening Democratic Local Governance","2010-12-21","start-actual","2014-03-30","end-actual","USAID","USA","Bangladesh","BGD","15220","Civilian peace-building, conflict prevention and resolution","Implementation","2010","2014","14728074.0","0.0"
"USAID33","1","Strengthening Health Outcomes Through The Private Sector (shops)","2008-09-23","start-actual","2013-09-22","end-actual","USAID","USA","Bangladesh","BGD","12100","Health, general, combinations of activities","Implementation","2008","2013","700000.0","0.0"
"USAID34","1","Strengthening Partnerships, Results, And Innovations In Nutrition Globally (spring)","2010-10-01","start-actual","2013-09-29","end-actual","USAID","USA","Bangladesh","BGD","12100","Health, general, combinations of activities","Implementation","2010","2013","0.0","0.0"
"USAID35","1","Systems For Improved Access To Pharmaceuticals And Services (siaps)","2011-09-23","start-actual","2013-09-22","end-actual","USAID","USA","Bangladesh","BGD","12100","Health, general, combinations of activities","Implementation","2011","2013","0.0","0.0"
"USAID36","1","Technical Advisor For Health Care Financing","2011-10-01","start-actual","2013-09-30","end-actual","USAID","USA","Bangladesh","BGD","12100","Health, general, combinations of activities","Implementation","2011","2013","0.0","0.0"
"USAID37","1","Us Census","2008-03-30","start-actual","2013-03-29","end-actual","USAID","USA","Bangladesh","BGD","12100","Health, general, combinations of activities","Implementation","2008","2013","500000.0","0.0"
"USAID38","1","Climate Resilient Ecosystems And Livelihoods (crel)","","start-actual","","end-actual","USAID","USA","Bangladesh","BGD","99810","Sectors not specified","Implementation"," "," ","0.0","0.0"
"USAID40","1","Agro-inputs Program (aip)","","start-actual","","end-actual","USAID","USA","Bangladesh","BGD","99810","Sectors not specified","Implementation"," "," ","0.0","0.0"
"USAID41","1","Agricultural Value Chains (avc) Project","","start-actual","","end-actual","USAID","USA","Bangladesh","BGD","99810","Sectors not specified","Implementation"," "," ","0.0","0.0"
"USAID42","1","Translating Research Into Action (traction) Project","","start-actual","","end-actual","USAID","USA","Bangladesh","BGD","99810","Sectors not specified","Implementation"," "," ","0.0","0.0"
"USAID43","1","Bangladesh Policy Research And Strategy Support Program","","start-actual","","end-actual","USAID","USA","Bangladesh","BGD","99810","Sectors not specified","Implementation"," "," ","0.0","0.0"
"USAID44","1","Feed The Future Aquaculture Project","","start-actual","","end-actual","USAID","USA","Bangladesh","BGD","99810","Sectors not specified","Implementation"," "," ","0.0","0.0"
"USAID45","1","Justice For All Program","","start-actual","","end-actual","USAID","USA","Bangladesh","BGD","99810","Sectors not specified","Implementation"," "," ","0.0","0.0"
"USAID46","1","Accelerating Capacity For Monitoring And Evaluation (acme)","","start-actual","","end-actual","USAID","USA","Bangladesh","BGD","99810","Sectors not specified","Implementation"," "," ","0.0","0.0"
"USAID47","1","Bangladesh Trade Facilitation Activity (tfa)","","start-actual","","end-actual","USAID","USA","Bangladesh","BGD","99810","Sectors not specified","Implementation"," "," ","0.0","0.0"
"USAID48","1","Bangladesh Agricultural Infrastructure Development Program (baidp)","","start-actual","","end-actual","USAID","USA","Bangladesh","BGD","99810","Sectors not specified","Implementation"," "," ","0.0","0.0"
"USAID49","1","Catalyzing Clean Energy In Bangladesh (cceb)","","start-actual","","end-actual","USAID","USA","Bangladesh","BGD","99810","Sectors not specified","Implementation"," "," ","0.0","0.0"
"JICA1","1","Karnaphuli Water Supply Project (Phase 2)","2013-03-10","start-actual","","end-actual","Japan International Cooperation Agency","JPN","Bangladesh","BGD","99810","Sectors not specified","Implementation","2013","2013","357054817.95","0.0"
"JICA2","1","Northern Bangladesh Integrated Development Project","2013-03-10","start-actual","","end-actual","Japan International Cooperation Agency","JPN","Bangladesh","BGD","99810","Sectors not specified","Implementation","2013","2013","210624123.68","0.0"
"JICA3","1","Renewable Energy Development Project","2013-03-10","start-actual","","end-actual","Japan International Cooperation Agency","JPN","Bangladesh","BGD","99810","Sectors not specified","Implementation","2013","2013","116142461.66","0.0"
"JICA4","1","The Kanchpur, Meghna and Gumti 2nd Bridges Construction and Existing Bridges Rehabilitation Project (I)","2013-03-10","start-actual","","end-actual","Japan International Cooperation Agency","JPN","Bangladesh","BGD","99810","Sectors not specified","Implementation","2013","2013","296580816.3","0.0"
"JICA5","1","Bheramara Combined Cycle Power Plant Development Project","2013-02-20","start-actual","","end-actual","Japan International Cooperation Agency","JPN","Bangladesh","BGD","99810","Sectors not specified","Implementation","2013","2013","425018906.9","0.0"
"JICA6","1","Dhaka Urban Transport Development Project (I)","2013-02-20","start-actual","","end-actual","Japan International Cooperation Agency","JPN","Bangladesh","BGD","99810","Sectors not specified","Implementation","2013","2013","107351086.97","0.0"
"JICA7","1","National Power Transmission Network Development Project","2013-02-20","start-actual","","end-actual","Japan International Cooperation Agency","JPN","Bangladesh","BGD","99810","Sectors not specified","Implementation","2013","2013","191975753.12","0.0"
"JICA8","1","Maternal, Neonatal and Child Health Improvement Project (Phase 1)","2012-01-25","start-actual","","end-actual","Japan International Cooperation Agency","JPN","Bangladesh","BGD","99810","Sectors not specified","Implementation","2012","2012","63165449.72","0.0"
"JICA9","1","Financial Sector Project for the Development of Small and Medium-sized Enterprises","2011-05-18","start-actual","","end-actual","Japan International Cooperation Agency","JPN","Bangladesh","BGD","99810","Sectors not specified","Implementation","2011","2011","62651130.32","0.0"
"JICA10","1","Khulna Water Supply Project","2011-05-18","start-actual","","end-actual","Japan International Cooperation Agency","JPN","Bangladesh","BGD","99810","Sectors not specified","Implementation","2011","2011","197087925.77","0.0"
"JICA11","1","Padma Multipurpose Bridge Project","2011-05-18","start-actual","","end-actual","Japan International Cooperation Agency","JPN","Bangladesh","BGD","99810","Sectors not specified","Implementation","2011","2011","428533731.4","0.0"
"JICA13","1","Chittagong City Outer Ring Road Project","","start-actual","","end-actual","Japan International Cooperation Agency","JPN","Bangladesh","BGD","99810","Sectors not specified","Implementation"," "," ","0.0","0.0"
"JICA14","1","Rural Electrification Upgradation Project","","start-actual","","end-actual","Japan International Cooperation Agency","JPN","Bangladesh","BGD","99810","Sectors not specified","Implementation"," "," ","0.0","0.0"
"JICA15","1","South Western Bangladesh Rural Development Project","","start-actual","","end-actual","Japan International Cooperation Agency","JPN","Bangladesh","BGD","99810","Sectors not specified","Implementation"," "," ","0.0","0.0"
"UNDP2","1","National Social Protection Strategy","2012-08-01","start-actual","2013-07-31","end-actual","United Nations Development Program","DAC","Bangladesh","BGD","51010","General budget support","Implementation","2012","2013","933735.0","0.0"
"UNDP3","1","Support To Inclusive And Sustainable Planning","2013-06-01","start-actual","2016-12-31","end-actual","United Nations Development Program","DAC","Bangladesh","BGD","99810","Sectors not specified","Implementation","2013","2016","2200000.0","0.0"
"UNDP4","1","Police Reform Programme Phase Ii","2009-10-01","start-actual","2015-12-31","end-actual","United Nations Development Program","DAC","Bangladesh","BGD","15140","Government administration","Implementation","2009","2015","29000000.0","0.0"
"UNDP5","1","Strengthening Election Management In Bangladesh","2011-04-01","start-actual","2015-07-30","end-actual","United Nations Development Program","DAC","Bangladesh","BGD","15140","Government administration","Implementation","2011","2015","19613053.0","0.0"
"UNDP6","1","Judicial Strengthening","2012-01-01","start-actual","2015-06-30","end-actual","United Nations Development Program","DAC","Bangladesh","BGD","15140","Government administration","Implementation","2012","2015","4000000.0","0.0"
"UNDP7","1","Bangladesh National Human Rights Commission","2010-05-01","start-actual","2015-10-31","end-actual","United Nations Development Program","DAC","Bangladesh","BGD","15140","Government administration","Implementation","2010","2015","6943771.0","0.0"
"UNDP8","1","Civil Service Change Management Programme","2008-01-01","start-actual","2014-12-31","end-actual","United Nations Development Program","DAC","Bangladesh","BGD","15140","Government administration","Implementation","2008","2014","5500000.0","0.0"
"UNDP9","1","Union Parishad Governance Project","2011-12-01","start-actual","2016-11-30","end-actual","United Nations Development Program","DAC","Bangladesh","BGD","15140","Government administration","Implementation","2011","2016","18391108.0","0.0"
"UNDP10","1","Upazila Governance Project","2011-07-01","start-actual","2016-07-31","end-actual","United Nations Development Program","DAC","Bangladesh","BGD","15140","Government administration","Implementation","2011","2016","18058889.0","0.0"
"UNDP11","1","Access To Information (ii)","2012-04-01","start-actual","2016-03-31","end-actual","United Nations Development Program","DAC","Bangladesh","BGD","99810","Sectors not specified","Implementation","2012","2016","23802730.0","0.0"
"UNDP12","1","Strengthening Capacity For Aid Effectiveness In Bangaladesh","2011-09-01","start-actual","2016-06-30","end-actual","United Nations Development Program","DAC","Bangladesh","BGD","15140","Government administration","Implementation","2011","2016","4475000.0","0.0"
"UNDP13","1","Justice Sector Facility","2012-07-01","start-actual","2015-12-31","end-actual","United Nations Development Program","DAC","Bangladesh","BGD","15140","Government administration","Implementation","2012","2015","7000000.0","0.0"
"UNDP14","1","Early Recovery Facility","2015-02-11","start-actual","2015-12-15","end-actual","United Nations Development Program","DAC","Bangladesh","BGD","74010","Disaster prevention and preparedness","Implementation","2015","2015","5816000.0","0.0"
"UNDP15","1","Chittagong Hill Tracts Development Facility","2003-04-15","start-actual","2016-09-30","end-actual","United Nations Development Program","DAC","Bangladesh","BGD","43010","Multisector aid","Implementation","2003","2016","50000000.0","0.0"
"UNDP16","1","Comprehensive Disaster Management Programme","2010-01-01","start-actual","2015-12-31","end-actual","United Nations Development Program","DAC","Bangladesh","BGD","74010","Disaster prevention and preparedness","Implementation","2010","2015","50750000.0","0.0"
"UNDP17","1","Green Brick (improving Kiln Efficiency In Brick Making Industry)","2010-01-01","start-actual","2015-12-15","end-actual","United Nations Development Program","DAC","Bangladesh","BGD","23030","Power generation/renewable sources","Implementation","2010","2015","3000000.0","0.0"
"P040712","1","Water Management Improvement Project","2007-09-18","start-actual","2016-06-30","end-actual","World Bank","DAC","Bangladesh","BGD","14000","Water supply and sanitation, combination of purposes","Implementation","2007","2016","102260000.0","0.0"
"P065131","1","Haripur Power Project","2000-06-01","start-actual","","end-actual","World Bank","DAC","Bangladesh","BGD","23000","Energy generation and supply, combinations of activities","Implementation","2000","2000","60900000.0","0.0"
"P073886","1","Empowerment and Livelihood Improvement ""Nuton Jibon"" Project","2010-06-23","start-actual","2016-06-30","end-actual","World Bank","DAC","Bangladesh","BGD","12100","Health, general, combinations of activities","Implementation","2010","2016","115000000.0","0.0"
"P084078","1","National Agricultural Technology Project","2008-02-07","start-actual","2014-12-31","end-actual","World Bank","DAC","Bangladesh","BGD","31181","Agricultural education/training","Implementation","2008","2014","84600000.0","0.0"
"P089382","1","Investment Promotion and Financing Facility","2006-05-02","start-actual","2016-12-31","end-actual","World Bank","DAC","Bangladesh","BGD","24010","Financial policy and administrative management","Implementation","2006","2016","50000000.0","0.0"
"P090807","1","Bangladesh - Skills and Training Enhancement Project","2010-06-10","start-actual","2019-06-30","end-actual","World Bank","DAC","Bangladesh","BGD","11100","Education, level unspecified, combinations of purposes","Implementation","2010","2019","79000000.0","0.0"
"P093988","1","Dhaka Water Supply and Sanitation Project","2008-12-02","start-actual","2015-12-31","end-actual","World Bank","DAC","Bangladesh","BGD","14000","Water supply and sanitation, combination of purposes","Implementation","2008","2015","149000000.0","0.0"
"P095965","1","Siddhirganj Power Project","2008-10-30","start-actual","2018-06-30","end-actual","World Bank","DAC","Bangladesh","BGD","23000","Energy generation and supply, combinations of activities","Implementation","2008","2018","350000000.0","0.0"
"P098146","1","Public Procurement Reform Project II","2007-07-05","start-actual","2016-12-31","end-actual","World Bank","DAC","Bangladesh","BGD","15130","Legal and judicial development","Implementation","2007","2016","23600000.0","0.0"
"P098151","1","Clean Air and Sustainable Environment Project","2009-05-12","start-actual","2016-12-15","end-actual","World Bank","DAC","Bangladesh","BGD","21010","Transport policy and administrative management","Implementation","2009","2016","62200000.0","0.0"
"P103999","1","Chittagong Water Supply Improvement and Sanitation Project","2010-06-23","start-actual","2018-12-31","end-actual","World Bank","DAC","Bangladesh","BGD","14000","Water supply and sanitation, combination of purposes","Implementation","2010","2018","170000000.0","0.0"
"P105226","1","Bangladesh - Brick Kiln Efficiency Project","2009-08-25","start-actual","2016-12-31","end-actual","World Bank","DAC","Bangladesh","BGD","32000","Industry, combination of purposes industry, mining and construction","Implementation","2009","2016","0.0","0.0"
"P106135","1","Grameen Shakti Solar Homes Project","2007-12-17","start-actual","2016-12-31","end-actual","World Bank","DAC","Bangladesh","BGD","23000","Energy generation and supply, combinations of activities","Implementation","2007","2016","0.0","0.0"
"P106161","1","Bangladesh - Secondary Education Quality and Access Improvement","2008-07-31","start-actual","2017-12-31","end-actual","World Bank","DAC","Bangladesh","BGD","11100","Education, level unspecified, combinations of purposes","Implementation","2008","2017","130700000.0","0.0"
"P106216","1","Bangladesh - Higher Education Quality Enhancement Project","2009-03-17","start-actual","2018-12-31","end-actual","World Bank","DAC","Bangladesh","BGD","11100","Education, level unspecified, combinations of purposes","Implementation","2009","2018","81000000.0","0.0"
"P106332","1","Bangladesh Disability and Children at Risk","2008-07-01","start-actual","2016-06-30","end-actual","World Bank","DAC","Bangladesh","BGD","12100","Health, general, combinations of activities","Implementation","2008","2016","35000000.0","0.0"
"P107906","1","Bangladesh - IDCOL Solar Home Systems Project","2007-12-19","start-actual","2016-12-31","end-actual","World Bank","DAC","Bangladesh","BGD","32000","Industry, combination of purposes industry, mining and construction","Implementation","2007","2016","0.0","0.0"
"P111272","1","Emergency 2007 Cyclone Recovery and Restoration Project","2008-11-06","start-actual","2017-12-31","end-actual","World Bank","DAC","Bangladesh","BGD","15130","Legal and judicial development","Implementation","2008","2017","109000000.0","0.0"
"P113435","1","Bangladesh - Primary Education Development Program III","2011-08-25","start-actual","2017-12-31","end-actual","World Bank","DAC","Bangladesh","BGD","11100","Education, level unspecified, combinations of purposes","Implementation","2011","2017","300000000.0","0.0"
"P114841","1","Northern Areas Reduction-of-Poverty Initiative Project -- Women's Economic Empowerment Project","2011-10-27","start-actual","2017-10-31","end-actual","World Bank","DAC","Bangladesh","BGD","12100","Health, general, combinations of activities","Implementation","2011","2017","29290000.0","0.0"
"P117248","1","Deepening MTBF and Strengthening Financial Accountability","2009-11-02","start-actual","2014-09-30","end-actual","World Bank","DAC","Bangladesh","BGD","15130","Legal and judicial development","Implementation","2009","2014","0.0","0.0"
"P117542","1","Investment Promotion and Financing Facility","2010-05-04","start-actual","","end-actual","World Bank","DAC","Bangladesh","BGD","24010","Financial policy and administrative management","Implementation","2010","2010","257000000.0","0.0"
"P118605","1","Efficient Lighting Initiative for Bangladesh","2010-06-28","start-actual","2014-12-31","end-actual","World Bank","DAC","Bangladesh","BGD","23000","Energy generation and supply, combinations of activities","Implementation","2010","2014","0.0","0.0"
"P118708","1","Bangladesh - Health Sector Development Program","2011-05-26","start-actual","2016-12-31","end-actual","World Bank","DAC","Bangladesh","BGD","12100","Health, general, combinations of activities","Implementation","2011","2016","358900000.0","0.0"
"P119547","1","GPOBA: Rural Electrification & Renewable Energy","2010-05-13","start-actual","2015-06-30","end-actual","World Bank","DAC","Bangladesh","BGD","23000","Energy generation and supply, combinations of activities","Implementation","2010","2015","0.0","0.0"
"P120583","1","Bangladesh Modern Food Storage Facilities Project","2013-12-30","start-actual","2020-06-30","end-actual","World Bank","DAC","Bangladesh","BGD","12100","Health, general, combinations of activities","Implementation","2013","2020","210000000.0","0.0"
"P120843","1","BD Private Sector Development","2011-03-01","start-actual","2016-06-30","end-actual","World Bank","DAC","Bangladesh","BGD","32000","Industry, combination of purposes industry, mining and construction","Implementation","2011","2016","120000000.0","0.0"
"P121528","1","BD Identification System for Enhancing Access to Services (IDEA) Project","2011-05-10","start-actual","2017-12-31","end-actual","World Bank","DAC","Bangladesh","BGD","22040","Information and communication technology (ict)","Implementation","2011","2017","195000000.0","0.0"
"P122014","1","Emergency 2007 Cyclone Recovery and Restoration Project Additional Financing","2010-09-24","start-actual","","end-actual","World Bank","DAC","Bangladesh","BGD","12100","Health, general, combinations of activities","Implementation","2010","2010","75000000.0","0.0"
"P122201","1","BD: Leveraging ICT Growth, Employment and Governance Project","2012-09-20","start-actual","2017-12-31","end-actual","World Bank","DAC","Bangladesh","BGD","15130","Legal and judicial development","Implementation","2012","2017","70000000.0","0.0"
"P122269","1","Bangladesh Rural Water Supply and Sanitation Project","2012-03-22","start-actual","2017-06-30","end-actual","World Bank","DAC","Bangladesh","BGD","14000","Water supply and sanitation, combination of purposes","Implementation","2012","2017","75000000.0","0.0"
"P123457","1","Bangladesh Integrated Agricultural Productivity Project","2011-08-15","start-actual","2016-12-31","end-actual","World Bank","DAC","Bangladesh","BGD","31000","Agriculture, combination of purposes in agriculture, forestry, fishing","Implementation","2011","2016","0.0","0.0"
"P123828","1","Second Rural Transport Improvement Project","2012-09-20","start-actual","2018-04-30","end-actual","World Bank","DAC","Bangladesh","BGD","21010","Transport policy and administrative management","Implementation","2012","2018","302000000.0","0.0"
"P124514","1","Bangladesh Local Governance Support Project II","2011-11-29","start-actual","2016-11-30","end-actual","World Bank","DAC","Bangladesh","BGD","15130","Legal and judicial development","Implementation","2011","2016","290000000.0","0.0"
"P125302","1","Bangladesh: Safe Migration for Bangladeshi Workers","2013-06-21","start-actual","2016-06-21","end-actual","World Bank","DAC","Bangladesh","BGD","12100","Health, general, combinations of activities","Implementation","2013","2016","0.0","0.0"
"P125447","1","Community Climate Change Project","2012-07-17","start-actual","2016-12-31","end-actual","World Bank","DAC","Bangladesh","BGD","14000","Water supply and sanitation, combination of purposes","Implementation","2012","2016","0.0","0.0"
"P127015","1","Climate Resilient Participatory Afforestation and Reforestation Project","2013-02-07","start-actual","2016-12-31","end-actual","World Bank","DAC","Bangladesh","BGD","31000","Agriculture, combination of purposes in agriculture, forestry, fishing","Implementation","2013","2016","0.0","0.0"
"P128276","1","Coastal Embankment Improvement Project - Phase I (CEIP-I)","2013-06-26","start-actual","2020-12-31","end-actual","World Bank","DAC","Bangladesh","BGD","14000","Water supply and sanitation, combination of purposes","Implementation","2013","2020","375000000.0","0.0"
"P128445","1","Capacity Building & Secretariat BCCRF","2011-08-30","start-actual","2014-12-31","end-actual","World Bank","DAC","Bangladesh","BGD","15130","Legal and judicial development","Implementation","2011","2014","0.0","0.0"
"P129770","1","Revenue Mobilization Program for Results: VAT Improvement Program (VIP)","2014-05-09","start-actual","2020-06-30","end-actual","World Bank","DAC","Bangladesh","BGD","15130","Legal and judicial development","Implementation","2014","2020","60000000.0","0.0"
"P129920","1","Bangladesh: Rural Electricity Transmission and Distribution Project","2014-02-27","start-actual","2020-06-30","end-actual","World Bank","DAC","Bangladesh","BGD","23000","Energy generation and supply, combinations of activities","Implementation","2014","2020","600000000.0","0.0"
"P131263","1","Rural Electrification and Renewable Energy Development II (RERED II) Project","2012-09-20","start-actual","2018-12-31","end-actual","World Bank","DAC","Bangladesh","BGD","23000","Energy generation and supply, combinations of activities","Implementation","2012","2018","155000000.0","0.0"
"P131394","1","BD: Reaching Out of School Children II","2012-10-02","start-actual","2017-12-31","end-actual","World Bank","DAC","Bangladesh","BGD","11100","Education, level unspecified, combinations of purposes","Implementation","2012","2017","130000000.0","0.0"
"P132138","1","Revision and Alignment of NAP with UNCCD 10-year Strategic Plan and Framework","2012-08-21","start-actual","2015-12-31","end-actual","World Bank","DAC","Bangladesh","BGD","15130","Legal and judicial development","Implementation","2012","2015","0.0","0.0"
"P132634","1","Bangladesh Safety Net Systems for the Poorest Project","2013-06-26","start-actual","2017-12-31","end-actual","World Bank","DAC","Bangladesh","BGD","12100","Health, general, combinations of activities","Implementation","2013","2017","500000000.0","0.0"
"P132743","1","Additional Finaning of Public Procurement Reform Project II","2013-05-09","start-actual","","end-actual","World Bank","DAC","Bangladesh","BGD","15130","Legal and judicial development","Implementation","2013","2013","34500000.0","0.0"
"P133251","1","National Agricultural Technology Project - Additional Financing","2014-03-04","start-actual","","end-actual","World Bank","DAC","Bangladesh","BGD","31000","Agriculture, combination of purposes in agriculture, forestry, fishing","Implementation","2014","2014","0.0","0.0"
"P133653","1","Municipal Governance and Services Project","2014-01-14","start-actual","2020-06-30","end-actual","World Bank","DAC","Bangladesh","BGD","15130","Legal and judicial development","Implementation","2014","2020","410000000.0","0.0"
"P133815","1","BANGLADESH - BUILDING SAFER CITIES BY IMPROVING EARTHQUAKE RESILIENCY","2012-07-18","start-actual","","end-actual","World Bank","DAC","Bangladesh","BGD","15130","Legal and judicial development","Implementation","2012","2012","0.0","0.0"
"P145118","1","Additional Financing: Skills and Training Enhancement Project","2013-09-26","start-actual","","end-actual","World Bank","DAC","Bangladesh","BGD","11100","Education, level unspecified, combinations of purposes","Implementation","2013","2013","0.0","0.0"
"P145749","1","BD Higher Education Quality Enhancement Project - AF","2013-12-03","start-actual","","end-actual","World Bank","DAC","Bangladesh","BGD","11100","Education, level unspecified, combinations of purposes","Implementation","2013","2013","125000000.0","0.0"
"P146255","1","Secondary Education Quality and Access Enhancement Project - AF","2013-12-03","start-actual","","end-actual","World Bank","DAC","Bangladesh","BGD","11100","Education, level unspecified, combinations of purposes","Implementation","2013","2013","265000000.0","0.0"
"P146500","1","Emergency 2007 Cyclone Recovery and Restoration Project-- AF II","2013-12-30","start-actual","","end-actual","World Bank","DAC","Bangladesh","BGD","12100","Health, general, combinations of activities","Implementation","2013","2013","140000000.0","0.0"
"P147682","1","Journey for Transparency and Representation","2013-10-16","start-actual","2018-03-05","end-actual","World Bank","DAC","Bangladesh","BGD","15130","Legal and judicial development","Implementation","2013","2018","0.0","0.0"
"P147836","1","Social Engagement for Budgetary Accountability (SEBA)","2013-10-16","start-actual","2017-04-24","end-actual","World Bank","DAC","Bangladesh","BGD","15130","Legal and judicial development","Implementation","2013","2017","0.0","0.0"
"P148881","1","Bangladesh Trade and Transport Studies","2014-02-09","start-actual","","end-actual","World Bank","DAC","Bangladesh","BGD","21010","Transport policy and administrative management","Implementation","2014","2014","0.0","0.0"
"P150001","1","RERED II Additional Financing","2014-06-19","start-actual","","end-actual","World Bank","DAC","Bangladesh","BGD","23000","Energy generation and supply, combinations of activities","Implementation","2014","2014","78400000.0","0.0"
"GB-1-202975","1","Accelerating Improved Nutrition for Extreme Poor in Bangladesh","2013-03-01","start-actual","","end-actual","Department for International Development","GBR","Bangladesh","BGD","12240","Basic nutrition","Implementation","2013","2013","3799891.82","0.0"
"GB-1-201286","1","Strategic Partnership between BRAC, DFID and AusAID to support BRAC in delivering progress towards the MDGs in Bangladesh and to support its Institutional Development","2011-11-24","start-actual","","end-actual","Department for International Development","GBR","Bangladesh","BGD","43040","Rural development","Implementation","2011","2011","362257979.22","0.0"
"GB-1-202123","1","Bangladesh Education Development Programme (BEDP)","2011-12-01","start-actual","","end-actual","Department for International Development","GBR","Bangladesh","BGD","11220","Primary education","Implementation","2011","2011","192504627.27","0.0"
"GB-1-107402","1","Economic Empowerment of the Poorest","2008-01-01","start-actual","","end-actual","Department for International Development","GBR","Bangladesh","BGD","43040","Rural development","Implementation","2008","2008","147612214.91","0.0"
"GB-1-114058","1","Climate Change Programme - Jolobayoo-O-Jibon","2008-09-02","start-actual","","end-actual","Department for International Development","GBR","Bangladesh","BGD","41010","Environmental policy and administrative management","Implementation","2008","2008","137974626.18","0.0"
"GB-1-114175","1","Chars Livelihoods Programme 2","2009-02-02","start-actual","","end-actual","Department for International Development","GBR","Bangladesh","BGD","43040","Rural development","Implementation","2009","2009","115462618.54","0.0"
"GB-1-107467","1","Urban Partnerships for Poverty Reduction","2007-11-28","start-actual","2015-11-26","end-actual","Department for International Development","GBR","Bangladesh","BGD","43030","Urban development and management","Implementation","2007","2015","136005022.87","0.0"
"GB-1-107480","1","English in Action","2008-06-01","start-actual","","end-actual","Department for International Development","GBR","Bangladesh","BGD","11120","Education facilities and training","Implementation","2008","2008","91917447.08","0.0"
"GB-1-107413","1","Regulatory and Investment Systems for Enterprise","2007-08-01","start-actual","","end-actual","Department for International Development","GBR","Bangladesh","BGD","25010","Business support services and institutions","Implementation","2007","2007","80636814.09","0.0"
"GB-1-107370","1","Promoting Financial Services for Poverty Reduction in Bangladesh","2007-06-01","start-actual","","end-actual","Department for International Development","GBR","Bangladesh","BGD","24010","Financial policy and administrative management","Implementation","2007","2007","90301263.52","0.0"
"GB-1-203390","0","Urban Health: Strengthening Care for Poor Mothers and New-borns in Bangladesh","2013-07-09","start-actual","","end-actual","Department for International Development","GBR","Bangladesh","BGD","13020","Reproductive health care","Implementation","2013","2013","59658200.48","0.0"
"GB-1-107460","1","Safety and Justice","2008-01-01","start-actual","","end-actual","Department for International Development","GBR","Bangladesh","BGD","15150","Strengthening civil society","Implementation","2008","2008","61823660.93","0.0"
"GB-1-107458","1","Strengthening Public Expenditure Management","2007-07-01","start-actual","","end-actual","Department for International Development","GBR","Bangladesh","BGD","15120","Public sector financial management","Implementation","2007","2007","60327541.54","0.0"
"GB-1-202180","0","Business Finance for the Poor in Bangladesh","2014-03-10","start-actual","","end-actual","Department for International Development","GBR","Bangladesh","BGD","24010","Financial policy and administrative management","Implementation","2014","2014","49364052.15","0.0"
"GB-1-200593","1","Strengthening Political Participation in Bangladesh","2009-10-05","start-actual","","end-actual","Department for International Development","GBR","Bangladesh","BGD","15110","Economic and development policy/planning","Implementation","2009","2009","46734844.6","0.0"
"GB-1-202958","0","Creating Opportunities for the Poor and Excluded in Bangladesh (COPE)","2013-07-15","start-actual","","end-actual","Department for International Development","GBR","Bangladesh","BGD","15150","Strengthening civil society","Implementation","2013","2013","38692395.39","0.0"
"GB-1-203228","1","Underprivileged Children's Education and Skills Programme","2012-08-26","start-actual","","end-actual","Department for International Development","GBR","Bangladesh","BGD","11330","Vocational training","Implementation","2012","2012","38859665.12","0.0"
"GB-1-202976","0","Providing Clean Energy to the Rural Poor of Bangladesh","2013-10-10","start-actual","","end-actual","Department for International Development","GBR","Bangladesh","BGD","41010","Environmental policy and administrative management","Implementation","2013","2013","31271265.87","0.0"
"GB-1-202660","1","Bangladesh Humanitarian Preparedness and Response","2011-06-30","start-actual","","end-actual","Department for International Development","GBR","Bangladesh","BGD","72010","Material relief assistance and services","Implementation","2011","2011","40055060.59","0.0"
"GB-1-203227","1","Access to Justice through Paralegal and Restorative Justice Services in Bangladesh","2013-01-30","start-actual","","end-actual","Department for International Development","GBR","Bangladesh","BGD","15130","Legal and judicial development","Implementation","2013","2013","28921585.35","0.0"
"GB-1-107448","0","Public Service Capacity Building Programme","2006-02-28","start-actual","2014-06-30","end-actual","Department for International Development","GBR","Bangladesh","BGD","15110","Economic and development policy/planning","Completion","2006","2014","25911027.55","0.0"
"GB-1-203229","0","Katalyst Phase III","2013-04-28","start-actual","","end-actual","Department for International Development","GBR","Bangladesh","BGD","32130","Small and medium-sized enterprises (sme) development","Implementation","2013","2013","18759946.15","0.0"
"GB-1-202972","0","Strengthening Government Social Protection Systems for the Poor (SGSP)","2013-09-11","start-actual","","end-actual","Department for International Development","GBR","Bangladesh","BGD","16010","Social/ welfare services","Implementation","2013","2013","14822754.95","0.0"
"GB-1-113287","1","Tax Administration - Compliance and Taxpayer Services (TACTS)","2010-02-01","start-actual","","end-actual","Department for International Development","GBR","Bangladesh","BGD","15110","Economic and development policy/planning","Implementation","2010","2010","10955218.28","0.0"
"GB-1-107454","1","World Bank-DFID Joint Technical Assistance Programme.","2005-09-19","start-actual","2015-03-31","end-actual","Department for International Development","GBR","Bangladesh","BGD","15110","Economic and development policy/planning","Completion","2005","2015","9999995.76","0.0"
"GB-1-113310","0","Bangladesh Policy Fund","2007-11-09","start-actual","","end-actual","Department for International Development","GBR","Bangladesh","BGD","15110","Economic and development policy/planning","Implementation","2007","2007","9904503.05","0.0"
"GB-1-204287","0","Supporting the National Action Plan for Ready-made Garment Sector in Bangladesh","2013-10-08","start-actual","","end-actual","Department for International Development","GBR","Bangladesh","BGD","25010","Business support services and institutions","Implementation","2013","2013","11593648.66","0.0"
"GB-1-204468","0","Strengthening Economic Systems in Bangladesh","2014-02-12","start-actual","","end-actual","Department for International Development","GBR","Bangladesh","BGD","15110","Economic and development policy/planning","Implementation","2014","2014","4936405.71","0.0"
"GB-1-201376","1","Technical Assistance to Support Improved Aid Effectiveness in Bangladesh","2010-01-05","start-actual","","end-actual","Department for International Development","GBR","Bangladesh","BGD","15110","Economic and development policy/planning","Implementation","2010","2010","2244937.22","0.0"
"39405-013","1","Dhaka Water Supply Sector Development Program (Project Loan)","","start-actual","","end-actual","Asian Development Bank","DAC","Bangladesh","BGD","14000","Water supply and sanitation, combination of purposes","Implementation","2007","2007","202500000.0","0.0"
"42177-013","1","Urban Primary Health Care Services Delivery Project","2012-07-18","start-actual","","end-actual","Asian Development Bank","DAC","Bangladesh","BGD","12100","Health, general, combinations of activities","Implementation","2012","2012","50400000.0","0.0"
"40515-013","1","Sustainable Rural Infrastructure Improvement Project","2010-11-11","start-actual","","end-actual","Asian Development Bank","DAC","Bangladesh","BGD","31120","Agricultural development","Implementation","2010","2010","60000000.0","0.0"
"34418-013","1","Southwest Area Integrated Water Resources Planning and Management","2005-11-23","start-actual","","end-actual","Asian Development Bank","DAC","Bangladesh","BGD","31120","Agricultural development","Implementation","2005","2005","20000000.0","0.0"
"45376-001","1","Capacity Building for Portfolio Management","2013-08-13","start-actual","","end-actual","Asian Development Bank","DAC","Bangladesh","BGD","15120","Public sector financial management","Implementation","2013","2013","400000.0","0.0"
"42248-013","1","Second Chittagong Hill Tracts Rural Development Project","2011-07-14","start-actual","","end-actual","Asian Development Bank","DAC","Bangladesh","BGD","31120|21010","Agricultural development|Transport policy and administrative management","Implementation","2011","2011","55000000.0","0.0"
"42466-014","1","Skills for Employment Investment Program","","start-actual","","end-actual","Asian Development Bank","DAC","Bangladesh","BGD","11100","Education, level unspecified, combinations of purposes","Implementation","2014","2014","350000000.0","0.0"
"39452-013","1","Strengthening Governance Management Project","2010-09-21","start-actual","","end-actual","Asian Development Bank","DAC","Bangladesh","BGD","15120","Public sector financial management","Implementation","2010","2010","25800000.0","0.0"
"40534-013","1","Second Crop Diversification Project","2010-06-30","start-actual","","end-actual","Asian Development Bank","DAC","Bangladesh","BGD","31120","Agricultural development","Implementation","2010","2010","40000000.0","0.0"
"39298-013","1","City Region Development Project","2010-11-10","start-actual","","end-actual","Asian Development Bank","DAC","Bangladesh","BGD","23000|14000|21010","Energy generation and supply, combinations of activities|Water supply and sanitation, combination of purposes|Transport policy and administrative management","Implementation","2010","2010","120675000.0","0.0"
"40517-013","1","Public-Private Infrastructure Development Facility (PPIDF)","2008-10-02","start-actual","","end-actual","Asian Development Bank","DAC","Bangladesh","BGD","24010","Financial policy and administrative management","Implementation","2008","2008","165000000.0","0.0"
"45174-001","1","Dhaka-Chittagong Expressway Public-Private Partnership Design Project","2012-03-30","start-actual","","end-actual","Asian Development Bank","DAC","Bangladesh","BGD","21010","Transport policy and administrative management","Implementation","2012","2012","10000000.0","0.0"
"40559-013","1","Second Urban Governance and Infrastructure Improvement (Sector) Project","2009-12-08","start-actual","","end-actual","Asian Development Bank","DAC","Bangladesh","BGD","14000","Water supply and sanitation, combination of purposes","Implementation","2009","2009","87000000.0","0.0"
"32234-023","1","MFF - Railway Sector Investment Program (Subproject 1)","2007-02-13","start-actual","","end-actual","Asian Development Bank","DAC","Bangladesh","BGD","21010","Transport policy and administrative management","Implementation","2007","2007","130000000.0","0.0"
"46456-002","1","Supporting Education and Skills Development Investment Programs","2013-12-04","start-actual","","end-actual","Asian Development Bank","DAC","Bangladesh","BGD","11100","Education, level unspecified, combinations of purposes","Implementation","2013","2013","1000000.0","0.0"
"37113-013","1","Power System Efficiency Improvement Project","2011-08-11","start-actual","","end-actual","Asian Development Bank","DAC","Bangladesh","BGD","23000","Energy generation and supply, combinations of activities","Implementation","2011","2011","300000000.0","0.0"
"44212-012","1","Coastal Towns Infrastructure Improvement Project","2012-08-06","start-actual","","end-actual","Asian Development Bank","DAC","Bangladesh","BGD","14000","Water supply and sanitation, combination of purposes","Implementation","2012","2012","0.0","0.0"
"45084-002","1","Coastal Climate-Resilient Infrastructure Project","2012-09-28","start-actual","","end-actual","Asian Development Bank","DAC","Bangladesh","BGD","31120|21010","Agricultural development|Transport policy and administrative management","Implementation","2012","2012","20000000.0","0.0"
"36297-013","1","Secondary Towns Water Supply and Sanitation","2006-10-16","start-actual","","end-actual","Asian Development Bank","DAC","Bangladesh","BGD","14000","Water supply and sanitation, combination of purposes","Implementation","2006","2006","41000000.0","0.0"
"47310-001","1","Road Map to Good Governance","2013-12-12","start-actual","","end-actual","Asian Development Bank","DAC","Bangladesh","BGD","15120","Public sector financial management","Implementation","2013","2013","225000.0","0.0"
"39295-032","1","Third Urban Governance and Infrastructure Improvement (Sector) Project","2013-03-15","start-actual","","end-actual","Asian Development Bank","DAC","Bangladesh","BGD","21010|14000","Transport policy and administrative management|Water supply and sanitation, combination of purposes","Implementation","2013","2013","1000000.0","0.0"
"36296-013","1","Second Urban Primary Health Care Project","2005-05-31","start-actual","","end-actual","Asian Development Bank","DAC","Bangladesh","BGD","12100","Health, general, combinations of activities","Cancelled","2005","2005","0.0","0.0"
"43477-013","1","Second Capital Market Development Program","2012-11-28","start-actual","","end-actual","Asian Development Bank","DAC","Bangladesh","BGD","24010","Financial policy and administrative management","Implementation","2012","2012","300000000.0","0.0"
"40448-013","1","Second Teaching Quality Improvement in Secondary Education Project","2012-03-30","start-actual","","end-actual","Asian Development Bank","DAC","Bangladesh","BGD","11100","Education, level unspecified, combinations of purposes","Implementation","2012","2012","70000000.0","0.0"
"42180-013","1","Second Public-Private Infrastructure Development Facility","2013-10-17","start-actual","","end-actual","Asian Development Bank","DAC","Bangladesh","BGD","24010","Financial policy and administrative management","Implementation","2013","2013","110000000.0","0.0"
"42171-013","1","Khulna Water Supply Project","2011-06-14","start-actual","","end-actual","Asian Development Bank","DAC","Bangladesh","BGD","14000","Water supply and sanitation, combination of purposes","Implementation","2011","2011","75700000.0","0.0"
"39305-013","1","Urban Public and Environmental Health Sector Development Program (Program Loan)","2009-09-28","start-actual","","end-actual","Asian Development Bank","DAC","Bangladesh","BGD","31120|14000|12100","Agricultural development|Water supply and sanitation, combination of purposes|Health, general, combinations of activities","Implementation","2009","2009","130500000.0","0.0"
"36200-013","1","Small and Medium-Sized Enterprise Development Project","2009-09-17","start-actual","","end-actual","Asian Development Bank","DAC","Bangladesh","BGD","24010","Financial policy and administrative management","Cancelled","2009","2009","0.0","0.0"
"37017-013","1","Good Governance Program","2007-10-30","start-actual","","end-actual","Asian Development Bank","DAC","Bangladesh","BGD","15120","Public sector financial management","Implementation","2007","2007","151500000.0","0.0"
"42173-013","1","Dhaka Environmentally Sustainable Water Supply Project","2013-10-22","start-actual","","end-actual","Asian Development Bank","DAC","Bangladesh","BGD","14000","Water supply and sanitation, combination of purposes","Implementation","2013","2013","250000000.0","0.0"
"39432-013","1","Participatory Small-Scale Water Resources Sector Project","2010-04-22","start-actual","","end-actual","Asian Development Bank","DAC","Bangladesh","BGD","31120","Agricultural development","Implementation","2010","2010","55000000.0","0.0"
"42169-013","1","Greater Dhaka Sustainable Urban Transport Project","2012-04-17","start-actual","","end-actual","Asian Development Bank","DAC","Bangladesh","BGD","21010","Transport policy and administrative management","Implementation","2012","2012","160000000.0","0.0"
"42378-015","1","Power System Expansion and Efficiency Improvement Investment Program - Tranche 1","2012-12-12","start-actual","","end-actual","Asian Development Bank","DAC","Bangladesh","BGD","23000","Energy generation and supply, combinations of activities","Implementation","2012","2012","185000000.0","0.0"
"31309-013","1","Post-Literacy and Continuing Education Project","2001-12-13","start-actual","","end-actual","Asian Development Bank","DAC","Bangladesh","BGD","11100","Education, level unspecified, combinations of purposes","Implementation","2001","2001","51500000.0","0.0"
"42378-016","1","Power System Expansion and Efficiency Improvement Investment Program - Tranche 2","2013-12-11","start-actual","","end-actual","Asian Development Bank","DAC","Bangladesh","BGD","23000","Energy generation and supply, combinations of activities","Implementation","2013","2013","310000000.0","0.0"
"32234-053","1","Railway Sector Investment Program - Tranche 3","2013-12-09","start-actual","","end-actual","Asian Development Bank","DAC","Bangladesh","BGD","21010","Transport policy and administrative management","Implementation","2013","2013","100000000.0","0.0"
"44192-013","1","Bangladesh-India Electrical Grid Interconnection Project","2010-08-31","start-actual","","end-actual","Asian Development Bank","DAC","Bangladesh","BGD","23000","Energy generation and supply, combinations of activities","Cancelled","2010","2010","0.0","0.0"
"44192-014","1","SASEC Bangladesh-India Electrical Grid Interconnection Project (Additional Financing)","2013-09-25","start-actual","","end-actual","Asian Development Bank","DAC","Bangladesh","BGD","23000","Energy generation and supply, combinations of activities","Implementation","2013","2013","12000000.0","0.0"
"35242-013","1","Gas Transmission and Development Project","2005-10-27","start-actual","","end-actual","Asian Development Bank","DAC","Bangladesh","BGD","23000","Energy generation and supply, combinations of activities","Implementation","2005","2005","230000000.0","0.0"
"32234-043","1","Railway Sector Investment Program - Tranche 2","2011-12-22","start-actual","","end-actual","Asian Development Bank","DAC","Bangladesh","BGD","21010","Transport policy and administrative management","Implementation","2011","2011","150000000.0","0.0"
"40540-014","1","South Asia Subregional Economic Cooperation Road Connectivity Project","2012-11-22","start-actual","","end-actual","Asian Development Bank","DAC","Bangladesh","BGD","21010","Transport policy and administrative management","Implementation","2012","2012","198000000.0","0.0"
"39408-013","1","Skills Development Project","2008-06-06","start-actual","","end-actual","Asian Development Bank","DAC","Bangladesh","BGD","11100","Education, level unspecified, combinations of purposes","Implementation","2008","2008","50000000.0","0.0"
"45273-001","1","Financing Brick Kiln Efficiency Improvement Project","2012-05-10","start-actual","","end-actual","Asian Development Bank","DAC","Bangladesh","BGD","24010","Financial policy and administrative management","Implementation","2012","2012","50000000.0","0.0"
"45203-002","1","Natural Gas Transmission and Distribution Development Investment Program","2013-10-04","start-actual","","end-actual","Asian Development Bank","DAC","Bangladesh","BGD","23000","Energy generation and supply, combinations of activities","Implementation","2013","2013","1000000.0","0.0"
"46452-001","1","SASEC Railway Connectivity Investment Program","2013-12-18","start-actual","","end-actual","Asian Development Bank","DAC","Bangladesh","BGD","21010","Transport policy and administrative management","Implementation","2013","2013","1500000.0","0.0"
"35049-013","1","Padma Multipurpose Bridge Project","2010-11-25","start-actual","","end-actual","Asian Development Bank","DAC","Bangladesh","BGD","21010","Transport policy and administrative management","Cancelled","2010","2010","0.0","0.0"
"44142-013","1","Subregional Transport Project Preparatory Facility","2010-11-03","start-actual","","end-actual","Asian Development Bank","DAC","Bangladesh","BGD","21010","Transport policy and administrative management","Implementation","2010","2010","23000000.0","0.0"
"44212-023","1","Coastal Towns Infrastructure Improvement Project","2012-08-06","start-actual","","end-actual","Asian Development Bank","DAC","Bangladesh","BGD","21010|14000","Transport policy and administrative management|Water supply and sanitation, combination of purposes","Cancelled","2012","2012","0.0","0.0"
"42122-013","1","Third Primary Education Development Project","2011-07-05","start-actual","","end-actual","Asian Development Bank","DAC","Bangladesh","BGD","11100","Education, level unspecified, combinations of purposes","Implementation","2011","2011","320000000.0","0.0"
"36107-013","1","Sustainable Power Sector Development Program (Project)","2007-06-26","start-actual","","end-actual","Asian Development Bank","DAC","Bangladesh","BGD","23000","Energy generation and supply, combinations of activities","Cancelled","2007","2007","0.0","0.0"
"38164-013","1","Natural Gas Access Improvement Project (formerly Clean Fuel Development Project)","2010-03-26","start-actual","","end-actual","Asian Development Bank","DAC","Bangladesh","BGD","23000","Energy generation and supply, combinations of activities","Implementation","2010","2010","266000000.0","0.0"
"44213-016","1","Secondary Education Sector Investment Program - Tranche 1","2013-10-21","start-actual","","end-actual","Asian Development Bank","DAC","Bangladesh","BGD","11100","Education, level unspecified, combinations of purposes","Implementation","2013","2013","90000000.0","0.0"
"36197-013","1","Improvement of Capital Market and Insurance Governance TA Loan","2006-03-09","start-actual","","end-actual","Asian Development Bank","DAC","Bangladesh","BGD","24010","Financial policy and administrative management","Cancelled","2006","2006","0.0","0.0"
