participating_org	donors	donors_iso3	donor_country
Agence Canadienne pour le Développement International	Canadian Agency for International Development	CAN	Canada
Agence Chinoise de Coopération Internationale	Chinese Agency of International Cooperation	CHN	China
Agence Francaise de Developpement	French Development Agency	FRA	France
ALLIANCE GLOBALE POUR LA NUTRITION	Global Alliance for Improved Nutrition	DAC	
AMBASSADE ALLEMAGNE	German Embassy	DEU	Germany
Ambassade de Grande-Bretagne	Embassy of Great Britain	GBR	United Kingdom
Ambassade Etats Unis	United States Embassy	USA	United States
AMBASSADE JAPON	Japanese Embassy	JPN	Japan
Association Internationale de Développement	International Development Association	DAC	
AUCUN	None	DAC	
Autriche	Austria	AUT	Austria
AUTs Subventions	Non-Traditional Grant	DAC	
BADEA	Arab Bank of Economic Development in Africa	DAC	
BAD/FAD	African Development Bank/African Development Fund	DAC	
BAD/FAE	African Development Bank/African Water Facility	DAC	
BAD/FAT	African Development Bank/Technical Assistance Fund	DAC	
Banque d'Investissement, de Développement et de Coopération	Investment Bank of Development and Cooperation	DAC	
Banque Europpéenne d'Investissements	European Investment Bank	DAC	
Banque Islamique de Développement	Islamic Development Bank	DAC	
Banque Ouest-Africaine de Développement	West African Development Bank	DAC	
Banque Primaires Locales	Primary Local Banks	SEN	Senegal
BCI-ETAT	International Commercial Bank Senegal	SEN	Senegal
Bénéficiaires	Beneficiaries	DAC	
CEDEAO	Economic Community of West African States	DAC	
Collectivités Locales	Local Authorities	SEN	Senegal
Compagnie Bancaire Afrique de Ouest	Banking Company of West Africa	DAC	
Coopération Belge	Belgium	BEL	Belgium
Coopération Chinoise	China	CHN	China
Coopération Espagnole	Spain	ESP	Spain
Coopération Française	France	FRA	France
Coopération Italienne	Italy	ITA	Italy
Coopération Japonaise	Japan	JPN	Japan
Coopération Néerlandaise	Netherlands	NLD	Netherlands
Corée du Sud	South Korea	KOR	South Korea
Crédit Mut Sénég.	Senegal Mutual Credit	SEN	Senegal
Danish International Developement Agency	Danish International Development Agency	DNK	Denmark
EIFFAGE SENEGAL	Eiffage Senegal	SEN	Senegal
ETAT(Budget Fonct.)	State (Functioning Budget)	SEN	Senegal
ETAT(Commune)	State (Common)	SEN	Senegal
ETAT(FECL)	Local Equipment Fund, Senegal	SEN	Senegal
ETAT(Impôts et Taxes)	State (Taxes)	SEN	Senegal
ETAT(Nature)	State (Nature)	SEN	Senegal
Etats-Unis (Millenium Challenge Account)	United States (Millenium Challenge Account)	USA	United States
FEM	Global Environment Facility	DAC	
Financement des Privés Extérieurs	Foreign Private Financing	DAC	
FNUAP	United Nations Population Fund	DAC	
Fondation Afri. Renf Capact	African Capacity Building Foundation	DAC	
Fonds de Contrepartie Espagnol	Spain	ESP	Spain
Fonds de Contrepartie Japonais	Japan	JPN	Japan
Fonds de développement des Nations unies pour la femme	United Nations Development Fund for Women	DAC	
Fonds d'équipement des nations unies	United Nations Capital Development Fund	DAC	
Fonds Français pour l'Environnement Mondial	French Global Environment Facility	FRA	France
FONDS GAVI	Global Alliance for Vaccines and Immunizations	DAC	
Fonds International de Développement Agricole	International Fund for Agricultural Development	DAC	
Fonds KOWEITIEN	Kuwait Fund	KWT	Kuwait
Fonds mondial	Global Fund	DAC	
Fonds Monétaire International	International Monetary Fund	DAC	
Fonds Nordique de Développement	Nordic Development Fund	DAC	
Fonds OPEP	Organization of the Petroleum Exporting Countries	DAC	
Fonds SAOUDIEN	Saudi Fund	SAU	Saudi Arabia
GIZ	German Society for International Cooperation 	DEU	Germany
Grand Duché du Luxembourg	Luxembourg	LUX	Luxembourg
Inde	India	IND	India
KFW	KfW	DEU	Germany
MICRONUTRIMENT INITIATIVE	Micronutrient Initiative	DAC	
ONU-SIDA	UNAIDS	DAC	
Organisation Mondiale de la Santé	World Health Organization	DAC	
PRIVE	Private	DAC	
Programme Alimentaire Mondial	World Food Program	DAC	
Programme des Nations Unies pour le Développement	United Nations Development Program	DAC	
République Tchéque	Czech Republic	CZE	Czech Republic
Royaume d'Arabie Saoudite	Saudi Arabia	SAU	Saudi Arabia
SONEES	Société Nationale d'Exploitation des Eaux du Sénégal	SEN	Senegal
Suède	Sweden	SWE	Sweden
Suisse	Switzerland	CHE	Switzerland
UEMOA	West African Economic and Monetary Union	DAC	
UNICEF	UNICEF	DAC	
UNION AFRICAINE	African Union	DAC	
Union Européenne/FED	European Union/European Development Fund	DAC	
USADF	United States African Development Foundation	USA	United States
USAID	USAID	USA	United States
