"project_id","project_code","appeal_code","urls","title","implementing_org","donor","recipient_organization"
"906001108825","NPL-15/CSS/80080/R/6491","NPL-15/CSS/80080/R","http://ops.unocha.org/reports/publicreports.aspx?appealid=1100&rtype=APS&Projectcode=NPL-15/CSS/80080/R/6491","CCCM response (WITHDRAWN)","UN Agencies, NGOs and/or Red Cross","",""
"906001108827","NPL-15/CSS/80378/R/5767","NPL-15/CSS/80378/R","http://ops.unocha.org/reports/publicreports.aspx?appealid=1100&rtype=APS&Projectcode=NPL-15/CSS/80378/R/5767","Settlement site assessments and implementation of risk mitigation measures","UNOPS","",""
"906001108829","NPL-15/CSS/80383/R/298","NPL-15/CSS/80383/R","http://ops.unocha.org/reports/publicreports.aspx?appealid=1100&rtype=APS&Projectcode=NPL-15/CSS/80383/R/298","Camp Coordination and Camp Management for Earthquake-Displaced Persons in Nepal				","IOM","Central Emergency Response Fund|Japan|Norway","International Organization for Migration"
"906001108831","NPL-15/CSS/80388/R/5932","NPL-15/CSS/80388/R","http://ops.unocha.org/reports/publicreports.aspx?appealid=1100&rtype=APS&Projectcode=NPL-15/CSS/80388/R/5932","District information and site management hubs to support earthquake affected populations in Nepal","CECI","",""
"906001108831","NPL-15/CSS/80388/R/6458","NPL-15/CSS/80388/R","http://ops.unocha.org/reports/publicreports.aspx?appealid=1100&rtype=APS&Projectcode=NPL-15/CSS/80388/R/6458","District information and site management hubs to support earthquake affected populations in Nepal","ACTED","",""
"906001108833","NPL-15/SNYS/80491/R/124","NPL-15/SNYS/80491/R","http://ops.unocha.org/reports/publicreports.aspx?appealid=1100&rtype=APS&Projectcode=NPL-15/SNYS/80491/R/124","to be allocated to specific projects","UNICEF","Bulgaria|Canada|Canada|Finland|Japan|Latvia|Lithuania|Malta|Nepal|Norway|Private (individuals & organisations)|Private (individuals & organisations)|Private (individuals & organisations)|Romania|Slovenia|Sweden|Thailand|UNICEF National Committee/Andorra|UNICEF National Committee/Australia|UNICEF National Committee/Austria|UNICEF National Committee/Belgium|UNICEF National Committee/Canada|UNICEF National Committee/Canada|UNICEF National Committee/Czech Republic|UNICEF National Committee/Denmark|UNICEF National Committee/Finland|UNICEF National Committee/France|UNICEF National Committee/France|UNICEF National Committee/France|UNICEF National Committee/Germany|UNICEF National Committee/Germany|UNICEF National Committee/Germany|UNICEF National Committee/Hellenic|UNICEF National Committee/Hong Kong|UNICEF National Committee/Iceland|UNICEF National Committee/Italy|UNICEF National Committee/Italy|UNICEF National Committee/Japan|UNICEF National Committee/Japan|UNICEF National Committee/Korea (Republic of)|UNICEF National Committee/Luxembourg|UNICEF National Committee/Netherlands|UNICEF National Committee/Netherlands|UNICEF National Committee/Netherlands|UNICEF National Committee/Netherlands|UNICEF National Committee/New Zealand|UNICEF National Committee/Norway|UNICEF National Committee/Poland|UNICEF National Committee/Portugal|UNICEF National Committee/Portugal|UNICEF National Committee/Slovakia|UNICEF National Committee/Slovenia|UNICEF National Committee/Spain|UNICEF National Committee/Spain|UNICEF National Committee/Sweden|UNICEF National Committee/Sweden|UNICEF National Committee/Switzerland|UNICEF National Committee/Switzerland|UNICEF National Committee/Switzerland|UNICEF National Committee/Switzerland|UNICEF National Committee/Turkey|UNICEF National Committee/United Kingdom|UNICEF National Committee/United Kingdom|United Nations Children's Fund|United Nations Children's Fund|United Nations Children's Fund|United Nations Children's Fund|United Nations Children's Fund|United States of America|US Fund for UNICEF|US Fund for UNICEF|US Fund for UNICEF|Various Donors (details not yet provided)|Various Donors (details not yet provided)|Various Donors (details not yet provided)|Various Donors (details not yet provided)|Various Donors (details not yet provided)|Various Donors (details not yet provided)|Various Donors (details not yet provided)|Various Donors (details not yet provided)|Various Donors (details not yet provided)|Various Donors (details not yet provided)|Various Donors (details not yet provided)|Various Donors (details not yet provided)|Various Donors (details not yet provided)|Various Donors (details not yet provided)|Various Donors (details not yet provided)|Various Donors (details not yet provided)|Various Donors (details not yet provided)|Various Donors (details not yet provided)|Various Donors (details not yet provided)|Various Donors (details not yet provided)|Various Donors (details not yet provided)|Various Donors (details not yet provided)|Various Donors (details not yet provided)|Various Donors (details not yet provided)|Various Donors (details not yet provided)|Various Donors (details not yet provided)","United Nations Children's Fund"
"906001108835","NPL-15/SNYS/80493/R/298","NPL-15/SNYS/80493/R","http://ops.unocha.org/reports/publicreports.aspx?appealid=1100&rtype=APS&Projectcode=NPL-15/SNYS/80493/R/298","to be allocated to specific projects","IOM","",""
"906001108837","NPL-15/SNYS/81265/R/561","NPL-15/SNYS/81265/R","http://ops.unocha.org/reports/publicreports.aspx?appealid=1100&rtype=APS&Projectcode=NPL-15/SNYS/81265/R/561","to be allocated to specific projects","WFP","Australia|Australia|Austria|Canada|Canada|Canada|Central Emergency Response Fund|European Commission's Humanitarian Aid and Civil Protection Department|Germany|Germany|Japan|Japan|Japan|Liechtenstein|Netherlands|Netherlands|Norway|Norway|Norway|Private (individuals & organisations)|Private (individuals & organisations)|United Kingdom |United States of America|United States of America|United States of America|World Food Programme|World Food Programme|World Food Programme|World Food Programme","World Food Programme"
"906001108839","NPL-15/CSS/80085/R/6491","NPL-15/CSS/80085/R","http://ops.unocha.org/reports/publicreports.aspx?appealid=1100&rtype=APS&Projectcode=NPL-15/CSS/80085/R/6491","Coordination response (WITHDRAWN)","UN Agencies, NGOs and/or Red Cross","",""
"906001108841","NPL-15/CSS/80425/R/8445","NPL-15/CSS/80425/R","http://ops.unocha.org/reports/publicreports.aspx?appealid=1100&rtype=APS&Projectcode=NPL-15/CSS/80425/R/8445","Inter-Agency Common Feedback Project","RCSO","",""
"906001108843","NPL-15/CSS/80528/R/119","NPL-15/CSS/80528/R","http://ops.unocha.org/reports/publicreports.aspx?appealid=1100&rtype=APS&Projectcode=NPL-15/CSS/80528/R/119","Coordination response","OCHA","Canada|European Commission's Humanitarian Aid and Civil Protection Department|Germany|Japan|Korea, Republic of|Morocco|Norway|Private (individuals & organisations)|Thailand|United States of America","Office for the Coordination of Humanitarian Affairs"
"906001108845","NPL-15/ER/80084/R/6491","NPL-15/ER/80084/R","http://ops.unocha.org/reports/publicreports.aspx?appealid=1100&rtype=APS&Projectcode=NPL-15/ER/80084/R/6491","Early recovery response (WITHDRAWN)","UN Agencies, NGOs and/or Red Cross","",""
"906001108847","NPL-15/ER/80420/R/6079","NPL-15/ER/80420/R","http://ops.unocha.org/reports/publicreports.aspx?appealid=1100&rtype=APS&Projectcode=NPL-15/ER/80420/R/6079","Market support to small, medium and large traders				","SC ","",""
"906001108849","NPL-15/ER/80450/R/17140","NPL-15/ER/80450/R","http://ops.unocha.org/reports/publicreports.aspx?appealid=1100&rtype=APS&Projectcode=NPL-15/ER/80450/R/17140","Restoring Access to  Key Public Services in the Affected Areas ","UNCDF","",""
"906001108849","NPL-15/ER/80450/R/776","NPL-15/ER/80450/R","http://ops.unocha.org/reports/publicreports.aspx?appealid=1100&rtype=APS&Projectcode=NPL-15/ER/80450/R/776","Restoring Access to  Key Public Services in the Affected Areas ","UNDP","",""
"906001108851","NPL-15/ER/80454/R/17142","NPL-15/ER/80454/R","http://ops.unocha.org/reports/publicreports.aspx?appealid=1100&rtype=APS&Projectcode=NPL-15/ER/80454/R/17142","Rehabilitation of community based infrastructure and emergency employment for immediate livelihoods support","DWR","",""
"906001108851","NPL-15/ER/80454/R/5104","NPL-15/ER/80454/R","http://ops.unocha.org/reports/publicreports.aspx?appealid=1100&rtype=APS&Projectcode=NPL-15/ER/80454/R/5104","Rehabilitation of community based infrastructure and emergency employment for immediate livelihoods support","ILO","",""
"906001108851","NPL-15/ER/80454/R/6079","NPL-15/ER/80454/R","http://ops.unocha.org/reports/publicreports.aspx?appealid=1100&rtype=APS&Projectcode=NPL-15/ER/80454/R/6079","Rehabilitation of community based infrastructure and emergency employment for immediate livelihoods support","SC ","",""
"906001108851","NPL-15/ER/80454/R/6971","NPL-15/ER/80454/R","http://ops.unocha.org/reports/publicreports.aspx?appealid=1100&rtype=APS&Projectcode=NPL-15/ER/80454/R/6971","Rehabilitation of community based infrastructure and emergency employment for immediate livelihoods support","RI","",""
"906001108851","NPL-15/ER/80454/R/7039","NPL-15/ER/80454/R","http://ops.unocha.org/reports/publicreports.aspx?appealid=1100&rtype=APS&Projectcode=NPL-15/ER/80454/R/7039","Rehabilitation of community based infrastructure and emergency employment for immediate livelihoods support","UN-HABITAT","",""
"906001108851","NPL-15/ER/80454/R/7468","NPL-15/ER/80454/R","http://ops.unocha.org/reports/publicreports.aspx?appealid=1100&rtype=APS&Projectcode=NPL-15/ER/80454/R/7468","Rehabilitation of community based infrastructure and emergency employment for immediate livelihoods support","CARE Nepal","",""
"906001108851","NPL-15/ER/80454/R/776","NPL-15/ER/80454/R","http://ops.unocha.org/reports/publicreports.aspx?appealid=1100&rtype=APS&Projectcode=NPL-15/ER/80454/R/776","Rehabilitation of community based infrastructure and emergency employment for immediate livelihoods support","UNDP","Allocation of unearmarked funds by UNDP|Australia|Mauritius","United Nations Development Programme"
"906001108853","NPL-15/ER/80457/R/17142","NPL-15/ER/80457/R","http://ops.unocha.org/reports/publicreports.aspx?appealid=1100&rtype=APS&Projectcode=NPL-15/ER/80457/R/17142","Safe Emergency Debris Removal and Management to prepare for shelter and recovery of earthquake affected communities in Nepal","DWR","",""
"906001108853","NPL-15/ER/80457/R/298","NPL-15/ER/80457/R","http://ops.unocha.org/reports/publicreports.aspx?appealid=1100&rtype=APS&Projectcode=NPL-15/ER/80457/R/298","Safe Emergency Debris Removal and Management to prepare for shelter and recovery of earthquake affected communities in Nepal","IOM","Australia|European Commission's Humanitarian Aid and Civil Protection Department|Italy|Private (individuals & organisations)|United States of America","International Organization for Migration"
"906001108853","NPL-15/ER/80457/R/5328","NPL-15/ER/80457/R","http://ops.unocha.org/reports/publicreports.aspx?appealid=1100&rtype=APS&Projectcode=NPL-15/ER/80457/R/5328","Safe Emergency Debris Removal and Management to prepare for shelter and recovery of earthquake affected communities in Nepal","ACT/DCA","European Commission's Humanitarian Aid and Civil Protection Department","ACT Alliance / DanChurchAid"
"906001108853","NPL-15/ER/80457/R/6458","NPL-15/ER/80457/R","http://ops.unocha.org/reports/publicreports.aspx?appealid=1100&rtype=APS&Projectcode=NPL-15/ER/80457/R/6458","Safe Emergency Debris Removal and Management to prepare for shelter and recovery of earthquake affected communities in Nepal","ACTED","United States of America|United States of America","Agency for Technical Cooperation and Development"
"906001108853","NPL-15/ER/80457/R/6686","NPL-15/ER/80457/R","http://ops.unocha.org/reports/publicreports.aspx?appealid=1100&rtype=APS&Projectcode=NPL-15/ER/80457/R/6686","Safe Emergency Debris Removal and Management to prepare for shelter and recovery of earthquake affected communities in Nepal","PIN","",""
"906001108853","NPL-15/ER/80457/R/6971","NPL-15/ER/80457/R","http://ops.unocha.org/reports/publicreports.aspx?appealid=1100&rtype=APS&Projectcode=NPL-15/ER/80457/R/6971","Safe Emergency Debris Removal and Management to prepare for shelter and recovery of earthquake affected communities in Nepal","RI","",""
"906001108853","NPL-15/ER/80457/R/7468","NPL-15/ER/80457/R","http://ops.unocha.org/reports/publicreports.aspx?appealid=1100&rtype=APS&Projectcode=NPL-15/ER/80457/R/7468","Safe Emergency Debris Removal and Management to prepare for shelter and recovery of earthquake affected communities in Nepal","CARE Nepal","",""
"906001108853","NPL-15/ER/80457/R/776","NPL-15/ER/80457/R","http://ops.unocha.org/reports/publicreports.aspx?appealid=1100&rtype=APS&Projectcode=NPL-15/ER/80457/R/776","Safe Emergency Debris Removal and Management to prepare for shelter and recovery of earthquake affected communities in Nepal","UNDP","Allocation of unearmarked funds by UNDP|Japan|Private (individuals & organisations)|Various Donors (details not yet provided)","United Nations Development Programme"
"906001108853","NPL-15/ER/80457/R/8498","NPL-15/ER/80457/R","http://ops.unocha.org/reports/publicreports.aspx?appealid=1100&rtype=APS&Projectcode=NPL-15/ER/80457/R/8498","Safe Emergency Debris Removal and Management to prepare for shelter and recovery of earthquake affected communities in Nepal","CW","",""
"906001108855","NPL-15/ER/80460/R/5103","NPL-15/ER/80460/R","http://ops.unocha.org/reports/publicreports.aspx?appealid=1100&rtype=APS&Projectcode=NPL-15/ER/80460/R/5103","Preservation of relics and valuable items, and safe debris management of World Heritage buildings affected by the earthquake in Nepal","UNESCO","",""
"906001108855","NPL-15/ER/80460/R/776","NPL-15/ER/80460/R","http://ops.unocha.org/reports/publicreports.aspx?appealid=1100&rtype=APS&Projectcode=NPL-15/ER/80460/R/776","Preservation of relics and valuable items, and safe debris management of World Heritage buildings affected by the earthquake in Nepal","UNDP","",""
"906001108857","NPL-15/ER/80871/R/5767","NPL-15/ER/80871/R","http://ops.unocha.org/reports/publicreports.aspx?appealid=1100&rtype=APS&Projectcode=NPL-15/ER/80871/R/5767","Clearing access for humanitarian, basic services and livelihoods","UNOPS","",""
"906001108859","NPL-15/E/80083/R/6491","NPL-15/E/80083/R","http://ops.unocha.org/reports/publicreports.aspx?appealid=1100&rtype=APS&Projectcode=NPL-15/E/80083/R/6491","Education response (WITHDRAWN)","UN Agencies, NGOs and/or Red Cross","",""
"906001108861","NPL-15/E/80279/R/7469","NPL-15/E/80279/R","http://ops.unocha.org/reports/publicreports.aspx?appealid=1100&rtype=APS&Projectcode=NPL-15/E/80279/R/7469","Provision of protective emergency education for earthquake affected children in Dhading District","WE","",""
"906001108863","NPL-15/E/80315/R/5524","NPL-15/E/80315/R","http://ops.unocha.org/reports/publicreports.aspx?appealid=1100&rtype=APS&Projectcode=NPL-15/E/80315/R/5524","Protective emergency education for children affected by the Nepal earthquake in Dolakha, Sindhuli, Sindhupalchok and Makwanpur","Plan","Sweden","Plan International"
"906001108865","NPL-15/E/80328/R/8502","NPL-15/E/80328/R","http://ops.unocha.org/reports/publicreports.aspx?appealid=1100&rtype=APS&Projectcode=NPL-15/E/80328/R/8502","Provision of protective emergency education for earthquake affected children in Kathmandu, Lalitpur, Bhaktapur, Gorkha, Lamjung, Sindhuli Districts in Nepal","WVI","",""
"906001108867","NPL-15/E/80329/R/6079","NPL-15/E/80329/R","http://ops.unocha.org/reports/publicreports.aspx?appealid=1100&rtype=APS&Projectcode=NPL-15/E/80329/R/6079","Supporting Education in Emergencies for earthquake affected children in Nepal","SC ","",""
"906001108869","NPL-15/E/80359/R/7426","NPL-15/E/80359/R","http://ops.unocha.org/reports/publicreports.aspx?appealid=1100&rtype=APS&Projectcode=NPL-15/E/80359/R/7426","Emergency education and psychosocial support for children aged 3-18 years in 16 VDCS, Kavre, Dhading and Lamjung districts","VSO","",""
"906001108871","NPL-15/E/80367/R/7710","NPL-15/E/80367/R","http://ops.unocha.org/reports/publicreports.aspx?appealid=1100&rtype=APS&Projectcode=NPL-15/E/80367/R/7710","Provision of protective emergency education for earthquake affected children in Sindhupalchok, Kavre, Kathmandu and Rasuwa Districts","WeWorld","",""
"906001108871","NPL-15/E/80367/R/8486","NPL-15/E/80367/R","http://ops.unocha.org/reports/publicreports.aspx?appealid=1100&rtype=APS&Projectcode=NPL-15/E/80367/R/8486","Provision of protective emergency education for earthquake affected children in Sindhupalchok, Kavre, Kathmandu and Rasuwa Districts","ASIA Onlus","",""
"906001108873","NPL-15/E/80380/R/8911","NPL-15/E/80380/R","http://ops.unocha.org/reports/publicreports.aspx?appealid=1100&rtype=APS&Projectcode=NPL-15/E/80380/R/8911","Provision of protective emergency education for earthquake affected children in Ramechhap, Sindhuli and Makwanpur   ","RDN","",""
"906001108875","NPL-15/E/80381/R/17139","NPL-15/E/80381/R","http://ops.unocha.org/reports/publicreports.aspx?appealid=1100&rtype=APS&Projectcode=NPL-15/E/80381/R/17139","Provide protective emergency educational opportunities for children affected by the earthquake in the district of Bhaktapur.","SN","",""
"906001108875","NPL-15/E/80381/R/17148","NPL-15/E/80381/R","http://ops.unocha.org/reports/publicreports.aspx?appealid=1100&rtype=APS&Projectcode=NPL-15/E/80381/R/17148","Provide protective emergency educational opportunities for children affected by the earthquake in the district of Bhaktapur.","CDS","",""
"906001108875","NPL-15/E/80381/R/8502","NPL-15/E/80381/R","http://ops.unocha.org/reports/publicreports.aspx?appealid=1100&rtype=APS&Projectcode=NPL-15/E/80381/R/8502","Provide protective emergency educational opportunities for children affected by the earthquake in the district of Bhaktapur.","WVI","",""
"906001108875","NPL-15/E/80381/R/8674","NPL-15/E/80381/R","http://ops.unocha.org/reports/publicreports.aspx?appealid=1100&rtype=APS&Projectcode=NPL-15/E/80381/R/8674","Provide protective emergency educational opportunities for children affected by the earthquake in the district of Bhaktapur.","Partnership Nepal","",""
"906001108877","NPL-15/E/80385/R/5103","NPL-15/E/80385/R","http://ops.unocha.org/reports/publicreports.aspx?appealid=1100&rtype=APS&Projectcode=NPL-15/E/80385/R/5103","Providing immediate psychosocial support to parents and community members through CLCs, in reestablishment of learning environment for children affected by the earthquake in Nepal","UNESCO","",""
"906001108879","NPL-15/E/80399/R/17165","NPL-15/E/80399/R","http://ops.unocha.org/reports/publicreports.aspx?appealid=1100&rtype=APS&Projectcode=NPL-15/E/80399/R/17165","Protective emergency education of children in 12 most-affected VDC of Nuwakot and Makwanpur districts","APE","",""
"906001108881","NPL-15/E/80418/R/124","NPL-15/E/80418/R","http://ops.unocha.org/reports/publicreports.aspx?appealid=1100&rtype=APS&Projectcode=NPL-15/E/80418/R/124","Provision of Education in Emergencies to Earthquake-Affected Children in Nepal","UNICEF","United Nations Children's Fund","United Nations Children's Fund"
"906001108883","NPL-15/E/80424/R/17145","NPL-15/E/80424/R","http://ops.unocha.org/reports/publicreports.aspx?appealid=1100&rtype=APS&Projectcode=NPL-15/E/80424/R/17145","Community mobilization to provide education in emergencies in earthquake affected districts","Epages","",""
"906001108883","NPL-15/E/80424/R/17163","NPL-15/E/80424/R","http://ops.unocha.org/reports/publicreports.aspx?appealid=1100&rtype=APS&Projectcode=NPL-15/E/80424/R/17163","Community mobilization to provide education in emergencies in earthquake affected districts","NCE-N","",""
"906001108885","NPL-15/E/80446/R/7471","NPL-15/E/80446/R","http://ops.unocha.org/reports/publicreports.aspx?appealid=1100&rtype=APS&Projectcode=NPL-15/E/80446/R/7471","Ensuring right to education for children in two of the most affected districts through assessment and establishing safe spaces for learning","NSET","",""
"906001108887","NPL-15/E/80786/R/5390","NPL-15/E/80786/R","http://ops.unocha.org/reports/publicreports.aspx?appealid=1100&rtype=APS&Projectcode=NPL-15/E/80786/R/5390","Quality education and psychosocial support to earthquake affected school children and adolescent in Nepal","ACT/FCA","Finland","ACT Alliance / Finn Church Aid"
"906001108889","NPL-15/E/80790/R/8454","NPL-15/E/80790/R","http://ops.unocha.org/reports/publicreports.aspx?appealid=1100&rtype=APS&Projectcode=NPL-15/E/80790/R/8454","Continuing education and ensuring childrens safety in Kavre, Sindhupalchowk, Rasuwa and Dolakha  				","AAIN","",""
"906001108891","NPL-15/E/80796/R/6579","NPL-15/E/80796/R","http://ops.unocha.org/reports/publicreports.aspx?appealid=1100&rtype=APS&Projectcode=NPL-15/E/80796/R/6579","Continuing education for earthquake affected children in Nuwakot District ","ADRA ","",""
"906001108893","NPL-15/E/80803/R/8502","NPL-15/E/80803/R","http://ops.unocha.org/reports/publicreports.aspx?appealid=1100&rtype=APS&Projectcode=NPL-15/E/80803/R/8502","Provision of protective emergency education for earthquake affected children in Gorkha, Sindhupalchowk, Bhaktapur and Sindhuli Districts in Nepal","WVI","",""
"906001108895","NPL-15/E/80827/R/5613","NPL-15/E/80827/R","http://ops.unocha.org/reports/publicreports.aspx?appealid=1100&rtype=APS&Projectcode=NPL-15/E/80827/R/5613","Education support to affected children of Kathmandu, Lalitpur and Gorkha","Good Neighbours Inc","",""
"906001108897","NPL-15/E/80875/R/17176","NPL-15/E/80875/R","http://ops.unocha.org/reports/publicreports.aspx?appealid=1100&rtype=APS&Projectcode=NPL-15/E/80875/R/17176","Back to school - Provision of protective emergency education for earthquake affected children in 4 VDCs of Makwanpur District","CCS Italia onlus","",""
"906001108899","NPL-15/E/80887/R/17191","NPL-15/E/80887/R","http://ops.unocha.org/reports/publicreports.aspx?appealid=1100&rtype=APS&Projectcode=NPL-15/E/80887/R/17191","Himalayan Trust: Support for Temporary Learning Centres in sixty schools in Solukhumbu in the VDCs of Khumjung, Namche Chaurikharka, Kharikhola, Taksindu, Junbesi  and Salleri.","HTN","",""
"906001108901","NPL-15/CSS/80089/R/6491","NPL-15/CSS/80089/R","http://ops.unocha.org/reports/publicreports.aspx?appealid=1100&rtype=APS&Projectcode=NPL-15/CSS/80089/R/6491"," Telecommunications response(WITHDRAWN)","UN Agencies, NGOs and/or Red Cross","",""
"906001108903","NPL-15/CSS/80530/R/561","NPL-15/CSS/80530/R","http://ops.unocha.org/reports/publicreports.aspx?appealid=1100&rtype=APS&Projectcode=NPL-15/CSS/80530/R/561","Emergency Telecommunications services for the humanitarian community responding to the Nepal Earthquake'.","WFP","World Food Programme","World Food Programme"
"906001108905","NPL-15/A/80317/R/123","NPL-15/A/80317/R","http://ops.unocha.org/reports/publicreports.aspx?appealid=1100&rtype=APS&Projectcode=NPL-15/A/80317/R/123","Emergency assistance to re-establish agricultural-based livelihoods of vulnerable earthquake-affected smallholder farmers in the six most affected districts in Nepal","FAO","Belgium|Canada|Italy|Norway","Food & Agriculture Organization of the United Nations"
"906001108907","NPL-15/ER/80802/R/5271","NPL-15/ER/80802/R","http://ops.unocha.org/reports/publicreports.aspx?appealid=1100&rtype=APS&Projectcode=NPL-15/ER/80802/R/5271","Food security relief to the earthquake affected population through multi purpose cash intervention in Nuwakot and Rasuwa districts","ACF - France","Canada|France","ACF - France"
"906001108909","NPL-15/ER/80806/R/15797","NPL-15/ER/80806/R","http://ops.unocha.org/reports/publicreports.aspx?appealid=1100&rtype=APS&Projectcode=NPL-15/ER/80806/R/15797","Food Assistance to the earthquake affected vulnerable groups with special focus of Older people (men & women) and Persons with disabilities (men and women) in District Nuwakot ","HelpAge","",""
"906001108911","NPL-15/ER/80818/R/8502","NPL-15/ER/80818/R","http://ops.unocha.org/reports/publicreports.aspx?appealid=1100&rtype=APS&Projectcode=NPL-15/ER/80818/R/8502","Emergency food and livelihood assistance for early recovery and nutritional support for vulnerable earthquake affected people in, Gorkha, Sindupalchowk, Sindhuli, Kathmandu, Lalitpur and Bakthapur Districts","WVI","",""
"906001108913","NPL-15/ER/80845/R/6458","NPL-15/ER/80845/R","http://ops.unocha.org/reports/publicreports.aspx?appealid=1100&rtype=APS&Projectcode=NPL-15/ER/80845/R/6458","Sustainable food security support to earthquake affected households in Nepal, through the provision of food and agricultural inputs","ACTED","",""
"906001108915","NPL-15/F/80076/R/6491","NPL-15/F/80076/R","http://ops.unocha.org/reports/publicreports.aspx?appealid=1100&rtype=APS&Projectcode=NPL-15/F/80076/R/6491","Food Security response (WITHDRAWN)","UN Agencies, NGOs and/or Red Cross","",""
"906001108917","NPL-15/F/80268/R/561","NPL-15/F/80268/R","http://ops.unocha.org/reports/publicreports.aspx?appealid=1100&rtype=APS&Projectcode=NPL-15/F/80268/R/561","Emergency Food Assistance to Earthquake Affected Populations","WFP","Central Emergency Response Fund|World Food Programme","World Food Programme"
"906001108919","NPL-15/F/80396/R/6079","NPL-15/F/80396/R","http://ops.unocha.org/reports/publicreports.aspx?appealid=1100&rtype=APS&Projectcode=NPL-15/F/80396/R/6079","Emergency food assistance provision for food insecure earthquake affected populations","SC ","",""
"906001108921","NPL-15/F/80407/R/7468","NPL-15/F/80407/R","http://ops.unocha.org/reports/publicreports.aspx?appealid=1100&rtype=APS&Projectcode=NPL-15/F/80407/R/7468","Addressing the immediate food security needs of 10,000 earthquake-affected households in Dadhing, Gorkha, and Sindupalchowk Districts, Nepal","CARE Nepal","Taiwan ICDF","CARE Nepal"
"906001108923","NPL-15/F/80800/R/5120","NPL-15/F/80800/R","http://ops.unocha.org/reports/publicreports.aspx?appealid=1100&rtype=APS&Projectcode=NPL-15/F/80800/R/5120","Supporting food security and agricultural stabilisation for earthquake-affected populations in Nepal 				","OXFAM GB","Bill and Melinda Gates Foundation|Private (individuals & organisations)|Sweden|Various Donors (details not yet provided)","OXFAM GB"
"906001108925","NPL-15/F/80805/R/7465","NPL-15/F/80805/R","http://ops.unocha.org/reports/publicreports.aspx?appealid=1100&rtype=APS&Projectcode=NPL-15/F/80805/R/7465","Food Assistance to earthquake affected families of Sindhupalchowk, and Dolakha districts","ACT/LWF Nepal","",""
"906001108927","NPL-15/H/80077/R/6491","NPL-15/H/80077/R","http://ops.unocha.org/reports/publicreports.aspx?appealid=1100&rtype=APS&Projectcode=NPL-15/H/80077/R/6491","Health response (WITHDRAWN)","UN Agencies, NGOs and/or Red Cross","",""
"906001108929","NPL-15/H/80213/R/6079","NPL-15/H/80213/R","http://ops.unocha.org/reports/publicreports.aspx?appealid=1100&rtype=APS&Projectcode=NPL-15/H/80213/R/6079","Health Response for Nepal Earthquake","SC ","",""
"906001108931","NPL-15/H/80258/R/124","NPL-15/H/80258/R","http://ops.unocha.org/reports/publicreports.aspx?appealid=1100&rtype=APS&Projectcode=NPL-15/H/80258/R/124","Equitable  emergency and life saving primary health care services for mothers,newborns and children ","UNICEF","Central Emergency Response Fund|United Nations Children's Fund","United Nations Children's Fund"
"906001108933","NPL-15/H/80267/R/6469","NPL-15/H/80267/R","http://ops.unocha.org/reports/publicreports.aspx?appealid=1100&rtype=APS&Projectcode=NPL-15/H/80267/R/6469","Provision of quality medical care to communities highly affected by the earthquake","Americares","",""
"906001108935","NPL-15/H/80280/R/1171","NPL-15/H/80280/R","http://ops.unocha.org/reports/publicreports.aspx?appealid=1100&rtype=APS&Projectcode=NPL-15/H/80280/R/1171","Ensuring lifesaving sexual reproductive health services (SRH) in earthquake affected districts ","UNFPA","Allocation of unearmarked funds by OCHA|Allocation of unearmarked funds by WHO|Australia|Central Emergency Response Fund|Friends of UNFPA|Friends of UNFPA|Friends of UNFPA|Germany|Japan|Private (individuals & organisations)","United Nations Population Fund"
"906001108937","NPL-15/H/80321/R/8502","NPL-15/H/80321/R","http://ops.unocha.org/reports/publicreports.aspx?appealid=1100&rtype=APS&Projectcode=NPL-15/H/80321/R/8502","Support to the Ministry of Health and Population with health supplies and capacity building","WVI","Netherlands|Taiwan ICDF","World Vision International"
"906001108939","NPL-15/H/80355/R/5524","NPL-15/H/80355/R","http://ops.unocha.org/reports/publicreports.aspx?appealid=1100&rtype=APS&Projectcode=NPL-15/H/80355/R/5524","Maternal and child health service support to disaster affected children, pregnant women and lactating mothers","Plan","",""
"906001108941","NPL-15/H/80372/R/298","NPL-15/H/80372/R","http://ops.unocha.org/reports/publicreports.aspx?appealid=1100&rtype=APS&Projectcode=NPL-15/H/80372/R/298","Assisted Referral and Discharge, Public Health in Camps and Psycho-social Support for IDPs affected by Nepal Earthquake				","IOM","Australia|Italy|Norway","International Organization for Migration"
"906001108943","NPL-15/H/80389/R/5349","NPL-15/H/80389/R","http://ops.unocha.org/reports/publicreports.aspx?appealid=1100&rtype=APS&Projectcode=NPL-15/H/80389/R/5349","Emergency response to earthquake affected persons in Nepal with a focus on injured persons.  ","HI","Luxembourg|United States of America","Handicap International"
"906001108945","NPL-15/H/80423/R/7468","NPL-15/H/80423/R","http://ops.unocha.org/reports/publicreports.aspx?appealid=1100&rtype=APS&Projectcode=NPL-15/H/80423/R/7468","Minimum Initial Service Package on Reproductive Health to 23,625 women, men, newborns","CARE Nepal","",""
"906001108947","NPL-15/H/80462/R/122","NPL-15/H/80462/R","http://ops.unocha.org/reports/publicreports.aspx?appealid=1100&rtype=APS&Projectcode=NPL-15/H/80462/R/122","Addressing health needs in the earthquake affected population","WHO","Allocation of unearmarked funds by WHO|Australia|Central Emergency Response Fund|Estonia|European Commission's Humanitarian Aid and Civil Protection Department|Finland|Norway|Thailand|United States of America","World Health Organization"
"906001108949","NPL-15/H/80492/R/5160","NPL-15/H/80492/R","http://ops.unocha.org/reports/publicreports.aspx?appealid=1100&rtype=APS&Projectcode=NPL-15/H/80492/R/5160","Intergrated Primary Health Care Service Support in Gorkha and Dhading Districts (Program cost: 3,000,000 USD already received. No additional funding required.)","IMC","",""
"906001108951","NPL-15/CSS/80088/R/6491","NPL-15/CSS/80088/R","http://ops.unocha.org/reports/publicreports.aspx?appealid=1100&rtype=APS&Projectcode=NPL-15/CSS/80088/R/6491","Logistics response (WITHDRAWN)","UN Agencies, NGOs and/or Red Cross","",""
"906001108953","NPL-15/CSS/80314/R/561","NPL-15/CSS/80314/R","http://ops.unocha.org/reports/publicreports.aspx?appealid=1100&rtype=APS&Projectcode=NPL-15/CSS/80314/R/561","Logistics Augmentation and Coordination in Response to the Earthquake in Nepal","WFP","Central Emergency Response Fund|Central Emergency Response Fund|World Food Programme","World Food Programme"
"906001108955","NPL-15/CSS/80335/R/298","NPL-15/CSS/80335/R","http://ops.unocha.org/reports/publicreports.aspx?appealid=1100&rtype=APS&Projectcode=NPL-15/CSS/80335/R/298","Shelter and non-food item (NFI) Pipeline support to Regional Hubs in Nepal (NSRHN)","IOM","United Kingdom ","International Organization for Migration"
"906001108957","NPL-15/CSS/80409/R/561","NPL-15/CSS/80409/R","http://ops.unocha.org/reports/publicreports.aspx?appealid=1100&rtype=APS&Projectcode=NPL-15/CSS/80409/R/561","Provision of Humanitarian Air Services in Nepal","WFP","Australia|Central Emergency Response Fund|Central Emergency Response Fund|Denmark|European Commission's Humanitarian Aid and Civil Protection Department|Japan|Netherlands|Sweden|United Kingdom ","World Food Programme"
"906001108959","NPL-15/CSS/80421/R/5349","NPL-15/CSS/80421/R","http://ops.unocha.org/reports/publicreports.aspx?appealid=1100&rtype=APS&Projectcode=NPL-15/CSS/80421/R/5349","Emergency  Response – Secondary Logistics support provision, in coordination with the Logistics Cluster and complementary with Logistics Cluster primary logistics support provision, in response to the earthquake in Nepal.","HI","",""
"906001108961","NPL-15/H/80082/R/6491","NPL-15/H/80082/R","http://ops.unocha.org/reports/publicreports.aspx?appealid=1100&rtype=APS&Projectcode=NPL-15/H/80082/R/6491","Nutrition response (WITHDRAWN)","UN Agencies, NGOs and/or Red Cross","",""
"906001108963","NPL-15/H/80197/R/561","NPL-15/H/80197/R","http://ops.unocha.org/reports/publicreports.aspx?appealid=1100&rtype=APS&Projectcode=NPL-15/H/80197/R/561","Prevention of acute malnutrition in children and pregnant and lactating women","WFP","World Food Programme","World Food Programme"
"906001108965","NPL-15/H/80208/R/6079","NPL-15/H/80208/R","http://ops.unocha.org/reports/publicreports.aspx?appealid=1100&rtype=APS&Projectcode=NPL-15/H/80208/R/6079","Nutrition emergency response to the earthquake affected population. Contribution in reducing mortality and morbidity in children under 5 and PLW related to acute malnutrition and suboptimal Infant and Young Children Feeding practices. ","SC ","",""
"906001108967","NPL-15/H/80305/R/124","NPL-15/H/80305/R","http://ops.unocha.org/reports/publicreports.aspx?appealid=1100&rtype=APS&Projectcode=NPL-15/H/80305/R/124","Comprehensive Emergency Nutrition Response for Children and Mothers","UNICEF","United Nations Children's Fund","United Nations Children's Fund"
"906001108969","NPL-15/H/80326/R/124","NPL-15/H/80326/R","http://ops.unocha.org/reports/publicreports.aspx?appealid=1100&rtype=APS&Projectcode=NPL-15/H/80326/R/124","Nutrition Cluster Coordination and Information Management","UNICEF","",""
"906001108971","NPL-15/H/80394/R/5271","NPL-15/H/80394/R","http://ops.unocha.org/reports/publicreports.aspx?appealid=1100&rtype=APS&Projectcode=NPL-15/H/80394/R/5271","Roll out of CMAM implementation in three of the most earthquake affected districts in Nepal ","ACF - France","",""
"906001108973","NPL-15/H/80787/R/8502","NPL-15/H/80787/R","http://ops.unocha.org/reports/publicreports.aspx?appealid=1100&rtype=APS&Projectcode=NPL-15/H/80787/R/8502","Provision of emergency nutrition support to women and children under 59 months for 6 earthquake affected districts of Nepal (Gorkha, Sindupalchowk,  Sindhuli, Kathmandu, and Bakthapur)","WVI","",""
"906001108975","NPL-15/H/80398/R/5271","NPL-15/H/80398/R","http://ops.unocha.org/reports/publicreports.aspx?appealid=1100&rtype=APS&Projectcode=NPL-15/H/80398/R/5271","Psychosocial counselling and assistance in Kathmandu Valley, Lalitpur and Nuwakot districts through mobile psychosocial support teams, in hospitals, in schools and safe spaces for mother and child","ACF - France","",""
"906001108977","NPL-15/P-HR-RL/80081/R/6491","NPL-15/P-HR-RL/80081/R","http://ops.unocha.org/reports/publicreports.aspx?appealid=1100&rtype=APS&Projectcode=NPL-15/P-HR-RL/80081/R/6491","Protection response (WITHDRAWN)","UN Agencies, NGOs and/or Red Cross","",""
"906001108979","NPL-15/P-HR-RL/80207/R/6079","NPL-15/P-HR-RL/80207/R","http://ops.unocha.org/reports/publicreports.aspx?appealid=1100&rtype=APS&Projectcode=NPL-15/P-HR-RL/80207/R/6079","Provide Psychosocial and Protective Support to Children Affected by the Earthquake.","SC ","Denmark|Sweden","Save the Children "
"906001108981","NPL-15/P-HR-RL/80239/R/5025","NPL-15/P-HR-RL/80239/R","http://ops.unocha.org/reports/publicreports.aspx?appealid=1100&rtype=APS&Projectcode=NPL-15/P-HR-RL/80239/R/5025","OHCHR Support for the protection response to the Nepal earthquake","OHCHR","",""
"906001108983","NPL-15/P-HR-RL/80243/R/120","NPL-15/P-HR-RL/80243/R","http://ops.unocha.org/reports/publicreports.aspx?appealid=1100&rtype=APS&Projectcode=NPL-15/P-HR-RL/80243/R/120","Protection monitoring, legal and psychosocial support to people affected by earthquake","UNHCR","Private (individuals & organisations)","United Nations High Commissioner for Refugees"
"906001108985","NPL-15/P-HR-RL/80281/R/5524","NPL-15/P-HR-RL/80281/R","http://ops.unocha.org/reports/publicreports.aspx?appealid=1100&rtype=APS&Projectcode=NPL-15/P-HR-RL/80281/R/5524","Protecting vulnerable populations affected by the Nepal Earthquake, especially girls, boys and women, from violence and gender based violence and addressing psychosocial needs (4 districts)","Plan","",""
"906001108987","NPL-15/P-HR-RL/80298/R/7468","NPL-15/P-HR-RL/80298/R","http://ops.unocha.org/reports/publicreports.aspx?appealid=1100&rtype=APS&Projectcode=NPL-15/P-HR-RL/80298/R/7468","GBV Risk mitigation and supporting vulnerable women and girls at risk ","CARE Nepal","",""
"906001108989","NPL-15/P-HR-RL/80350/R/124","NPL-15/P-HR-RL/80350/R","http://ops.unocha.org/reports/publicreports.aspx?appealid=1100&rtype=APS&Projectcode=NPL-15/P-HR-RL/80350/R/124","Prevention and response to protect children in affected areas. ","UNICEF","Central Emergency Response Fund|Denmark|IDeA Foundation|Spain|United Nations Children's Fund","United Nations Children's Fund"
"906001108991","NPL-15/P-HR-RL/80353/R/17165","NPL-15/P-HR-RL/80353/R","http://ops.unocha.org/reports/publicreports.aspx?appealid=1100&rtype=APS&Projectcode=NPL-15/P-HR-RL/80353/R/17165","Emergency protection of children and women in 12 most affected VDC of Nuwakot and Makwanpur","APE","",""
"906001108993","NPL-15/P-HR-RL/80373/R/14812","NPL-15/P-HR-RL/80373/R","http://ops.unocha.org/reports/publicreports.aspx?appealid=1100&rtype=APS&Projectcode=NPL-15/P-HR-RL/80373/R/14812","Creation of multipurpose safe spaces for crisis affected women to provide essential NFI items and access to life-saving and recovery services","UN Women","",""
"906001108995","NPL-15/P-HR-RL/80374/R/1171","NPL-15/P-HR-RL/80374/R","http://ops.unocha.org/reports/publicreports.aspx?appealid=1100&rtype=APS&Projectcode=NPL-15/P-HR-RL/80374/R/1171","Life-saving GBV response through multi-sectoral  services and protection of vulnerable women and girls","UNFPA","Allocation of unearmarked funds by OCHA|Australia|Australia|Central Emergency Response Fund|Japan|Switzerland|United Kingdom ","United Nations Population Fund"
"906001108997","NPL-15/P-HR-RL/80391/R/17160","NPL-15/P-HR-RL/80391/R","http://ops.unocha.org/reports/publicreports.aspx?appealid=1100&rtype=APS&Projectcode=NPL-15/P-HR-RL/80391/R/17160","Reducing SGBV in Crisis through HolistIc approach in the Valley and affected districts","WHR","",""
"906001108999","NPL-15/P-HR-RL/80393/R/8502","NPL-15/P-HR-RL/80393/R","http://ops.unocha.org/reports/publicreports.aspx?appealid=1100&rtype=APS&Projectcode=NPL-15/P-HR-RL/80393/R/8502","Provision of psychosocial support for children and creating a protective environment for children ages 3 to 18 for 6 earthquake affected districts of Nepal (Sindhupalchowk, Gorkha, Sindhuli, Kathmandu, Lalitpur and Bhaktapur)","WVI","",""
"906001109001","NPL-15/P-HR-RL/80406/R/17158","NPL-15/P-HR-RL/80406/R","http://ops.unocha.org/reports/publicreports.aspx?appealid=1100&rtype=APS&Projectcode=NPL-15/P-HR-RL/80406/R/17158","protecting women survivors from gender-based violence during emergency phase of Nepal earthquake","WOREC","",""
"906001109003","NPL-15/P-HR-RL/80408/R/298","NPL-15/P-HR-RL/80408/R","http://ops.unocha.org/reports/publicreports.aspx?appealid=1100&rtype=APS&Projectcode=NPL-15/P-HR-RL/80408/R/298","Emergency Protection Monitoring and Life Saving Actions to Reduce Risk of Exploitation of Vulnerable IDPs","IOM","Australia","International Organization for Migration"
"906001109005","NPL-15/P-HR-RL/80444/R/5157","NPL-15/P-HR-RL/80444/R","http://ops.unocha.org/reports/publicreports.aspx?appealid=1100&rtype=APS&Projectcode=NPL-15/P-HR-RL/80444/R/5157","Improved psychosocial wellbeing of earthquake affected communities in Makwanpur","TEARFUND","",""
"906001109007","NPL-15/P-HR-RL/80449/R/7998","NPL-15/P-HR-RL/80449/R","http://ops.unocha.org/reports/publicreports.aspx?appealid=1100&rtype=APS&Projectcode=NPL-15/P-HR-RL/80449/R/7998","Support to traumatized children in Nepal","WCDO","",""
"906001109009","NPL-15/P-HR-RL/80467/R/5349","NPL-15/P-HR-RL/80467/R","http://ops.unocha.org/reports/publicreports.aspx?appealid=1100&rtype=APS&Projectcode=NPL-15/P-HR-RL/80467/R/5349","Emergency response to earthquake most vulnerable persons in Nepal","HI","",""
"906001109011","NPL-15/S-NF/80078/R/6491","NPL-15/S-NF/80078/R","http://ops.unocha.org/reports/publicreports.aspx?appealid=1100&rtype=APS&Projectcode=NPL-15/S-NF/80078/R/6491","Shelter and NFIs response (WITHDRAWN)","UN Agencies, NGOs and/or Red Cross","",""
"906001109013","NPL-15/S-NF/80151/R/8502","NPL-15/S-NF/80151/R","http://ops.unocha.org/reports/publicreports.aspx?appealid=1100&rtype=APS&Projectcode=NPL-15/S-NF/80151/R/8502","Emergency Shelter intervention for Earthquake affected communities in Sindupalchowk, Gorkha, Sindhuli, Lamjung, Kathmandu, Bakhtapur and Lalitpur Districts in Nepal","WVI","Canada|Ireland","World Vision International"
"906001109015","NPL-15/S-NF/80214/R/5095","NPL-15/S-NF/80214/R","http://ops.unocha.org/reports/publicreports.aspx?appealid=1100&rtype=APS&Projectcode=NPL-15/S-NF/80214/R/5095","Emergency Shelter Assistance in Sindhupulchowk and Dhading","MEDAIR","Liechtenstein|United States of America","MEDAIR"
"906001109017","NPL-15/S-NF/80226/R/7039","NPL-15/S-NF/80226/R","http://ops.unocha.org/reports/publicreports.aspx?appealid=1100&rtype=APS&Projectcode=NPL-15/S-NF/80226/R/7039","Coordinated response to life saving shelters for in situ spontaneous settlements occupied by most vulnerable households ","UN-HABITAT","Japan","United Nations Human Settlements Programme (UN-HABITAT)"
"906001109019","NPL-15/S-NF/80242/R/120","NPL-15/S-NF/80242/R","http://ops.unocha.org/reports/publicreports.aspx?appealid=1100&rtype=APS&Projectcode=NPL-15/S-NF/80242/R/120","Emergency shelter and NFI assistance to families affected by earthquake","UNHCR","Private (individuals & organisations)","United Nations High Commissioner for Refugees"
"906001109021","NPL-15/S-NF/80255/R/5120","NPL-15/S-NF/80255/R","http://ops.unocha.org/reports/publicreports.aspx?appealid=1100&rtype=APS&Projectcode=NPL-15/S-NF/80255/R/5120","Emergency Shelter","OXFAM GB","European Commission's Humanitarian Aid and Civil Protection Department|Private (individuals & organisations)|Private (individuals & organisations)|United Kingdom |United States of America|Various Donors (details not yet provided)|Various Donors (details not yet provided)","OXFAM GB"
"906001109023","NPL-15/S-NF/80257/R/6579","NPL-15/S-NF/80257/R","http://ops.unocha.org/reports/publicreports.aspx?appealid=1100&rtype=APS&Projectcode=NPL-15/S-NF/80257/R/6579","Shelter Assistance to earthquake affected people of Sindhuplchowk and Nuwakot Districts","ADRA ","Denmark|European Commission's Humanitarian Aid and Civil Protection Department|Japan","Adventist Development and Relief Agency "
"906001109025","NPL-15/S-NF/80289/R/5162","NPL-15/S-NF/80289/R","http://ops.unocha.org/reports/publicreports.aspx?appealid=1100&rtype=APS&Projectcode=NPL-15/S-NF/80289/R/5162","Humanitarian assistance to rural households affected by the earthquake in Nepal","Mercy Corps","United Kingdom |United States of America","Mercy Corps "
"906001109027","NPL-15/S-NF/80319/R/6079","NPL-15/S-NF/80319/R","http://ops.unocha.org/reports/publicreports.aspx?appealid=1100&rtype=APS&Projectcode=NPL-15/S-NF/80319/R/6079","Shelter support through NFIs and training","SC ","Canada|European Commission's Humanitarian Aid and Civil Protection Department|Finland|Norway|Private (individuals & organisations)|United Kingdom |United States of America","Save the Children "
"906001109029","NPL-15/S-NF/80339/R/6116","NPL-15/S-NF/80339/R","http://ops.unocha.org/reports/publicreports.aspx?appealid=1100&rtype=APS&Projectcode=NPL-15/S-NF/80339/R/6116","Emergency Shelter and NFIs for 15,000 households in Nuwakot, Rasuwa ,Dhading and Dolakha districts","Samaritan's Purse","Canada|Canada","Samaritan's Purse"
"906001109031","NPL-15/S-NF/80347/R/6631","NPL-15/S-NF/80347/R","http://ops.unocha.org/reports/publicreports.aspx?appealid=1100&rtype=APS&Projectcode=NPL-15/S-NF/80347/R/6631","Emergency Shelter/NFI assistance to earthquake affected population in Nepal","HELVETAS","",""
"906001109031","NPL-15/S-NF/80347/R/6686","NPL-15/S-NF/80347/R","http://ops.unocha.org/reports/publicreports.aspx?appealid=1100&rtype=APS&Projectcode=NPL-15/S-NF/80347/R/6686","Emergency Shelter/NFI assistance to earthquake affected population in Nepal","PIN","",""
"906001109033","NPL-15/S-NF/80349/R/5349","NPL-15/S-NF/80349/R","http://ops.unocha.org/reports/publicreports.aspx?appealid=1100&rtype=APS&Projectcode=NPL-15/S-NF/80349/R/5349","Emergency response to earthquake affected people in Nepal. ","HI","United Kingdom ","Handicap International"
"906001109035","NPL-15/S-NF/80376/R/7250","NPL-15/S-NF/80376/R","http://ops.unocha.org/reports/publicreports.aspx?appealid=1100&rtype=APS&Projectcode=NPL-15/S-NF/80376/R/7250","Emergency shelter solutions to earthquake affected families and promoting build back safer shelter and settlements practices in Nepal ","HFHI","",""
"906001109037","NPL-15/S-NF/80390/R/5527","NPL-15/S-NF/80390/R","http://ops.unocha.org/reports/publicreports.aspx?appealid=1100&rtype=APS&Projectcode=NPL-15/S-NF/80390/R/5527","Shelter support  and assistance to fixing of the damaged houses of the displaced people.","ACT/NCA","",""
"906001109039","NPL-15/S-NF/80395/R/298","NPL-15/S-NF/80395/R","http://ops.unocha.org/reports/publicreports.aspx?appealid=1100&rtype=APS&Projectcode=NPL-15/S-NF/80395/R/298","Provision of Emergency Shelter, Non Food Items (NFI) and shelter support to self recovery to Earthquake Affected Population in Nepal for 25,000 Vulnerable Households ","IOM","Central Emergency Response Fund|Community Chest Korea|Japan|Norway|United Kingdom |United Kingdom |United States of America|United States of America","International Organization for Migration"
"906001109041","NPL-15/S-NF/80417/R/5157","NPL-15/S-NF/80417/R","http://ops.unocha.org/reports/publicreports.aspx?appealid=1100&rtype=APS&Projectcode=NPL-15/S-NF/80417/R/5157","Provision of emergency shelter and NFIs to Dhading and Makwanpur","TEARFUND","",""
"906001109043","NPL-15/S-NF/80419/R/5932","NPL-15/S-NF/80419/R","http://ops.unocha.org/reports/publicreports.aspx?appealid=1100&rtype=APS&Projectcode=NPL-15/S-NF/80419/R/5932","Emergency and transitional shelter assistance to earthquake-affected populations","CECI","Canada","Centre canadien d'étude et de coopération internationale (CECI)"
"906001109043","NPL-15/S-NF/80419/R/6458","NPL-15/S-NF/80419/R","http://ops.unocha.org/reports/publicreports.aspx?appealid=1100&rtype=APS&Projectcode=NPL-15/S-NF/80419/R/6458","Emergency and transitional shelter assistance to earthquake-affected populations","ACTED","European Commission's Humanitarian Aid and Civil Protection Department|European Commission's Humanitarian Aid and Civil Protection Department|United States of America|United States of America","Agency for Technical Cooperation and Development"
"906001109045","NPL-15/S-NF/80434/R/5524","NPL-15/S-NF/80434/R","http://ops.unocha.org/reports/publicreports.aspx?appealid=1100&rtype=APS&Projectcode=NPL-15/S-NF/80434/R/5524","To deliver a shelter response that supports appropriate, flexible, progressive solutions to affected, vulnerable populations that contributes to their own self recovery to provide a safer, more resilient and durable shelter","Plan","Canada|European Commission's Humanitarian Aid and Civil Protection Department|Ireland|Ireland|United States of America","Plan International"
"906001109047","NPL-15/S-NF/80442/R/7468","NPL-15/S-NF/80442/R","http://ops.unocha.org/reports/publicreports.aspx?appealid=1100&rtype=APS&Projectcode=NPL-15/S-NF/80442/R/7468","Shelter assistance for 20,000 most vunerable earthquake-affected families","CARE Nepal","Canada|Norway|United Kingdom |United States of America","CARE Nepal"
"906001109049","NPL-15/S-NF/80458/R/5613","NPL-15/S-NF/80458/R","http://ops.unocha.org/reports/publicreports.aspx?appealid=1100&rtype=APS&Projectcode=NPL-15/S-NF/80458/R/5613","Earthquake Relief to affected populations of Kathmandu, Lalitpur and Gorkha","Good Neighbours Inc","",""
"906001109051","NPL-15/S-NF/80472/R/17169","NPL-15/S-NF/80472/R","http://ops.unocha.org/reports/publicreports.aspx?appealid=1100&rtype=APS&Projectcode=NPL-15/S-NF/80472/R/17169","Temporary Shelter for earthquake affected families","Lumanti","",""
"906001109053","NPL-15/S-NF/80780/R/8486","NPL-15/S-NF/80780/R","http://ops.unocha.org/reports/publicreports.aspx?appealid=1100&rtype=APS&Projectcode=NPL-15/S-NF/80780/R/8486","Monsoon resistant shelter for unreached and remote communities: Haku, Yarsa and Thulogaun VDC in Rasuwa Districts","ASIA Onlus","",""
"906001109055","NPL-15/S-NF/80808/R/8454","NPL-15/S-NF/80808/R","http://ops.unocha.org/reports/publicreports.aspx?appealid=1100&rtype=APS&Projectcode=NPL-15/S-NF/80808/R/8454","Shelter relief for self-recovery and reconstruction 			","AAIN","",""
"906001109057","NPL-15/S-NF/80811/R/7039","NPL-15/S-NF/80811/R","http://ops.unocha.org/reports/publicreports.aspx?appealid=1100&rtype=APS&Projectcode=NPL-15/S-NF/80811/R/7039","Technical and coordination support to Shelter and Settlements Recovery Initiatives","UN-HABITAT","",""
"906001109059","NPL-15/S-NF/80814/R/7465","NPL-15/S-NF/80814/R","http://ops.unocha.org/reports/publicreports.aspx?appealid=1100&rtype=APS&Projectcode=NPL-15/S-NF/80814/R/7465","Salvage Recovery and Establishment of Temporary Shelter in Rasuwa and Dolakha Districts","ACT/LWF Nepal","",""
"906001109061","NPL-15/S-NF/80816/R/6971","NPL-15/S-NF/80816/R","http://ops.unocha.org/reports/publicreports.aspx?appealid=1100&rtype=APS&Projectcode=NPL-15/S-NF/80816/R/6971","Shelter Assistance for Disaster-Affected Communities in 4 districts of Nepal (21 communities)","RI","European Commission's Humanitarian Aid and Civil Protection Department","Relief International"
"906001109063","NPL-15/S-NF/80833/R/8081","NPL-15/S-NF/80833/R","http://ops.unocha.org/reports/publicreports.aspx?appealid=1100&rtype=APS&Projectcode=NPL-15/S-NF/80833/R/8081","Distribution of NFIs, Shelter Kits and Provision of Earthquake Safer Trainings","PWJ","Japan","Peace Winds Japan"
"906001109065","NPL-15/S-NF/80834/R/16018","NPL-15/S-NF/80834/R","http://ops.unocha.org/reports/publicreports.aspx?appealid=1100&rtype=APS&Projectcode=NPL-15/S-NF/80834/R/16018","Supporting the earthquake-affected population in Thulo Sirubari, Sindhupalchok, ensuring they are provided with the means to live in safe, dignified and appropriate temporary shelter.","HELP e.V.","",""
"906001109067","NPL-15/S-NF/80836/R/5370","NPL-15/S-NF/80836/R","http://ops.unocha.org/reports/publicreports.aspx?appealid=1100&rtype=APS&Projectcode=NPL-15/S-NF/80836/R/5370","Emergency shelter solutions to the earthquake affected families through community approach (ESS) project: Build Safer Shelter","Muslim Aid","",""
"906001109069","NPL-15/S-NF/80842/R/16094","NPL-15/S-NF/80842/R","http://ops.unocha.org/reports/publicreports.aspx?appealid=1100&rtype=APS&Projectcode=NPL-15/S-NF/80842/R/16094","EMERGENCY SHELTER TO REMOTE AREAS","SOS-A","",""
"906001109071","NPL-15/S-NF/80865/R/5633","NPL-15/S-NF/80865/R","http://ops.unocha.org/reports/publicreports.aspx?appealid=1100&rtype=APS&Projectcode=NPL-15/S-NF/80865/R/5633","Support in emergency and temporary shelter to people affected by the earthquake				","Solidarités","",""
"906001109073","NPL-15/S-NF/80885/R/5271","NPL-15/S-NF/80885/R","http://ops.unocha.org/reports/publicreports.aspx?appealid=1100&rtype=APS&Projectcode=NPL-15/S-NF/80885/R/5271","Emergency assistance to earthquake affected population of Nepal through provision of urgent shelter, NFI kits and cash for work approach to cover immediate needs","ACF - France","European Commission's Humanitarian Aid and Civil Protection Department","ACF - France"
"906001109075","NPL-15/S-NF/80893/R/17190","NPL-15/S-NF/80893/R","http://ops.unocha.org/reports/publicreports.aspx?appealid=1100&rtype=APS&Projectcode=NPL-15/S-NF/80893/R/17190","Rehabilitation of Earthquake affected Homebased women workers of Nepal ","SABAH Nepal","",""
"906001109077","NPL-15/WS/80079/R/6491","NPL-15/WS/80079/R","http://ops.unocha.org/reports/publicreports.aspx?appealid=1100&rtype=APS&Projectcode=NPL-15/WS/80079/R/6491","WASH response (WIHDRAWN)","UN Agencies, NGOs and/or Red Cross","",""
"906001109079","NPL-15/WS/80250/R/5120","NPL-15/WS/80250/R","http://ops.unocha.org/reports/publicreports.aspx?appealid=1100&rtype=APS&Projectcode=NPL-15/WS/80250/R/5120","Oxfam WASH Earthquake Response","OXFAM GB","Australia|Canada|Ireland|Netherlands|Private (individuals & organisations)|Private (individuals & organisations)|United Kingdom |Various Donors (details not yet provided)|Various Donors (details not yet provided)|Various Donors (details not yet provided)","OXFAM GB"
"906001109081","NPL-15/WS/80256/R/8498","NPL-15/WS/80256/R","http://ops.unocha.org/reports/publicreports.aspx?appealid=1100&rtype=APS&Projectcode=NPL-15/WS/80256/R/8498","Comprehensive emergency WASH intervention for Nepal Earthquake","CW","Ireland","Concern Worldwide"
"906001109083","NPL-15/WS/80290/R/124","NPL-15/WS/80290/R","http://ops.unocha.org/reports/publicreports.aspx?appealid=1100&rtype=APS&Projectcode=NPL-15/WS/80290/R/124","Provide live saving  emergency Water, Sanitation and Hygiene  services  for earthquake affected population, especially women  and chidren in Nepal				","UNICEF","Central Emergency Response Fund|United Nations Children's Fund","United Nations Children's Fund"
"906001109085","NPL-15/WS/80296/R/8502","NPL-15/WS/80296/R","http://ops.unocha.org/reports/publicreports.aspx?appealid=1100&rtype=APS&Projectcode=NPL-15/WS/80296/R/8502","Emergency WASH Services for Earthquake-Affected People in Sindhupalchowk Gorkha, Sindhuli, Kathmandu, Lalitpur, Batakhpur, Lamjung Districts","WVI","",""
"906001109087","NPL-15/WS/80313/R/124","NPL-15/WS/80313/R","http://ops.unocha.org/reports/publicreports.aspx?appealid=1100&rtype=APS&Projectcode=NPL-15/WS/80313/R/124"," Coordination of  WASH Cluster   partners  life saving activities  for earthquake affected population, especially women, children and most vulnerbale  in Nepal				","UNICEF","",""
"906001109089","NPL-15/WS/80325/R/5328","NPL-15/WS/80325/R","http://ops.unocha.org/reports/publicreports.aspx?appealid=1100&rtype=APS&Projectcode=NPL-15/WS/80325/R/5328","Comprehensive WASH response in the eartquake effected community in Dhading, Gorkha, Lalitpur and Bhaktapur districts				","ACT/DCA","European Commission's Humanitarian Aid and Civil Protection Department","ACT Alliance / DanChurchAid"
"906001109089","NPL-15/WS/80325/R/5527","NPL-15/WS/80325/R","http://ops.unocha.org/reports/publicreports.aspx?appealid=1100&rtype=APS&Projectcode=NPL-15/WS/80325/R/5527","Comprehensive WASH response in the eartquake effected community in Dhading, Gorkha, Lalitpur and Bhaktapur districts				","ACT/NCA","Norway","ACT Alliance / Norwegian Church Aid"
"906001109091","NPL-15/WS/80331/R/16494","NPL-15/WS/80331/R","http://ops.unocha.org/reports/publicreports.aspx?appealid=1100&rtype=APS&Projectcode=NPL-15/WS/80331/R/16494","Emergency WASH assistance to earthquake affected population in Nepal (withdrawn)","ACTPIN","",""
"906001109093","NPL-15/WS/80341/R/5932","NPL-15/WS/80341/R","http://ops.unocha.org/reports/publicreports.aspx?appealid=1100&rtype=APS&Projectcode=NPL-15/WS/80341/R/5932","Provision of emergency WASH relief to earthquake-affected populations in Nepal","CECI","Canada","Centre canadien d'étude et de coopération internationale (CECI)"
"906001109093","NPL-15/WS/80341/R/6458","NPL-15/WS/80341/R","http://ops.unocha.org/reports/publicreports.aspx?appealid=1100&rtype=APS&Projectcode=NPL-15/WS/80341/R/6458","Provision of emergency WASH relief to earthquake-affected populations in Nepal","ACTED","United States of America","Agency for Technical Cooperation and Development"
"906001109095","NPL-15/WS/80342/R/6686","NPL-15/WS/80342/R","http://ops.unocha.org/reports/publicreports.aspx?appealid=1100&rtype=APS&Projectcode=NPL-15/WS/80342/R/6686","Emergency WASH assistance to earthquake affected population in Nepal","PIN","",""
"906001109097","NPL-15/WS/80370/R/5271","NPL-15/WS/80370/R","http://ops.unocha.org/reports/publicreports.aspx?appealid=1100&rtype=APS&Projectcode=NPL-15/WS/80370/R/5271","Emergency assistance and early recovery to earthquake affected population in Nuwakot, Rasuwa and Ramechhap through provision of safe water, sanitation and hygiene promotion","ACF - France","Sweden","ACF - France"
"906001109099","NPL-15/WS/80371/R/5766","NPL-15/WS/80371/R","http://ops.unocha.org/reports/publicreports.aspx?appealid=1100&rtype=APS&Projectcode=NPL-15/WS/80371/R/5766","Mission East - Emergency WASH in Sindhupalchok District, Nepal (9 VDCs)","ME","Denmark|European Commission's Humanitarian Aid and Civil Protection Department","Mission East"
"906001109101","NPL-15/WS/80387/R/6079","NPL-15/WS/80387/R","http://ops.unocha.org/reports/publicreports.aspx?appealid=1100&rtype=APS&Projectcode=NPL-15/WS/80387/R/6079","Child-focused emergency WASH response to Nepal earthquake","SC ","",""
"906001109103","NPL-15/WS/80405/R/6116","NPL-15/WS/80405/R","http://ops.unocha.org/reports/publicreports.aspx?appealid=1100&rtype=APS&Projectcode=NPL-15/WS/80405/R/6116","Nepal Earthquake Rapid WASH Response in Nuwakot, Rasuwa, Dhading and Dolokha districts","Samaritan's Purse","",""
"906001109105","NPL-15/WS/80411/R/122","NPL-15/WS/80411/R","http://ops.unocha.org/reports/publicreports.aspx?appealid=1100&rtype=APS&Projectcode=NPL-15/WS/80411/R/122","Improvement of WASH facilities in partially damaged Health Care Facilities","WHO","",""
"906001109107","NPL-15/WS/80422/R/5524","NPL-15/WS/80422/R","http://ops.unocha.org/reports/publicreports.aspx?appealid=1100&rtype=APS&Projectcode=NPL-15/WS/80422/R/5524","Meeting Urgent Water, Sanitation, and Hygiene Needs among Earthquake Affected Communities in Nepal","Plan","Ireland","Plan International"
"906001109109","NPL-15/WS/80430/R/8486","NPL-15/WS/80430/R","http://ops.unocha.org/reports/publicreports.aspx?appealid=1100&rtype=APS&Projectcode=NPL-15/WS/80430/R/8486","Emergency WASH response for Rasuwa and Kavrepalanchowk districts- (withdrawn)","ASIA Onlus","",""
"906001109109","NPL-15/WS/80430/R/8857","NPL-15/WS/80430/R","http://ops.unocha.org/reports/publicreports.aspx?appealid=1100&rtype=APS&Projectcode=NPL-15/WS/80430/R/8857","Emergency WASH response for Rasuwa and Kavrepalanchowk districts- (withdrawn)","SNV","",""
"906001109111","NPL-15/WS/80432/R/7468","NPL-15/WS/80432/R","http://ops.unocha.org/reports/publicreports.aspx?appealid=1100&rtype=APS&Projectcode=NPL-15/WS/80432/R/7468","Emergency WASH Support for 100,000 Most Vulnerable People in Four Districts","CARE Nepal","Canada","CARE Nepal"
"906001109113","NPL-15/WS/80436/R/6579","NPL-15/WS/80436/R","http://ops.unocha.org/reports/publicreports.aspx?appealid=1100&rtype=APS&Projectcode=NPL-15/WS/80436/R/6579","Addressing WASH Needs of 10,000 Earthquake-affected Households in Kavrepalanchok and Dhading Districts","ADRA ","",""
"906001109115","NPL-15/WS/80439/R/5157","NPL-15/WS/80439/R","http://ops.unocha.org/reports/publicreports.aspx?appealid=1100&rtype=APS&Projectcode=NPL-15/WS/80439/R/5157","Provision of emergency water, sanitation and hygiene support in Makwanpur","TEARFUND","",""
"906001109117","NPL-15/WS/80443/R/7998","NPL-15/WS/80443/R","http://ops.unocha.org/reports/publicreports.aspx?appealid=1100&rtype=APS&Projectcode=NPL-15/WS/80443/R/7998","Emergency Water and Sanitation Solutions for Earthquake Affected Households (withdrawn)","WCDO","",""
"906001109119","NPL-15/WS/80448/R/7039","NPL-15/WS/80448/R","http://ops.unocha.org/reports/publicreports.aspx?appealid=1100&rtype=APS&Projectcode=NPL-15/WS/80448/R/7039","Immediate life saving WASH support to affected population of Dolakha, Sindhupalchowk and Bhaktapur 				","UN-HABITAT","",""
"906001109121","NPL-15/WS/80453/R/16407","NPL-15/WS/80453/R","http://ops.unocha.org/reports/publicreports.aspx?appealid=1100&rtype=APS&Projectcode=NPL-15/WS/80453/R/16407","WASH Assistance for Vulnerable Earthquake-affected Communities in Nepal ","BBC Media Action","United States of America","BBC Media Action"
"906001109121","NPL-15/WS/80453/R/6971","NPL-15/WS/80453/R","http://ops.unocha.org/reports/publicreports.aspx?appealid=1100&rtype=APS&Projectcode=NPL-15/WS/80453/R/6971","WASH Assistance for Vulnerable Earthquake-affected Communities in Nepal ","RI","",""
"906001109123","NPL-15/WS/80483/R/5527","NPL-15/WS/80483/R","http://ops.unocha.org/reports/publicreports.aspx?appealid=1100&rtype=APS&Projectcode=NPL-15/WS/80483/R/5527","Third party monitoring and documentation of earthquake response in Nepal with remote sensing and mobile application (withdrawn)","ACT/NCA","",""
"906001109125","NPL-15/WS/80505/R/8974","NPL-15/WS/80505/R","http://ops.unocha.org/reports/publicreports.aspx?appealid=1100&rtype=APS&Projectcode=NPL-15/WS/80505/R/8974","Immediate WASH response in affected districts of Nepal","DEPROSC Nepal","",""
"906001109127","NPL-15/WS/80512/R/8975","NPL-15/WS/80512/R","http://ops.unocha.org/reports/publicreports.aspx?appealid=1100&rtype=APS&Projectcode=NPL-15/WS/80512/R/8975","WASH Immediate Response to the Most Earthquake Affected Population of 4 districts of Nepal (withdrawn)","SAPPROS-Nepal","",""
"906001109129","NPL-15/WS/80862/R/5633","NPL-15/WS/80862/R","http://ops.unocha.org/reports/publicreports.aspx?appealid=1100&rtype=APS&Projectcode=NPL-15/WS/80862/R/5633","Support in emergency water, sanitation and hygiene and  to people affected by the earthquake ","Solidarités","",""
"906001109131","NPL-15/WS/80866/R/8486","NPL-15/WS/80866/R","http://ops.unocha.org/reports/publicreports.aspx?appealid=1100&rtype=APS&Projectcode=NPL-15/WS/80866/R/8486","Sanitation facilities for hard to reach communities in Rasuwa district","ASIA Onlus","",""
"906001109133","NPL-15/WS/80874/R/17187","NPL-15/WS/80874/R","http://ops.unocha.org/reports/publicreports.aspx?appealid=1100&rtype=APS&Projectcode=NPL-15/WS/80874/R/17187","WASH Emergency Response in 6 VDCs of Kavre  district","KIRDARC","",""
"906001109135","NPL-15/WS/80945/R/122","NPL-15/WS/80945/R","http://ops.unocha.org/reports/publicreports.aspx?appealid=1100&rtype=APS&Projectcode=NPL-15/WS/80945/R/122","Improvement of WASH facilities in earth quake affected primary health care facilities ","WHO","",""
