"project_id","is_geocoded","project_title","start_actual_isodate","start_actual_type","end_actual_isodate","end_actual_type","donors","donors_iso3","recipients","recipients_iso3","ad_sector_codes","ad_sector_names","ad_purpose_codes","ad_purpose_names","status","transactions_start_year","transactions_end_year","total_commitments","total_disbursements"
"906001108825","1","CCCM response (WITHDRAWN)","2015-04-25","start-actual","2015-12-31","end-actual","UN Agencies","DAC","Nepal","NPL","998","Unallocated/Unspecified","99810","Sectors not specified ","","2015","2015","",""
"906001108827","1","Settlement site assessments and implementation of risk mitigation measures","2015-04-25","start-actual","2015-12-31","end-actual","United Nations Office for Project Services","DAC","Nepal","NPL","998","Unallocated/Unspecified","99810","Sectors not specified ","","2015","2015","",""
"906001108829","1","Camp Coordination and Camp Management for Earthquake-Displaced Persons in Nepal				","2015-04-25","start-actual","2015-12-31","end-actual","International Organization for Migration","DAC","Nepal","NPL","998","Unallocated/Unspecified","99810","Sectors not specified ","","2015","2015","","1187951.0"
"906001108831","1","District information and site management hubs to support earthquake affected populations in Nepal","2015-04-25","start-actual","2015-12-31","end-actual","Agency for Technical Cooperation and Development|Centre for International Studies and Cooperation","DAC","Nepal","NPL","998","Unallocated/Unspecified","99810","Sectors not specified ","","2015","2015","",""
"906001108833","1","to be allocated to specific projects","2015-04-25","start-actual","2015-12-31","end-actual","United Nations Children's Emergency Fund","DAC","Nepal","NPL","998","Unallocated/Unspecified","99810","Sectors not specified ","","2015","2015","","78900599.0"
"906001108835","1","to be allocated to specific projects","2015-04-25","start-actual","2015-12-31","end-actual","International Organization for Migration","DAC","Nepal","NPL","998","Unallocated/Unspecified","99810","Sectors not specified ","","2015","2015","",""
"906001108837","1","to be allocated to specific projects","2015-04-25","start-actual","2015-12-31","end-actual","World Food Programme","DAC","Nepal","NPL","998","Unallocated/Unspecified","99810","Sectors not specified ","","2015","2015","","6799277.0"
"906001108839","1","Coordination response (WITHDRAWN)","2015-04-25","start-actual","2015-12-31","end-actual","UN Agencies","DAC","Nepal","NPL","998","Unallocated/Unspecified","99810","Sectors not specified ","","2015","2015","",""
"906001108841","1","Inter-Agency Common Feedback Project","2015-04-25","start-actual","2015-12-31","end-actual","RESIDENT COORDINATORS SUPPORT OFFICE","DAC","Nepal","NPL","998","Unallocated/Unspecified","99810","Sectors not specified ","","2015","2015","",""
"906001108843","1","Coordination response","2015-04-25","start-actual","2015-12-31","end-actual","Office for the Coordination of Humanitarian Affairs","DAC","Nepal","NPL","998","Unallocated/Unspecified","99810","Sectors not specified ","","2015","2015","","3274579.0"
"906001108845","1","Early recovery response (WITHDRAWN)","2015-04-25","start-actual","2015-12-31","end-actual","UN Agencies","DAC","Nepal","NPL","998","Unallocated/Unspecified","99810","Sectors not specified ","","2015","2015","",""
"906001108847","1","Market support to small, medium and large traders				","2015-04-25","start-actual","2015-12-31","end-actual","Save the Children","DAC","Nepal","NPL","998","Unallocated/Unspecified","99810","Sectors not specified ","","2015","2015","",""
"906001108849","1","Restoring Access to  Key Public Services in the Affected Areas ","2015-04-25","start-actual","2015-12-31","end-actual","United Nations Capital Development Fund|United Nations Development Programme","DAC","Nepal","NPL","998","Unallocated/Unspecified","99810","Sectors not specified ","","2015","2015","",""
"906001108851","1","Rehabilitation of community based infrastructure and emergency employment for immediate livelihoods support","2015-04-25","start-actual","2015-12-31","end-actual","Disaster Waste Recovery|United Nations Development Programme|International Labour Organization|United Nations Human Settlements Programme|Save the Children|CARE Nepal|Relief International","DAC","Nepal","NPL","998","Unallocated/Unspecified","99810","Sectors not specified ","","2015","2015","","3497252.0"
"906001108853","1","Safe Emergency Debris Removal and Management to prepare for shelter and recovery of earthquake affected communities in Nepal","2015-04-25","start-actual","2015-12-31","end-actual","Agency for Technical Cooperation and Development|Concern Worldwide|People in Need|Disaster Waste Recovery|United Nations Development Programme|International Organization for Migration|Relief International|ACT Alliance – DanChurchAid|CARE Nepal","DAC","Nepal","NPL","998","Unallocated/Unspecified","99810","Sectors not specified ","","2015","2015","","5573144.0"
"906001108855","1","Preservation of relics and valuable items, and safe debris management of World Heritage buildings affected by the earthquake in Nepal","2015-04-25","start-actual","2015-12-31","end-actual","United Nations Development Programme|United Nations Educational, Scientific and Cultural Organization","DAC","Nepal","NPL","998","Unallocated/Unspecified","99810","Sectors not specified ","","2015","2015","",""
"906001108857","1","Clearing access for humanitarian, basic services and livelihoods","2015-04-25","start-actual","2015-12-31","end-actual","United Nations Office for Project Services","DAC","Nepal","NPL","998","Unallocated/Unspecified","99810","Sectors not specified ","","2015","2015","",""
"906001108859","1","Education response (WITHDRAWN)","2015-04-25","start-actual","2015-12-31","end-actual","UN Agencies","DAC","Nepal","NPL","998","Unallocated/Unspecified","99810","Sectors not specified ","","2015","2015","",""
"906001108861","1","Provision of protective emergency education for earthquake affected children in Dhading District","2015-04-25","start-actual","2015-12-31","end-actual","World Education","DAC","Nepal","NPL","998","Unallocated/Unspecified","99810","Sectors not specified ","","2015","2015","",""
"906001108863","1","Protective emergency education for children affected by the Nepal earthquake in Dolakha, Sindhuli, Sindhupalchok and Makwanpur","2015-04-25","start-actual","2015-12-31","end-actual","Plan International","DAC","Nepal","NPL","998","Unallocated/Unspecified","99810","Sectors not specified ","","2015","2015","","274299.0"
"906001108865","1","Provision of protective emergency education for earthquake affected children in Kathmandu, Lalitpur, Bhaktapur, Gorkha, Lamjung, Sindhuli Districts in Nepal","2015-04-25","start-actual","2015-12-31","end-actual","World Vision International","DAC","Nepal","NPL","998","Unallocated/Unspecified","99810","Sectors not specified ","","2015","2015","",""
"906001108867","1","Supporting Education in Emergencies for earthquake affected children in Nepal","2015-04-25","start-actual","2015-12-31","end-actual","Save the Children","DAC","Nepal","NPL","998","Unallocated/Unspecified","99810","Sectors not specified ","","2015","2015","",""
"906001108869","1","Emergency education and psychosocial support for children aged 3-18 years in 16 VDCS, Kavre, Dhading and Lamjung districts","2015-04-25","start-actual","2015-12-31","end-actual","Voluntary Service Overseas","DAC","Nepal","NPL","998","Unallocated/Unspecified","99810","Sectors not specified ","","2015","2015","",""
"906001108871","1","Provision of protective emergency education for earthquake affected children in Sindhupalchok, Kavre, Kathmandu and Rasuwa Districts","2015-04-25","start-actual","2015-12-31","end-actual","ASIA Onlus|WeWorld Onlus","DAC","Nepal","NPL","998","Unallocated/Unspecified","99810","Sectors not specified ","","2015","2015","",""
"906001108873","1","Provision of protective emergency education for earthquake affected children in Ramechhap, Sindhuli and Makwanpur   ","2015-04-25","start-actual","2015-12-31","end-actual","Restless Development Nepal","DAC","Nepal","NPL","998","Unallocated/Unspecified","99810","Sectors not specified ","","2015","2015","",""
"906001108875","1","Provide protective emergency educational opportunities for children affected by the earthquake in the district of Bhaktapur.","2015-04-25","start-actual","2015-12-31","end-actual","Child Development Society|World Vision International|Samunnat Nepal|Partnership Nepal","DAC","Nepal","NPL","998","Unallocated/Unspecified","99810","Sectors not specified ","","2015","2015","",""
"906001108877","1","Providing immediate psychosocial support to parents and community members through CLCs, in reestablishment of learning environment for children affected by the earthquake in Nepal","2015-04-25","start-actual","2015-12-31","end-actual","United Nations Educational, Scientific and Cultural Organization","DAC","Nepal","NPL","998","Unallocated/Unspecified","99810","Sectors not specified ","","2015","2015","",""
"906001108879","1","Protective emergency education of children in 12 most-affected VDC of Nuwakot and Makwanpur districts","2015-04-25","start-actual","2015-12-31","end-actual","Planète Enfants","DAC","Nepal","NPL","998","Unallocated/Unspecified","99810","Sectors not specified ","","2015","2015","",""
"906001108881","1","Provision of Education in Emergencies to Earthquake-Affected Children in Nepal","2015-04-25","start-actual","2015-12-31","end-actual","United Nations Children's Emergency Fund","DAC","Nepal","NPL","998","Unallocated/Unspecified","99810","Sectors not specified ","","2015","2015","","10359043.0"
"906001108883","1","Community mobilization to provide education in emergencies in earthquake affected districts","2015-04-25","start-actual","2015-12-31","end-actual","Educational Pages|National Campaign for Education Nepal","DAC","Nepal","NPL","998","Unallocated/Unspecified","99810","Sectors not specified ","","2015","2015","",""
"906001108885","1","Ensuring right to education for children in two of the most affected districts through assessment and establishing safe spaces for learning","2015-04-25","start-actual","2015-12-31","end-actual","National Society for Earthquake Technology-Nepal","DAC","Nepal","NPL","998","Unallocated/Unspecified","99810","Sectors not specified ","","2015","2015","",""
"906001108887","1","Quality education and psychosocial support to earthquake affected school children and adolescent in Nepal","2015-04-25","start-actual","2015-12-31","end-actual","ACT Alliance – Finn Church Aid","DAC","Nepal","NPL","998","Unallocated/Unspecified","99810","Sectors not specified ","","2015","2015","","663717.0"
"906001108889","1","Continuing education and ensuring childrens safety in Kavre, Sindhupalchowk, Rasuwa and Dolakha  				","2015-04-25","start-actual","2015-12-31","end-actual","ActionAid International Nepal","DAC","Nepal","NPL","998","Unallocated/Unspecified","99810","Sectors not specified ","","2015","2015","",""
"906001108891","1","Continuing education for earthquake affected children in Nuwakot District ","2015-04-25","start-actual","2015-12-31","end-actual","Adventist Development and Relief Agency","DAC","Nepal","NPL","998","Unallocated/Unspecified","99810","Sectors not specified ","","2015","2015","",""
"906001108893","1","Provision of protective emergency education for earthquake affected children in Gorkha, Sindhupalchowk, Bhaktapur and Sindhuli Districts in Nepal","2015-04-25","start-actual","2015-12-31","end-actual","World Vision International","DAC","Nepal","NPL","998","Unallocated/Unspecified","99810","Sectors not specified ","","2015","2015","",""
"906001108895","1","Education support to affected children of Kathmandu, Lalitpur and Gorkha","2015-04-25","start-actual","2015-12-31","end-actual","Good Neighbours Inc","DAC","Nepal","NPL","998","Unallocated/Unspecified","99810","Sectors not specified ","","2015","2015","",""
"906001108897","1","Back to school - Provision of protective emergency education for earthquake affected children in 4 VDCs of Makwanpur District","2015-04-25","start-actual","2015-12-31","end-actual","Centro Cooperazione Sviluppo Onlus","DAC","Nepal","NPL","998","Unallocated/Unspecified","99810","Sectors not specified ","","2015","2015","",""
"906001108899","1","Himalayan Trust: Support for Temporary Learning Centres in sixty schools in Solukhumbu in the VDCs of Khumjung, Namche Chaurikharka, Kharikhola, Taksindu, Junbesi  and Salleri.","2015-04-25","start-actual","2015-12-31","end-actual","Himalayan Trust Nepal","DAC","Nepal","NPL","998","Unallocated/Unspecified","99810","Sectors not specified ","","2015","2015","",""
"906001108901","1"," Telecommunications response(WITHDRAWN)","2015-04-25","start-actual","2015-12-31","end-actual","UN Agencies","DAC","Nepal","NPL","998","Unallocated/Unspecified","99810","Sectors not specified ","","2015","2015","",""
"906001108903","1","Emergency Telecommunications services for the humanitarian community responding to the Nepal Earthquake'.","2015-04-25","start-actual","2015-12-31","end-actual","World Food Programme","DAC","Nepal","NPL","998","Unallocated/Unspecified","99810","Sectors not specified ","","2015","2015","","1060065.0"
"906001108905","1","Emergency assistance to re-establish agricultural-based livelihoods of vulnerable earthquake-affected smallholder farmers in the six most affected districts in Nepal","2015-04-25","start-actual","2015-12-31","end-actual","Food and Agriculture Organization of the United Nations","DAC","Nepal","NPL","998","Unallocated/Unspecified","99810","Sectors not specified ","","2015","2015","","5178618.0"
"906001108907","1","Food security relief to the earthquake affected population through multi purpose cash intervention in Nuwakot and Rasuwa districts","2015-04-25","start-actual","2015-12-31","end-actual","ACF - France","DAC","Nepal","NPL","998","Unallocated/Unspecified","99810","Sectors not specified ","","2015","2015","","1078364.0"
"906001108909","1","Food Assistance to the earthquake affected vulnerable groups with special focus of Older people (men & women) and Persons with disabilities (men and women) in District Nuwakot ","2015-04-25","start-actual","2015-12-31","end-actual","HelpAge International","DAC","Nepal","NPL","998","Unallocated/Unspecified","99810","Sectors not specified ","","2015","2015","",""
"906001108911","1","Emergency food and livelihood assistance for early recovery and nutritional support for vulnerable earthquake affected people in, Gorkha, Sindupalchowk, Sindhuli, Kathmandu, Lalitpur and Bakthapur Districts","2015-04-25","start-actual","2015-12-31","end-actual","World Vision International","DAC","Nepal","NPL","998","Unallocated/Unspecified","99810","Sectors not specified ","","2015","2015","",""
"906001108913","1","Sustainable food security support to earthquake affected households in Nepal, through the provision of food and agricultural inputs","2015-04-25","start-actual","2015-12-31","end-actual","Agency for Technical Cooperation and Development","DAC","Nepal","NPL","998","Unallocated/Unspecified","99810","Sectors not specified ","","2015","2015","",""
"906001108915","1","Food Security response (WITHDRAWN)","2015-04-25","start-actual","2015-12-31","end-actual","UN Agencies","DAC","Nepal","NPL","998","Unallocated/Unspecified","99810","Sectors not specified ","","2015","2015","",""
"906001108917","1","Emergency Food Assistance to Earthquake Affected Populations","2015-04-25","start-actual","2015-12-31","end-actual","World Food Programme","DAC","Nepal","NPL","998","Unallocated/Unspecified","99810","Sectors not specified ","","2015","2015","","23131972.0"
"906001108919","1","Emergency food assistance provision for food insecure earthquake affected populations","2015-04-25","start-actual","2015-12-31","end-actual","Save the Children","DAC","Nepal","NPL","998","Unallocated/Unspecified","99810","Sectors not specified ","","2015","2015","",""
"906001108921","1","Addressing the immediate food security needs of 10,000 earthquake-affected households in Dadhing, Gorkha, and Sindupalchowk Districts, Nepal","2015-04-25","start-actual","2015-12-31","end-actual","CARE Nepal","DAC","Nepal","NPL","998","Unallocated/Unspecified","99810","Sectors not specified ","","2015","2015","","500000.0"
"906001108923","1","Supporting food security and agricultural stabilisation for earthquake-affected populations in Nepal 				","2015-04-25","start-actual","2015-12-31","end-actual","Oxfam GB","DAC","Nepal","NPL","998","Unallocated/Unspecified","99810","Sectors not specified ","","2015","2015","","1035691.0"
"906001108925","1","Food Assistance to earthquake affected families of Sindhupalchowk, and Dolakha districts","2015-04-25","start-actual","2015-12-31","end-actual","ACT Alliance – Lutheran World Federation Nepal","DAC","Nepal","NPL","998","Unallocated/Unspecified","99810","Sectors not specified ","","2015","2015","",""
"906001108927","1","Health response (WITHDRAWN)","2015-04-25","start-actual","2015-12-31","end-actual","UN Agencies","DAC","Nepal","NPL","998","Unallocated/Unspecified","99810","Sectors not specified ","","2015","2015","",""
"906001108929","1","Health Response for Nepal Earthquake","2015-04-25","start-actual","2015-12-31","end-actual","Save the Children","DAC","Nepal","NPL","998","Unallocated/Unspecified","99810","Sectors not specified ","","2015","2015","",""
"906001108931","1","Equitable  emergency and life saving primary health care services for mothers,newborns and children ","2015-04-25","start-actual","2015-12-31","end-actual","United Nations Children's Emergency Fund","DAC","Nepal","NPL","998","Unallocated/Unspecified","99810","Sectors not specified ","","2015","2015","","10078210.0"
"906001108933","1","Provision of quality medical care to communities highly affected by the earthquake","2015-04-25","start-actual","2015-12-31","end-actual","Americares","DAC","Nepal","NPL","998","Unallocated/Unspecified","99810","Sectors not specified ","","2015","2015","",""
"906001108935","1","Ensuring lifesaving sexual reproductive health services (SRH) in earthquake affected districts ","2015-04-25","start-actual","2015-12-31","end-actual","United Nations Population Fund","DAC","Nepal","NPL","998","Unallocated/Unspecified","99810","Sectors not specified ","","2015","2015","","1457205.0"
"906001108937","1","Support to the Ministry of Health and Population with health supplies and capacity building","2015-04-25","start-actual","2015-12-31","end-actual","World Vision International","DAC","Nepal","NPL","998","Unallocated/Unspecified","99810","Sectors not specified ","","2015","2015","","835000.0"
"906001108939","1","Maternal and child health service support to disaster affected children, pregnant women and lactating mothers","2015-04-25","start-actual","2015-12-31","end-actual","Plan International","DAC","Nepal","NPL","998","Unallocated/Unspecified","99810","Sectors not specified ","","2015","2015","",""
"906001108941","1","Assisted Referral and Discharge, Public Health in Camps and Psycho-social Support for IDPs affected by Nepal Earthquake				","2015-04-25","start-actual","2015-12-31","end-actual","International Organization for Migration","DAC","Nepal","NPL","998","Unallocated/Unspecified","99810","Sectors not specified ","","2015","2015","","616403.0"
"906001108943","1","Emergency response to earthquake affected persons in Nepal with a focus on injured persons.  ","2015-04-25","start-actual","2015-12-31","end-actual","Handicap International","DAC","Nepal","NPL","998","Unallocated/Unspecified","99810","Sectors not specified ","","2015","2015","","365017.0"
"906001108945","1","Minimum Initial Service Package on Reproductive Health to 23,625 women, men, newborns","2015-04-25","start-actual","2015-12-31","end-actual","CARE Nepal","DAC","Nepal","NPL","998","Unallocated/Unspecified","99810","Sectors not specified ","","2015","2015","",""
"906001108947","1","Addressing health needs in the earthquake affected population","2015-04-25","start-actual","2015-12-31","end-actual","World Health Organization","DAC","Nepal","NPL","998","Unallocated/Unspecified","99810","Sectors not specified ","","2015","2015","","6630348.0"
"906001108949","1","Intergrated Primary Health Care Service Support in Gorkha and Dhading Districts (Program cost: 3,000,000 USD already received. No additional funding required.)","2015-04-25","start-actual","2015-12-31","end-actual","International Medical Corps","DAC","Nepal","NPL","998","Unallocated/Unspecified","99810","Sectors not specified ","","2015","2015","",""
"906001108951","1","Logistics response (WITHDRAWN)","2015-04-25","start-actual","2015-12-31","end-actual","UN Agencies","DAC","Nepal","NPL","998","Unallocated/Unspecified","99810","Sectors not specified ","","2015","2015","",""
"906001108953","1","Logistics Augmentation and Coordination in Response to the Earthquake in Nepal","2015-04-25","start-actual","2015-12-31","end-actual","World Food Programme","DAC","Nepal","NPL","998","Unallocated/Unspecified","99810","Sectors not specified ","","2015","2015","","14756925.0"
"906001108955","1","Shelter and non-food item (NFI) Pipeline support to Regional Hubs in Nepal (NSRHN)","2015-04-25","start-actual","2015-12-31","end-actual","International Organization for Migration","DAC","Nepal","NPL","998","Unallocated/Unspecified","99810","Sectors not specified ","","2015","2015","","177085.0"
"906001108957","1","Provision of Humanitarian Air Services in Nepal","2015-04-25","start-actual","2015-12-31","end-actual","World Food Programme","DAC","Nepal","NPL","998","Unallocated/Unspecified","99810","Sectors not specified ","","2015","2015","","11198778.0"
"906001108959","1","Emergency  Response – Secondary Logistics support provision, in coordination with the Logistics Cluster and complementary with Logistics Cluster primary logistics support provision, in response to the earthquake in Nepal.","2015-04-25","start-actual","2015-12-31","end-actual","Handicap International","DAC","Nepal","NPL","998","Unallocated/Unspecified","99810","Sectors not specified ","","2015","2015","",""
"906001108961","1","Nutrition response (WITHDRAWN)","2015-04-25","start-actual","2015-12-31","end-actual","UN Agencies","DAC","Nepal","NPL","998","Unallocated/Unspecified","99810","Sectors not specified ","","2015","2015","",""
"906001108963","1","Prevention of acute malnutrition in children and pregnant and lactating women","2015-04-25","start-actual","2015-12-31","end-actual","World Food Programme","DAC","Nepal","NPL","998","Unallocated/Unspecified","99810","Sectors not specified ","","2015","2015","","2403000.0"
"906001108965","1","Nutrition emergency response to the earthquake affected population. Contribution in reducing mortality and morbidity in children under 5 and PLW related to acute malnutrition and suboptimal Infant and Young Children Feeding practices. ","2015-04-25","start-actual","2015-12-31","end-actual","Save the Children","DAC","Nepal","NPL","998","Unallocated/Unspecified","99810","Sectors not specified ","","2015","2015","",""
"906001108967","1","Comprehensive Emergency Nutrition Response for Children and Mothers","2015-04-25","start-actual","2015-12-31","end-actual","United Nations Children's Emergency Fund","DAC","Nepal","NPL","998","Unallocated/Unspecified","99810","Sectors not specified ","","2015","2015","","5593462.0"
"906001108969","1","Nutrition Cluster Coordination and Information Management","2015-04-25","start-actual","2015-12-31","end-actual","United Nations Children's Emergency Fund","DAC","Nepal","NPL","998","Unallocated/Unspecified","99810","Sectors not specified ","","2015","2015","",""
"906001108971","1","Roll out of CMAM implementation in three of the most earthquake affected districts in Nepal ","2015-04-25","start-actual","2015-12-31","end-actual","ACF - France","DAC","Nepal","NPL","998","Unallocated/Unspecified","99810","Sectors not specified ","","2015","2015","",""
"906001108973","1","Provision of emergency nutrition support to women and children under 59 months for 6 earthquake affected districts of Nepal (Gorkha, Sindupalchowk,  Sindhuli, Kathmandu, and Bakthapur)","2015-04-25","start-actual","2015-12-31","end-actual","World Vision International","DAC","Nepal","NPL","998","Unallocated/Unspecified","99810","Sectors not specified ","","2015","2015","",""
"906001108975","1","Psychosocial counselling and assistance in Kathmandu Valley, Lalitpur and Nuwakot districts through mobile psychosocial support teams, in hospitals, in schools and safe spaces for mother and child","2015-04-25","start-actual","2015-12-31","end-actual","ACF - France","DAC","Nepal","NPL","998","Unallocated/Unspecified","99810","Sectors not specified ","","2015","2015","",""
"906001108977","1","Protection response (WITHDRAWN)","2015-04-25","start-actual","2015-12-31","end-actual","UN Agencies","DAC","Nepal","NPL","998","Unallocated/Unspecified","99810","Sectors not specified ","","2015","2015","",""
"906001108979","1","Provide Psychosocial and Protective Support to Children Affected by the Earthquake.","2015-04-25","start-actual","2015-12-31","end-actual","Save the Children","DAC","Nepal","NPL","998","Unallocated/Unspecified","99810","Sectors not specified ","","2015","2015","","455120.0"
"906001108981","1","OHCHR Support for the protection response to the Nepal earthquake","2015-04-25","start-actual","2015-12-31","end-actual","Office of the United Nations High Commissioner for Human Rights","DAC","Nepal","NPL","998","Unallocated/Unspecified","99810","Sectors not specified ","","2015","2015","",""
"906001108983","1","Protection monitoring, legal and psychosocial support to people affected by earthquake","2015-04-25","start-actual","2015-12-31","end-actual","United Nations High Commissioner for Refugees","DAC","Nepal","NPL","998","Unallocated/Unspecified","99810","Sectors not specified ","","2015","2015","","3975905.0"
"906001108985","1","Protecting vulnerable populations affected by the Nepal Earthquake, especially girls, boys and women, from violence and gender based violence and addressing psychosocial needs (4 districts)","2015-04-25","start-actual","2015-12-31","end-actual","Plan International","DAC","Nepal","NPL","998","Unallocated/Unspecified","99810","Sectors not specified ","","2015","2015","",""
"906001108987","1","GBV Risk mitigation and supporting vulnerable women and girls at risk ","2015-04-25","start-actual","2015-12-31","end-actual","CARE Nepal","DAC","Nepal","NPL","998","Unallocated/Unspecified","99810","Sectors not specified ","","2015","2015","",""
"906001108989","1","Prevention and response to protect children in affected areas. ","2015-04-25","start-actual","2015-12-31","end-actual","United Nations Children's Emergency Fund","DAC","Nepal","NPL","998","Unallocated/Unspecified","99810","Sectors not specified ","","2015","2015","","5328615.0"
"906001108991","1","Emergency protection of children and women in 12 most affected VDC of Nuwakot and Makwanpur","2015-04-25","start-actual","2015-12-31","end-actual","Planète Enfants","DAC","Nepal","NPL","998","Unallocated/Unspecified","99810","Sectors not specified ","","2015","2015","",""
"906001108993","1","Creation of multipurpose safe spaces for crisis affected women to provide essential NFI items and access to life-saving and recovery services","2015-04-25","start-actual","2015-12-31","end-actual","UN Women","DAC","Nepal","NPL","998","Unallocated/Unspecified","99810","Sectors not specified ","","2015","2015","",""
"906001108995","1","Life-saving GBV response through multi-sectoral  services and protection of vulnerable women and girls","2015-04-25","start-actual","2015-12-31","end-actual","United Nations Population Fund","DAC","Nepal","NPL","998","Unallocated/Unspecified","99810","Sectors not specified ","","2015","2015","","2134969.0"
"906001108997","1","Reducing SGBV in Crisis through HolistIc approach in the Valley and affected districts","2015-04-25","start-actual","2015-12-31","end-actual","Women For Human Rights","DAC","Nepal","NPL","998","Unallocated/Unspecified","99810","Sectors not specified ","","2015","2015","",""
"906001108999","1","Provision of psychosocial support for children and creating a protective environment for children ages 3 to 18 for 6 earthquake affected districts of Nepal (Sindhupalchowk, Gorkha, Sindhuli, Kathmandu, Lalitpur and Bhaktapur)","2015-04-25","start-actual","2015-12-31","end-actual","World Vision International","DAC","Nepal","NPL","998","Unallocated/Unspecified","99810","Sectors not specified ","","2015","2015","",""
"906001109001","1","protecting women survivors from gender-based violence during emergency phase of Nepal earthquake","2015-04-25","start-actual","2015-12-31","end-actual","Women's Rehabilitation Center","DAC","Nepal","NPL","998","Unallocated/Unspecified","99810","Sectors not specified ","","2015","2015","",""
"906001109003","1","Emergency Protection Monitoring and Life Saving Actions to Reduce Risk of Exploitation of Vulnerable IDPs","2015-04-25","start-actual","2015-12-31","end-actual","International Organization for Migration","DAC","Nepal","NPL","998","Unallocated/Unspecified","99810","Sectors not specified ","","2015","2015","","320366.0"
"906001109005","1","Improved psychosocial wellbeing of earthquake affected communities in Makwanpur","2015-04-25","start-actual","2015-12-31","end-actual","Tearfund","DAC","Nepal","NPL","998","Unallocated/Unspecified","99810","Sectors not specified ","","2015","2015","",""
"906001109007","1","Support to traumatized children in Nepal","2015-04-25","start-actual","2015-12-31","end-actual","World Concern Development Organization","DAC","Nepal","NPL","998","Unallocated/Unspecified","99810","Sectors not specified ","","2015","2015","",""
"906001109009","1","Emergency response to earthquake most vulnerable persons in Nepal","2015-04-25","start-actual","2015-12-31","end-actual","Handicap International","DAC","Nepal","NPL","998","Unallocated/Unspecified","99810","Sectors not specified ","","2015","2015","",""
"906001109011","1","Shelter and NFIs response (WITHDRAWN)","2015-04-25","start-actual","2015-12-31","end-actual","UN Agencies","DAC","Nepal","NPL","998","Unallocated/Unspecified","99810","Sectors not specified ","","2015","2015","",""
"906001109013","1","Emergency Shelter intervention for Earthquake affected communities in Sindupalchowk, Gorkha, Sindhuli, Lamjung, Kathmandu, Bakhtapur and Lalitpur Districts in Nepal","2015-04-25","start-actual","2015-12-31","end-actual","World Vision International","DAC","Nepal","NPL","998","Unallocated/Unspecified","99810","Sectors not specified ","","2015","2015","","441863.0"
"906001109015","1","Emergency Shelter Assistance in Sindhupulchowk and Dhading","2015-04-25","start-actual","2015-12-31","end-actual","MEDAIR","DAC","Nepal","NPL","998","Unallocated/Unspecified","99810","Sectors not specified ","","2015","2015","","499985.0"
"906001109017","1","Coordinated response to life saving shelters for in situ spontaneous settlements occupied by most vulnerable households ","2015-04-25","start-actual","2015-12-31","end-actual","United Nations Human Settlements Programme","DAC","Nepal","NPL","998","Unallocated/Unspecified","99810","Sectors not specified ","","2015","2015","","800000.0"
"906001109019","1","Emergency shelter and NFI assistance to families affected by earthquake","2015-04-25","start-actual","2015-12-31","end-actual","United Nations High Commissioner for Refugees","DAC","Nepal","NPL","998","Unallocated/Unspecified","99810","Sectors not specified ","","2015","2015","","262500.0"
"906001109021","1","Emergency Shelter","2015-04-25","start-actual","2015-12-31","end-actual","Oxfam GB","DAC","Nepal","NPL","998","Unallocated/Unspecified","99810","Sectors not specified ","","2015","2015","","7022077.0"
"906001109023","1","Shelter Assistance to earthquake affected people of Sindhuplchowk and Nuwakot Districts","2015-04-25","start-actual","2015-12-31","end-actual","Adventist Development and Relief Agency","DAC","Nepal","NPL","998","Unallocated/Unspecified","99810","Sectors not specified ","","2015","2015","","1391211.0"
"906001109025","1","Humanitarian assistance to rural households affected by the earthquake in Nepal","2015-04-25","start-actual","2015-12-31","end-actual","Mercy Corps","DAC","Nepal","NPL","998","Unallocated/Unspecified","99810","Sectors not specified ","","2015","2015","","1847458.0"
"906001109027","1","Shelter support through NFIs and training","2015-04-25","start-actual","2015-12-31","end-actual","Save the Children","DAC","Nepal","NPL","998","Unallocated/Unspecified","99810","Sectors not specified ","","2015","2015","","8669985.0"
"906001109029","1","Emergency Shelter and NFIs for 15,000 households in Nuwakot, Rasuwa ,Dhading and Dolakha districts","2015-04-25","start-actual","2015-12-31","end-actual","Samaritan's Purse","DAC","Nepal","NPL","998","Unallocated/Unspecified","99810","Sectors not specified ","","2015","2015","","1035876.0"
"906001109031","1","Emergency Shelter/NFI assistance to earthquake affected population in Nepal","2015-04-25","start-actual","2015-12-31","end-actual","HELVETAS|People in Need","DAC","Nepal","NPL","998","Unallocated/Unspecified","99810","Sectors not specified ","","2015","2015","",""
"906001109033","1","Emergency response to earthquake affected people in Nepal. ","2015-04-25","start-actual","2015-12-31","end-actual","Handicap International","DAC","Nepal","NPL","998","Unallocated/Unspecified","99810","Sectors not specified ","","2015","2015","","462250.0"
"906001109035","1","Emergency shelter solutions to earthquake affected families and promoting build back safer shelter and settlements practices in Nepal ","2015-04-25","start-actual","2015-12-31","end-actual","Habitat for Humanity International","DAC","Nepal","NPL","998","Unallocated/Unspecified","99810","Sectors not specified ","","2015","2015","",""
"906001109037","1","Shelter support  and assistance to fixing of the damaged houses of the displaced people.","2015-04-25","start-actual","2015-12-31","end-actual","ACT Alliance – Norwegian Church Aid","DAC","Nepal","NPL","998","Unallocated/Unspecified","99810","Sectors not specified ","","2015","2015","",""
"906001109039","1","Provision of Emergency Shelter, Non Food Items (NFI) and shelter support to self recovery to Earthquake Affected Population in Nepal for 25,000 Vulnerable Households ","2015-04-25","start-actual","2015-12-31","end-actual","International Organization for Migration","DAC","Nepal","NPL","998","Unallocated/Unspecified","99810","Sectors not specified ","","2015","2015","","12833434.0"
"906001109041","1","Provision of emergency shelter and NFIs to Dhading and Makwanpur","2015-04-25","start-actual","2015-12-31","end-actual","Tearfund","DAC","Nepal","NPL","998","Unallocated/Unspecified","99810","Sectors not specified ","","2015","2015","",""
"906001109043","1","Emergency and transitional shelter assistance to earthquake-affected populations","2015-04-25","start-actual","2015-12-31","end-actual","Agency for Technical Cooperation and Development|Centre for International Studies and Cooperation","DAC","Nepal","NPL","998","Unallocated/Unspecified","99810","Sectors not specified ","","2015","2015","","4676768.0"
"906001109045","1","To deliver a shelter response that supports appropriate, flexible, progressive solutions to affected, vulnerable populations that contributes to their own self recovery to provide a safer, more resilient and durable shelter","2015-04-25","start-actual","2015-12-31","end-actual","Plan International","DAC","Nepal","NPL","998","Unallocated/Unspecified","99810","Sectors not specified ","","2015","2015","","3237349.0"
"906001109047","1","Shelter assistance for 20,000 most vunerable earthquake-affected families","2015-04-25","start-actual","2015-12-31","end-actual","CARE Nepal","DAC","Nepal","NPL","998","Unallocated/Unspecified","99810","Sectors not specified ","","2015","2015","","3385958.0"
"906001109049","1","Earthquake Relief to affected populations of Kathmandu, Lalitpur and Gorkha","2015-04-25","start-actual","2015-12-31","end-actual","Good Neighbours Inc","DAC","Nepal","NPL","998","Unallocated/Unspecified","99810","Sectors not specified ","","2015","2015","",""
"906001109051","1","Temporary Shelter for earthquake affected families","2015-04-25","start-actual","2015-12-31","end-actual","Lumanti","DAC","Nepal","NPL","998","Unallocated/Unspecified","99810","Sectors not specified ","","2015","2015","",""
"906001109053","1","Monsoon resistant shelter for unreached and remote communities: Haku, Yarsa and Thulogaun VDC in Rasuwa Districts","2015-04-25","start-actual","2015-12-31","end-actual","ASIA Onlus","DAC","Nepal","NPL","998","Unallocated/Unspecified","99810","Sectors not specified ","","2015","2015","",""
"906001109055","1","Shelter relief for self-recovery and reconstruction 			","2015-04-25","start-actual","2015-12-31","end-actual","ActionAid International Nepal","DAC","Nepal","NPL","998","Unallocated/Unspecified","99810","Sectors not specified ","","2015","2015","",""
"906001109057","1","Technical and coordination support to Shelter and Settlements Recovery Initiatives","2015-04-25","start-actual","2015-12-31","end-actual","United Nations Human Settlements Programme","DAC","Nepal","NPL","998","Unallocated/Unspecified","99810","Sectors not specified ","","2015","2015","",""
"906001109059","1","Salvage Recovery and Establishment of Temporary Shelter in Rasuwa and Dolakha Districts","2015-04-25","start-actual","2015-12-31","end-actual","ACT Alliance – Lutheran World Federation Nepal","DAC","Nepal","NPL","998","Unallocated/Unspecified","99810","Sectors not specified ","","2015","2015","",""
"906001109061","1","Shelter Assistance for Disaster-Affected Communities in 4 districts of Nepal (21 communities)","2015-04-25","start-actual","2015-12-31","end-actual","Relief International","DAC","Nepal","NPL","998","Unallocated/Unspecified","99810","Sectors not specified ","","2015","2015","","553097.0"
"906001109063","1","Distribution of NFIs, Shelter Kits and Provision of Earthquake Safer Trainings","2015-04-25","start-actual","2015-12-31","end-actual","Peace winds JAPAN","DAC","Nepal","NPL","998","Unallocated/Unspecified","99810","Sectors not specified ","","2015","2015","","514265.0"
"906001109065","1","Supporting the earthquake-affected population in Thulo Sirubari, Sindhupalchok, ensuring they are provided with the means to live in safe, dignified and appropriate temporary shelter.","2015-04-25","start-actual","2015-12-31","end-actual","Help-Hilfe zur Selbsthilfe e.V. ","DAC","Nepal","NPL","998","Unallocated/Unspecified","99810","Sectors not specified ","","2015","2015","",""
"906001109067","1","Emergency shelter solutions to the earthquake affected families through community approach (ESS) project: Build Safer Shelter","2015-04-25","start-actual","2015-12-31","end-actual","Muslim Aid","DAC","Nepal","NPL","998","Unallocated/Unspecified","99810","Sectors not specified ","","2015","2015","",""
"906001109069","1","EMERGENCY SHELTER TO REMOTE AREAS","2015-04-25","start-actual","2015-12-31","end-actual","SOS Attitude","DAC","Nepal","NPL","998","Unallocated/Unspecified","99810","Sectors not specified ","","2015","2015","",""
"906001109071","1","Support in emergency and temporary shelter to people affected by the earthquake				","2015-04-25","start-actual","2015-12-31","end-actual","Solidarités International","DAC","Nepal","NPL","998","Unallocated/Unspecified","99810","Sectors not specified ","","2015","2015","",""
"906001109073","1","Emergency assistance to earthquake affected population of Nepal through provision of urgent shelter, NFI kits and cash for work approach to cover immediate needs","2015-04-25","start-actual","2015-12-31","end-actual","ACF - France","DAC","Nepal","NPL","998","Unallocated/Unspecified","99810","Sectors not specified ","","2015","2015","","765027.0"
"906001109075","1","Rehabilitation of Earthquake affected Homebased women workers of Nepal ","2015-04-25","start-actual","2015-12-31","end-actual","SABAH Nepal","DAC","Nepal","NPL","998","Unallocated/Unspecified","99810","Sectors not specified ","","2015","2015","",""
"906001109077","1","WASH response (WIHDRAWN)","2015-04-25","start-actual","2015-12-31","end-actual","UN Agencies","DAC","Nepal","NPL","998","Unallocated/Unspecified","99810","Sectors not specified ","","2015","2015","",""
"906001109079","1","Oxfam WASH Earthquake Response","2015-04-25","start-actual","2015-12-31","end-actual","Oxfam GB","DAC","Nepal","NPL","998","Unallocated/Unspecified","99810","Sectors not specified ","","2015","2015","","3550227.0"
"906001109081","1","Comprehensive emergency WASH intervention for Nepal Earthquake","2015-04-25","start-actual","2015-12-31","end-actual","Concern Worldwide","DAC","Nepal","NPL","998","Unallocated/Unspecified","99810","Sectors not specified ","","2015","2015","","165929.0"
"906001109083","1","Provide live saving  emergency Water, Sanitation and Hygiene  services  for earthquake affected population, especially women  and chidren in Nepal				","2015-04-25","start-actual","2015-12-31","end-actual","United Nations Children's Emergency Fund","DAC","Nepal","NPL","998","Unallocated/Unspecified","99810","Sectors not specified ","","2015","2015","","14027252.0"
"906001109085","1","Emergency WASH Services for Earthquake-Affected People in Sindhupalchowk Gorkha, Sindhuli, Kathmandu, Lalitpur, Batakhpur, Lamjung Districts","2015-04-25","start-actual","2015-12-31","end-actual","World Vision International","DAC","Nepal","NPL","998","Unallocated/Unspecified","99810","Sectors not specified ","","2015","2015","",""
"906001109087","1"," Coordination of  WASH Cluster   partners  life saving activities  for earthquake affected population, especially women, children and most vulnerbale  in Nepal				","2015-04-25","start-actual","2015-12-31","end-actual","United Nations Children's Emergency Fund","DAC","Nepal","NPL","998","Unallocated/Unspecified","99810","Sectors not specified ","","2015","2015","",""
"906001109089","1","Comprehensive WASH response in the eartquake effected community in Dhading, Gorkha, Lalitpur and Bhaktapur districts				","2015-04-25","start-actual","2015-12-31","end-actual","ACT Alliance – Norwegian Church Aid|ACT Alliance – DanChurchAid","DAC","Nepal","NPL","998","Unallocated/Unspecified","99810","Sectors not specified ","","2015","2015","","2667209.0"
"906001109091","1","Emergency WASH assistance to earthquake affected population in Nepal (withdrawn)","2015-04-25","start-actual","2015-12-31","end-actual","Active for People in Need","DAC","Nepal","NPL","998","Unallocated/Unspecified","99810","Sectors not specified ","","2015","2015","",""
"906001109093","1","Provision of emergency WASH relief to earthquake-affected populations in Nepal","2015-04-25","start-actual","2015-12-31","end-actual","Agency for Technical Cooperation and Development|Centre for International Studies and Cooperation","DAC","Nepal","NPL","998","Unallocated/Unspecified","99810","Sectors not specified ","","2015","2015","","739617.0"
"906001109095","1","Emergency WASH assistance to earthquake affected population in Nepal","2015-04-25","start-actual","2015-12-31","end-actual","People in Need","DAC","Nepal","NPL","998","Unallocated/Unspecified","99810","Sectors not specified ","","2015","2015","",""
"906001109097","1","Emergency assistance and early recovery to earthquake affected population in Nuwakot, Rasuwa and Ramechhap through provision of safe water, sanitation and hygiene promotion","2015-04-25","start-actual","2015-12-31","end-actual","ACF - France","DAC","Nepal","NPL","998","Unallocated/Unspecified","99810","Sectors not specified ","","2015","2015","","580585.0"
"906001109099","1","Mission East - Emergency WASH in Sindhupalchok District, Nepal (9 VDCs)","2015-04-25","start-actual","2015-12-31","end-actual","Mission East","DAC","Nepal","NPL","998","Unallocated/Unspecified","99810","Sectors not specified ","","2015","2015","","395652.0"
"906001109101","1","Child-focused emergency WASH response to Nepal earthquake","2015-04-25","start-actual","2015-12-31","end-actual","Save the Children","DAC","Nepal","NPL","998","Unallocated/Unspecified","99810","Sectors not specified ","","2015","2015","",""
"906001109103","1","Nepal Earthquake Rapid WASH Response in Nuwakot, Rasuwa, Dhading and Dolokha districts","2015-04-25","start-actual","2015-12-31","end-actual","Samaritan's Purse","DAC","Nepal","NPL","998","Unallocated/Unspecified","99810","Sectors not specified ","","2015","2015","",""
"906001109105","1","Improvement of WASH facilities in partially damaged Health Care Facilities","2015-04-25","start-actual","2015-12-31","end-actual","World Health Organization","DAC","Nepal","NPL","998","Unallocated/Unspecified","99810","Sectors not specified ","","2015","2015","",""
"906001109107","1","Meeting Urgent Water, Sanitation, and Hygiene Needs among Earthquake Affected Communities in Nepal","2015-04-25","start-actual","2015-12-31","end-actual","Plan International","DAC","Nepal","NPL","998","Unallocated/Unspecified","99810","Sectors not specified ","","2015","2015","","52910.0"
"906001109109","1","Emergency WASH response for Rasuwa and Kavrepalanchowk districts- (withdrawn)","2015-04-25","start-actual","2015-12-31","end-actual","SNV|ASIA Onlus","DAC","Nepal","NPL","998","Unallocated/Unspecified","99810","Sectors not specified ","","2015","2015","",""
"906001109111","1","Emergency WASH Support for 100,000 Most Vulnerable People in Four Districts","2015-04-25","start-actual","2015-12-31","end-actual","CARE Nepal","DAC","Nepal","NPL","998","Unallocated/Unspecified","99810","Sectors not specified ","","2015","2015","","599042.0"
"906001109113","1","Addressing WASH Needs of 10,000 Earthquake-affected Households in Kavrepalanchok and Dhading Districts","2015-04-25","start-actual","2015-12-31","end-actual","Adventist Development and Relief Agency","DAC","Nepal","NPL","998","Unallocated/Unspecified","99810","Sectors not specified ","","2015","2015","",""
"906001109115","1","Provision of emergency water, sanitation and hygiene support in Makwanpur","2015-04-25","start-actual","2015-12-31","end-actual","Tearfund","DAC","Nepal","NPL","998","Unallocated/Unspecified","99810","Sectors not specified ","","2015","2015","",""
"906001109117","1","Emergency Water and Sanitation Solutions for Earthquake Affected Households (withdrawn)","2015-04-25","start-actual","2015-12-31","end-actual","World Concern Development Organization","DAC","Nepal","NPL","998","Unallocated/Unspecified","99810","Sectors not specified ","","2015","2015","",""
"906001109119","1","Immediate life saving WASH support to affected population of Dolakha, Sindhupalchowk and Bhaktapur 				","2015-04-25","start-actual","2015-12-31","end-actual","United Nations Human Settlements Programme","DAC","Nepal","NPL","998","Unallocated/Unspecified","99810","Sectors not specified ","","2015","2015","",""
"906001109121","1","WASH Assistance for Vulnerable Earthquake-affected Communities in Nepal ","2015-04-25","start-actual","2015-12-31","end-actual","BBC Media Action|Relief International","DAC","Nepal","NPL","998","Unallocated/Unspecified","99810","Sectors not specified ","","2015","2015","","199603.0"
"906001109123","1","Third party monitoring and documentation of earthquake response in Nepal with remote sensing and mobile application (withdrawn)","2015-04-25","start-actual","2015-12-31","end-actual","ACT Alliance – Norwegian Church Aid","DAC","Nepal","NPL","998","Unallocated/Unspecified","99810","Sectors not specified ","","2015","2015","",""
"906001109125","1","Immediate WASH response in affected districts of Nepal","2015-04-25","start-actual","2015-12-31","end-actual","Development Project Service Centre","DAC","Nepal","NPL","998","Unallocated/Unspecified","99810","Sectors not specified ","","2015","2015","",""
"906001109127","1","WASH Immediate Response to the Most Earthquake Affected Population of 4 districts of Nepal (withdrawn)","2015-04-25","start-actual","2015-12-31","end-actual","Support Activities for Poor Producers of Nepal","DAC","Nepal","NPL","998","Unallocated/Unspecified","99810","Sectors not specified ","","2015","2015","",""
"906001109129","1","Support in emergency water, sanitation and hygiene and  to people affected by the earthquake ","2015-04-25","start-actual","2015-12-31","end-actual","Solidarités International","DAC","Nepal","NPL","998","Unallocated/Unspecified","99810","Sectors not specified ","","2015","2015","",""
"906001109131","1","Sanitation facilities for hard to reach communities in Rasuwa district","2015-04-25","start-actual","2015-12-31","end-actual","ASIA Onlus","DAC","Nepal","NPL","998","Unallocated/Unspecified","99810","Sectors not specified ","","2015","2015","",""
"906001109133","1","WASH Emergency Response in 6 VDCs of Kavre  district","2015-04-25","start-actual","2015-12-31","end-actual","Karnali Integrated Rural Development and Research Centre","DAC","Nepal","NPL","998","Unallocated/Unspecified","99810","Sectors not specified ","","2015","2015","",""
"906001109135","1","Improvement of WASH facilities in earth quake affected primary health care facilities ","2015-04-25","start-actual","2015-12-31","end-actual","World Health Organization","DAC","Nepal","NPL","998","Unallocated/Unspecified","99810","Sectors not specified ","","2015","2015","",""
