"project_id","project_code","implementing_organization","original_requirements_usd","revised_requirements_usd","funding_usd","percent_covered","unmet_requirements_usd","outstanding_pledges_usd","donor","recipient_organization"
"906001108825","NPL-15/CSS/80080/R/6491","UN Agencies, NGOs and/or Red Cross","5000000","0","0","0","0","0","",""
"906001108827","NPL-15/CSS/80378/R/5767","UNOPS","0","470000","0","0","470000","0","",""
"906001108829","NPL-15/CSS/80383/R/298","IOM","0","9000000","1187951","0.131994","7812049","0","Central Emergency Response Fund|Japan|Norway","International Organization for Migration"
"906001108831","NPL-15/CSS/80388/R/5932","CECI","0","70000","0","0","70000","0","",""
"906001108831","NPL-15/CSS/80388/R/6458","ACTED","0","786856","0","0","786856","0","",""
"906001108833","NPL-15/SNYS/80491/R/124","UNICEF","0","0","78900599","0","-78900599","0","Bulgaria|Canada|Canada|Finland|Japan|Latvia|Lithuania|Malta|Nepal|Norway|Private (individuals & organisations)|Private (individuals & organisations)|Private (individuals & organisations)|Romania|Slovenia|Sweden|Thailand|UNICEF National Committee/Andorra|UNICEF National Committee/Australia|UNICEF National Committee/Austria|UNICEF National Committee/Belgium|UNICEF National Committee/Canada|UNICEF National Committee/Canada|UNICEF National Committee/Czech Republic|UNICEF National Committee/Denmark|UNICEF National Committee/Finland|UNICEF National Committee/France|UNICEF National Committee/France|UNICEF National Committee/France|UNICEF National Committee/Germany|UNICEF National Committee/Germany|UNICEF National Committee/Germany|UNICEF National Committee/Hellenic|UNICEF National Committee/Hong Kong|UNICEF National Committee/Iceland|UNICEF National Committee/Italy|UNICEF National Committee/Italy|UNICEF National Committee/Japan|UNICEF National Committee/Japan|UNICEF National Committee/Korea (Republic of)|UNICEF National Committee/Luxembourg|UNICEF National Committee/Netherlands|UNICEF National Committee/Netherlands|UNICEF National Committee/Netherlands|UNICEF National Committee/Netherlands|UNICEF National Committee/New Zealand|UNICEF National Committee/Norway|UNICEF National Committee/Poland|UNICEF National Committee/Portugal|UNICEF National Committee/Portugal|UNICEF National Committee/Slovakia|UNICEF National Committee/Slovenia|UNICEF National Committee/Spain|UNICEF National Committee/Spain|UNICEF National Committee/Sweden|UNICEF National Committee/Sweden|UNICEF National Committee/Switzerland|UNICEF National Committee/Switzerland|UNICEF National Committee/Switzerland|UNICEF National Committee/Switzerland|UNICEF National Committee/Turkey|UNICEF National Committee/United Kingdom|UNICEF National Committee/United Kingdom|United Nations Children's Fund|United Nations Children's Fund|United Nations Children's Fund|United Nations Children's Fund|United Nations Children's Fund|United States of America|US Fund for UNICEF|US Fund for UNICEF|US Fund for UNICEF|Various Donors (details not yet provided)|Various Donors (details not yet provided)|Various Donors (details not yet provided)|Various Donors (details not yet provided)|Various Donors (details not yet provided)|Various Donors (details not yet provided)|Various Donors (details not yet provided)|Various Donors (details not yet provided)|Various Donors (details not yet provided)|Various Donors (details not yet provided)|Various Donors (details not yet provided)|Various Donors (details not yet provided)|Various Donors (details not yet provided)|Various Donors (details not yet provided)|Various Donors (details not yet provided)|Various Donors (details not yet provided)|Various Donors (details not yet provided)|Various Donors (details not yet provided)|Various Donors (details not yet provided)|Various Donors (details not yet provided)|Various Donors (details not yet provided)|Various Donors (details not yet provided)|Various Donors (details not yet provided)|Various Donors (details not yet provided)|Various Donors (details not yet provided)|Various Donors (details not yet provided)","United Nations Children's Fund"
"906001108835","NPL-15/SNYS/80493/R/298","IOM","0","0","0","0","0","0","",""
"906001108837","NPL-15/SNYS/81265/R/561","WFP","0","0","6799277","0","-6799277","0","Australia|Australia|Austria|Canada|Canada|Canada|Central Emergency Response Fund|European Commission's Humanitarian Aid and Civil Protection Department|Germany|Germany|Japan|Japan|Japan|Liechtenstein|Netherlands|Netherlands|Norway|Norway|Norway|Private (individuals & organisations)|Private (individuals & organisations)|United Kingdom |United States of America|United States of America|United States of America|World Food Programme|World Food Programme|World Food Programme|World Food Programme","World Food Programme"
"906001108839","NPL-15/CSS/80085/R/6491","UN Agencies, NGOs and/or Red Cross","2694000","0","0","0","0","0","",""
"906001108841","NPL-15/CSS/80425/R/8445","RCSO","0","243000","0","0","243000","0","",""
"906001108843","NPL-15/CSS/80528/R/119","OCHA","0","3200000","3274579","1.023305","-74579","0","Canada|European Commission's Humanitarian Aid and Civil Protection Department|Germany|Japan|Korea, Republic of|Morocco|Norway|Private (individuals & organisations)|Thailand|United States of America","Office for the Coordination of Humanitarian Affairs"
"906001108845","NPL-15/ER/80084/R/6491","UN Agencies, NGOs and/or Red Cross","16000000","0","0","0","0","0","",""
"906001108847","NPL-15/ER/80420/R/6079","SC ","0","172500","0","0","172500","0","",""
"906001108849","NPL-15/ER/80450/R/17140","UNCDF","0","558400","0","0","558400","0","",""
"906001108849","NPL-15/ER/80450/R/776","UNDP","0","1256400","0","0","1256400","0","",""
"906001108851","NPL-15/ER/80454/R/17142","DWR","0","150000","0","0","150000","0","",""
"906001108851","NPL-15/ER/80454/R/5104","ILO","0","700000","0","0","700000","0","",""
"906001108851","NPL-15/ER/80454/R/6079","SC ","0","300000","0","0","300000","0","",""
"906001108851","NPL-15/ER/80454/R/6971","RI","0","490000","0","0","490000","0","",""
"906001108851","NPL-15/ER/80454/R/7039","UN-HABITAT","0","1050000","0","0","1050000","0","",""
"906001108851","NPL-15/ER/80454/R/7468","CARE Nepal","0","490000","0","0","490000","0","",""
"906001108851","NPL-15/ER/80454/R/776","UNDP","0","1750000","3497252","1.998429","-1747252","0","Allocation of unearmarked funds by UNDP|Australia|Mauritius","United Nations Development Programme"
"906001108853","NPL-15/ER/80457/R/17142","DWR","0","300000","0","0","300000","0","",""
"906001108853","NPL-15/ER/80457/R/298","IOM","0","1615000","2383995","1.476157","-768995","0","Australia|European Commission's Humanitarian Aid and Civil Protection Department|Italy|Private (individuals & organisations)|United States of America","International Organization for Migration"
"906001108853","NPL-15/ER/80457/R/5328","ACT/DCA","0","300000","300000","1","0","0","European Commission's Humanitarian Aid and Civil Protection Department","ACT Alliance / DanChurchAid"
"906001108853","NPL-15/ER/80457/R/6458","ACTED","0","312500","954149","3.053276","-641649","0","United States of America|United States of America","Agency for Technical Cooperation and Development"
"906001108853","NPL-15/ER/80457/R/6686","PIN","0","312500","0","0","312500","0","",""
"906001108853","NPL-15/ER/80457/R/6971","RI","0","1360000","0","0","1360000","0","",""
"906001108853","NPL-15/ER/80457/R/7468","CARE Nepal","0","1500000","0","0","1500000","0","",""
"906001108853","NPL-15/ER/80457/R/776","UNDP","0","2220000","1935000","0.871621","285000","0","Allocation of unearmarked funds by UNDP|Japan|Private (individuals & organisations)|Various Donors (details not yet provided)","United Nations Development Programme"
"906001108853","NPL-15/ER/80457/R/8498","CW","0","312500","0","0","312500","0","",""
"906001108855","NPL-15/ER/80460/R/5103","UNESCO","0","350000","0","0","350000","0","",""
"906001108855","NPL-15/ER/80460/R/776","UNDP","0","50000","0","0","50000","0","",""
"906001108857","NPL-15/ER/80871/R/5767","UNOPS","0","500000","0","0","500000","0","",""
"906001108859","NPL-15/E/80083/R/6491","UN Agencies, NGOs and/or Red Cross","20000000","0","0","0","0","0","",""
"906001108861","NPL-15/E/80279/R/7469","WE","0","1617788","0","0","1617788","0","",""
"906001108863","NPL-15/E/80315/R/5524","Plan","0","2144960","274299","0.12788","1870661","0","Sweden","Plan International"
"906001108865","NPL-15/E/80328/R/8502","WVI","0","0","0","0","0","0","",""
"906001108867","NPL-15/E/80329/R/6079","SC ","0","2665000","0","0","2665000","0","",""
"906001108869","NPL-15/E/80359/R/7426","VSO","0","238294","0","0","238294","0","",""
"906001108871","NPL-15/E/80367/R/7710","WeWorld","0","97920","0","0","97920","0","",""
"906001108871","NPL-15/E/80367/R/8486","ASIA Onlus","0","63600","0","0","63600","0","",""
"906001108873","NPL-15/E/80380/R/8911","RDN","0","1081919","0","0","1081919","0","",""
"906001108875","NPL-15/E/80381/R/17139","SN","0","0","0","0","0","0","",""
"906001108875","NPL-15/E/80381/R/17148","CDS","0","0","0","0","0","0","",""
"906001108875","NPL-15/E/80381/R/8502","WVI","0","0","0","0","0","0","",""
"906001108875","NPL-15/E/80381/R/8674","Partnership Nepal","0","0","0","0","0","0","",""
"906001108877","NPL-15/E/80385/R/5103","UNESCO","0","570000","0","0","570000","0","",""
"906001108879","NPL-15/E/80399/R/17165","APE","0","168370","0","0","168370","0","",""
"906001108881","NPL-15/E/80418/R/124","UNICEF","0","11475000","10359043","0.902748","1115957","0","United Nations Children's Fund","United Nations Children's Fund"
"906001108883","NPL-15/E/80424/R/17145","Epages","0","14000","0","0","14000","0","",""
"906001108883","NPL-15/E/80424/R/17163","NCE-N","0","40810","0","0","40810","0","",""
"906001108885","NPL-15/E/80446/R/7471","NSET","0","1255004","0","0","1255004","0","",""
"906001108887","NPL-15/E/80786/R/5390","ACT/FCA","0","1200000","663717","0.553097","536283","0","Finland","ACT Alliance / Finn Church Aid"
"906001108889","NPL-15/E/80790/R/8454","AAIN","0","216589","0","0","216589","0","",""
"906001108891","NPL-15/E/80796/R/6579","ADRA ","0","151645","0","0","151645","0","",""
"906001108893","NPL-15/E/80803/R/8502","WVI","0","300513","0","0","300513","0","",""
"906001108895","NPL-15/E/80827/R/5613","Good Neighbours Inc","0","160660","0","0","160660","0","",""
"906001108897","NPL-15/E/80875/R/17176","CCS Italia onlus","0","25000","0","0","25000","0","",""
"906001108899","NPL-15/E/80887/R/17191","HTN","0","577000","0","0","577000","0","",""
"906001108901","NPL-15/CSS/80089/R/6491","UN Agencies, NGOs and/or Red Cross","25000000","0","0","0","0","0","",""
"906001108903","NPL-15/CSS/80530/R/561","WFP","0","2029465","1060065","0.522337","969400","0","World Food Programme","World Food Programme"
"906001108905","NPL-15/A/80317/R/123","FAO","0","23400000","5178618","0.221308","18221382","0","Belgium|Canada|Italy|Norway","Food & Agriculture Organization of the United Nations"
"906001108907","NPL-15/ER/80802/R/5271","ACF - France","0","2000000","1078364","0.539182","921636","0","Canada|France","ACF - France"
"906001108909","NPL-15/ER/80806/R/15797","HelpAge","0","376500","0","0","376500","0","",""
"906001108911","NPL-15/ER/80818/R/8502","WVI","0","3348000","0","0","3348000","0","",""
"906001108913","NPL-15/ER/80845/R/6458","ACTED","0","910000","0","0","910000","0","",""
"906001108915","NPL-15/F/80076/R/6491","UN Agencies, NGOs and/or Red Cross","128000000","0","0","0","0","0","",""
"906001108917","NPL-15/F/80268/R/561","WFP","0","62500000","23131972","0.370111","39368028","0","Central Emergency Response Fund|World Food Programme","World Food Programme"
"906001108919","NPL-15/F/80396/R/6079","SC ","0","1788500","0","0","1788500","0","",""
"906001108921","NPL-15/F/80407/R/7468","CARE Nepal","0","3000000","500000","0.166666","2500000","0","Taiwan ICDF","CARE Nepal"
"906001108923","NPL-15/F/80800/R/5120","OXFAM GB","0","908000","1035691","1.140628","-127691","0","Bill and Melinda Gates Foundation|Private (individuals & organisations)|Sweden|Various Donors (details not yet provided)","OXFAM GB"
"906001108925","NPL-15/F/80805/R/7465","ACT/LWF Nepal","0","408453","0","0","408453","0","",""
"906001108927","NPL-15/H/80077/R/6491","UN Agencies, NGOs and/or Red Cross","75000000","0","0","0","0","0","",""
"906001108929","NPL-15/H/80213/R/6079","SC ","0","1250000","0","0","1250000","0","",""
"906001108931","NPL-15/H/80258/R/124","UNICEF","0","15498000","10078210","0.650291","5419790","0","Central Emergency Response Fund|United Nations Children's Fund","United Nations Children's Fund"
"906001108933","NPL-15/H/80267/R/6469","Americares","0","2966288","0","0","2966288","0","",""
"906001108935","NPL-15/H/80280/R/1171","UNFPA","0","6420000","1457205","0.226978","4962795","0","Allocation of unearmarked funds by OCHA|Allocation of unearmarked funds by WHO|Australia|Central Emergency Response Fund|Friends of UNFPA|Friends of UNFPA|Friends of UNFPA|Germany|Japan|Private (individuals & organisations)","United Nations Population Fund"
"906001108937","NPL-15/H/80321/R/8502","WVI","0","590000","835000","1.415254","-245000","0","Netherlands|Taiwan ICDF","World Vision International"
"906001108939","NPL-15/H/80355/R/5524","Plan","0","436423","0","0","436423","0","",""
"906001108941","NPL-15/H/80372/R/298","IOM","0","2200000","616403","0.280183","1583597","0","Australia|Italy|Norway","International Organization for Migration"
"906001108943","NPL-15/H/80389/R/5349","HI","0","666063","365017","0.548021","301046","0","Luxembourg|United States of America","Handicap International"
"906001108945","NPL-15/H/80423/R/7468","CARE Nepal","0","175000","0","0","175000","0","",""
"906001108947","NPL-15/H/80462/R/122","WHO","0","11621200","6630348","0.570539","4990852","0","Allocation of unearmarked funds by WHO|Australia|Central Emergency Response Fund|Estonia|European Commission's Humanitarian Aid and Civil Protection Department|Finland|Norway|Thailand|United States of America","World Health Organization"
"906001108949","NPL-15/H/80492/R/5160","IMC","0","0","0","0","0","0","",""
"906001108951","NPL-15/CSS/80088/R/6491","UN Agencies, NGOs and/or Red Cross","31700000","0","0","0","0","0","",""
"906001108953","NPL-15/CSS/80314/R/561","WFP","0","24700000","14756925","0.597446","9943075","0","Central Emergency Response Fund|Central Emergency Response Fund|World Food Programme","World Food Programme"
"906001108955","NPL-15/CSS/80335/R/298","IOM","0","260000","177085","0.681096","82915","0","United Kingdom ","International Organization for Migration"
"906001108957","NPL-15/CSS/80409/R/561","WFP","0","13921551","11198778","0.80442","2722773","0","Australia|Central Emergency Response Fund|Central Emergency Response Fund|Denmark|European Commission's Humanitarian Aid and Civil Protection Department|Japan|Netherlands|Sweden|United Kingdom ","World Food Programme"
"906001108959","NPL-15/CSS/80421/R/5349","HI","0","627017","0","0","627017","0","",""
"906001108961","NPL-15/H/80082/R/6491","UN Agencies, NGOs and/or Red Cross","10000000","0","0","0","0","0","",""
"906001108963","NPL-15/H/80197/R/561","WFP","0","2403000","2403000","1","0","0","World Food Programme","World Food Programme"
"906001108965","NPL-15/H/80208/R/6079","SC ","0","750000","0","0","750000","0","",""
"906001108967","NPL-15/H/80305/R/124","UNICEF","0","6299000","5593462","0.887992","705538","0","United Nations Children's Fund","United Nations Children's Fund"
"906001108969","NPL-15/H/80326/R/124","UNICEF","0","500000","0","0","500000","0","",""
"906001108971","NPL-15/H/80394/R/5271","ACF - France","0","875000","0","0","875000","0","",""
"906001108973","NPL-15/H/80787/R/8502","WVI","0","189755","0","0","189755","0","",""
"906001108975","NPL-15/H/80398/R/5271","ACF - France","0","400000","0","0","400000","0","",""
"906001108977","NPL-15/P-HR-RL/80081/R/6491","UN Agencies, NGOs and/or Red Cross","11300000","0","0","0","0","0","",""
"906001108979","NPL-15/P-HR-RL/80207/R/6079","SC ","0","500000","455120","0.91024","44880","0","Denmark|Sweden","Save the Children "
"906001108981","NPL-15/P-HR-RL/80239/R/5025","OHCHR","0","292661","0","0","292661","0","",""
"906001108983","NPL-15/P-HR-RL/80243/R/120","UNHCR","0","235400","3975905","16.889995","-3740505","0","Private (individuals & organisations)","United Nations High Commissioner for Refugees"
"906001108985","NPL-15/P-HR-RL/80281/R/5524","Plan","0","699400","0","0","699400","0","",""
"906001108987","NPL-15/P-HR-RL/80298/R/7468","CARE Nepal","0","500000","0","0","500000","0","",""
"906001108989","NPL-15/P-HR-RL/80350/R/124","UNICEF","0","3300000","5328615","1.614731","-2028615","0","Central Emergency Response Fund|Denmark|IDeA Foundation|Spain|United Nations Children's Fund","United Nations Children's Fund"
"906001108991","NPL-15/P-HR-RL/80353/R/17165","APE","0","183080","0","0","183080","0","",""
"906001108993","NPL-15/P-HR-RL/80373/R/14812","UN Women","0","1500000","0","0","1500000","0","",""
"906001108995","NPL-15/P-HR-RL/80374/R/1171","UNFPA","0","4729400","2134969","0.451424","2594431","0","Allocation of unearmarked funds by OCHA|Australia|Australia|Central Emergency Response Fund|Japan|Switzerland|United Kingdom ","United Nations Population Fund"
"906001108997","NPL-15/P-HR-RL/80391/R/17160","WHR","0","18400","0","0","18400","0","",""
"906001108999","NPL-15/P-HR-RL/80393/R/8502","WVI","0","565934","0","0","565934","0","",""
"906001109001","NPL-15/P-HR-RL/80406/R/17158","WOREC","0","23600","0","0","23600","0","",""
"906001109003","NPL-15/P-HR-RL/80408/R/298","IOM","0","300010","320366","1.067851","-20356","0","Australia","International Organization for Migration"
"906001109005","NPL-15/P-HR-RL/80444/R/5157","TEARFUND","0","97030","0","0","97030","0","",""
"906001109007","NPL-15/P-HR-RL/80449/R/7998","WCDO","0","70000","0","0","70000","0","",""
"906001109009","NPL-15/P-HR-RL/80467/R/5349","HI","0","300000","0","0","300000","0","",""
"906001109011","NPL-15/S-NF/80078/R/6491","UN Agencies, NGOs and/or Red Cross","50000000","0","0","0","0","0","",""
"906001109013","NPL-15/S-NF/80151/R/8502","WVI","0","2965000","441863","0.149026","2523137","0","Canada|Ireland","World Vision International"
"906001109015","NPL-15/S-NF/80214/R/5095","MEDAIR","0","2405000","499985","0.207893","1905015","0","Liechtenstein|United States of America","MEDAIR"
"906001109017","NPL-15/S-NF/80226/R/7039","UN-HABITAT","0","9750000","800000","0.082051","8950000","0","Japan","United Nations Human Settlements Programme (UN-HABITAT)"
"906001109019","NPL-15/S-NF/80242/R/120","UNHCR","0","2088640","262500","0.125679","1826140","0","Private (individuals & organisations)","United Nations High Commissioner for Refugees"
"906001109021","NPL-15/S-NF/80255/R/5120","OXFAM GB","0","9180000","7022077","0.764932","2157923","0","European Commission's Humanitarian Aid and Civil Protection Department|Private (individuals & organisations)|Private (individuals & organisations)|United Kingdom |United States of America|Various Donors (details not yet provided)|Various Donors (details not yet provided)","OXFAM GB"
"906001109023","NPL-15/S-NF/80257/R/6579","ADRA ","0","1245100","1391211","1.117348","-146111","0","Denmark|European Commission's Humanitarian Aid and Civil Protection Department|Japan","Adventist Development and Relief Agency "
"906001109025","NPL-15/S-NF/80289/R/5162","Mercy Corps","0","1697708","1847458","1.088207","-149750","0","United Kingdom |United States of America","Mercy Corps "
"906001109027","NPL-15/S-NF/80319/R/6079","SC ","0","11294156","8669985","0.767652","2624171","114068","Canada|European Commission's Humanitarian Aid and Civil Protection Department|Finland|Norway|Private (individuals & organisations)|United Kingdom |United States of America","Save the Children "
"906001109029","NPL-15/S-NF/80339/R/6116","Samaritan's Purse","0","5995000","1035876","0.172789","4959124","0","Canada|Canada","Samaritan's Purse"
"906001109031","NPL-15/S-NF/80347/R/6631","HELVETAS","0","203700","0","0","203700","0","",""
"906001109031","NPL-15/S-NF/80347/R/6686","PIN","0","455000","0","0","455000","0","",""
"906001109033","NPL-15/S-NF/80349/R/5349","HI","0","1120155","462250","0.412666","657905","0","United Kingdom ","Handicap International"
"906001109035","NPL-15/S-NF/80376/R/7250","HFHI","0","1630000","0","0","1630000","0","",""
"906001109037","NPL-15/S-NF/80390/R/5527","ACT/NCA","0","663000","0","0","663000","0","",""
"906001109039","NPL-15/S-NF/80395/R/298","IOM","0","23900000","12833434","0.536963","11066566","0","Central Emergency Response Fund|Community Chest Korea|Japan|Norway|United Kingdom |United Kingdom |United States of America|United States of America","International Organization for Migration"
"906001109041","NPL-15/S-NF/80417/R/5157","TEARFUND","0","3410656","0","0","3410656","0","",""
"906001109043","NPL-15/S-NF/80419/R/5932","CECI","0","174648","316206","1.810533","-141558","0","Canada","Centre canadien d'étude et de coopération internationale (CECI)"
"906001109043","NPL-15/S-NF/80419/R/6458","ACTED","0","5646967","4360562","0.772195","1286405","0","European Commission's Humanitarian Aid and Civil Protection Department|European Commission's Humanitarian Aid and Civil Protection Department|United States of America|United States of America","Agency for Technical Cooperation and Development"
"906001109045","NPL-15/S-NF/80434/R/5524","Plan","0","1833332","3237349","1.765828","-1404017","0","Canada|European Commission's Humanitarian Aid and Civil Protection Department|Ireland|Ireland|United States of America","Plan International"
"906001109047","NPL-15/S-NF/80442/R/7468","CARE Nepal","0","2580000","3385958","1.312386","-805958","0","Canada|Norway|United Kingdom |United States of America","CARE Nepal"
"906001109049","NPL-15/S-NF/80458/R/5613","Good Neighbours Inc","0","1440250","0","0","1440250","0","",""
"906001109051","NPL-15/S-NF/80472/R/17169","Lumanti","0","900000","0","0","900000","0","",""
"906001109053","NPL-15/S-NF/80780/R/8486","ASIA Onlus","0","423897","0","0","423897","0","",""
"906001109055","NPL-15/S-NF/80808/R/8454","AAIN","0","1086077","0","0","1086077","0","",""
"906001109057","NPL-15/S-NF/80811/R/7039","UN-HABITAT","0","317683","0","0","317683","0","",""
"906001109059","NPL-15/S-NF/80814/R/7465","ACT/LWF Nepal","0","500000","0","0","500000","0","",""
"906001109061","NPL-15/S-NF/80816/R/6971","RI","0","1060300","553097","0.521641","507203","0","European Commission's Humanitarian Aid and Civil Protection Department","Relief International"
"906001109063","NPL-15/S-NF/80833/R/8081","PWJ","0","460000","514265","1.117967","-54265","0","Japan","Peace Winds Japan"
"906001109065","NPL-15/S-NF/80834/R/16018","HELP e.V.","0","457641","0","0","457641","0","",""
"906001109067","NPL-15/S-NF/80836/R/5370","Muslim Aid","0","1390000","0","0","1390000","0","",""
"906001109069","NPL-15/S-NF/80842/R/16094","SOS-A","0","285000","0","0","285000","0","",""
"906001109071","NPL-15/S-NF/80865/R/5633","Solidarités","0","300000","0","0","300000","0","",""
"906001109073","NPL-15/S-NF/80885/R/5271","ACF - France","0","1200000","765027","0.637522","434973","0","European Commission's Humanitarian Aid and Civil Protection Department","ACF - France"
"906001109075","NPL-15/S-NF/80893/R/17190","SABAH Nepal","0","202028","0","0","202028","0","",""
"906001109077","NPL-15/WS/80079/R/6491","UN Agencies, NGOs and/or Red Cross","63000000","0","0","0","0","0","",""
"906001109079","NPL-15/WS/80250/R/5120","OXFAM GB","0","4873772","3550227","0.728435","1323545","612240","Australia|Canada|Ireland|Netherlands|Private (individuals & organisations)|Private (individuals & organisations)|United Kingdom |Various Donors (details not yet provided)|Various Donors (details not yet provided)|Various Donors (details not yet provided)","OXFAM GB"
"906001109081","NPL-15/WS/80256/R/8498","CW","0","650000","165929","0.255275","484071","0","Ireland","Concern Worldwide"
"906001109083","NPL-15/WS/80290/R/124","UNICEF","0","24930000","14027252","0.562665","10902748","0","Central Emergency Response Fund|United Nations Children's Fund","United Nations Children's Fund"
"906001109085","NPL-15/WS/80296/R/8502","WVI","0","1965000","0","0","1965000","0","",""
"906001109087","NPL-15/WS/80313/R/124","UNICEF","0","500000","0","0","500000","0","",""
"906001109089","NPL-15/WS/80325/R/5328","ACT/DCA","0","478497","683607","1.428654","-205110","0","European Commission's Humanitarian Aid and Civil Protection Department","ACT Alliance / DanChurchAid"
"906001109089","NPL-15/WS/80325/R/5527","ACT/NCA","0","3008013","1983602","0.659439","1024411","0","Norway","ACT Alliance / Norwegian Church Aid"
"906001109091","NPL-15/WS/80331/R/16494","ACTPIN","0","0","0","0","0","0","",""
"906001109093","NPL-15/WS/80341/R/5932","CECI","0","250000","239617","0.958468","10383","0","Canada","Centre canadien d'étude et de coopération internationale (CECI)"
"906001109093","NPL-15/WS/80341/R/6458","ACTED","0","550000","500000","0.90909","50000","0","United States of America","Agency for Technical Cooperation and Development"
"906001109095","NPL-15/WS/80342/R/6686","PIN","0","689000","0","0","689000","0","",""
"906001109097","NPL-15/WS/80370/R/5271","ACF - France","0","1000000","580585","0.580585","419415","0","Sweden","ACF - France"
"906001109099","NPL-15/WS/80371/R/5766","ME","0","323094","395652","1.224572","-72558","0","Denmark|European Commission's Humanitarian Aid and Civil Protection Department","Mission East"
"906001109101","NPL-15/WS/80387/R/6079","SC ","0","2962500","0","0","2962500","0","",""
"906001109103","NPL-15/WS/80405/R/6116","Samaritan's Purse","0","4308424","0","0","4308424","0","",""
"906001109105","NPL-15/WS/80411/R/122","WHO","0","0","0","0","0","0","",""
"906001109107","NPL-15/WS/80422/R/5524","Plan","0","1009200","52910","0.052427","956290","0","Ireland","Plan International"
"906001109109","NPL-15/WS/80430/R/8486","ASIA Onlus","0","0","0","0","0","0","",""
"906001109109","NPL-15/WS/80430/R/8857","SNV","0","0","0","0","0","0","",""
"906001109111","NPL-15/WS/80432/R/7468","CARE Nepal","0","3000000","599042","0.19968","2400958","0","Canada","CARE Nepal"
"906001109113","NPL-15/WS/80436/R/6579","ADRA ","0","1049100","0","0","1049100","0","",""
"906001109115","NPL-15/WS/80439/R/5157","TEARFUND","0","253439","0","0","253439","0","",""
"906001109117","NPL-15/WS/80443/R/7998","WCDO","0","0","0","0","0","0","",""
"906001109119","NPL-15/WS/80448/R/7039","UN-HABITAT","0","8518375","0","0","8518375","0","",""
"906001109121","NPL-15/WS/80453/R/16407","BBC Media Action","0","200000","199603","0.998015","397","0","United States of America","BBC Media Action"
"906001109121","NPL-15/WS/80453/R/6971","RI","0","600000","0","0","600000","0","",""
"906001109123","NPL-15/WS/80483/R/5527","ACT/NCA","0","0","0","0","0","0","",""
"906001109125","NPL-15/WS/80505/R/8974","DEPROSC Nepal","0","0","0","0","0","0","",""
"906001109127","NPL-15/WS/80512/R/8975","SAPPROS-Nepal","0","0","0","0","0","0","",""
"906001109129","NPL-15/WS/80862/R/5633","Solidarités","0","220000","0","0","220000","0","",""
"906001109131","NPL-15/WS/80866/R/8486","ASIA Onlus","0","132132","0","0","132132","0","",""
"906001109133","NPL-15/WS/80874/R/17187","KIRDARC","0","1050000","0","0","1050000","0","",""
"906001109135","NPL-15/WS/80945/R/122","WHO","0","465000","0","0","465000","0","",""
