transaction_year	value	donor	donor_iso3	donor_id
1977	0.0001257298	Taiwan	TWN	3298046
1978	0.0001747413	Taiwan	TWN	3298046
1979	0.0002327904	Taiwan	TWN	3298046
1980	0.0003077121	Taiwan	TWN	3298046
1981	0.000393491	Taiwan	TWN	3298046
1982	0.0005135325	Taiwan	TWN	3298046
1983	0.0007140543	Taiwan	TWN	3298046
1984	0.0010259912	Taiwan	TWN	3298046
1985	0.0014161221	Taiwan	TWN	3298046
1986	0.0021770857	Taiwan	TWN	3298046
1987	0.0037148352	Taiwan	TWN	3298046
1988	0.0051427436	Taiwan	TWN	3298046
1989	0.0076391891	Taiwan	TWN	3298046
1990	0.0102360869	Taiwan	TWN	3298046
1991	0.015036597	Taiwan	TWN	3298046
1992	0.0214661622	Taiwan	TWN	3298046
1993	0.0289128719	Taiwan	TWN	3298046
1994	0.0416372805	Taiwan	TWN	3298046
1995	0.0570855447	Taiwan	TWN	3298046
1996	0.0805910307	Taiwan	TWN	3298046
1997	0.0977503979	Taiwan	TWN	3298046
1998	0.1451207383	Taiwan	TWN	3298046
1999	0.2175625438	Taiwan	TWN	3298046
2000	0.2984077349	Taiwan	TWN	3298046
2001	0.4159326987	Taiwan	TWN	3298046
2002	0.6423395607	Taiwan	TWN	3298046
1992	0.7133484569	Lithuania	LTU	81
1992	0.9300534582	Latvia	LVA	79
2003	0.9992481827	Taiwan	TWN	3298046
1990	1.1204285283	Brazil	BRA	75
1993	1.3475694334	Brazil	BRA	75
1994	1.6306762371	Brazil	BRA	75
2004	1.6388402591	Taiwan	TWN	3298046
1989	2.0627227355	Brazil	BRA	75
1992	2.4724697787	Brazil	BRA	75
2005	2.4881294719	Taiwan	TWN	3298046
1964	2.9354113416	Brazil	BRA	75
1988	2.9660914228	Brazil	BRA	75
1993	3.0342302265	Lithuania	LTU	81
1962	3.1238798234	Brazil	BRA	75
1961	3.415984756	Brazil	BRA	75
1965	3.7534398128	Brazil	BRA	75
1963	3.7658603788	Brazil	BRA	75
2006	4.0381975583	Taiwan	TWN	3298046
1975	4.0383655259	Chile	CHL	3250264
1963	4.1950896092	Kuwait	KWT	61
1964	4.2062936108	Kuwait	KWT	61
1965	4.2176168621	Kuwait	KWT	61
1966	4.2477779455	Kuwait	KWT	61
1969	4.2890656744	Kuwait	KWT	61
1968	4.3006997259	Kuwait	KWT	61
1967	4.3121903973	Kuwait	KWT	61
1970	4.3416846641	Kuwait	KWT	61
1960	4.364688	Switzerland	CHE	47
1974	4.3703548226	Chile	CHL	3250264
1971	4.3793171223	Kuwait	KWT	61
1961	4.54161	Switzerland	CHE	47
1962	4.800806	Switzerland	CHE	47
1966	4.8596800085	Brazil	BRA	75
1963	5.036683	Switzerland	CHE	47
1985	5.0729217676	Brazil	BRA	75
1960	5.159498	Spain	ESP	45
1961	5.249771	Spain	ESP	45
1964	5.307114	Switzerland	CHE	47
1991	5.3365282811	Brazil	BRA	75
1984	5.4415362015	Brazil	BRA	75
1965	5.497946	Switzerland	CHE	47
1962	5.530562	Spain	ESP	45
1967	5.6468032937	Brazil	BRA	75
1960	5.648456	Norway	NOR	40
1968	5.723977916	Brazil	BRA	75
1966	5.766735	Switzerland	CHE	47
1961	5.790838	Norway	NOR	40
1972	5.928130006	Kuwait	KWT	61
1960	5.929545	Japan	JPN	30
1963	5.964397	Spain	ESP	45
1967	6.023994	Switzerland	CHE	47
1969	6.0426870706	Brazil	BRA	75
1962	6.070923	Norway	NOR	40
1992	6.0739628144	Romania	ROU	91605924
1968	6.220333	Switzerland	CHE	47
1963	6.266626	Norway	NOR	40
1960	6.344636	Denmark	DNK	12
1960	6.375551	Netherlands	NLD	37
1961	6.381458	Japan	JPN	30
1969	6.3868	Switzerland	CHE	47
1964	6.405621	Spain	ESP	45
1970	6.4813283215	Brazil	BRA	75
1987	6.5237636905	Brazil	BRA	75
1964	6.555019	Norway	NOR	40
1971	6.5929350584	Brazil	BRA	75
1976	6.6025241953	Chile	CHL	3250264
1961	6.604942	Denmark	DNK	12
1973	6.6727695703	Kuwait	KWT	61
1962	6.673864	Japan	JPN	30
1970	6.692738	Switzerland	CHE	47
1984	6.7196944563	Israel	ISR	3291156
1961	6.78032	Netherlands	NLD	37
1969	6.8072067941	Saudi Arabia	SAU	60
1965	6.875017	Norway	NOR	40
1970	6.8764133535	Saudi Arabia	SAU	60
1971	6.881265655	Saudi Arabia	SAU	60
1960	6.900337	Austria	AUT	6
2007	6.943226349	Taiwan	TWN	3298046
1965	6.991325	Spain	ESP	45
1963	7.007591	Japan	JPN	30
1973	7.0357145864	Chile	CHL	3250264
1962	7.049567	Denmark	DNK	12
1972	7.0646007866	Brazil	BRA	75
1962	7.070339	Netherlands	NLD	37
1966	7.148457	Norway	NOR	40
1961	7.167612	Luxembourg	LUX	31
1960	7.228468	Italy	ITA	28
1961	7.242521	Austria	AUT	6
1983	7.2553073458	Brazil	BRA	75
1967	7.360601	Norway	NOR	40
1993	7.3854990063	Romania	ROU	91605924
1964	7.403704	Japan	JPN	30
1963	7.408375	Netherlands	NLD	37
1961	7.427149	Italy	ITA	28
1960	7.439652	Luxembourg	LUX	31
1968	7.44711	Spain	ESP	45
1963	7.453764	Denmark	DNK	12
1962	7.461792	Luxembourg	LUX	31
1962	7.549639	Austria	AUT	6
1966	7.558617	Spain	ESP	45
1986	7.6406475919	Brazil	BRA	75
1960	7.645808	Australia	AUS	5
1971	7.651882	Switzerland	CHE	47
1963	7.680637	Luxembourg	LUX	31
1968	7.694189	Norway	NOR	40
1961	7.709577	Australia	AUS	5
1960	7.730957	Portugal	PRT	43
1962	7.766457	Australia	AUS	5
1974	7.7704683109	Kuwait	KWT	61
1964	7.783818	Denmark	DNK	12
1965	7.805554	Japan	JPN	30
1960	7.809664	Greece	GRC	74
1963	7.813731	Austria	AUT	6
1969	7.825963	Spain	ESP	45
1962	7.860875	Italy	ITA	28
1962	7.880297	Portugal	PRT	43
1961	7.881624	Portugal	PRT	43
1961	7.895282	Greece	GRC	74
1963	8.012787	Australia	AUS	5
1969	8.015441	Norway	NOR	40
1967	8.048264	Spain	ESP	45
1963	8.048589	Portugal	PRT	43
1964	8.050581	Netherlands	NLD	37
1964	8.063849	Austria	AUT	6
1960	8.080319	Germany	DEU	53
1964	8.147503	Luxembourg	LUX	31
1973	8.1536030044	Brazil	BRA	75
1964	8.170196	Portugal	PRT	43
1985	8.201000227	Israel	ISR	3291156
1966	8.204372	Japan	JPN	30
1964	8.229775	Australia	AUS	5
1960	8.244925	Ireland	IRL	29
1962	8.265585	Greece	GRC	74
1970	8.299608	Spain	ESP	45
1991	8.3023125879	Romania	ROU	91605924
1963	8.357379	Greece	GRC	74
1965	8.363505	Denmark	DNK	12
1972	8.3937707478	Saudi Arabia	SAU	60
1965	8.39397	Luxembourg	LUX	31
1961	8.439669	Ireland	IRL	29
1965	8.451468	Australia	AUS	5
1965	8.496818	Portugal	PRT	43
1965	8.511666	Austria	AUT	6
1963	8.514729	Italy	ITA	28
1965	8.530863	Netherlands	NLD	37
1968	8.6016720211	Hungary	HUN	78
1961	8.630842	New Zealand	NZL	38
1964	8.642008	Greece	GRC	74
1967	8.657562	Japan	JPN	30
1966	8.690147	Luxembourg	LUX	31
1966	8.731955	Australia	AUS	5
1967	8.753169	Luxembourg	LUX	31
1961	8.778944	Germany	DEU	53
1966	8.815599	Austria	AUT	6
1960	8.857042	New Zealand	NZL	38
1962	8.866981	Ireland	IRL	29
1966	8.942985	Portugal	PRT	43
1966	8.944138	Denmark	DNK	12
1969	8.9765606186	Hungary	HUN	78
1966	8.978231	Netherlands	NLD	37
1965	8.994444	Greece	GRC	74
1967	9.008961	Australia	AUS	5
1971	9.011025	Spain	ESP	45
1974	9.0232819784	Brazil	BRA	75
1964	9.025301	Italy	ITA	28
1970	9.039065	Norway	NOR	40
1972	9.053311	Switzerland	CHE	47
1969	9.056717	New Zealand	NZL	38
1960	9.075769	Finland	FIN	17
1968	9.075866	Denmark	DNK	12
1963	9.080201	Ireland	IRL	29
1960	9.095066	Belgium	BEL	7
1967	9.117465	Austria	AUT	6
1962	9.129864	New Zealand	NZL	38
1968	9.146594	Luxembourg	LUX	31
1963	9.1586649218	Colombia	COL	76
1962	9.169048	Germany	DEU	53
1968	9.174691	New Zealand	NZL	38
1961	9.20027	Belgium	BEL	7
1968	9.202811	Japan	JPN	30
1967	9.22076	Denmark	DNK	12
1967	9.283767	Portugal	PRT	43
1970	9.3313363219	Hungary	HUN	78
1968	9.342266	Australia	AUS	5
1962	9.369856	Belgium	BEL	7
1967	9.378232	Netherlands	NLD	37
1965	9.397942	Italy	ITA	28
1968	9.405592	Austria	AUT	6
1966	9.437099	Greece	GRC	74
1968	9.461184	Portugal	PRT	43
1963	9.478694	Germany	DEU	53
1963	9.490713	New Zealand	NZL	38
1971	9.5170658487	Hungary	HUN	78
1973	9.5348263305	Saudi Arabia	SAU	60
1961	9.560538	Finland	FIN	17
1966	9.5802978892	Colombia	COL	76
1969	9.592622	Luxembourg	LUX	31
1966	9.61388	Italy	ITA	28
1963	9.634421	Belgium	BEL	7
1967	9.641865	Greece	GRC	74
1969	9.670633	Denmark	DNK	12
1966	9.674694	New Zealand	NZL	38
1968	9.70938	Netherlands	NLD	37
1969	9.715459	Japan	JPN	30
1969	9.731532	Austria	AUT	6
1960	9.74315	France	FRA	18
1971	9.751361	Norway	NOR	40
1968	9.784292	Greece	GRC	74
1964	9.795818	Germany	DEU	53
1964	9.829724	New Zealand	NZL	38
1969	9.85991	Australia	AUS	5
1961	9.860663629	South Africa	ZAF	84
1968	9.886641536	Colombia	COL	76
1967	9.887001	Italy	ITA	28
1964	9.92676	Ireland	IRL	29
1962	9.940487	Finland	FIN	17
1962	9.9849794111	South Africa	ZAF	84
1980	9.9899903106	Brazil	BRA	75
1968	9.991159	Ireland	IRL	29
1961	10.039631	France	FRA	18
1963	10.0442255151	South Africa	ZAF	84
1968	10.069824	Italy	ITA	28
1969	10.095554	Greece	GRC	74
1964	10.106672	Belgium	BEL	7
1965	10.108857	Germany	DEU	53
1970	10.137231	New Zealand	NZL	38
1969	10.1402054568	Colombia	COL	76
1975	10.162651138	Brazil	BRA	75
1969	10.204294	Portugal	PRT	43
1967	10.239734	New Zealand	NZL	38
1967	10.2493593205	Colombia	COL	76
1965	10.250812	New Zealand	NZL	38
1970	10.260757	Austria	AUT	6
1970	10.276069	Australia	AUS	5
1970	10.2871051045	Colombia	COL	76
1960	10.315576	Sweden	SWE	46
1976	10.3585256429	Brazil	BRA	75
1964	10.3783733693	South Africa	ZAF	84
1965	10.382865	Ireland	IRL	29
1963	10.387507	Finland	FIN	17
1970	10.389099	Japan	JPN	30
1970	10.394485	Portugal	PRT	43
1969	10.399183	Netherlands	NLD	37
1969	10.412637	Italy	ITA	28
1966	10.445686	Germany	DEU	53
1993	10.4723057421	Latvia	LVA	79
1970	10.479116	Greece	GRC	74
1972	10.5267565986	Hungary	HUN	78
1965	10.5545433017	South Africa	ZAF	84
1962	10.556574	France	FRA	18
1970	10.569032	Denmark	DNK	12
1972	10.576871	Spain	ESP	45
1966	10.5882032828	South Africa	ZAF	84
1981	10.5920981384	Brazil	BRA	75
1961	10.620643	Sweden	SWE	46
1967	10.643521	Germany	DEU	53
1971	10.6494010664	Colombia	COL	76
1965	10.657186	Belgium	BEL	7
1961	10.6798504995	Colombia	COL	76
1972	10.7577168243	Colombia	COL	76
1960	10.773383	United Kingdom	GBR	51
1971	10.790877	Greece	GRC	74
1966	10.834932	Ireland	IRL	29
1968	10.873864	Germany	DEU	53
1969	10.885954	Ireland	IRL	29
1960	10.96092	Iceland	ISL	3270662
1967	10.986684	Ireland	IRL	29
1972	10.991435	Norway	NOR	40
1971	11.0241226974	Israel	ISR	3291156
1961	11.040496	United Kingdom	GBR	51
1967	11.0528443353	South Africa	ZAF	84
1966	11.055151	Belgium	BEL	7
1971	11.062251	Portugal	PRT	43
1970	11.063129	Netherlands	NLD	37
1962	11.072758	Sweden	SWE	46
1974	11.0884705617	Saudi Arabia	SAU	60
1994	11.1028488267	Romania	ROU	91605924
1970	11.129238	Italy	ITA	28
1963	11.13625	France	FRA	18
1964	11.136673	Finland	FIN	17
1970	11.147234	Luxembourg	LUX	31
1962	11.1559957791	Israel	ISR	3291156
1971	11.158204	Australia	AUS	5
1962	11.206483356	Colombia	COL	76
1963	11.2289058583	Chile	CHL	3250264
1973	11.2420389666	Colombia	COL	76
1971	11.24237	Japan	JPN	30
1961	11.251697	Iceland	ISL	3270662
1968	11.270944	Finland	FIN	17
1965	11.282069861	Colombia	COL	76
1971	11.298237	Luxembourg	LUX	31
1964	11.3037971776	Colombia	COL	76
1963	11.305974	Sweden	SWE	46
1971	11.314756	Austria	AUT	6
1972	11.33545	Greece	GRC	74
1964	11.3606065844	Chile	CHL	3250264
1982	11.3859098434	Brazil	BRA	75
1962	11.420413	United Kingdom	GBR	51
1967	11.441458	Belgium	BEL	7
1971	11.48114	Denmark	DNK	12
1968	11.5034064837	South Africa	ZAF	84
1969	11.520159	Germany	DEU	53
1963	11.527832	United Kingdom	GBR	51
1962	11.528588	Canada	CAN	8
1977	11.5390797797	Brazil	BRA	75
1964	11.609067	France	FRA	18
1962	11.630649	Iceland	ISL	3270662
1971	11.652681	New Zealand	NZL	38
1963	11.671322	Canada	CAN	8
1968	11.685691	Belgium	BEL	7
1965	11.697172	Finland	FIN	17
1963	11.7449998249	Israel	ISR	3291156
1969	11.745108	Finland	FIN	17
1973	11.798641	Switzerland	CHE	47
1968	11.841955	United Kingdom	GBR	51
1964	11.861212	United Kingdom	GBR	51
1969	11.8807634833	Israel	ISR	3291156
1964	11.889133	Sweden	SWE	46
1969	11.9470649919	South Africa	ZAF	84
1965	11.960566	France	FRA	18
1970	11.973603	Ireland	IRL	29
1961	11.977668	Canada	CAN	8
1964	12.000289	Canada	CAN	8
1997	12.0267402325	Romania	ROU	91605924
1968	12.0493701843	Israel	ISR	3291156
1971	12.069721	Italy	ITA	28
1970	12.0704115423	Israel	ISR	3291156
1969	12.108237	Belgium	BEL	7
1973	12.1311697855	Hungary	HUN	78
1965	12.1581614132	Chile	CHL	3250264
1970	12.183229	Finland	FIN	17
1966	12.246349	Finland	FIN	17
1974	12.2500950332	Colombia	COL	76
1966	12.279467	France	FRA	18
2008	12.3109005088	Taiwan	TWN	3298046
1967	12.341727	Finland	FIN	17
1971	12.370852	Netherlands	NLD	37
1972	12.3981423878	Israel	ISR	3291156
1965	12.434018	Canada	CAN	8
1969	12.439611	United Kingdom	GBR	51
1960	12.450608	Canada	CAN	8
1972	12.45564	Portugal	PRT	43
1979	12.489636358	Brazil	BRA	75
1965	12.505249	United Kingdom	GBR	51
1972	12.544543	Australia	AUS	5
1969	12.574168	Iceland	ISL	3270662
1965	12.584808	Sweden	SWE	46
1963	12.59928	Iceland	ISL	3270662
1967	12.636179	France	FRA	18
1964	12.6483686768	Israel	ISR	3291156
1968	12.671232792	Chile	CHL	3250264
1970	12.800371	Belgium	BEL	7
1970	12.8588685659	South Africa	ZAF	84
1975	12.9434254976	Colombia	COL	76
1966	12.999064	United Kingdom	GBR	51
1972	13.0385882638	Chile	CHL	3250264
1974	13.0421361589	Hungary	HUN	78
1966	13.063028	Canada	CAN	8
1973	13.081919	Spain	ESP	45
1967	13.09039	United Kingdom	GBR	51
1968	13.1135	France	FRA	18
1971	13.120761	Finland	FIN	17
1972	13.12178	Austria	AUT	6
1980	13.1349321457	Israel	ISR	3291156
1966	13.1508166796	Israel	ISR	3291156
1972	13.195587	Luxembourg	LUX	31
1978	13.2031618069	Brazil	BRA	75
1972	13.2054759323	South Africa	ZAF	84
1970	13.292653	France	FRA	18
1966	13.32775	Sweden	SWE	46
1965	13.3368291016	Israel	ISR	3291156
1970	13.354775	Germany	DEU	53
1972	13.358142	Denmark	DNK	12
1970	13.367901	United Kingdom	GBR	51
1971	13.3921552237	South Africa	ZAF	84
1969	13.403468	France	FRA	18
1974	13.423505	Switzerland	CHE	47
1972	13.448966	Japan	JPN	30
1994	13.4598805248	Lithuania	LTU	81
1971	13.497455	Ireland	IRL	29
1969	13.5307654396	Chile	CHL	3250264
1972	13.566463	Italy	ITA	28
1967	13.6218	Canada	CAN	8
1972	13.64323	New Zealand	NZL	38
1973	13.694698	Norway	NOR	40
1975	13.7031125899	Hungary	HUN	78
1967	13.734590206	Chile	CHL	3250264
1971	13.812058	Belgium	BEL	7
1981	13.8223224235	Israel	ISR	3291156
1973	13.872123	Greece	GRC	74
1978	13.9107464556	Israel	ISR	3291156
1967	13.9125316737	Israel	ISR	3291156
1973	13.9238427885	Israel	ISR	3291156
1983	14.027270791	Israel	ISR	3291156
1977	14.0320595749	Chile	CHL	3250264
1966	14.0676460943	Chile	CHL	3250264
1967	14.070074	Sweden	SWE	46
1971	14.123249	France	FRA	18
1968	14.141693	Canada	CAN	8
1976	14.1808796347	Colombia	COL	76
1972	14.381932	Finland	FIN	17
1968	14.389596	Sweden	SWE	46
1961	14.40413745	Chile	CHL	3250264
1970	14.4783633662	Chile	CHL	3250264
1976	14.6355584731	Hungary	HUN	78
1970	14.640607	Iceland	ISL	3270662
1964	14.641113	Iceland	ISL	3270662
1982	14.7099108507	Israel	ISR	3291156
1972	14.738935	Netherlands	NLD	37
1969	14.794985	Canada	CAN	8
1971	14.860844	United Kingdom	GBR	51
1969	14.875998	Sweden	SWE	46
1971	15.004896	Germany	DEU	53
1979	15.0279587434	Israel	ISR	3291156
1968	15.034711	Iceland	ISL	3270662
1973	15.109947	Portugal	PRT	43
1974	15.305592	Spain	ESP	45
1973	15.36177	Italy	ITA	28
1962	15.3708989172	Chile	CHL	3250264
1975	15.5767542655	Israel	ISR	3291156
1970	15.596906	Sweden	SWE	46
1972	15.644295	Ireland	IRL	29
1977	15.7116891938	Hungary	HUN	78
1974	15.845088	Norway	NOR	40
1977	15.9537517214	Israel	ISR	3291156
1970	15.994917	Canada	CAN	8
1972	16.218385	Belgium	BEL	7
1973	16.2393111481	South Africa	ZAF	84
1972	16.38488	United Kingdom	GBR	51
1960	16.405704	United States	USA	52
1974	16.4149561325	Israel	ISR	3291156
1972	16.477607	France	FRA	18
1965	16.488936	Iceland	ISL	3270662
1974	16.51764	Italy	ITA	28
1971	16.523494	Iceland	ISL	3270662
1961	16.5488045176	Israel	ISR	3291156
1961	16.589485	United States	USA	52
1975	16.590587	Switzerland	CHE	47
1973	16.7253	Luxembourg	LUX	31
1973	16.725737	Austria	AUT	6
1977	16.7700426567	Colombia	COL	76
1962	16.815485	United States	USA	52
1974	16.829492	Greece	GRC	74
1976	16.84099037	Israel	ISR	3291156
1973	16.953341	Australia	AUS	5
1971	16.961326	Sweden	SWE	46
1963	16.994856	United States	USA	52
1976	17.027534	New Zealand	NZL	38
1971	17.106629	Canada	CAN	8
1973	17.189559	Denmark	DNK	12
1973	17.195513	Japan	JPN	30
1975	17.214153	New Zealand	NZL	38
1973	17.219556	New Zealand	NZL	38
1972	17.242838	Germany	DEU	53
1973	17.247083	United Kingdom	GBR	51
1964	17.257868	United States	USA	52
1976	17.3048494698	Cyprus	CYP	91609235
1974	17.341281	Portugal	PRT	43
1978	17.361743336	Hungary	HUN	78
1965	17.572139	United States	USA	52
1976	17.604647	Switzerland	CHE	47
1974	17.679607	New Zealand	NZL	38
1973	17.684656	Ireland	IRL	29
1976	17.722128	Italy	ITA	28
1975	17.835306	Greece	GRC	74
1973	17.905107	Finland	FIN	17
1974	17.914426	Ireland	IRL	29
1961	17.9253344651	Thailand	THA	85
1976	17.92933	Spain	ESP	45
1975	17.947125	Spain	ESP	45
1966	18.070056	United States	USA	52
1976	18.206559	Greece	GRC	74
1966	18.213298	Iceland	ISL	3270662
1967	18.222965	Iceland	ISL	3270662
1975	18.23678	Norway	NOR	40
1977	18.355014	Switzerland	CHE	47
1973	18.454578	Netherlands	NLD	37
1984	18.4778244051	Hungary	HUN	78
1972	18.479651	Canada	CAN	8
1967	18.626411	United States	USA	52
1964	18.7002493448	Thailand	THA	85
1962	18.7470894505	Thailand	THA	85
1977	18.802961552	Cyprus	CYP	91609235
1976	18.810834	Norway	NOR	40
1971	18.8165375392	Chile	CHL	3250264
1985	18.8334713249	Hungary	HUN	78
1974	18.883583	United Kingdom	GBR	51
1963	18.8936856045	Thailand	THA	85
1975	19.167128	Italy	ITA	28
1979	19.1781487864	Hungary	HUN	78
1974	19.19762	Austria	AUT	6
1965	19.2009964079	Thailand	THA	85
1996	19.2535585071	Romania	ROU	91605924
1974	19.265936	Denmark	DNK	12
1974	19.328679	Japan	JPN	30
1968	19.41815	United States	USA	52
1994	19.4188131092	Latvia	LVA	79
1977	19.419367	New Zealand	NZL	38
1972	19.461108	Sweden	SWE	46
1977	19.476691	Spain	ESP	45
1977	19.55921	Portugal	PRT	43
1974	19.568089	Luxembourg	LUX	31
1972	19.581964	Iceland	ISL	3270662
1973	19.616028	Belgium	BEL	7
1974	19.6252848781	South Africa	ZAF	84
1976	19.625673	Portugal	PRT	43
1978	19.6451344564	Chile	CHL	3250264
1976	19.670161535	South Africa	ZAF	84
1983	19.8203754856	Hungary	HUN	78
1977	19.835837	Italy	ITA	28
1984	19.90329	Portugal	PRT	43
1975	19.972481	Portugal	PRT	43
1976	20.005562	Ireland	IRL	29
1966	20.0298229282	Thailand	THA	85
1973	20.039576	Canada	CAN	8
1973	20.114523	France	FRA	18
1974	20.182388	Australia	AUS	5
1976	20.3525169985	Kuwait	KWT	61
1975	20.367012	Japan	JPN	30
1975	20.368437	Ireland	IRL	29
1978	20.3758469529	Colombia	COL	76
1969	20.377154	United States	USA	52
1977	20.535638	Greece	GRC	74
1975	20.545224	Luxembourg	LUX	31
1975	20.6410906348	Kuwait	KWT	61
1985	20.6468290018	Chile	CHL	3250264
1972	20.7128309919	Thailand	THA	85
1974	20.737975	France	FRA	18
1978	20.829603	Portugal	PRT	43
1977	20.854231	Norway	NOR	40
1985	20.871257	Portugal	PRT	43
1971	20.8770210775	Thailand	THA	85
1975	20.8994650671	South Africa	ZAF	84
1974	20.938701	Netherlands	NLD	37
1977	20.9594741131	Kuwait	KWT	61
1990	20.9986977474	Colombia	COL	76
1991	21.009629553	Colombia	COL	76
1975	21.025899	Australia	AUS	5
1983	21.092751	Portugal	PRT	43
1976	21.257586	United Kingdom	GBR	51
1969	21.2658329181	Thailand	THA	85
1968	21.3197675632	Thailand	THA	85
1986	21.3908648302	Colombia	COL	76
1970	21.451935	United States	USA	52
1999	21.5829834719	Romania	ROU	91605924
1995	21.5942703277	Romania	ROU	91605924
1995	21.6348947531	Lithuania	LTU	81
1967	21.6813468555	Thailand	THA	85
1977	21.7191729425	South Africa	ZAF	84
1986	21.8123284372	Hungary	HUN	78
1982	21.8416413637	Hungary	HUN	78
1979	21.9239149244	Colombia	COL	76
1975	21.929423	Austria	AUT	6
1973	21.95071	Germany	DEU	53
1976	21.96677	Luxembourg	LUX	31
1970	21.974702047	Thailand	THA	85
1977	21.979014	Australia	AUS	5
1977	22.003883	Ireland	IRL	29
1976	22.020241	Japan	JPN	30
1987	22.0801682426	Hungary	HUN	78
1974	22.083242	Belgium	BEL	7
1992	22.1038235517	Colombia	COL	76
1976	22.10905	Australia	AUS	5
1989	22.1110061499	Colombia	COL	76
1987	22.1212866546	Colombia	COL	76
1980	22.129795179	Hungary	HUN	78
1988	22.1316794128	Colombia	COL	76
1981	22.173640654	Hungary	HUN	78
1974	22.242296	Finland	FIN	17
1988	22.2694657717	Hungary	HUN	78
1989	22.3382079512	Hungary	HUN	78
1979	22.3479	Portugal	PRT	43
1973	22.3569187599	Thailand	THA	85
1978	22.3730914838	Cyprus	CYP	91609235
1978	22.469568	Norway	NOR	40
1976	22.494158	Austria	AUT	6
1986	22.5013602937	Chile	CHL	3250264
1979	22.5050568182	Kuwait	KWT	61
1971	22.524391	United States	USA	52
2000	22.5259779576	Romania	ROU	91605924
1975	22.693745	United Kingdom	GBR	51
1973	22.783257	Sweden	SWE	46
1978	23.0640377813	Kuwait	KWT	61
1975	23.141855	Denmark	DNK	12
1978	23.288651	Spain	ESP	45
1984	23.320901	Spain	ESP	45
1985	23.3770621321	Colombia	COL	76
1986	23.3918694379	Israel	ISR	3291156
1978	23.408234	Italy	ITA	28
1978	23.430613	Greece	GRC	74
1977	23.462588	United Kingdom	GBR	51
1972	23.495821	United States	USA	52
1974	23.499058	Canada	CAN	8
1983	23.568337	Spain	ESP	45
1982	23.621503	Portugal	PRT	43
1984	23.744249	Luxembourg	LUX	31
1993	23.7678885105	Colombia	COL	76
1985	23.792295	Luxembourg	LUX	31
1978	23.884221	New Zealand	NZL	38
1977	23.940191	Luxembourg	LUX	31
1985	23.946907	Spain	ESP	45
2009	23.9492143344	Taiwan	TWN	3298046
1985	24.007793	Switzerland	CHE	47
1998	24.0203933831	Romania	ROU	91605924
1976	24.044653	Denmark	DNK	12
1978	24.1448856765	South Africa	ZAF	84
1987	24.158600024	Chile	CHL	3250264
1985	24.184798	Greece	GRC	74
2001	24.2739366124	Romania	ROU	91605924
1974	24.317262	Germany	DEU	53
1985	24.425752	Norway	NOR	40
1973	24.443371	Iceland	ISL	3270662
1984	24.462208	Norway	NOR	40
1980	24.4727984546	Colombia	COL	76
1974	24.492649	Sweden	SWE	46
1975	24.517663	Netherlands	NLD	37
1978	24.537656	Australia	AUS	5
1984	24.550725	Switzerland	CHE	47
1979	24.589882	Norway	NOR	40
1985	24.6354414801	South Africa	ZAF	84
1990	24.7865111926	Hungary	HUN	78
1973	24.799065	United States	USA	52
1990	24.8871775525	Romania	ROU	91605924
1984	24.899171	Greece	GRC	74
1975	24.911966	Canada	CAN	8
1981	25.253425	Portugal	PRT	43
1993	25.2897221238	Slovak Republic	SVK	83
1993	25.3042157392	Czech Republic	CZE	40874767
1976	25.4145712926	Saudi Arabia	SAU	60
1976	25.557341	Netherlands	NLD	37
1978	25.561704	Switzerland	CHE	47
1983	25.691848	Luxembourg	LUX	31
1981	25.730303	Switzerland	CHE	47
1984	25.736047	New Zealand	NZL	38
1983	25.767142	Norway	NOR	40
1991	25.7977605935	Poland	POL	82
1984	25.8016846197	Romania	ROU	91605924
1977	25.80813	Austria	AUT	6
1975	25.860297	Finland	FIN	17
1985	25.901291	New Zealand	NZL	38
1977	25.957687	Japan	JPN	30
1983	26.174779	Greece	GRC	74
1979	26.1874055755	Cyprus	CYP	91609235
1975	26.1892774181	Saudi Arabia	SAU	60
1975	26.229431	Belgium	BEL	7
1979	26.252176	Australia	AUS	5
1976	26.289767	France	FRA	18
1976	26.3201588795	United Arab Emirates	ARE	86
1979	26.3247110028	Chile	CHL	3250264
1991	26.3429559368	Hungary	HUN	78
1977	26.379471	Denmark	DNK	12
1980	26.427258	Portugal	PRT	43
1975	26.438606	France	FRA	18
1983	26.482141	Switzerland	CHE	47
1984	26.5429638806	Cyprus	CYP	91609235
1974	26.6321886508	Thailand	THA	85
1978	26.74095	Ireland	IRL	29
1982	26.758204	Switzerland	CHE	47
1967	26.7690872271	India	IND	4653485
1984	26.793043	Denmark	DNK	12
1976	26.884566	Belgium	BEL	7
1982	26.910903	Luxembourg	LUX	31
1985	26.922505	Australia	AUS	5
1975	26.96099	Germany	DEU	53
1984	27.0092957223	Colombia	COL	76
1974	27.050637	United States	USA	52
1981	27.0958265196	Colombia	COL	76
1981	27.097292	Greece	GRC	74
1979	27.149702	New Zealand	NZL	38
1975	27.1670666565	Monaco	MCO	3109127
1988	27.2221110837	Chile	CHL	3250264
1982	27.245817	Norway	NOR	40
1985	27.314836	Denmark	DNK	12
1976	27.326407	Germany	DEU	53
1986	27.339753	Australia	AUS	5
1961	27.3996008221	India	IND	4653485
1982	27.534227	Spain	ESP	45
1985	27.5818337734	Cyprus	CYP	91609235
1978	27.6071	Canada	CAN	8
1984	27.631418	Belgium	BEL	7
1976	27.6904711493	Monaco	MCO	3109127
1979	27.723359	Italy	ITA	28
1981	27.752157	Norway	NOR	40
1995	27.7766813103	Brazil	BRA	75
1977	27.788171	Canada	CAN	8
1976	27.795083	Finland	FIN	17
1977	27.82625	France	FRA	18
1979	27.8469535263	South Africa	ZAF	84
2002	27.8505236283	Brazil	BRA	75
1966	27.8727522676	India	IND	4653485
1979	27.911256	Greece	GRC	74
1962	27.9874394319	India	IND	4653485
1979	28.030855	Switzerland	CHE	47
1976	28.059009	Canada	CAN	8
1986	28.0646614864	South Africa	ZAF	84
1995	28.0704673861	Latvia	LVA	79
1985	28.09965	Belgium	BEL	7
1986	28.207661	Norway	NOR	40
1983	28.2308140812	Cyprus	CYP	91609235
1982	28.2881657761	Colombia	COL	76
1984	28.290171	Italy	ITA	28
1982	28.34059909	Cyprus	CYP	91609235
1985	28.415389	Italy	ITA	28
1981	28.4449956104	Cyprus	CYP	91609235
1986	28.458463	Greece	GRC	74
1980	28.536792	Norway	NOR	40
1980	28.567985	Switzerland	CHE	47
1982	28.620418	Greece	GRC	74
1983	28.626509	Denmark	DNK	12
1978	28.638013	Luxembourg	LUX	31
1983	28.6494281283	Chile	CHL	3250264
1983	28.656365	New Zealand	NZL	38
1983	28.6834551062	Colombia	COL	76
1975	28.77064	Iceland	ISL	3270662
1978	28.780659	United Kingdom	GBR	51
1982	28.819506	Italy	ITA	28
1986	28.830402	Portugal	PRT	43
1981	28.848526	Spain	ESP	45
1980	28.918343	Greece	GRC	74
1968	29.0755665868	India	IND	4653485
1981	29.181742	Italy	ITA	28
2003	29.2184522677	Brazil	BRA	75
1963	29.2204587489	India	IND	4653485
1977	29.242644	Finland	FIN	17
1982	29.24935	Denmark	DNK	12
2002	29.3307254289	Romania	ROU	91605924
1977	29.368904	Netherlands	NLD	37
1985	29.381881	Netherlands	NLD	37
1980	29.384674	Australia	AUS	5
1979	29.46138	Canada	CAN	8
1983	29.54037	Italy	ITA	28
1983	29.605445	Belgium	BEL	7
1975	29.607237	United States	USA	52
1980	29.7443965353	Cyprus	CYP	91609235
1969	29.7778530475	India	IND	4653485
1985	29.788608	Austria	AUT	6
1977	29.7947178071	United Arab Emirates	ARE	86
1977	29.8516198533	Monaco	MCO	3109127
1984	29.87778	Austria	AUT	6
1981	29.883177	Luxembourg	LUX	31
1984	29.884094	Netherlands	NLD	37
1982	29.895425	New Zealand	NZL	38
1980	29.933629	New Zealand	NZL	38
1984	29.9487307169	Chile	CHL	3250264
1975	29.957415	Sweden	SWE	46
1990	30.4631756093	Chile	CHL	3250264
1989	30.6493407661	Chile	CHL	3250264
1987	30.705756	Australia	AUS	5
1977	30.722892	Germany	DEU	53
1970	30.7734351678	India	IND	4653485
1984	30.885758	France	FRA	18
1979	30.9058990556	United Arab Emirates	ARE	86
1978	30.915675	Finland	FIN	17
1994	31.0115251216	Czech Republic	CZE	40874767
1994	31.0680430215	Colombia	COL	76
1992	31.0865143437	Poland	POL	82
1977	31.0871178102	Saudi Arabia	SAU	60
1981	31.093037	Denmark	DNK	12
1983	31.093536	Australia	AUS	5
1981	31.097016	New Zealand	NZL	38
1978	31.102176	Austria	AUT	6
1979	31.102544	Spain	ESP	45
1977	31.125986	Belgium	BEL	7
1971	31.2878350673	India	IND	4653485
1976	31.306481	United States	USA	52
1978	31.314275	Denmark	DNK	12
1982	31.36426	Belgium	BEL	7
1984	31.386459	Ireland	IRL	29
1994	31.5140893417	Slovak Republic	SVK	83
1986	31.561862	New Zealand	NZL	38
1974	31.588047	Iceland	ISL	3270662
1986	31.615578	Luxembourg	LUX	31
1978	31.620184345	United Arab Emirates	ARE	86
1964	31.6614259698	India	IND	4653485
1985	31.665516	France	FRA	18
2001	31.7671815848	Brazil	BRA	75
1983	31.794628	Austria	AUT	6
1976	31.942668	Sweden	SWE	46
1975	32.04120657	Thailand	THA	85
1983	32.089994312	Romania	ROU	91605924
1984	32.095688	Australia	AUS	5
1985	32.1119677512	Romania	ROU	91605924
1976	32.187533	Iceland	ISL	3270662
1985	32.214744	Ireland	IRL	29
1982	32.215026	Australia	AUS	5
1985	32.236167	Germany	DEU	53
1986	32.260486	Spain	ESP	45
1982	32.307205	Austria	AUT	6
1987	32.3655353054	Israel	ISR	3291156
1980	32.3997026654	Kuwait	KWT	61
1993	32.4160211659	Poland	POL	82
1979	32.438679	Ireland	IRL	29
1972	32.5089514752	India	IND	4653485
1991	32.5712966675	Chile	CHL	3250264
1981	32.625397	Australia	AUS	5
1984	32.632668	Germany	DEU	53
1980	32.641715	Italy	ITA	28
1980	32.728435	Canada	CAN	8
1979	32.730319	Luxembourg	LUX	31
1982	32.7719027738	Romania	ROU	91605924
1981	32.858667	Austria	AUT	6
1980	33.030911	Spain	ESP	45
1983	33.070766	France	FRA	18
1978	33.096892	France	FRA	18
1976	33.1249510987	Thailand	THA	85
1983	33.13759	Netherlands	NLD	37
1987	33.177986	Norway	NOR	40
1982	33.231262	Japan	JPN	30
1977	33.302415	United States	USA	52
1996	33.362049486	Lithuania	LTU	81
1984	33.3719736404	South Africa	ZAF	84
1984	33.3755709991	Monaco	MCO	3109127
1987	33.405167	Portugal	PRT	43
1994	33.76148223	Poland	POL	82
1986	33.800636	Switzerland	CHE	47
1983	33.83425	Ireland	IRL	29
1987	33.841453	Greece	GRC	74
1999	33.9570667054	Kuwait	KWT	61
1980	34.0516624414	United Arab Emirates	ARE	86
2001	34.089049	Australia	AUS	5
2000	34.1252534224	Slovak Republic	SVK	83
1982	34.1392936019	South Africa	ZAF	84
1986	34.1684185314	Romania	ROU	91605924
1979	34.174831	Japan	JPN	30
1996	34.2912429583	Latvia	LVA	79
1977	34.328233	Sweden	SWE	46
1981	34.343366	Ireland	IRL	29
1965	34.3690088409	India	IND	4653485
1984	34.454246	Sweden	SWE	46
1986	34.4555278116	Cyprus	CYP	91609235
1992	34.512079655	Hungary	HUN	78
1983	34.564614	Sweden	SWE	46
1977	34.6146075123	Thailand	THA	85
1978	34.650715	Japan	JPN	30
1980	34.661489764	South Africa	ZAF	84
1982	34.684933	Netherlands	NLD	37
1985	34.8287480942	Monaco	MCO	3109127
1980	34.841136	Japan	JPN	30
1978	34.8853219028	Saudi Arabia	SAU	60
1982	34.918127	Ireland	IRL	29
1983	34.9467679309	Monaco	MCO	3109127
2004	34.959863845	Brazil	BRA	75
1982	34.960421	France	FRA	18
1979	34.979707	Austria	AUT	6
1978	35.083091	Netherlands	NLD	37
1987	35.1164420304	Kuwait	KWT	61
1979	35.116872	Denmark	DNK	12
1983	35.173004	Japan	JPN	30
1981	35.214427	Netherlands	NLD	37
1985	35.310339	Sweden	SWE	46
1973	35.3459753628	India	IND	4653485
1978	35.3724535398	Monaco	MCO	3109127
1999	35.3758034341	Slovak Republic	SVK	83
1980	35.395926	Luxembourg	LUX	31
1981	35.42605	Canada	CAN	8
1979	35.433328	Finland	FIN	17
2001	35.5476671834	Slovak Republic	SVK	83
1980	35.566069	Denmark	DNK	12
1978	35.638947	United States	USA	52
1983	35.655621	Germany	DEU	53
1999	35.7262907833	Brazil	BRA	75
1984	35.753956	United Kingdom	GBR	51
1984	35.771188	Japan	JPN	30
1983	35.825376	Finland	FIN	17
1989	35.871565	Norway	NOR	40
1981	35.877738	Belgium	BEL	7
1988	35.966173	Norway	NOR	40
1985	35.979347	Japan	JPN	30
1984	36.026233	Finland	FIN	17
1993	36.030574875	Hungary	HUN	78
2003	36.0444715467	Romania	ROU	91605924
1982	36.1865285018	Monaco	MCO	3109127
1995	36.2259778908	Kuwait	KWT	61
1988	36.321739	Portugal	PRT	43
1982	36.335696	Germany	DEU	53
1979	36.343459	United Kingdom	GBR	51
1985	36.390789	United Kingdom	GBR	51
2002	36.3918744957	South Africa	ZAF	84
1987	36.6103474404	United Arab Emirates	ARE	86
1980	36.637262312	Chile	CHL	3250264
1986	36.728663	Denmark	DNK	12
1989	36.779654	Portugal	PRT	43
1985	36.79258	Finland	FIN	17
1978	36.812060725	Thailand	THA	85
1987	36.8707597502	South Africa	ZAF	84
2002	36.938928	Australia	AUS	5
1981	36.949046	Japan	JPN	30
2000	36.963443	Australia	AUS	5
1985	36.9691441736	United Arab Emirates	ARE	86
1978	36.983578	Belgium	BEL	7
1978	37.007743	Germany	DEU	53
1979	37.17858521	Saudi Arabia	SAU	60
1988	37.215607	Australia	AUS	5
1986	37.2429128504	United Arab Emirates	ARE	86
1981	37.249087	Germany	DEU	53
1996	37.2805143402	Estonia	EST	77
1978	37.305758	Sweden	SWE	46
1997	37.3446602401	Latvia	LVA	79
1980	37.353947	Ireland	IRL	29
1982	37.466691	Canada	CAN	8
1993	37.607992	Norway	NOR	40
1981	37.6614258962	United Arab Emirates	ARE	86
1988	37.68092	Greece	GRC	74
1989	37.706823	Greece	GRC	74
1981	37.712352	France	FRA	18
1994	37.73112	Norway	NOR	40
1989	37.7491593712	South Africa	ZAF	84
1989	37.7549123601	Romania	ROU	91605924
2000	37.7794286561	Czech Republic	CZE	40874767
1995	37.7851204246	Czech Republic	CZE	40874767
1988	37.8071767704	South Africa	ZAF	84
1998	37.836647	Australia	AUS	5
1987	37.85459	Luxembourg	LUX	31
1996	37.8616946217	Kuwait	KWT	61
1983	37.9095792551	South Africa	ZAF	84
1997	37.9258651712	Czech Republic	CZE	40874767
1980	37.944277	Austria	AUT	6
1988	37.959652846	United Arab Emirates	ARE	86
1987	37.9822968764	Romania	ROU	91605924
1989	37.9968917595	Kuwait	KWT	61
1993	38.024135	Australia	AUS	5
1990	38.0312203936	Kuwait	KWT	61
1995	38.193676515	Hungary	HUN	78
1994	38.2009950742	Hungary	HUN	78
1982	38.247984	Finland	FIN	17
1985	38.255189	Canada	CAN	8
1982	38.283555	Sweden	SWE	46
2000	38.332696309	Colombia	COL	76
1989	38.358463	Luxembourg	LUX	31
1992	38.4092790914	Chile	CHL	3250264
1986	38.415739	Belgium	BEL	7
1981	38.4254614388	South Africa	ZAF	84
2000	38.4264647484	Brazil	BRA	75
1988	38.5512397952	Israel	ISR	3291156
1995	38.557502447	Slovak Republic	SVK	83
1979	38.603773	United States	USA	52
1998	38.64084	Norway	NOR	40
1987	38.6490126767	Cyprus	CYP	91609235
1994	38.6897339925	Kuwait	KWT	61
1979	38.710507	France	FRA	18
1988	38.7175656475	Romania	ROU	91605924
1987	38.729236	Spain	ESP	45
1986	38.754542	Canada	CAN	8
2000	38.825155833	Hungary	HUN	78
1988	38.8531306255	Kuwait	KWT	61
1989	38.8634895464	United Arab Emirates	ARE	86
2001	38.8647819829	Czech Republic	CZE	40874767
1993	38.8994249143	Chile	CHL	3250264
1997	39.0244828584	Slovak Republic	SVK	83
1984	39.055405	Canada	CAN	8
1983	39.055987	United Kingdom	GBR	51
1977	39.089854	Iceland	ISL	3270662
1989	39.1105454036	Israel	ISR	3291156
1986	39.113214	Italy	ITA	28
1981	39.227067	Finland	FIN	17
1981	39.2688464994	Monaco	MCO	3109127
1998	39.3420314552	Latvia	LVA	79
1984	39.3696986392	United Arab Emirates	ARE	86
1999	39.370286	Australia	AUS	5
1979	39.396165	Netherlands	NLD	37
1988	39.510895	Luxembourg	LUX	31
1998	39.524796039	Slovak Republic	SVK	83
1990	39.5440967373	United Arab Emirates	ARE	86
1983	39.651109	Canada	CAN	8
1984	39.683293	Iceland	ISL	3270662
1997	39.7077123968	Lithuania	LTU	81
2000	39.7885686157	Kuwait	KWT	61
1974	39.7996415079	India	IND	4653485
1997	39.8017346902	Hungary	HUN	78
2002	39.8249135904	Slovak Republic	SVK	83
1996	39.8532945382	Hungary	HUN	78
1999	39.867049	Norway	NOR	40
1986	39.888735	Netherlands	NLD	37
1983	39.925874	Iceland	ISL	3270662
1989	39.9748931359	Saudi Arabia	SAU	60
1985	40.035139	Iceland	ISL	3270662
1997	40.1319653556	Estonia	EST	77
1998	40.1915624592	Czech Republic	CZE	40874767
1979	40.2179743689	Thailand	THA	85
1989	40.2906146533	Cyprus	CYP	91609235
1996	40.3086450275	Czech Republic	CZE	40874767
1982	40.3182451517	United Arab Emirates	ARE	86
1987	40.369938	New Zealand	NZL	38
1989	40.39259	Switzerland	CHE	47
1999	40.4642408486	Colombia	COL	76
1987	40.4708149572	Saudi Arabia	SAU	60
1991	40.517651	Norway	NOR	40
1992	40.542013	Australia	AUS	5
1989	40.563752	Australia	AUS	5
2000	40.633524193	Estonia	EST	77
2001	40.660336	New Zealand	NZL	38
1980	40.66572	Finland	FIN	17
2001	40.666799	Norway	NOR	40
1991	40.6871901213	Kuwait	KWT	61
1983	40.8475707848	United Arab Emirates	ARE	86
1982	40.8540557315	Chile	CHL	3250264
1991	40.8632484704	United Arab Emirates	ARE	86
2000	40.866401	Norway	NOR	40
1992	40.8789982617	Kuwait	KWT	61
1998	40.9393672653	Kuwait	KWT	61
1979	40.9463275057	Monaco	MCO	3109127
2002	41.0140512898	Chile	CHL	3250264
1996	41.071473789	Slovak Republic	SVK	83
1990	41.081394	Norway	NOR	40
1993	41.0878175573	Kuwait	KWT	61
1999	41.1459575069	Czech Republic	CZE	40874767
1992	41.1945876016	United Arab Emirates	ARE	86
1976	41.2907006539	India	IND	4653485
2001	41.3399687879	Estonia	EST	77
2003	41.364701803	Colombia	COL	76
2001	41.3839230867	South Africa	ZAF	84
1988	41.3861628184	Cyprus	CYP	91609235
1994	41.415964	Australia	AUS	5
1986	41.449155	Austria	AUT	6
1999	41.4809938698	Latvia	LVA	79
1979	41.533532	Belgium	BEL	7
1997	41.544184	Norway	NOR	40
1987	41.671978	Switzerland	CHE	47
1998	41.6847051491	Hungary	HUN	78
1985	41.7619260346	Kuwait	KWT	61
2000	41.7721709666	Latvia	LVA	79
1995	41.7959488152	Colombia	COL	76
1994	41.8137933874	Chile	CHL	3250264
1993	41.9389021614	United Arab Emirates	ARE	86
1980	41.945927	Netherlands	NLD	37
2001	41.9668038606	Hungary	HUN	78
1978	41.969545	Iceland	ISL	3270662
1992	41.971786	Norway	NOR	40
1990	41.980637	Australia	AUS	5
1988	42.0074373188	Saudi Arabia	SAU	60
1979	42.031776	Germany	DEU	53
2001	42.0363409786	Latvia	LVA	79
2000	42.046091	New Zealand	NZL	38
1980	42.123373	United States	USA	52
1984	42.2760023874	Kuwait	KWT	61
1995	42.3634106107	United Arab Emirates	ARE	86
1985	42.383233	Korea	KOR	40497946
1979	42.430469	Sweden	SWE	46
1994	42.4748965581	United Arab Emirates	ARE	86
1987	42.53117	Canada	CAN	8
2003	42.5918244777	Chile	CHL	3250264
1991	42.725837	Australia	AUS	5
1982	42.750093	United Kingdom	GBR	51
1999	42.8317711421	Hungary	HUN	78
2001	42.8552122978	Chile	CHL	3250264
1986	42.873386	United Kingdom	GBR	51
1995	43.019033	Australia	AUS	5
1990	43.1585623484	Saudi Arabia	SAU	60
1997	43.1664431572	Kuwait	KWT	61
1986	43.203554	France	FRA	18
1995	43.291272	Norway	NOR	40
1980	43.322029	Belgium	BEL	7
1995	43.414598428	Poland	POL	82
1998	43.4192341998	Colombia	COL	76
2002	43.4215099158	Latvia	LVA	79
1980	43.446706	France	FRA	18
1986	43.478248	Ireland	IRL	29
1988	43.50873	Spain	ESP	45
2002	43.5175634213	Qatar	QAT	65
1980	43.5725294931	Thailand	THA	85
1998	43.6342635476	Estonia	EST	77
1988	43.642762	Switzerland	CHE	47
1986	43.668243	Korea	KOR	40497946
1996	43.7398876846	Colombia	COL	76
1992	43.870888	New Zealand	NZL	38
1981	43.966985	Sweden	SWE	46
1999	43.996860714	Estonia	EST	77
1996	44.0187522977	United Arab Emirates	ARE	86
1999	44.1365438692	United Arab Emirates	ARE	86
2001	44.174421	Luxembourg	LUX	31
1996	44.261032	Norway	NOR	40
1985	44.3244031122	Thailand	THA	85
1998	44.4111919561	Lithuania	LTU	81
1980	44.415707	Germany	DEU	53
2002	44.4439721834	Kuwait	KWT	61
1997	44.6465	Australia	AUS	5
1981	44.7848485107	Kuwait	KWT	61
2003	44.8473833989	Qatar	QAT	65
2002	44.8555867491	Colombia	COL	76
1990	44.869097142	South Africa	ZAF	84
1977	44.8715555094	India	IND	4653485
1990	44.8845114546	Israel	ISR	3291156
1975	44.912684515	India	IND	4653485
2002	44.9848	Norway	NOR	40
1986	45.113275	Germany	DEU	53
1993	45.160277	New Zealand	NZL	38
2000	45.1811623534	Lithuania	LTU	81
2003	45.202214	Australia	AUS	5
2002	45.276771	New Zealand	NZL	38
1979	45.316981	Iceland	ISL	3270662
1986	45.3222074044	Kuwait	KWT	61
2005	45.3829315377	Brazil	BRA	75
1980	45.3869912356	Monaco	MCO	3109127
1986	45.424669	Sweden	SWE	46
2000	45.439705	Luxembourg	LUX	31
2004	45.4596212778	Romania	ROU	91605924
1982	45.513424	Iceland	ISL	3270662
1987	45.529664	Denmark	DNK	12
2001	45.5334132612	Qatar	QAT	65
1990	45.5721892327	Cyprus	CYP	91609235
2001	45.6046394257	Lithuania	LTU	81
2000	45.728142492	Chile	CHL	3250264
1989	45.755129	Spain	ESP	45
1999	45.8478521567	Lithuania	LTU	81
1981	45.852424	United Kingdom	GBR	51
2001	45.8573894905	Colombia	COL	76
1990	45.938379	Portugal	PRT	43
1991	46.019128272	Israel	ISR	3291156
1981	46.07112	United States	USA	52
1981	46.0824214653	Thailand	THA	85
1998	46.0977473189	United Arab Emirates	ARE	86
1991	46.178694	Luxembourg	LUX	31
2002	46.3134138879	Estonia	EST	77
1990	46.355477	Luxembourg	LUX	31
1991	46.411977	New Zealand	NZL	38
1996	46.436189	Australia	AUS	5
1989	46.443832	New Zealand	NZL	38
1997	46.4462389748	Colombia	COL	76
1989	46.459429	Denmark	DNK	12
1997	46.5583888574	United Arab Emirates	ARE	86
1990	46.618013	Greece	GRC	74
1987	46.741869	Belgium	BEL	7
1986	46.7704540919	Thailand	THA	85
2000	46.85378	Switzerland	CHE	47
1989	46.980421	Netherlands	NLD	37
1986	47.116032	Finland	FIN	17
1980	47.1626743137	Saudi Arabia	SAU	60
1981	47.1757703748	Chile	CHL	3250264
2000	47.1821543802	South Africa	ZAF	84
2002	47.2475835424	Czech Republic	CZE	40874767
1999	47.346079372	Chile	CHL	3250264
1982	47.3791872803	Thailand	THA	85
1991	47.3913808616	Cyprus	CYP	91609235
1989	47.435563	Belgium	BEL	7
2002	47.455977	Luxembourg	LUX	31
2001	47.466542	Switzerland	CHE	47
1980	47.629301	United Kingdom	GBR	51
2003	47.6598560602	Kuwait	KWT	61
1987	47.666281	Italy	ITA	28
1986	47.6694999567	Monaco	MCO	3109127
1990	47.776185	New Zealand	NZL	38
1999	47.843528	New Zealand	NZL	38
2000	47.8631588618	United Arab Emirates	ARE	86
1988	47.878639	Canada	CAN	8
1987	47.898018	Netherlands	NLD	37
2001	47.9666899522	Kuwait	KWT	61
1980	48.046407	Sweden	SWE	46
1988	48.081061	Denmark	DNK	12
1998	48.250901	New Zealand	NZL	38
2000	48.259288	Spain	ESP	45
1982	48.3321509257	Kuwait	KWT	61
1994	48.3612264424	Saudi Arabia	SAU	60
1988	48.364768	New Zealand	NZL	38
2004	48.3760971623	Colombia	COL	76
1983	48.4173168087	Kuwait	KWT	61
1997	48.4464835322	Poland	POL	82
1998	48.460395	Canada	CAN	8
1988	48.498682	Belgium	BEL	7
1991	48.531125	Greece	GRC	74
1999	48.5535402242	Saudi Arabia	SAU	60
1991	48.5673615307	South Africa	ZAF	84
1987	48.6084265778	Thailand	THA	85
2003	48.6661449791	Latvia	LVA	79
1993	48.7470935842	Cyprus	CYP	91609235
1991	48.796671075	Saudi Arabia	SAU	60
1995	48.8324226686	Saudi Arabia	SAU	60
2001	48.862628	Spain	ESP	45
1987	48.864287	Korea	KOR	40497946
1982	48.881501	United States	USA	52
2000	49.0219842411	Poland	POL	82
1996	49.0779476675	Brazil	BRA	75
1999	49.21605	Canada	CAN	8
2001	49.320584	Greece	GRC	74
1987	49.329573	Ireland	IRL	29
2002	49.4277294023	Lithuania	LTU	81
1988	49.735382	Netherlands	NLD	37
1990	49.753999	Switzerland	CHE	47
1983	49.7755576812	Thailand	THA	85
1993	49.7865338672	Israel	ISR	3291156
2000	49.796499	Greece	GRC	74
1991	49.856463	Portugal	PRT	43
1993	49.8939346167	Saudi Arabia	SAU	60
2002	49.914942	Canada	CAN	8
1996	49.974092985	Poland	POL	82
2001	50.010883	Canada	CAN	8
1999	50.0542605185	South Africa	ZAF	84
1994	50.17755	Canada	CAN	8
1993	50.192855	Luxembourg	LUX	31
1984	50.1968019644	Thailand	THA	85
1987	50.206381	United Kingdom	GBR	51
1994	50.23793	New Zealand	NZL	38
1986	50.2890304717	Saudi Arabia	SAU	60
1992	50.3005146771	Saudi Arabia	SAU	60
1995	50.3601600258	Chile	CHL	3250264
1986	50.405911	Iceland	ISL	3270662
1992	50.4627684844	Israel	ISR	3291156
1981	50.548803	Iceland	ISL	3270662
1978	50.5585152063	India	IND	4653485
2004	50.5688195312	Kuwait	KWT	61
1988	50.652297	Italy	ITA	28
1993	50.669804	Greece	GRC	74
1999	50.6715057759	Poland	POL	82
1993	50.7892179679	India	IND	4653485
1991	50.806445	Switzerland	CHE	47
1983	50.814543	United States	USA	52
1992	50.863589565	Cyprus	CYP	91609235
1992	50.903894	Luxembourg	LUX	31
2003	50.9904197563	Slovak Republic	SVK	83
1998	51.005107	Luxembourg	LUX	31
1980	51.026991	Iceland	ISL	3270662
1989	51.046055	Italy	ITA	28
1995	51.05261	Canada	CAN	8
1989	51.069186	Austria	AUT	6
2001	51.0763185396	Thailand	THA	85
1987	51.081471	France	FRA	18
1987	51.110898	Austria	AUT	6
1994	51.1386885531	Israel	ISR	3291156
2004	51.1440086673	Chile	CHL	3250264
1989	51.214893	Ireland	IRL	29
2001	51.246196	Denmark	DNK	12
2000	51.2652935329	Cyprus	CYP	91609235
2000	51.340759	Canada	CAN	8
1998	51.3448318851	Chile	CHL	3250264
1998	51.3567513805	South Africa	ZAF	84
1989	51.356838	France	FRA	18
2000	51.437252	Denmark	DNK	12
1999	51.495085	Luxembourg	LUX	31
2001	51.5103304476	Cyprus	CYP	91609235
1993	51.52033	Switzerland	CHE	47
1994	51.6297023097	Cyprus	CYP	91609235
1998	51.6490758069	Thailand	THA	85
1996	51.6843201555	Saudi Arabia	SAU	60
2000	51.722315	Portugal	PRT	43
2002	51.748372	Switzerland	CHE	47
1988	51.7675099939	Thailand	THA	85
1999	51.849887	Switzerland	CHE	47
1986	51.852815	Japan	JPN	30
2002	51.8725539696	Hungary	HUN	78
1997	51.945408	Luxembourg	LUX	31
2010	51.9898313628	Taiwan	TWN	3298046
1997	52.048785	Canada	CAN	8
2001	52.058042	Portugal	PRT	43
1998	52.0771921878	Poland	POL	82
2002	52.0947447497	United Arab Emirates	ARE	86
1989	52.100855	Canada	CAN	8
1988	52.140474	Ireland	IRL	29
2003	52.215268	Norway	NOR	40
1979	52.2298413205	India	IND	4653485
1996	52.27442	Canada	CAN	8
1993	52.366695	Canada	CAN	8
2001	52.396476	Italy	ITA	28
2000	52.411789	Italy	ITA	28
2001	52.520536	Belgium	BEL	7
2004	52.6673123488	Qatar	QAT	65
1984	52.72349	United States	USA	52
1992	52.915642	Switzerland	CHE	47
2000	52.96073	Belgium	BEL	7
2000	53.165185	Netherlands	NLD	37
1988	53.17411	Austria	AUT	6
2004	53.185113	Australia	AUS	5
1988	53.204583	France	FRA	18
1992	53.254859	Greece	GRC	74
1994	53.272215	Greece	GRC	74
2001	53.272644	Sweden	SWE	46
2004	53.3160443438	Latvia	LVA	79
2001	53.3480546874	United Arab Emirates	ARE	86
1987	53.517935	Sweden	SWE	46
1996	53.518228168	Chile	CHL	3250264
1998	53.5723153422	Brazil	BRA	75
1997	53.5775094146	Brazil	BRA	75
1993	53.607998	Portugal	PRT	43
1998	53.624675	Switzerland	CHE	47
2002	53.65814	Spain	ESP	45
1994	53.661012	Luxembourg	LUX	31
2002	53.665985	Greece	GRC	74
1994	53.782222	Spain	ESP	45
2001	53.795859	France	FRA	18
1997	53.825027	Switzerland	CHE	47
2002	53.9194213877	Thailand	THA	85
1999	53.931779	Spain	ESP	45
1989	53.9605526827	Thailand	THA	85
2000	54.0153770381	Saudi Arabia	SAU	60
1997	54.0563623909	Chile	CHL	3250264
2003	54.0591539857	United Arab Emirates	ARE	86
1994	54.2320658437	India	IND	4653485
2000	54.267417	France	FRA	18
2001	54.2846	Netherlands	NLD	37
2001	54.293174	Austria	AUT	6
1985	54.319402	United States	USA	52
1993	54.4155175938	South Africa	ZAF	84
1992	54.4181172356	South Africa	ZAF	84
2006	54.4509754971	Brazil	BRA	75
1993	54.505891	Spain	ESP	45
2005	54.5792194192	Latvia	LVA	79
1990	54.6347	Canada	CAN	8
1997	54.695679	Spain	ESP	45
1992	54.8384689446	India	IND	4653485
1998	54.938113	Spain	ESP	45
1991	54.9405398794	India	IND	4653485
2000	54.986021	Austria	AUT	6
1985	54.9973587592	Saudi Arabia	SAU	60
1993	55.044105	Finland	FIN	17
1989	55.106461	Germany	DEU	53
1992	55.161795	Canada	CAN	8
2002	55.328996	Denmark	DNK	12
1997	55.3567785221	Saudi Arabia	SAU	60
1987	55.483794	Germany	DEU	53
1986	55.520115	United States	USA	52
1990	55.572053	Netherlands	NLD	37
1994	55.645674	Portugal	PRT	43
1991	55.808568	Netherlands	NLD	37
2001	55.8157509074	Poland	POL	82
2000	55.8258036288	Thailand	THA	85
2002	56.0775819778	Cyprus	CYP	91609235
1991	56.092983	Denmark	DNK	12
2003	56.1594514663	South Africa	ZAF	84
2004	56.2606626453	United Arab Emirates	ARE	86
2003	56.2886514937	Czech Republic	CZE	40874767
2003	56.2932618125	Thailand	THA	85
1993	56.320579	Italy	ITA	28
1994	56.336512	Switzerland	CHE	47
2002	56.378241	Belgium	BEL	7
2000	56.42077	Finland	FIN	17
1998	56.4380296512	Saudi Arabia	SAU	60
1990	56.454082	Denmark	DNK	12
2001	56.480627	Finland	FIN	17
1996	56.5131246462	South Africa	ZAF	84
1993	56.62171	Denmark	DNK	12
1994	56.6316649191	South Africa	ZAF	84
1998	56.6571004623	India	IND	4653485
1995	56.815887	New Zealand	NZL	38
2002	56.831377	Portugal	PRT	43
1994	56.832533	Italy	ITA	28
2005	56.8624508277	Kuwait	KWT	61
2002	56.907427	Italy	ITA	28
1987	56.984475	Finland	FIN	17
1997	56.9937636279	South Africa	ZAF	84
1989	57.002503	United Kingdom	GBR	51
1990	57.031311	Spain	ESP	45
2001	57.0580297461	India	IND	4653485
1987	57.131729	United States	USA	52
2002	57.1499524719	India	IND	4653485
1991	57.34129	Canada	CAN	8
1999	57.4195261496	Cyprus	CYP	91609235
1990	57.492189	Belgium	BEL	7
2002	57.515592	Sweden	SWE	46
2005	57.52013	Australia	AUS	5
1990	57.5221004722	Thailand	THA	85
1997	57.5298870051	Cyprus	CYP	91609235
1999	57.575766	Greece	GRC	74
1996	57.5973594086	India	IND	4653485
1995	57.6265251809	Israel	ISR	3291156
1988	57.640137	Germany	DEU	53
1995	57.7070096286	India	IND	4653485
1989	57.7219490245	Monaco	MCO	3109127
2003	57.765475	New Zealand	NZL	38
2003	57.793181	Canada	CAN	8
2000	57.7956324188	India	IND	4653485
1993	57.801697	Ireland	IRL	29
1988	57.853467	United Kingdom	GBR	51
1987	57.8549152725	Monaco	MCO	3109127
1998	57.855734	Greece	GRC	74
2002	57.859347	France	FRA	18
1991	57.865664	Belgium	BEL	7
1999	57.868057	Denmark	DNK	12
1999	57.914605	Portugal	PRT	43
2002	57.946337	Austria	AUT	6
2002	57.9542478051	Poland	POL	82
1984	58.0207917584	Saudi Arabia	SAU	60
1997	58.02695	Portugal	PRT	43
2004	58.080107	Norway	NOR	40
2003	58.1249928854	Estonia	EST	77
2002	58.2489058267	Saudi Arabia	SAU	60
2000	58.270749	Ireland	IRL	29
2001	58.39855	Germany	DEU	53
1998	58.4856157621	Cyprus	CYP	91609235
1993	58.511357	Netherlands	NLD	37
1998	58.559943	Portugal	PRT	43
2005	58.5793214324	Romania	ROU	91605924
1994	58.59275	Denmark	DNK	12
1999	58.6426530666	India	IND	4653485
2005	58.660743416	Qatar	QAT	65
1991	58.759857	Ireland	IRL	29
2005	58.7820051523	Colombia	COL	76
2000	58.815733	Sweden	SWE	46
2004	58.8307961493	Thailand	THA	85
1988	58.877709	Sweden	SWE	46
1988	58.92799	Korea	KOR	40497946
1995	59.034419	Italy	ITA	28
1999	59.04238	Netherlands	NLD	37
1997	59.065206	New Zealand	NZL	38
1988	59.094176	United States	USA	52
1995	59.1289272139	Cyprus	CYP	91609235
2002	59.307079	Netherlands	NLD	37
1998	59.322363	Denmark	DNK	12
1990	59.333192	Ireland	IRL	29
2000	59.424094	Germany	DEU	53
1999	59.439045	Italy	ITA	28
1997	59.443809	Denmark	DNK	12
2003	59.4850728546	Lithuania	LTU	81
1997	59.495573	Greece	GRC	74
1992	59.503658	Portugal	PRT	43
2006	59.739768	Australia	AUS	5
2001	59.80905	Ireland	IRL	29
1991	59.821138	Spain	ESP	45
2005	59.8549094636	Chile	CHL	3250264
2003	59.9350808252	Saudi Arabia	SAU	60
1994	59.974839	Ireland	IRL	29
1988	59.9796180592	Monaco	MCO	3109127
1999	60.041233	Belgium	BEL	7
1998	60.066086	Korea	KOR	40497946
2002	60.194426	Finland	FIN	17
2003	60.206712	Luxembourg	LUX	31
2001	60.3053682228	Saudi Arabia	SAU	60
1997	60.332235	Netherlands	NLD	37
1987	60.358892	Japan	JPN	30
1992	60.381466	Denmark	DNK	12
2003	60.392192	Switzerland	CHE	47
1989	60.430265	Sweden	SWE	46
1997	60.4586579549	India	IND	4653485
1998	60.460256	Netherlands	NLD	37
2006	60.5941373721	Latvia	LVA	79
1995	60.632926	Spain	ESP	45
2005	60.6732252492	Thailand	THA	85
1997	60.694902	Italy	ITA	28
1995	60.7595323037	South Africa	ZAF	84
1992	60.826279	Netherlands	NLD	37
1994	60.952837	Netherlands	NLD	37
2006	60.9896503575	Colombia	COL	76
1991	61.0066886987	Thailand	THA	85
2005	61.0436190272	United Arab Emirates	ARE	86
1996	61.054919	New Zealand	NZL	38
1998	61.111831	Italy	ITA	28
1996	61.144376	Luxembourg	LUX	31
2001	61.1613457631	Monaco	MCO	3109127
1995	61.182011	Greece	GRC	74
2004	61.2157856705	Slovak Republic	SVK	83
1994	61.278401	Finland	FIN	17
1991	61.281477	France	FRA	18
1990	61.294302	Austria	AUT	6
1989	61.325596	United States	USA	52
1993	61.539648	Belgium	BEL	7
1999	61.710663078	Thailand	THA	85
1996	61.737135	Spain	ESP	45
1999	61.758667	France	FRA	18
1993	61.801243	Sweden	SWE	46
2002	61.8096149413	Israel	ISR	3291156
1991	61.818512	Austria	AUT	6
1990	61.829586	France	FRA	18
2003	61.8503757211	India	IND	4653485
1996	61.9814443599	Cyprus	CYP	91609235
2000	62.0689749995	Monaco	MCO	3109127
1985	62.1466283785	India	IND	4653485
2003	62.1653796493	Poland	POL	82
1997	62.210116	Belgium	BEL	7
1995	62.290819	Luxembourg	LUX	31
2002	62.334619	Germany	DEU	53
2004	62.3382858113	Czech Republic	CZE	40874767
1998	62.4323	Belgium	BEL	7
1980	62.4651431992	India	IND	4653485
1984	62.6832283803	India	IND	4653485
1996	62.883653	Switzerland	CHE	47
1999	62.899432	Austria	AUT	6
1993	62.969009	United Kingdom	GBR	51
2004	62.9866415227	Saudi Arabia	SAU	60
1996	63.19541	Greece	GRC	74
1990	63.222429	Japan	JPN	30
1981	63.2537723707	India	IND	4653485
1993	63.31772	France	FRA	18
1990	63.332208	Italy	ITA	28
1981	63.3941741412	Saudi Arabia	SAU	60
1996	63.418713	Portugal	PRT	43
1999	63.57317	Finland	FIN	17
1992	63.599445	Belgium	BEL	7
1990	63.692019	United States	USA	52
1995	63.734007	Portugal	PRT	43
1992	63.897037	Ireland	IRL	29
1983	63.9546914157	Saudi Arabia	SAU	60
1999	63.96239	Ireland	IRL	29
1994	64.079777	Sweden	SWE	46
1989	64.1699619624	India	IND	4653485
2004	64.191258	Canada	CAN	8
1982	64.1963744996	India	IND	4653485
1987	64.251413	Iceland	ISL	3270662
1999	64.329521059	Israel	ISR	3291156
1998	64.330382	France	FRA	18
1997	64.346157	France	FRA	18
1999	64.383726	Sweden	SWE	46
1990	64.5032653336	India	IND	4653485
1988	64.569503	Finland	FIN	17
2007	64.5768826099	Brazil	BRA	75
2003	64.6818657988	Hungary	HUN	78
1992	64.790841	Spain	ESP	45
1998	64.802141	Ireland	IRL	29
1992	64.8087690201	Thailand	THA	85
1989	64.868722	Japan	JPN	30
1994	64.871713	Belgium	BEL	7
1983	64.9700457156	India	IND	4653485
2004	64.9720625921	Lithuania	LTU	81
1997	64.986231	Ireland	IRL	29
1994	65.075191	United Kingdom	GBR	51
1994	65.308784	France	FRA	18
1996	65.314739	Italy	ITA	28
1986	65.3385068022	India	IND	4653485
1998	65.4183704211	Israel	ISR	3291156
2002	65.4232252105	Monaco	MCO	3109127
1997	65.4488246537	Thailand	THA	85
1998	65.474847	Austria	AUT	6
1997	65.524656	Finland	FIN	17
1996	65.6117992989	Israel	ISR	3291156
1995	65.633913	Switzerland	CHE	47
1991	65.691707	Germany	DEU	53
1998	65.757261	Finland	FIN	17
1991	65.807857	Italy	ITA	28
1989	65.833098	Iceland	ISL	3270662
2005	65.907099	Switzerland	CHE	47
2004	65.911406	Switzerland	CHE	47
1991	65.949915	United States	USA	52
1993	66.004247	Austria	AUT	6
2004	66.051217246	India	IND	4653485
1990	66.085833	United Kingdom	GBR	51
1990	66.175302	Germany	DEU	53
1998	66.176575	Sweden	SWE	46
1996	66.197246	Ireland	IRL	29
2005	66.197246	Norway	NOR	40
1995	66.267095	Ireland	IRL	29
2002	66.274905	Ireland	IRL	29
1997	66.291905	Austria	AUT	6
2004	66.3592566295	Poland	POL	82
1996	66.385967	Denmark	DNK	12
2004	66.5280970176	Estonia	EST	77
1992	66.563746	France	FRA	18
2005	66.7782724266	Lithuania	LTU	81
1997	66.7911223118	Israel	ISR	3291156
1989	66.821941	Finland	FIN	17
2003	66.860628	Greece	GRC	74
2003	66.9513501317	Israel	ISR	3291156
2006	66.969868	Switzerland	CHE	47
2003	66.969947173	Cyprus	CYP	91609235
2003	67.005559	Spain	ESP	45
2006	67.3085802982	Thailand	THA	85
1995	67.338605	Denmark	DNK	12
2005	67.3835644887	Slovak Republic	SVK	83
2004	67.417931	Luxembourg	LUX	31
2003	67.422636	Denmark	DNK	12
1992	67.513558	United States	USA	52
2005	67.6594049034	Israel	ISR	3291156
2001	67.666612	Korea	KOR	40497946
2004	67.6667805117	Israel	ISR	3291156
1987	67.8868840351	India	IND	4653485
1992	67.907484	Austria	AUT	6
1993	67.9343249552	Thailand	THA	85
2006	67.9557345886	Chile	CHL	3250264
1989	67.97008	Korea	KOR	40497946
1982	68.0074479019	Saudi Arabia	SAU	60
1996	68.010066	Netherlands	NLD	37
2006	68.2313610583	Romania	ROU	91605924
1988	68.359886	Japan	JPN	30
2001	68.4251352023	Israel	ISR	3291156
2004	68.437662	New Zealand	NZL	38
1997	68.457916	Sweden	SWE	46
2006	68.8177897655	Israel	ISR	3291156
2009	68.836454	Australia	AUS	5
1992	68.856666	Finland	FIN	17
1995	68.862493	United Kingdom	GBR	51
1994	68.886638	Austria	AUT	6
2003	68.929411	Belgium	BEL	7
2001	68.938564	Iceland	ISL	3270662
1993	69.00518	United States	USA	52
2007	69.012269	Australia	AUS	5
1988	69.1232088994	India	IND	4653485
1992	69.162496	Italy	ITA	28
1999	69.167567	Germany	DEU	53
1991	69.2279505212	Monaco	MCO	3109127
2004	69.4168220786	South Africa	ZAF	84
2000	69.4519011283	Israel	ISR	3291156
2005	69.5590151641	Estonia	EST	77
2005	69.5694833948	Czech Republic	CZE	40874767
2006	69.6810858891	Kuwait	KWT	61
1991	69.83758	Japan	JPN	30
1990	69.8620290451	Monaco	MCO	3109127
2005	69.9790764522	Saudi Arabia	SAU	60
2008	70.0950034558	South Africa	ZAF	84
1999	70.148564	Korea	KOR	40497946
1996	70.175368	United Kingdom	GBR	51
2003	70.17957	Portugal	PRT	43
1991	70.232992	United Kingdom	GBR	51
2003	70.305841	Austria	AUT	6
2003	70.338966	Sweden	SWE	46
2003	70.350496	Italy	ITA	28
2001	70.435639	United Kingdom	GBR	51
1994	70.459226	United States	USA	52
1995	70.514969	Netherlands	NLD	37
2006	70.618464	New Zealand	NZL	38
1994	70.6406266407	Thailand	THA	85
2005	70.677679	Luxembourg	LUX	31
2003	70.741475	France	FRA	18
1990	70.921129	Korea	KOR	40497946
1988	71.081139	Iceland	ISL	3270662
2006	71.1316978125	United Arab Emirates	ARE	86
1996	71.196096	Belgium	BEL	7
2005	71.196364	Canada	CAN	8
1990	71.556042	Sweden	SWE	46
2003	71.670162	Finland	FIN	17
2007	71.704282	Switzerland	CHE	47
1999	71.7263291049	Monaco	MCO	3109127
1995	71.735928	Sweden	SWE	46
2006	71.7593051576	Lithuania	LTU	81
2005	71.8997032974	India	IND	4653485
2007	71.906179	Japan	JPN	30
1995	71.926953	United States	USA	52
1998	72.030658	Germany	DEU	53
2002	72.052453	Korea	KOR	40497946
2006	72.0572976418	Slovak Republic	SVK	83
1992	72.091439	United Kingdom	GBR	51
2009	72.1222541837	Brazil	BRA	75
2002	72.137251	Japan	JPN	30
1993	72.2283819712	Monaco	MCO	3109127
2006	72.230275	Norway	NOR	40
1993	72.232641	Germany	DEU	53
1994	72.464773	Iceland	ISL	3270662
1996	72.571912	Finland	FIN	17
2008	72.582542	Australia	AUS	5
2008	72.5876003274	Brazil	BRA	75
2007	72.620124909	Latvia	LVA	79
2003	72.653218	Netherlands	NLD	37
1997	72.6568	Germany	DEU	53
1998	72.754995	Japan	JPN	30
1996	72.762636	France	FRA	18
2000	72.838175	United Kingdom	GBR	51
2006	72.949385186	India	IND	4653485
1993	73.077273	Iceland	ISL	3270662
2007	73.2916753893	Colombia	COL	76
1996	73.296737	United States	USA	52
2006	73.454688	Japan	JPN	30
2006	73.5051439802	Czech Republic	CZE	40874767
1992	73.530511	Germany	DEU	53
1995	73.538448	France	FRA	18
2009	73.8090021781	South Africa	ZAF	84
2009	73.872845	New Zealand	NZL	38
2006	74.0778335127	Qatar	QAT	65
1990	74.173862	Iceland	ISL	3270662
1998	74.1850819134	Monaco	MCO	3109127
1997	74.2216521741	Monaco	MCO	3109127
2006	74.2745582581	South Africa	ZAF	84
2000	74.360384	Korea	KOR	40497946
2006	74.4750343357	Estonia	EST	77
1995	74.486647	Belgium	BEL	7
2005	74.560199	New Zealand	NZL	38
1997	74.590756	United States	USA	52
1994	74.8037784149	Monaco	MCO	3109127
2005	75.0053457339	South Africa	ZAF	84
1995	75.0197989798	Thailand	THA	85
2002	75.055668	United Kingdom	GBR	51
1997	75.170954	United Kingdom	GBR	51
1992	75.314397	Japan	JPN	30
2004	75.42299689	Hungary	HUN	78
1994	75.426554	Germany	DEU	53
1998	75.433457	United States	USA	52
1991	75.481835	Korea	KOR	40497946
2001	75.504549	Japan	JPN	30
2003	75.547623	Germany	DEU	53
1992	75.6420140967	Monaco	MCO	3109127
1991	75.682163	Finland	FIN	17
2004	75.68933	Greece	GRC	74
2004	75.777259	Denmark	DNK	12
2007	76.0478275857	South Africa	ZAF	84
1996	76.15535	Austria	AUT	6
2006	76.193538	Luxembourg	LUX	31
2007	76.2168288138	Israel	ISR	3291156
1991	76.340504	Sweden	SWE	46
2009	76.3503903118	Chile	CHL	3250264
1992	76.525073	Korea	KOR	40497946
2003	76.589392	Japan	JPN	30
1995	76.597122	Finland	FIN	17
1999	76.608812	United States	USA	52
2004	76.660603	Spain	ESP	45
1996	76.912041	Sweden	SWE	46
2005	77.157182	Greece	GRC	74
1999	77.331021	United Kingdom	GBR	51
2005	77.341778	Sweden	SWE	46
2004	77.41588	Belgium	BEL	7
1998	77.587184	United Kingdom	GBR	51
1997	77.619645	Iceland	ISL	3270662
2002	77.655163	Iceland	ISL	3270662
2004	77.7108558404	Cyprus	CYP	91609235
2007	77.7406258742	Thailand	THA	85
2007	77.8067180651	Chile	CHL	3250264
2005	77.847474	Denmark	DNK	12
1996	77.8769660008	Thailand	THA	85
2004	77.977827	Sweden	SWE	46
2006	78.037767	Canada	CAN	8
2005	78.0849309461	Poland	POL	82
2000	78.266963	United States	USA	52
2006	78.3883401758	Hungary	HUN	78
2003	78.397305	Korea	KOR	40497946
2005	78.53859	Japan	JPN	30
2004	78.597496	Austria	AUT	6
2000	78.613954	Iceland	ISL	3270662
1997	78.75057	Japan	JPN	30
1990	78.854695	Finland	FIN	17
2009	78.97693	Norway	NOR	40
2004	79.080048	Portugal	PRT	43
2004	79.092274	France	FRA	18
1993	79.174618	Korea	KOR	40497946
2004	79.19039	Finland	FIN	17
2004	79.211323	Italy	ITA	28
2005	79.28554	Belgium	BEL	7
1995	79.331347	Austria	AUT	6
1991	79.402174	Iceland	ISL	3270662
2005	79.581315	Finland	FIN	17
2007	79.5870640936	United Arab Emirates	ARE	86
2006	79.707705	Sweden	SWE	46
2009	79.7343361327	Colombia	COL	76
2006	79.808653	Greece	GRC	74
2005	80.020537	Spain	ESP	45
1992	80.032426	Sweden	SWE	46
2001	80.035572	United States	USA	52
2005	80.132862	Austria	AUT	6
2006	80.211704	Denmark	DNK	12
1996	80.26635	Iceland	ISL	3270662
2003	80.2992981305	Monaco	MCO	3109127
2004	80.494058	Netherlands	NLD	37
2005	80.6289930272	Hungary	HUN	78
2008	80.631579	Switzerland	CHE	47
2005	80.640941	France	FRA	18
1995	80.656797	Iceland	ISL	3270662
2005	80.679755	Italy	ITA	28
2008	80.805589	Japan	JPN	30
2009	80.9835341113	Israel	ISR	3291156
2005	81.0015146736	Cyprus	CYP	91609235
2004	81.00516	Japan	JPN	30
2006	81.044056	Finland	FIN	17
2005	81.106814	Portugal	PRT	43
2009	81.212668	Switzerland	CHE	47
2008	81.311787662	Colombia	COL	76
2002	81.331452	United States	USA	52
1998	81.379552	Iceland	ISL	3270662
2009	81.440337	Canada	CAN	8
2007	81.485195	Norway	NOR	40
2008	81.5759736117	Chile	CHL	3250264
2008	81.662271	New Zealand	NZL	38
2006	81.948957	Belgium	BEL	7
2007	82.2793083926	Czech Republic	CZE	40874767
2003	82.311329	Ireland	IRL	29
2006	82.433573	Austria	AUT	6
2009	82.451001	Korea	KOR	40497946
2005	82.478845	Netherlands	NLD	37
1999	82.548925	Japan	JPN	30
1999	82.572876	Iceland	ISL	3270662
2006	82.8069295122	Saudi Arabia	SAU	60
2006	82.869642	Italy	ITA	28
2003	83.04182	United States	USA	52
2006	83.191611	France	FRA	18
2009	83.275431	Sweden	SWE	46
2008	83.3336797756	Thailand	THA	85
1996	83.3519550913	Monaco	MCO	3109127
2010	83.3657036399	Kuwait	KWT	61
2007	83.3713260644	Lithuania	LTU	81
2007	83.408029	New Zealand	NZL	38
2009	83.5069398581	India	IND	4653485
1996	83.507899	Germany	DEU	53
2006	83.566727591	Poland	POL	82
2003	83.691269	United Kingdom	GBR	51
2006	83.8670498283	Cyprus	CYP	91609235
2004	83.965753	Germany	DEU	53
2004	83.984855	Korea	KOR	40497946
2009	84.1532002546	Thailand	THA	85
2006	84.160154	Spain	ESP	45
2006	84.188949	Portugal	PRT	43
1992	84.245567	Iceland	ISL	3270662
1997	84.326953	Korea	KOR	40497946
1995	84.3365462112	Monaco	MCO	3109127
2007	84.4719581303	Kuwait	KWT	61
2005	84.524494	Germany	DEU	53
2006	84.757761	Netherlands	NLD	37
2010	84.883337	Switzerland	CHE	47
2009	84.985112	Iceland	ISL	3270662
2007	85.061979	Canada	CAN	8
1994	85.065142	Korea	KOR	40497946
2007	85.0669210231	India	IND	4653485
2004	85.379945	United States	USA	52
2010	85.416989	Australia	AUS	5
2008	85.5038826596	India	IND	4653485
2006	85.625511	Germany	DEU	53
2000	86.13194	Japan	JPN	30
1993	86.187704	Japan	JPN	30
2007	86.227323	Luxembourg	LUX	31
2010	87.0316605668	Chile	CHL	3250264
1996	87.062962	Japan	JPN	30
2007	87.0820750446	Romania	ROU	91605924
1995	87.134334	Germany	DEU	53
2010	87.2431	Norway	NOR	40
2010	87.5073862813	Saudi Arabia	SAU	60
2008	87.6024265867	Israel	ISR	3291156
2007	87.7934105924	Qatar	QAT	65
2010	87.8593315665	Brazil	BRA	75
2005	88.215619	United States	USA	52
2007	88.317456482	Estonia	EST	77
2008	88.349118	Canada	CAN	8
2010	88.506638	New Zealand	NZL	38
2009	88.566277	Luxembourg	LUX	31
2009	89.095675	Japan	JPN	30
2007	89.20501587	Slovak Republic	SVK	83
2010	89.237094	Sweden	SWE	46
2007	89.268091	Sweden	SWE	46
2010	89.4503997833	Israel	ISR	3291156
2012	89.476059059	Czech Republic	CZE	40874767
2007	89.582324	Denmark	DNK	12
2008	89.6229194634	United Arab Emirates	ARE	86
2007	89.8896020282	Saudi Arabia	SAU	60
2007	89.926198	Greece	GRC	74
2004	89.959175665	Monaco	MCO	3109127
2009	90.4063023734	Poland	POL	82
2010	90.644825	Luxembourg	LUX	31
2009	90.9354814852	Romania	ROU	91605924
2010	90.9374492532	Romania	ROU	91605924
2007	91.030512	Finland	FIN	17
2010	91.0395669477	Qatar	QAT	65
2006	91.066115	United States	USA	52
2008	91.277185	Luxembourg	LUX	31
2012	91.3344783496	Romania	ROU	91605924
2005	91.4234093312	Monaco	MCO	3109127
2008	91.481206	Korea	KOR	40497946
2007	91.498898	Belgium	BEL	7
2012	91.6314583795	Brazil	BRA	75
2010	91.663308	Iceland	ISL	3270662
2007	91.689972	Austria	AUT	6
2012	91.866305	Greece	GRC	74
2012	92.0942143793	Hungary	HUN	78
2012	92.227907	Portugal	PRT	43
2009	92.232923959	Czech Republic	CZE	40874767
2009	92.33283	United Kingdom	GBR	51
2010	92.3459389514	United Arab Emirates	ARE	86
2010	92.404361	Finland	FIN	17
2004	92.476126	Ireland	IRL	29
2010	92.5151845691	South Africa	ZAF	84
2007	92.525417	Italy	ITA	28
2010	92.5875852168	Lithuania	LTU	81
2012	92.716347	Spain	ESP	45
2010	92.758922	Japan	JPN	30
2008	92.801899	Norway	NOR	40
2010	92.831241841	Thailand	THA	85
2007	92.9525334674	Hungary	HUN	78
2007	93.0114033326	Cyprus	CYP	91609235
2010	93.016943	Canada	CAN	8
2007	93.076089	France	FRA	18
2012	93.179549	Netherlands	NLD	37
2008	93.283995	Sweden	SWE	46
2010	93.284231	Austria	AUT	6
2003	93.311722	Iceland	ISL	3270662
2008	93.3498716575	Latvia	LVA	79
2010	93.362502	Belgium	BEL	7
2012	93.493267	Italy	ITA	28
2008	93.5977484932	Saudi Arabia	SAU	60
2009	93.6340085717	Hungary	HUN	78
2012	93.690662	Germany	DEU	53
2007	93.708398	United States	USA	52
2010	93.729335243	Colombia	COL	76
2010	93.7607475429	India	IND	4653485
2012	93.786547398	South Africa	ZAF	84
2010	93.817552	United Kingdom	GBR	51
2012	93.861001	France	FRA	18
1994	93.885481	Japan	JPN	30
2012	93.9614052761	Poland	POL	82
2010	93.989921	France	FRA	18
2012	94.063267	Ireland	IRL	29
2010	94.064457	Italy	ITA	28
2010	94.090451	Netherlands	NLD	37
2007	94.145162	Netherlands	NLD	37
2010	94.1675338265	Czech Republic	CZE	40874767
2010	94.191075	Korea	KOR	40497946
2006	94.2081764546	Monaco	MCO	3109127
2010	94.270465	Greece	GRC	74
2012	94.272753	Finland	FIN	17
2012	94.302912	Austria	AUT	6
2012	94.34341	Belgium	BEL	7
2010	94.354537	Spain	ESP	45
2010	94.3591963424	Hungary	HUN	78
2012	94.415414	Denmark	DNK	12
2007	94.416476	Portugal	PRT	43
2010	94.489826	Germany	DEU	53
2005	94.521573	Korea	KOR	40497946
2012	94.5667639698	India	IND	4653485
2008	94.5973518222	Kuwait	KWT	61
2010	94.633562	Portugal	PRT	43
2012	94.6449455983	Israel	ISR	3291156
2010	94.767335	Denmark	DNK	12
2007	94.786239	Spain	ESP	45
2012	94.795288	Switzerland	CHE	47
2005	94.824343	Ireland	IRL	29
2007	94.904055	Germany	DEU	53
2007	95.0766406019	Poland	POL	82
2010	95.099438	Ireland	IRL	29
2008	95.2812289557	Romania	ROU	91605924
1995	95.306526	Korea	KOR	40497946
2010	95.332246104	Latvia	LVA	79
2009	95.682529	Denmark	DNK	12
2008	95.786743	United States	USA	52
1996	95.947134	Korea	KOR	40497946
2012	96.114504	Iceland	ISL	3270662
2009	96.203599	Belgium	BEL	7
2012	96.213229	Luxembourg	LUX	31
2009	96.322378	Austria	AUT	6
2004	96.348236	United Kingdom	GBR	51
2009	96.62165	United States	USA	52
2009	96.74003	Finland	FIN	17
2008	96.853248732	Lithuania	LTU	81
2012	96.881009	Sweden	SWE	46
2012	97.0506515041	Latvia	LVA	79
2010	97.0572427133	Poland	POL	82
2012	97.1241597151	Lithuania	LTU	81
2009	97.788628	France	FRA	18
2008	97.8299631906	Qatar	QAT	65
2005	97.867185	United Kingdom	GBR	51
2009	97.891221	Netherlands	NLD	37
2010	97.912737	United States	USA	52
2009	98.002694	Greece	GRC	74
2010	98.2897108503	Cyprus	CYP	91609235
2008	98.344231	Denmark	DNK	12
2008	98.387179	Austria	AUT	6
2009	98.431541	Germany	DEU	53
2009	98.455764	Portugal	PRT	43
2008	98.469166	Belgium	BEL	7
2009	98.524573	Italy	ITA	28
2008	98.729353	Finland	FIN	17
2009	98.80792	Spain	ESP	45
2012	98.983522	Japan	JPN	30
2006	99.048771	Ireland	IRL	29
2008	99.22648	Greece	GRC	74
2010	99.2828926157	Estonia	EST	77
2010	99.5387710608	Slovak Republic	SVK	83
2012	99.596212	Korea	KOR	40497946
2012	99.597411	Norway	NOR	40
2012	99.927153	Canada	CAN	8
2008	99.96012	Italy	ITA	28
2011	100	Australia	AUS	5
2011	100	Austria	AUT	6
2011	100	Belgium	BEL	7
2011	100	Brazil	BRA	75
2011	100	Canada	CAN	8
2011	100	Chile	CHL	3250264
2011	100	Colombia	COL	76
2011	100	Cyprus	CYP	91609235
2011	100	Czech Republic	CZE	40874767
2011	100	Denmark	DNK	12
2011	100	Estonia	EST	77
2011	100	Finland	FIN	17
2011	100	France	FRA	18
2011	100	Germany	DEU	53
2011	100	Greece	GRC	74
2011	100	Hungary	HUN	78
2011	100	Iceland	ISL	3270662
2011	100	India	IND	4653485
2011	100	Ireland	IRL	29
2011	100	Israel	ISR	3291156
2011	100	Italy	ITA	28
2011	100	Japan	JPN	30
2011	100	Korea	KOR	40497946
2011	100	Kuwait	KWT	61
2011	100	Latvia	LVA	79
2011	100	Lithuania	LTU	81
2011	100	Luxembourg	LUX	31
2011	100	Netherlands	NLD	37
2011	100	New Zealand	NZL	38
2011	100	Norway	NOR	40
2011	100	Poland	POL	82
2011	100	Portugal	PRT	43
2011	100	Qatar	QAT	65
2011	100	Romania	ROU	91605924
2011	100	Saudi Arabia	SAU	60
2011	100	Slovak Republic	SVK	83
2011	100	South Africa	ZAF	84
2011	100	Spain	ESP	45
2011	100	Sweden	SWE	46
2011	100	Switzerland	CHE	47
2011	100	Taiwan	TWN	3298046
2011	100	Thailand	THA	85
2011	100	United Arab Emirates	ARE	86
2011	100	United Kingdom	GBR	51
2011	100	United States	USA	52
2012	100.068477	Australia	AUS	5
2008	100.568877	France	FRA	18
2008	100.77235	Germany	DEU	53
2009	100.8846469395	Lithuania	LTU	81
2012	100.943423	United Kingdom	GBR	51
2008	101.0556511021	Czech Republic	CZE	40874767
2008	101.05634	Portugal	PRT	43
1995	101.227414	Japan	JPN	30
2008	101.294717	Netherlands	NLD	37
2009	101.552745128	Latvia	LVA	79
2006	101.565637	Korea	KOR	40497946
2012	101.651775501	Slovak Republic	SVK	83
2012	101.849203	United States	USA	52
2006	101.950091	United Kingdom	GBR	51
2008	102.2031011823	Cyprus	CYP	91609235
2009	102.236258	Ireland	IRL	29
2008	102.244131	Spain	ESP	45
2012	102.2446885057	Thailand	THA	85
2012	102.3011176857	Monaco	MCO	3109127
2009	102.3693990459	Kuwait	KWT	61
2012	102.4325837175	Cyprus	CYP	91609235
2012	102.8524889633	Estonia	EST	77
2012	102.9120156118	Chile	CHL	3250264
2009	103.6634154425	Cyprus	CYP	91609235
2008	104.2708386181	Slovak Republic	SVK	83
2012	104.281646	New Zealand	NZL	38
2004	104.500655	Iceland	ISL	3270662
2008	104.5623709272	Hungary	HUN	78
2008	105.4139841454	Estonia	EST	77
2009	105.5565924164	Estonia	EST	77
2008	105.561825	United Kingdom	GBR	51
2007	105.643745882	Monaco	MCO	3109127
2009	105.819438981	United Arab Emirates	ARE	86
2009	105.9049723075	Slovak Republic	SVK	83
2007	106.171631	Korea	KOR	40497946
2008	106.722781	Iceland	ISL	3270662
2009	107.9429261758	Saudi Arabia	SAU	60
2007	108.779853	Ireland	IRL	29
2012	110.0159196289	Colombia	COL	76
2008	111.014614	Ireland	IRL	29
2007	113.315992	United Kingdom	GBR	51
2008	113.5536721311	Poland	POL	82
2008	114.0704042586	Monaco	MCO	3109127
2012	116.7535229498	United Arab Emirates	ARE	86
2012	117.054989017	Saudi Arabia	SAU	60
2006	117.423463	Iceland	ISL	3270662
2012	119.8325449627	Kuwait	KWT	61
2005	119.977712	Iceland	ISL	3270662
2009	120.1833416343	Qatar	QAT	65
2012	121.3212488327	Qatar	QAT	65
2007	135.334857	Iceland	ISL	3270662
1960	8.3730313913	multidonor	DAC	
1961	9.9012321046	multidonor	DAC	
1962	10.0352725056	multidonor	DAC	
1963	9.9717493052	multidonor	DAC	
1964	10.4849465831	multidonor	DAC	
1965	11.0266384387	multidonor	DAC	
1966	11.2076995837	multidonor	DAC	
1967	11.5374624938	multidonor	DAC	
1968	11.3321165565	multidonor	DAC	
1969	11.5257452271	multidonor	DAC	
1970	12.2426468623	multidonor	DAC	
1971	13.085094435	multidonor	DAC	
1972	14.3616302429	multidonor	DAC	
1973	16.7455220698	multidonor	DAC	
1974	18.916656698	multidonor	DAC	
1975	22.0166029376	multidonor	DAC	
1976	22.5544566498	multidonor	DAC	
1977	24.218115588	multidonor	DAC	
1978	27.7722358219	multidonor	DAC	
1979	30.9938404861	multidonor	DAC	
1980	34.8568360476	multidonor	DAC	
1981	34.6496000415	multidonor	DAC	
1982	33.8570383638	multidonor	DAC	
1983	32.5889861552	multidonor	DAC	
1984	30.7578501253	multidonor	DAC	
1985	30.4647579265	multidonor	DAC	
1986	36.6959385662	multidonor	DAC	
1987	41.6858185223	multidonor	DAC	
1988	44.9417441592	multidonor	DAC	
1989	44.7091179664	multidonor	DAC	
1990	50.0351876122	multidonor	DAC	
1991	50.3780021912	multidonor	DAC	
1992	50.7879474095	multidonor	DAC	
1993	47.5923362928	multidonor	DAC	
1994	50.387295587	multidonor	DAC	
1995	57.337548447	multidonor	DAC	
1996	58.2328287125	multidonor	DAC	
1997	55.2402209093	multidonor	DAC	
1998	54.0641560294	multidonor	DAC	
1999	53.2806201199	multidonor	DAC	
2000	50.5237037891	multidonor	DAC	
2001	50.010916233	multidonor	DAC	
2002	52.556223553	multidonor	DAC	
2003	61.2732575739	multidonor	DAC	
2004	68.4330595371	multidonor	DAC	
2005	72.7539248878	multidonor	DAC	
2006	76.6822111485	multidonor	DAC	
2007	86.5642997957	multidonor	DAC	
2008	92.8608239188	multidonor	DAC	
2009	90.4988757961	multidonor	DAC	
2010	91.6240569395	multidonor	DAC	
2011	100	multidonor	DAC	
2012	98.8161655557	multidonor	DAC	
2005	59.4502765467	China	CHN	
2007	73.5216525915	Nepal	NPL	
2008	81.2976793405	China	CHN	
2009	71.5498156309	Nepal	NPL	
2010	89.4292173289	China	CHN	
2010	87.9022638923	Nepal	NPL	
2011	100	China	CHN	
2011	100	Nepal	NPL	
2012	104.2199683034	China	CHN	
2012	92.5249999976	Nepal	NPL	
